ISO-10303-21;
HEADER;
/* Generated by software containing ST-Developer
 * from STEP Tools, Inc. (www.steptools.com) 
 */

FILE_DESCRIPTION(
/* description */ (''),
/* implementation_level */ '2;1');

FILE_NAME(
/* name */ 'Lower_Part.step',
/* time_stamp */ '2026-03-30T16:01:07+02:00',
/* author */ (''),
/* organization */ (''),
/* preprocessor_version */ 'ST-DEVELOPER v20.1',
/* originating_system */ 'Autodesk Translation Framework v14.24.0.0',
/* authorisation */ '');

FILE_SCHEMA (('AUTOMOTIVE_DESIGN { 1 0 10303 214 3 1 1 }'));
ENDSEC;

DATA;
#10=MECHANICAL_DESIGN_GEOMETRIC_PRESENTATION_REPRESENTATION('',(#13),#11664);
#11=SHAPE_REPRESENTATION_RELATIONSHIP('SRR','None',#11671,#12);
#12=ADVANCED_BREP_SHAPE_REPRESENTATION('',(#14),#11663);
#13=STYLED_ITEM('',(#11680),#14);
#14=MANIFOLD_SOLID_BREP('lower_part',#3033);
#15=FACE_BOUND('',#346,.T.);
#16=FACE_BOUND('',#349,.T.);
#17=FACE_BOUND('',#353,.T.);
#18=FACE_BOUND('',#356,.T.);
#19=FACE_BOUND('',#360,.T.);
#20=FACE_BOUND('',#370,.T.);
#21=B_SPLINE_SURFACE_WITH_KNOTS('',3,3,((#7310,#7311,#7312,#7313,#7314,
#7315,#7316,#7317,#7318,#7319,#7320,#7321,#7322,#7323,#7324,#7325,#7326,
#7327,#7328,#7329,#7330,#7331,#7332,#7333,#7334,#7335,#7336,#7337,#7338,
#7339,#7340,#7341,#7342,#7343,#7344,#7345,#7346,#7347,#7348,#7349,#7350,
#7351,#7352,#7353,#7354,#7355,#7356,#7357,#7358,#7359,#7360,#7361,#7362,
#7363,#7364,#7365,#7366,#7367,#7368,#7369,#7370,#7371,#7372,#7373,#7374,
#7375,#7376,#7377,#7378,#7379,#7380,#7381,#7382,#7383,#7384,#7385,#7386,
#7387,#7388,#7389,#7390),(#7391,#7392,#7393,#7394,#7395,#7396,#7397,#7398,
#7399,#7400,#7401,#7402,#7403,#7404,#7405,#7406,#7407,#7408,#7409,#7410,
#7411,#7412,#7413,#7414,#7415,#7416,#7417,#7418,#7419,#7420,#7421,#7422,
#7423,#7424,#7425,#7426,#7427,#7428,#7429,#7430,#7431,#7432,#7433,#7434,
#7435,#7436,#7437,#7438,#7439,#7440,#7441,#7442,#7443,#7444,#7445,#7446,
#7447,#7448,#7449,#7450,#7451,#7452,#7453,#7454,#7455,#7456,#7457,#7458,
#7459,#7460,#7461,#7462,#7463,#7464,#7465,#7466,#7467,#7468,#7469,#7470,
#7471),(#7472,#7473,#7474,#7475,#7476,#7477,#7478,#7479,#7480,#7481,#7482,
#7483,#7484,#7485,#7486,#7487,#7488,#7489,#7490,#7491,#7492,#7493,#7494,
#7495,#7496,#7497,#7498,#7499,#7500,#7501,#7502,#7503,#7504,#7505,#7506,
#7507,#7508,#7509,#7510,#7511,#7512,#7513,#7514,#7515,#7516,#7517,#7518,
#7519,#7520,#7521,#7522,#7523,#7524,#7525,#7526,#7527,#7528,#7529,#7530,
#7531,#7532,#7533,#7534,#7535,#7536,#7537,#7538,#7539,#7540,#7541,#7542,
#7543,#7544,#7545,#7546,#7547,#7548,#7549,#7550,#7551,#7552),(#7553,#7554,
#7555,#7556,#7557,#7558,#7559,#7560,#7561,#7562,#7563,#7564,#7565,#7566,
#7567,#7568,#7569,#7570,#7571,#7572,#7573,#7574,#7575,#7576,#7577,#7578,
#7579,#7580,#7581,#7582,#7583,#7584,#7585,#7586,#7587,#7588,#7589,#7590,
#7591,#7592,#7593,#7594,#7595,#7596,#7597,#7598,#7599,#7600,#7601,#7602,
#7603,#7604,#7605,#7606,#7607,#7608,#7609,#7610,#7611,#7612,#7613,#7614,
#7615,#7616,#7617,#7618,#7619,#7620,#7621,#7622,#7623,#7624,#7625,#7626,
#7627,#7628,#7629,#7630,#7631,#7632,#7633)),.UNSPECIFIED.,.F.,.F.,.F.,(4,
4),(4,1,1,1,1,1,1,1,1,1,1,1,1,1,1,1,1,1,1,1,1,1,1,1,1,1,1,1,1,1,1,1,1,1,
1,1,1,1,1,1,1,1,1,1,1,1,1,1,1,1,1,1,1,1,1,1,1,1,1,1,1,1,1,1,1,1,1,1,1,1,
1,1,1,1,1,1,1,1,4),(0.,0.0321584099938621),(87.2535849497344,88.246133618682,
89.2386822876296,90.2312309565772,91.2237796255248,92.2163282944724,93.20887696342,
94.2014256323675,95.1939743013151,96.1865229702627,97.1790716392103,98.1716203081579,
99.1641689771055,100.156717646053,101.149266315001,102.141814983948,103.134363652896,
104.126912321843,105.119460990791,106.112009659739,107.104558328686,108.097106997634,
109.089655666581,110.082204335529,111.074753004477,112.067301673424,113.059850342372,
114.052399011319,115.044947680267,116.037496349215,117.030045018162,118.02259368711,
119.015142356057,120.007691025005,121.000239693952,121.9927883629,122.985337031848,
123.977885700795,124.970434369743,125.96298303869,126.955531707638,127.948080376586,
128.940629045533,129.933177714481,130.925726383428,131.918275052376,132.910823721324,
133.903372390271,134.895921059219,135.888469728166,136.881018397114,137.873567066061,
138.866115735009,139.858664403957,140.851213072904,141.843761741852,142.836310410799,
143.828859079747,144.821407748695,145.813956417642,146.80650508659,147.799053755537,
148.791602424485,149.784151093433,150.77669976238,151.769248431328,152.761797100275,
153.754345769223,154.746894438171,155.739443107118,156.731991776066,157.724540445013,
158.717089113961,159.709637782908,160.702186451856,161.694735120804,162.687283789751,
163.679832458699,164.672381127646),.UNSPECIFIED.);
#22=B_SPLINE_SURFACE_WITH_KNOTS('',3,3,((#7839,#7840,#7841,#7842,#7843,
#7844,#7845,#7846,#7847,#7848,#7849,#7850,#7851,#7852,#7853,#7854,#7855,
#7856,#7857,#7858,#7859,#7860,#7861,#7862,#7863,#7864,#7865,#7866,#7867,
#7868,#7869,#7870,#7871,#7872,#7873,#7874,#7875,#7876,#7877,#7878,#7879,
#7880,#7881,#7882,#7883,#7884,#7885,#7886,#7887,#7888,#7889,#7890,#7891,
#7892,#7893,#7894,#7895,#7896,#7897,#7898,#7899,#7900,#7901,#7902,#7903,
#7904,#7905,#7906,#7907,#7908,#7909,#7910,#7911,#7912,#7913,#7914,#7915,
#7916,#7917,#7918,#7919),(#7920,#7921,#7922,#7923,#7924,#7925,#7926,#7927,
#7928,#7929,#7930,#7931,#7932,#7933,#7934,#7935,#7936,#7937,#7938,#7939,
#7940,#7941,#7942,#7943,#7944,#7945,#7946,#7947,#7948,#7949,#7950,#7951,
#7952,#7953,#7954,#7955,#7956,#7957,#7958,#7959,#7960,#7961,#7962,#7963,
#7964,#7965,#7966,#7967,#7968,#7969,#7970,#7971,#7972,#7973,#7974,#7975,
#7976,#7977,#7978,#7979,#7980,#7981,#7982,#7983,#7984,#7985,#7986,#7987,
#7988,#7989,#7990,#7991,#7992,#7993,#7994,#7995,#7996,#7997,#7998,#7999,
#8000),(#8001,#8002,#8003,#8004,#8005,#8006,#8007,#8008,#8009,#8010,#8011,
#8012,#8013,#8014,#8015,#8016,#8017,#8018,#8019,#8020,#8021,#8022,#8023,
#8024,#8025,#8026,#8027,#8028,#8029,#8030,#8031,#8032,#8033,#8034,#8035,
#8036,#8037,#8038,#8039,#8040,#8041,#8042,#8043,#8044,#8045,#8046,#8047,
#8048,#8049,#8050,#8051,#8052,#8053,#8054,#8055,#8056,#8057,#8058,#8059,
#8060,#8061,#8062,#8063,#8064,#8065,#8066,#8067,#8068,#8069,#8070,#8071,
#8072,#8073,#8074,#8075,#8076,#8077,#8078,#8079,#8080,#8081),(#8082,#8083,
#8084,#8085,#8086,#8087,#8088,#8089,#8090,#8091,#8092,#8093,#8094,#8095,
#8096,#8097,#8098,#8099,#8100,#8101,#8102,#8103,#8104,#8105,#8106,#8107,
#8108,#8109,#8110,#8111,#8112,#8113,#8114,#8115,#8116,#8117,#8118,#8119,
#8120,#8121,#8122,#8123,#8124,#8125,#8126,#8127,#8128,#8129,#8130,#8131,
#8132,#8133,#8134,#8135,#8136,#8137,#8138,#8139,#8140,#8141,#8142,#8143,
#8144,#8145,#8146,#8147,#8148,#8149,#8150,#8151,#8152,#8153,#8154,#8155,
#8156,#8157,#8158,#8159,#8160,#8161,#8162)),.UNSPECIFIED.,.F.,.F.,.F.,(4,
4),(4,1,1,1,1,1,1,1,1,1,1,1,1,1,1,1,1,1,1,1,1,1,1,1,1,1,1,1,1,1,1,1,1,1,
1,1,1,1,1,1,1,1,1,1,1,1,1,1,1,1,1,1,1,1,1,1,1,1,1,1,1,1,1,1,1,1,1,1,1,1,
1,1,1,1,1,1,1,1,4),(0.,0.0321584099938621),(89.7966238131269,90.7891724820745,
91.7817211510221,92.7742698199697,93.7668184889173,94.7593671578649,95.7519158268125,
96.7444644957601,97.7370131647076,98.7295618336552,99.7221105026028,100.71465917155,
101.707207840498,102.699756509446,103.692305178393,104.684853847341,105.677402516288,
106.669951185236,107.662499854184,108.655048523131,109.647597192079,110.640145861026,
111.632694529974,112.625243198921,113.617791867869,114.610340536817,115.602889205764,
116.595437874712,117.587986543659,118.580535212607,119.573083881555,120.565632550502,
121.55818121945,122.550729888397,123.543278557345,124.535827226293,125.52837589524,
126.520924564188,127.513473233135,128.506021902083,129.49857057103,130.491119239978,
131.483667908926,132.476216577873,133.468765246821,134.461313915768,135.453862584716,
136.446411253664,137.438959922611,138.431508591559,139.424057260506,140.416605929454,
141.409154598402,142.401703267349,143.394251936297,144.386800605244,145.379349274192,
146.37189794314,147.364446612087,148.356995281035,149.349543949982,150.34209261893,
151.334641287877,152.327189956825,153.319738625773,154.31228729472,155.304835963668,
156.297384632615,157.289933301563,158.282481970511,159.275030639458,160.267579308406,
161.260127977353,162.252676646301,163.245225315249,164.237773984196,165.230322653144,
166.222871322091,167.215419991039),.UNSPECIFIED.);
#23=B_SPLINE_SURFACE_WITH_KNOTS('',3,3,((#8345,#8346,#8347,#8348,#8349,
#8350,#8351,#8352,#8353,#8354,#8355,#8356,#8357,#8358,#8359,#8360,#8361,
#8362,#8363,#8364,#8365,#8366,#8367,#8368,#8369,#8370,#8371,#8372,#8373,
#8374,#8375,#8376,#8377,#8378,#8379,#8380,#8381,#8382,#8383,#8384,#8385,
#8386,#8387,#8388,#8389,#8390,#8391,#8392,#8393,#8394,#8395,#8396,#8397,
#8398,#8399,#8400,#8401,#8402,#8403,#8404,#8405,#8406,#8407,#8408,#8409,
#8410,#8411,#8412,#8413,#8414,#8415,#8416,#8417,#8418,#8419,#8420,#8421,
#8422,#8423,#8424,#8425),(#8426,#8427,#8428,#8429,#8430,#8431,#8432,#8433,
#8434,#8435,#8436,#8437,#8438,#8439,#8440,#8441,#8442,#8443,#8444,#8445,
#8446,#8447,#8448,#8449,#8450,#8451,#8452,#8453,#8454,#8455,#8456,#8457,
#8458,#8459,#8460,#8461,#8462,#8463,#8464,#8465,#8466,#8467,#8468,#8469,
#8470,#8471,#8472,#8473,#8474,#8475,#8476,#8477,#8478,#8479,#8480,#8481,
#8482,#8483,#8484,#8485,#8486,#8487,#8488,#8489,#8490,#8491,#8492,#8493,
#8494,#8495,#8496,#8497,#8498,#8499,#8500,#8501,#8502,#8503,#8504,#8505,
#8506),(#8507,#8508,#8509,#8510,#8511,#8512,#8513,#8514,#8515,#8516,#8517,
#8518,#8519,#8520,#8521,#8522,#8523,#8524,#8525,#8526,#8527,#8528,#8529,
#8530,#8531,#8532,#8533,#8534,#8535,#8536,#8537,#8538,#8539,#8540,#8541,
#8542,#8543,#8544,#8545,#8546,#8547,#8548,#8549,#8550,#8551,#8552,#8553,
#8554,#8555,#8556,#8557,#8558,#8559,#8560,#8561,#8562,#8563,#8564,#8565,
#8566,#8567,#8568,#8569,#8570,#8571,#8572,#8573,#8574,#8575,#8576,#8577,
#8578,#8579,#8580,#8581,#8582,#8583,#8584,#8585,#8586,#8587),(#8588,#8589,
#8590,#8591,#8592,#8593,#8594,#8595,#8596,#8597,#8598,#8599,#8600,#8601,
#8602,#8603,#8604,#8605,#8606,#8607,#8608,#8609,#8610,#8611,#8612,#8613,
#8614,#8615,#8616,#8617,#8618,#8619,#8620,#8621,#8622,#8623,#8624,#8625,
#8626,#8627,#8628,#8629,#8630,#8631,#8632,#8633,#8634,#8635,#8636,#8637,
#8638,#8639,#8640,#8641,#8642,#8643,#8644,#8645,#8646,#8647,#8648,#8649,
#8650,#8651,#8652,#8653,#8654,#8655,#8656,#8657,#8658,#8659,#8660,#8661,
#8662,#8663,#8664,#8665,#8666,#8667,#8668)),.UNSPECIFIED.,.F.,.F.,.F.,(4,
4),(4,1,1,1,1,1,1,1,1,1,1,1,1,1,1,1,1,1,1,1,1,1,1,1,1,1,1,1,1,1,1,1,1,1,
1,1,1,1,1,1,1,1,1,1,1,1,1,1,1,1,1,1,1,1,1,1,1,1,1,1,1,1,1,1,1,1,1,1,1,1,
1,1,1,1,1,1,1,1,4),(0.,0.0321584099938629),(87.2535849497342,88.2461336186818,
89.2386822876294,90.231230956577,91.2237796255246,92.2163282944722,93.2088769634198,
94.2014256323674,95.193974301315,96.1865229702626,97.1790716392102,98.1716203081578,
99.1641689771053,100.156717646053,101.149266315001,102.141814983948,103.134363652896,
104.126912321843,105.119460990791,106.112009659738,107.104558328686,108.097106997634,
109.089655666581,110.082204335529,111.074753004476,112.067301673424,113.059850342372,
114.052399011319,115.044947680267,116.037496349214,117.030045018162,118.02259368711,
119.015142356057,120.007691025005,121.000239693952,121.9927883629,122.985337031848,
123.977885700795,124.970434369743,125.96298303869,126.955531707638,127.948080376586,
128.940629045533,129.933177714481,130.925726383428,131.918275052376,132.910823721323,
133.903372390271,134.895921059219,135.888469728166,136.881018397114,137.873567066061,
138.866115735009,139.858664403957,140.851213072904,141.843761741852,142.836310410799,
143.828859079747,144.821407748695,145.813956417642,146.80650508659,147.799053755537,
148.791602424485,149.784151093433,150.77669976238,151.769248431328,152.761797100275,
153.754345769223,154.746894438171,155.739443107118,156.731991776066,157.724540445013,
158.717089113961,159.709637782908,160.702186451856,161.694735120804,162.687283789751,
163.679832458699,164.672381127646),.UNSPECIFIED.);
#24=B_SPLINE_SURFACE_WITH_KNOTS('',3,3,((#8874,#8875,#8876,#8877,#8878,
#8879,#8880,#8881,#8882,#8883,#8884,#8885,#8886,#8887,#8888,#8889,#8890,
#8891,#8892,#8893,#8894,#8895,#8896,#8897,#8898,#8899,#8900,#8901,#8902,
#8903,#8904,#8905,#8906,#8907,#8908,#8909,#8910,#8911,#8912,#8913,#8914,
#8915,#8916,#8917,#8918,#8919,#8920,#8921,#8922,#8923,#8924,#8925,#8926,
#8927,#8928,#8929,#8930,#8931,#8932,#8933,#8934,#8935,#8936,#8937,#8938,
#8939,#8940,#8941,#8942,#8943,#8944,#8945,#8946,#8947,#8948,#8949,#8950,
#8951,#8952,#8953,#8954),(#8955,#8956,#8957,#8958,#8959,#8960,#8961,#8962,
#8963,#8964,#8965,#8966,#8967,#8968,#8969,#8970,#8971,#8972,#8973,#8974,
#8975,#8976,#8977,#8978,#8979,#8980,#8981,#8982,#8983,#8984,#8985,#8986,
#8987,#8988,#8989,#8990,#8991,#8992,#8993,#8994,#8995,#8996,#8997,#8998,
#8999,#9000,#9001,#9002,#9003,#9004,#9005,#9006,#9007,#9008,#9009,#9010,
#9011,#9012,#9013,#9014,#9015,#9016,#9017,#9018,#9019,#9020,#9021,#9022,
#9023,#9024,#9025,#9026,#9027,#9028,#9029,#9030,#9031,#9032,#9033,#9034,
#9035),(#9036,#9037,#9038,#9039,#9040,#9041,#9042,#9043,#9044,#9045,#9046,
#9047,#9048,#9049,#9050,#9051,#9052,#9053,#9054,#9055,#9056,#9057,#9058,
#9059,#9060,#9061,#9062,#9063,#9064,#9065,#9066,#9067,#9068,#9069,#9070,
#9071,#9072,#9073,#9074,#9075,#9076,#9077,#9078,#9079,#9080,#9081,#9082,
#9083,#9084,#9085,#9086,#9087,#9088,#9089,#9090,#9091,#9092,#9093,#9094,
#9095,#9096,#9097,#9098,#9099,#9100,#9101,#9102,#9103,#9104,#9105,#9106,
#9107,#9108,#9109,#9110,#9111,#9112,#9113,#9114,#9115,#9116),(#9117,#9118,
#9119,#9120,#9121,#9122,#9123,#9124,#9125,#9126,#9127,#9128,#9129,#9130,
#9131,#9132,#9133,#9134,#9135,#9136,#9137,#9138,#9139,#9140,#9141,#9142,
#9143,#9144,#9145,#9146,#9147,#9148,#9149,#9150,#9151,#9152,#9153,#9154,
#9155,#9156,#9157,#9158,#9159,#9160,#9161,#9162,#9163,#9164,#9165,#9166,
#9167,#9168,#9169,#9170,#9171,#9172,#9173,#9174,#9175,#9176,#9177,#9178,
#9179,#9180,#9181,#9182,#9183,#9184,#9185,#9186,#9187,#9188,#9189,#9190,
#9191,#9192,#9193,#9194,#9195,#9196,#9197)),.UNSPECIFIED.,.F.,.F.,.F.,(4,
4),(4,1,1,1,1,1,1,1,1,1,1,1,1,1,1,1,1,1,1,1,1,1,1,1,1,1,1,1,1,1,1,1,1,1,
1,1,1,1,1,1,1,1,1,1,1,1,1,1,1,1,1,1,1,1,1,1,1,1,1,1,1,1,1,1,1,1,1,1,1,1,
1,1,1,1,1,1,1,1,4),(0.,0.0321584099938629),(89.7966238131269,90.7891724820745,
91.7817211510221,92.7742698199697,93.7668184889173,94.7593671578649,95.7519158268125,
96.7444644957601,97.7370131647076,98.7295618336552,99.7221105026028,100.71465917155,
101.707207840498,102.699756509446,103.692305178393,104.684853847341,105.677402516288,
106.669951185236,107.662499854184,108.655048523131,109.647597192079,110.640145861026,
111.632694529974,112.625243198921,113.617791867869,114.610340536817,115.602889205764,
116.595437874712,117.587986543659,118.580535212607,119.573083881555,120.565632550502,
121.55818121945,122.550729888397,123.543278557345,124.535827226293,125.52837589524,
126.520924564188,127.513473233135,128.506021902083,129.498570571031,130.491119239978,
131.483667908926,132.476216577873,133.468765246821,134.461313915768,135.453862584716,
136.446411253664,137.438959922611,138.431508591559,139.424057260506,140.416605929454,
141.409154598402,142.401703267349,143.394251936297,144.386800605244,145.379349274192,
146.37189794314,147.364446612087,148.356995281035,149.349543949982,150.34209261893,
151.334641287877,152.327189956825,153.319738625773,154.31228729472,155.304835963668,
156.297384632615,157.289933301563,158.282481970511,159.275030639458,160.267579308406,
161.260127977353,162.252676646301,163.245225315249,164.237773984196,165.230322653144,
166.222871322091,167.215419991039),.UNSPECIFIED.);
#25=B_SPLINE_SURFACE_WITH_KNOTS('',3,3,((#9377,#9378,#9379,#9380,#9381,
#9382,#9383,#9384,#9385,#9386,#9387,#9388,#9389,#9390,#9391,#9392,#9393,
#9394,#9395,#9396,#9397,#9398,#9399,#9400,#9401,#9402,#9403,#9404,#9405,
#9406,#9407,#9408,#9409,#9410,#9411,#9412,#9413,#9414,#9415,#9416,#9417,
#9418,#9419,#9420,#9421,#9422,#9423,#9424,#9425,#9426,#9427,#9428,#9429,
#9430,#9431,#9432,#9433,#9434,#9435,#9436,#9437,#9438,#9439,#9440,#9441,
#9442,#9443,#9444,#9445,#9446,#9447,#9448,#9449,#9450,#9451,#9452,#9453,
#9454,#9455,#9456,#9457),(#9458,#9459,#9460,#9461,#9462,#9463,#9464,#9465,
#9466,#9467,#9468,#9469,#9470,#9471,#9472,#9473,#9474,#9475,#9476,#9477,
#9478,#9479,#9480,#9481,#9482,#9483,#9484,#9485,#9486,#9487,#9488,#9489,
#9490,#9491,#9492,#9493,#9494,#9495,#9496,#9497,#9498,#9499,#9500,#9501,
#9502,#9503,#9504,#9505,#9506,#9507,#9508,#9509,#9510,#9511,#9512,#9513,
#9514,#9515,#9516,#9517,#9518,#9519,#9520,#9521,#9522,#9523,#9524,#9525,
#9526,#9527,#9528,#9529,#9530,#9531,#9532,#9533,#9534,#9535,#9536,#9537,
#9538),(#9539,#9540,#9541,#9542,#9543,#9544,#9545,#9546,#9547,#9548,#9549,
#9550,#9551,#9552,#9553,#9554,#9555,#9556,#9557,#9558,#9559,#9560,#9561,
#9562,#9563,#9564,#9565,#9566,#9567,#9568,#9569,#9570,#9571,#9572,#9573,
#9574,#9575,#9576,#9577,#9578,#9579,#9580,#9581,#9582,#9583,#9584,#9585,
#9586,#9587,#9588,#9589,#9590,#9591,#9592,#9593,#9594,#9595,#9596,#9597,
#9598,#9599,#9600,#9601,#9602,#9603,#9604,#9605,#9606,#9607,#9608,#9609,
#9610,#9611,#9612,#9613,#9614,#9615,#9616,#9617,#9618,#9619),(#9620,#9621,
#9622,#9623,#9624,#9625,#9626,#9627,#9628,#9629,#9630,#9631,#9632,#9633,
#9634,#9635,#9636,#9637,#9638,#9639,#9640,#9641,#9642,#9643,#9644,#9645,
#9646,#9647,#9648,#9649,#9650,#9651,#9652,#9653,#9654,#9655,#9656,#9657,
#9658,#9659,#9660,#9661,#9662,#9663,#9664,#9665,#9666,#9667,#9668,#9669,
#9670,#9671,#9672,#9673,#9674,#9675,#9676,#9677,#9678,#9679,#9680,#9681,
#9682,#9683,#9684,#9685,#9686,#9687,#9688,#9689,#9690,#9691,#9692,#9693,
#9694,#9695,#9696,#9697,#9698,#9699,#9700)),.UNSPECIFIED.,.F.,.F.,.F.,(4,
4),(4,1,1,1,1,1,1,1,1,1,1,1,1,1,1,1,1,1,1,1,1,1,1,1,1,1,1,1,1,1,1,1,1,1,
1,1,1,1,1,1,1,1,1,1,1,1,1,1,1,1,1,1,1,1,1,1,1,1,1,1,1,1,1,1,1,1,1,1,1,1,
1,1,1,1,1,1,1,1,4),(0.,0.0321584099938629),(87.2535849497344,88.246133618682,
89.2386822876296,90.2312309565772,91.2237796255248,92.2163282944724,93.20887696342,
94.2014256323675,95.1939743013151,96.1865229702627,97.1790716392103,98.1716203081579,
99.1641689771055,100.156717646053,101.149266315001,102.141814983948,103.134363652896,
104.126912321843,105.119460990791,106.112009659739,107.104558328686,108.097106997634,
109.089655666581,110.082204335529,111.074753004477,112.067301673424,113.059850342372,
114.052399011319,115.044947680267,116.037496349215,117.030045018162,118.02259368711,
119.015142356057,120.007691025005,121.000239693952,121.9927883629,122.985337031848,
123.977885700795,124.970434369743,125.96298303869,126.955531707638,127.948080376586,
128.940629045533,129.933177714481,130.925726383428,131.918275052376,132.910823721324,
133.903372390271,134.895921059219,135.888469728166,136.881018397114,137.873567066061,
138.866115735009,139.858664403957,140.851213072904,141.843761741852,142.836310410799,
143.828859079747,144.821407748695,145.813956417642,146.80650508659,147.799053755537,
148.791602424485,149.784151093433,150.77669976238,151.769248431328,152.761797100275,
153.754345769223,154.746894438171,155.739443107118,156.731991776066,157.724540445013,
158.717089113961,159.709637782908,160.702186451856,161.694735120804,162.687283789751,
163.679832458699,164.672381127646),.UNSPECIFIED.);
#26=B_SPLINE_SURFACE_WITH_KNOTS('',3,3,((#9906,#9907,#9908,#9909,#9910,
#9911,#9912,#9913,#9914,#9915,#9916,#9917,#9918,#9919,#9920,#9921,#9922,
#9923,#9924,#9925,#9926,#9927,#9928,#9929,#9930,#9931,#9932,#9933,#9934,
#9935,#9936,#9937,#9938,#9939,#9940,#9941,#9942,#9943,#9944,#9945,#9946,
#9947,#9948,#9949,#9950,#9951,#9952,#9953,#9954,#9955,#9956,#9957,#9958,
#9959,#9960,#9961,#9962,#9963,#9964,#9965,#9966,#9967,#9968,#9969,#9970,
#9971,#9972,#9973,#9974,#9975,#9976,#9977,#9978,#9979,#9980,#9981,#9982,
#9983,#9984,#9985,#9986),(#9987,#9988,#9989,#9990,#9991,#9992,#9993,#9994,
#9995,#9996,#9997,#9998,#9999,#10000,#10001,#10002,#10003,#10004,#10005,
#10006,#10007,#10008,#10009,#10010,#10011,#10012,#10013,#10014,#10015,#10016,
#10017,#10018,#10019,#10020,#10021,#10022,#10023,#10024,#10025,#10026,#10027,
#10028,#10029,#10030,#10031,#10032,#10033,#10034,#10035,#10036,#10037,#10038,
#10039,#10040,#10041,#10042,#10043,#10044,#10045,#10046,#10047,#10048,#10049,
#10050,#10051,#10052,#10053,#10054,#10055,#10056,#10057,#10058,#10059,#10060,
#10061,#10062,#10063,#10064,#10065,#10066,#10067),(#10068,#10069,#10070,
#10071,#10072,#10073,#10074,#10075,#10076,#10077,#10078,#10079,#10080,#10081,
#10082,#10083,#10084,#10085,#10086,#10087,#10088,#10089,#10090,#10091,#10092,
#10093,#10094,#10095,#10096,#10097,#10098,#10099,#10100,#10101,#10102,#10103,
#10104,#10105,#10106,#10107,#10108,#10109,#10110,#10111,#10112,#10113,#10114,
#10115,#10116,#10117,#10118,#10119,#10120,#10121,#10122,#10123,#10124,#10125,
#10126,#10127,#10128,#10129,#10130,#10131,#10132,#10133,#10134,#10135,#10136,
#10137,#10138,#10139,#10140,#10141,#10142,#10143,#10144,#10145,#10146,#10147,
#10148),(#10149,#10150,#10151,#10152,#10153,#10154,#10155,#10156,#10157,
#10158,#10159,#10160,#10161,#10162,#10163,#10164,#10165,#10166,#10167,#10168,
#10169,#10170,#10171,#10172,#10173,#10174,#10175,#10176,#10177,#10178,#10179,
#10180,#10181,#10182,#10183,#10184,#10185,#10186,#10187,#10188,#10189,#10190,
#10191,#10192,#10193,#10194,#10195,#10196,#10197,#10198,#10199,#10200,#10201,
#10202,#10203,#10204,#10205,#10206,#10207,#10208,#10209,#10210,#10211,#10212,
#10213,#10214,#10215,#10216,#10217,#10218,#10219,#10220,#10221,#10222,#10223,
#10224,#10225,#10226,#10227,#10228,#10229)),.UNSPECIFIED.,.F.,.F.,.F.,(4,
4),(4,1,1,1,1,1,1,1,1,1,1,1,1,1,1,1,1,1,1,1,1,1,1,1,1,1,1,1,1,1,1,1,1,1,
1,1,1,1,1,1,1,1,1,1,1,1,1,1,1,1,1,1,1,1,1,1,1,1,1,1,1,1,1,1,1,1,1,1,1,1,
1,1,1,1,1,1,1,1,4),(0.,0.0321584099938629),(89.7966238131269,90.7891724820745,
91.7817211510221,92.7742698199697,93.7668184889173,94.7593671578649,95.7519158268124,
96.74446449576,97.7370131647076,98.7295618336552,99.7221105026028,100.71465917155,
101.707207840498,102.699756509446,103.692305178393,104.684853847341,105.677402516288,
106.669951185236,107.662499854184,108.655048523131,109.647597192079,110.640145861026,
111.632694529974,112.625243198921,113.617791867869,114.610340536817,115.602889205764,
116.595437874712,117.587986543659,118.580535212607,119.573083881555,120.565632550502,
121.55818121945,122.550729888397,123.543278557345,124.535827226293,125.52837589524,
126.520924564188,127.513473233135,128.506021902083,129.498570571031,130.491119239978,
131.483667908926,132.476216577873,133.468765246821,134.461313915768,135.453862584716,
136.446411253664,137.438959922611,138.431508591559,139.424057260506,140.416605929454,
141.409154598402,142.401703267349,143.394251936297,144.386800605244,145.379349274192,
146.37189794314,147.364446612087,148.356995281035,149.349543949982,150.34209261893,
151.334641287877,152.327189956825,153.319738625773,154.31228729472,155.304835963668,
156.297384632615,157.289933301563,158.282481970511,159.275030639458,160.267579308406,
161.260127977353,162.252676646301,163.245225315249,164.237773984196,165.230322653144,
166.222871322091,167.215419991039),.UNSPECIFIED.);
#27=B_SPLINE_SURFACE_WITH_KNOTS('',3,3,((#10412,#10413,#10414,#10415,#10416,
#10417,#10418,#10419,#10420,#10421,#10422,#10423,#10424,#10425,#10426,#10427,
#10428,#10429,#10430,#10431,#10432,#10433,#10434,#10435,#10436,#10437,#10438,
#10439,#10440,#10441,#10442,#10443,#10444,#10445,#10446,#10447,#10448,#10449,
#10450,#10451,#10452,#10453,#10454,#10455,#10456,#10457,#10458,#10459,#10460,
#10461,#10462,#10463,#10464,#10465,#10466,#10467,#10468,#10469,#10470,#10471,
#10472,#10473,#10474,#10475,#10476,#10477,#10478,#10479,#10480,#10481,#10482,
#10483,#10484,#10485,#10486,#10487,#10488,#10489,#10490,#10491,#10492),
(#10493,#10494,#10495,#10496,#10497,#10498,#10499,#10500,#10501,#10502,
#10503,#10504,#10505,#10506,#10507,#10508,#10509,#10510,#10511,#10512,#10513,
#10514,#10515,#10516,#10517,#10518,#10519,#10520,#10521,#10522,#10523,#10524,
#10525,#10526,#10527,#10528,#10529,#10530,#10531,#10532,#10533,#10534,#10535,
#10536,#10537,#10538,#10539,#10540,#10541,#10542,#10543,#10544,#10545,#10546,
#10547,#10548,#10549,#10550,#10551,#10552,#10553,#10554,#10555,#10556,#10557,
#10558,#10559,#10560,#10561,#10562,#10563,#10564,#10565,#10566,#10567,#10568,
#10569,#10570,#10571,#10572,#10573),(#10574,#10575,#10576,#10577,#10578,
#10579,#10580,#10581,#10582,#10583,#10584,#10585,#10586,#10587,#10588,#10589,
#10590,#10591,#10592,#10593,#10594,#10595,#10596,#10597,#10598,#10599,#10600,
#10601,#10602,#10603,#10604,#10605,#10606,#10607,#10608,#10609,#10610,#10611,
#10612,#10613,#10614,#10615,#10616,#10617,#10618,#10619,#10620,#10621,#10622,
#10623,#10624,#10625,#10626,#10627,#10628,#10629,#10630,#10631,#10632,#10633,
#10634,#10635,#10636,#10637,#10638,#10639,#10640,#10641,#10642,#10643,#10644,
#10645,#10646,#10647,#10648,#10649,#10650,#10651,#10652,#10653,#10654),
(#10655,#10656,#10657,#10658,#10659,#10660,#10661,#10662,#10663,#10664,
#10665,#10666,#10667,#10668,#10669,#10670,#10671,#10672,#10673,#10674,#10675,
#10676,#10677,#10678,#10679,#10680,#10681,#10682,#10683,#10684,#10685,#10686,
#10687,#10688,#10689,#10690,#10691,#10692,#10693,#10694,#10695,#10696,#10697,
#10698,#10699,#10700,#10701,#10702,#10703,#10704,#10705,#10706,#10707,#10708,
#10709,#10710,#10711,#10712,#10713,#10714,#10715,#10716,#10717,#10718,#10719,
#10720,#10721,#10722,#10723,#10724,#10725,#10726,#10727,#10728,#10729,#10730,
#10731,#10732,#10733,#10734,#10735)),.UNSPECIFIED.,.F.,.F.,.F.,(4,4),(4,
1,1,1,1,1,1,1,1,1,1,1,1,1,1,1,1,1,1,1,1,1,1,1,1,1,1,1,1,1,1,1,1,1,1,1,1,
1,1,1,1,1,1,1,1,1,1,1,1,1,1,1,1,1,1,1,1,1,1,1,1,1,1,1,1,1,1,1,1,1,1,1,1,
1,1,1,1,1,4),(0.,0.0321584099938621),(87.2535849497343,88.2461336186819,
89.2386822876295,90.2312309565771,91.2237796255247,92.2163282944722,93.2088769634198,
94.2014256323674,95.193974301315,96.1865229702626,97.1790716392102,98.1716203081578,
99.1641689771054,100.156717646053,101.149266315001,102.141814983948,103.134363652896,
104.126912321843,105.119460990791,106.112009659739,107.104558328686,108.097106997634,
109.089655666581,110.082204335529,111.074753004476,112.067301673424,113.059850342372,
114.052399011319,115.044947680267,116.037496349214,117.030045018162,118.02259368711,
119.015142356057,120.007691025005,121.000239693952,121.9927883629,122.985337031848,
123.977885700795,124.970434369743,125.96298303869,126.955531707638,127.948080376586,
128.940629045533,129.933177714481,130.925726383428,131.918275052376,132.910823721323,
133.903372390271,134.895921059219,135.888469728166,136.881018397114,137.873567066061,
138.866115735009,139.858664403957,140.851213072904,141.843761741852,142.836310410799,
143.828859079747,144.821407748695,145.813956417642,146.80650508659,147.799053755537,
148.791602424485,149.784151093433,150.77669976238,151.769248431328,152.761797100275,
153.754345769223,154.746894438171,155.739443107118,156.731991776066,157.724540445013,
158.717089113961,159.709637782908,160.702186451856,161.694735120804,162.687283789751,
163.679832458699,164.672381127646),.UNSPECIFIED.);
#28=B_SPLINE_SURFACE_WITH_KNOTS('',3,3,((#10941,#10942,#10943,#10944,#10945,
#10946,#10947,#10948,#10949,#10950,#10951,#10952,#10953,#10954,#10955,#10956,
#10957,#10958,#10959,#10960,#10961,#10962,#10963,#10964,#10965,#10966,#10967,
#10968,#10969,#10970,#10971,#10972,#10973,#10974,#10975,#10976,#10977,#10978,
#10979,#10980,#10981,#10982,#10983,#10984,#10985,#10986,#10987,#10988,#10989,
#10990,#10991,#10992,#10993,#10994,#10995,#10996,#10997,#10998,#10999,#11000,
#11001,#11002,#11003,#11004,#11005,#11006,#11007,#11008,#11009,#11010,#11011,
#11012,#11013,#11014,#11015,#11016,#11017,#11018,#11019,#11020,#11021),
(#11022,#11023,#11024,#11025,#11026,#11027,#11028,#11029,#11030,#11031,
#11032,#11033,#11034,#11035,#11036,#11037,#11038,#11039,#11040,#11041,#11042,
#11043,#11044,#11045,#11046,#11047,#11048,#11049,#11050,#11051,#11052,#11053,
#11054,#11055,#11056,#11057,#11058,#11059,#11060,#11061,#11062,#11063,#11064,
#11065,#11066,#11067,#11068,#11069,#11070,#11071,#11072,#11073,#11074,#11075,
#11076,#11077,#11078,#11079,#11080,#11081,#11082,#11083,#11084,#11085,#11086,
#11087,#11088,#11089,#11090,#11091,#11092,#11093,#11094,#11095,#11096,#11097,
#11098,#11099,#11100,#11101,#11102),(#11103,#11104,#11105,#11106,#11107,
#11108,#11109,#11110,#11111,#11112,#11113,#11114,#11115,#11116,#11117,#11118,
#11119,#11120,#11121,#11122,#11123,#11124,#11125,#11126,#11127,#11128,#11129,
#11130,#11131,#11132,#11133,#11134,#11135,#11136,#11137,#11138,#11139,#11140,
#11141,#11142,#11143,#11144,#11145,#11146,#11147,#11148,#11149,#11150,#11151,
#11152,#11153,#11154,#11155,#11156,#11157,#11158,#11159,#11160,#11161,#11162,
#11163,#11164,#11165,#11166,#11167,#11168,#11169,#11170,#11171,#11172,#11173,
#11174,#11175,#11176,#11177,#11178,#11179,#11180,#11181,#11182,#11183),
(#11184,#11185,#11186,#11187,#11188,#11189,#11190,#11191,#11192,#11193,
#11194,#11195,#11196,#11197,#11198,#11199,#11200,#11201,#11202,#11203,#11204,
#11205,#11206,#11207,#11208,#11209,#11210,#11211,#11212,#11213,#11214,#11215,
#11216,#11217,#11218,#11219,#11220,#11221,#11222,#11223,#11224,#11225,#11226,
#11227,#11228,#11229,#11230,#11231,#11232,#11233,#11234,#11235,#11236,#11237,
#11238,#11239,#11240,#11241,#11242,#11243,#11244,#11245,#11246,#11247,#11248,
#11249,#11250,#11251,#11252,#11253,#11254,#11255,#11256,#11257,#11258,#11259,
#11260,#11261,#11262,#11263,#11264)),.UNSPECIFIED.,.F.,.F.,.F.,(4,4),(4,
1,1,1,1,1,1,1,1,1,1,1,1,1,1,1,1,1,1,1,1,1,1,1,1,1,1,1,1,1,1,1,1,1,1,1,1,
1,1,1,1,1,1,1,1,1,1,1,1,1,1,1,1,1,1,1,1,1,1,1,1,1,1,1,1,1,1,1,1,1,1,1,1,
1,1,1,1,1,4),(0.,0.0321584099938621),(89.7966238131269,90.7891724820745,
91.7817211510221,92.7742698199697,93.7668184889173,94.7593671578649,95.7519158268125,
96.7444644957601,97.7370131647077,98.7295618336553,99.7221105026028,100.71465917155,
101.707207840498,102.699756509446,103.692305178393,104.684853847341,105.677402516288,
106.669951185236,107.662499854184,108.655048523131,109.647597192079,110.640145861026,
111.632694529974,112.625243198921,113.617791867869,114.610340536817,115.602889205764,
116.595437874712,117.587986543659,118.580535212607,119.573083881555,120.565632550502,
121.55818121945,122.550729888397,123.543278557345,124.535827226293,125.52837589524,
126.520924564188,127.513473233135,128.506021902083,129.498570571031,130.491119239978,
131.483667908926,132.476216577873,133.468765246821,134.461313915768,135.453862584716,
136.446411253664,137.438959922611,138.431508591559,139.424057260506,140.416605929454,
141.409154598402,142.401703267349,143.394251936297,144.386800605244,145.379349274192,
146.37189794314,147.364446612087,148.356995281035,149.349543949982,150.34209261893,
151.334641287878,152.327189956825,153.319738625773,154.31228729472,155.304835963668,
156.297384632615,157.289933301563,158.282481970511,159.275030639458,160.267579308406,
161.260127977353,162.252676646301,163.245225315249,164.237773984196,165.230322653144,
166.222871322091,167.215419991039),.UNSPECIFIED.);
#29=PLANE('',#3162);
#30=PLANE('',#3166);
#31=PLANE('',#3170);
#32=PLANE('',#3174);
#33=PLANE('',#3177);
#34=PLANE('',#3180);
#35=PLANE('',#3183);
#36=PLANE('',#3186);
#37=PLANE('',#3187);
#38=PLANE('',#3192);
#39=PLANE('',#3193);
#40=PLANE('',#3202);
#41=PLANE('',#3209);
#42=PLANE('',#3216);
#43=PLANE('',#3219);
#44=PLANE('',#3229);
#45=PLANE('',#3235);
#46=PLANE('',#3236);
#47=PLANE('',#3237);
#48=PLANE('',#3241);
#49=PLANE('',#3242);
#50=PLANE('',#3245);
#51=PLANE('',#3247);
#52=PLANE('',#3248);
#53=PLANE('',#3250);
#54=PLANE('',#3252);
#55=PLANE('',#3253);
#56=PLANE('',#3254);
#57=PLANE('',#3256);
#58=PLANE('',#3257);
#59=FACE_OUTER_BOUND('',#221,.T.);
#60=FACE_OUTER_BOUND('',#222,.T.);
#61=FACE_OUTER_BOUND('',#223,.T.);
#62=FACE_OUTER_BOUND('',#224,.T.);
#63=FACE_OUTER_BOUND('',#225,.T.);
#64=FACE_OUTER_BOUND('',#226,.T.);
#65=FACE_OUTER_BOUND('',#227,.T.);
#66=FACE_OUTER_BOUND('',#228,.T.);
#67=FACE_OUTER_BOUND('',#229,.T.);
#68=FACE_OUTER_BOUND('',#230,.T.);
#69=FACE_OUTER_BOUND('',#231,.T.);
#70=FACE_OUTER_BOUND('',#232,.T.);
#71=FACE_OUTER_BOUND('',#233,.T.);
#72=FACE_OUTER_BOUND('',#234,.T.);
#73=FACE_OUTER_BOUND('',#235,.T.);
#74=FACE_OUTER_BOUND('',#236,.T.);
#75=FACE_OUTER_BOUND('',#237,.T.);
#76=FACE_OUTER_BOUND('',#238,.T.);
#77=FACE_OUTER_BOUND('',#239,.T.);
#78=FACE_OUTER_BOUND('',#240,.T.);
#79=FACE_OUTER_BOUND('',#241,.T.);
#80=FACE_OUTER_BOUND('',#242,.T.);
#81=FACE_OUTER_BOUND('',#243,.T.);
#82=FACE_OUTER_BOUND('',#244,.T.);
#83=FACE_OUTER_BOUND('',#245,.T.);
#84=FACE_OUTER_BOUND('',#246,.T.);
#85=FACE_OUTER_BOUND('',#247,.T.);
#86=FACE_OUTER_BOUND('',#248,.T.);
#87=FACE_OUTER_BOUND('',#249,.T.);
#88=FACE_OUTER_BOUND('',#250,.T.);
#89=FACE_OUTER_BOUND('',#251,.T.);
#90=FACE_OUTER_BOUND('',#252,.T.);
#91=FACE_OUTER_BOUND('',#253,.T.);
#92=FACE_OUTER_BOUND('',#254,.T.);
#93=FACE_OUTER_BOUND('',#255,.T.);
#94=FACE_OUTER_BOUND('',#256,.T.);
#95=FACE_OUTER_BOUND('',#257,.T.);
#96=FACE_OUTER_BOUND('',#258,.T.);
#97=FACE_OUTER_BOUND('',#259,.T.);
#98=FACE_OUTER_BOUND('',#260,.T.);
#99=FACE_OUTER_BOUND('',#261,.T.);
#100=FACE_OUTER_BOUND('',#262,.T.);
#101=FACE_OUTER_BOUND('',#263,.T.);
#102=FACE_OUTER_BOUND('',#264,.T.);
#103=FACE_OUTER_BOUND('',#265,.T.);
#104=FACE_OUTER_BOUND('',#266,.T.);
#105=FACE_OUTER_BOUND('',#267,.T.);
#106=FACE_OUTER_BOUND('',#268,.T.);
#107=FACE_OUTER_BOUND('',#269,.T.);
#108=FACE_OUTER_BOUND('',#270,.T.);
#109=FACE_OUTER_BOUND('',#271,.T.);
#110=FACE_OUTER_BOUND('',#272,.T.);
#111=FACE_OUTER_BOUND('',#273,.T.);
#112=FACE_OUTER_BOUND('',#274,.T.);
#113=FACE_OUTER_BOUND('',#275,.T.);
#114=FACE_OUTER_BOUND('',#276,.T.);
#115=FACE_OUTER_BOUND('',#277,.T.);
#116=FACE_OUTER_BOUND('',#278,.T.);
#117=FACE_OUTER_BOUND('',#279,.T.);
#118=FACE_OUTER_BOUND('',#280,.T.);
#119=FACE_OUTER_BOUND('',#281,.T.);
#120=FACE_OUTER_BOUND('',#282,.T.);
#121=FACE_OUTER_BOUND('',#283,.T.);
#122=FACE_OUTER_BOUND('',#284,.T.);
#123=FACE_OUTER_BOUND('',#285,.T.);
#124=FACE_OUTER_BOUND('',#286,.T.);
#125=FACE_OUTER_BOUND('',#287,.T.);
#126=FACE_OUTER_BOUND('',#288,.T.);
#127=FACE_OUTER_BOUND('',#289,.T.);
#128=FACE_OUTER_BOUND('',#290,.T.);
#129=FACE_OUTER_BOUND('',#291,.T.);
#130=FACE_OUTER_BOUND('',#292,.T.);
#131=FACE_OUTER_BOUND('',#293,.T.);
#132=FACE_OUTER_BOUND('',#294,.T.);
#133=FACE_OUTER_BOUND('',#295,.T.);
#134=FACE_OUTER_BOUND('',#296,.T.);
#135=FACE_OUTER_BOUND('',#297,.T.);
#136=FACE_OUTER_BOUND('',#298,.T.);
#137=FACE_OUTER_BOUND('',#299,.T.);
#138=FACE_OUTER_BOUND('',#300,.T.);
#139=FACE_OUTER_BOUND('',#301,.T.);
#140=FACE_OUTER_BOUND('',#302,.T.);
#141=FACE_OUTER_BOUND('',#303,.T.);
#142=FACE_OUTER_BOUND('',#304,.T.);
#143=FACE_OUTER_BOUND('',#305,.T.);
#144=FACE_OUTER_BOUND('',#306,.T.);
#145=FACE_OUTER_BOUND('',#307,.T.);
#146=FACE_OUTER_BOUND('',#308,.T.);
#147=FACE_OUTER_BOUND('',#309,.T.);
#148=FACE_OUTER_BOUND('',#310,.T.);
#149=FACE_OUTER_BOUND('',#311,.T.);
#150=FACE_OUTER_BOUND('',#312,.T.);
#151=FACE_OUTER_BOUND('',#313,.T.);
#152=FACE_OUTER_BOUND('',#314,.T.);
#153=FACE_OUTER_BOUND('',#315,.T.);
#154=FACE_OUTER_BOUND('',#316,.T.);
#155=FACE_OUTER_BOUND('',#317,.T.);
#156=FACE_OUTER_BOUND('',#318,.T.);
#157=FACE_OUTER_BOUND('',#319,.T.);
#158=FACE_OUTER_BOUND('',#320,.T.);
#159=FACE_OUTER_BOUND('',#321,.T.);
#160=FACE_OUTER_BOUND('',#322,.T.);
#161=FACE_OUTER_BOUND('',#323,.T.);
#162=FACE_OUTER_BOUND('',#324,.T.);
#163=FACE_OUTER_BOUND('',#325,.T.);
#164=FACE_OUTER_BOUND('',#326,.T.);
#165=FACE_OUTER_BOUND('',#327,.T.);
#166=FACE_OUTER_BOUND('',#328,.T.);
#167=FACE_OUTER_BOUND('',#329,.T.);
#168=FACE_OUTER_BOUND('',#330,.T.);
#169=FACE_OUTER_BOUND('',#331,.T.);
#170=FACE_OUTER_BOUND('',#332,.T.);
#171=FACE_OUTER_BOUND('',#333,.T.);
#172=FACE_OUTER_BOUND('',#334,.T.);
#173=FACE_OUTER_BOUND('',#335,.T.);
#174=FACE_OUTER_BOUND('',#336,.T.);
#175=FACE_OUTER_BOUND('',#337,.T.);
#176=FACE_OUTER_BOUND('',#338,.T.);
#177=FACE_OUTER_BOUND('',#339,.T.);
#178=FACE_OUTER_BOUND('',#340,.T.);
#179=FACE_OUTER_BOUND('',#341,.T.);
#180=FACE_OUTER_BOUND('',#342,.T.);
#181=FACE_OUTER_BOUND('',#343,.T.);
#182=FACE_OUTER_BOUND('',#344,.T.);
#183=FACE_OUTER_BOUND('',#345,.T.);
#184=FACE_OUTER_BOUND('',#347,.T.);
#185=FACE_OUTER_BOUND('',#348,.T.);
#186=FACE_OUTER_BOUND('',#350,.T.);
#187=FACE_OUTER_BOUND('',#351,.T.);
#188=FACE_OUTER_BOUND('',#352,.T.);
#189=FACE_OUTER_BOUND('',#354,.T.);
#190=FACE_OUTER_BOUND('',#355,.T.);
#191=FACE_OUTER_BOUND('',#357,.T.);
#192=FACE_OUTER_BOUND('',#358,.T.);
#193=FACE_OUTER_BOUND('',#359,.T.);
#194=FACE_OUTER_BOUND('',#361,.T.);
#195=FACE_OUTER_BOUND('',#362,.T.);
#196=FACE_OUTER_BOUND('',#363,.T.);
#197=FACE_OUTER_BOUND('',#364,.T.);
#198=FACE_OUTER_BOUND('',#365,.T.);
#199=FACE_OUTER_BOUND('',#366,.T.);
#200=FACE_OUTER_BOUND('',#367,.T.);
#201=FACE_OUTER_BOUND('',#368,.T.);
#202=FACE_OUTER_BOUND('',#369,.T.);
#203=FACE_OUTER_BOUND('',#371,.T.);
#204=FACE_OUTER_BOUND('',#372,.T.);
#205=FACE_OUTER_BOUND('',#373,.T.);
#206=FACE_OUTER_BOUND('',#374,.T.);
#207=FACE_OUTER_BOUND('',#375,.T.);
#208=FACE_OUTER_BOUND('',#376,.T.);
#209=FACE_OUTER_BOUND('',#377,.T.);
#210=FACE_OUTER_BOUND('',#378,.T.);
#211=FACE_OUTER_BOUND('',#379,.T.);
#212=FACE_OUTER_BOUND('',#380,.T.);
#213=FACE_OUTER_BOUND('',#381,.T.);
#214=FACE_OUTER_BOUND('',#382,.T.);
#215=FACE_OUTER_BOUND('',#383,.T.);
#216=FACE_OUTER_BOUND('',#384,.T.);
#217=FACE_OUTER_BOUND('',#385,.T.);
#218=FACE_OUTER_BOUND('',#386,.T.);
#219=FACE_OUTER_BOUND('',#387,.T.);
#220=FACE_OUTER_BOUND('',#388,.T.);
#221=EDGE_LOOP('',(#1815,#1816,#1817,#1818));
#222=EDGE_LOOP('',(#1819,#1820,#1821,#1822));
#223=EDGE_LOOP('',(#1823,#1824,#1825,#1826));
#224=EDGE_LOOP('',(#1827,#1828,#1829,#1830));
#225=EDGE_LOOP('',(#1831,#1832,#1833,#1834));
#226=EDGE_LOOP('',(#1835,#1836,#1837,#1838));
#227=EDGE_LOOP('',(#1839,#1840,#1841,#1842));
#228=EDGE_LOOP('',(#1843,#1844,#1845,#1846));
#229=EDGE_LOOP('',(#1847,#1848,#1849,#1850));
#230=EDGE_LOOP('',(#1851,#1852,#1853,#1854));
#231=EDGE_LOOP('',(#1855,#1856,#1857,#1858));
#232=EDGE_LOOP('',(#1859,#1860,#1861,#1862));
#233=EDGE_LOOP('',(#1863,#1864,#1865,#1866));
#234=EDGE_LOOP('',(#1867,#1868,#1869,#1870));
#235=EDGE_LOOP('',(#1871,#1872,#1873,#1874));
#236=EDGE_LOOP('',(#1875,#1876,#1877,#1878));
#237=EDGE_LOOP('',(#1879,#1880,#1881,#1882));
#238=EDGE_LOOP('',(#1883,#1884,#1885,#1886));
#239=EDGE_LOOP('',(#1887,#1888,#1889,#1890));
#240=EDGE_LOOP('',(#1891,#1892,#1893,#1894));
#241=EDGE_LOOP('',(#1895,#1896,#1897,#1898));
#242=EDGE_LOOP('',(#1899,#1900,#1901,#1902));
#243=EDGE_LOOP('',(#1903,#1904,#1905,#1906));
#244=EDGE_LOOP('',(#1907,#1908,#1909,#1910));
#245=EDGE_LOOP('',(#1911,#1912,#1913,#1914));
#246=EDGE_LOOP('',(#1915,#1916,#1917,#1918));
#247=EDGE_LOOP('',(#1919,#1920,#1921,#1922));
#248=EDGE_LOOP('',(#1923,#1924,#1925,#1926));
#249=EDGE_LOOP('',(#1927,#1928,#1929,#1930));
#250=EDGE_LOOP('',(#1931,#1932,#1933,#1934));
#251=EDGE_LOOP('',(#1935,#1936,#1937,#1938));
#252=EDGE_LOOP('',(#1939,#1940,#1941,#1942));
#253=EDGE_LOOP('',(#1943,#1944,#1945,#1946));
#254=EDGE_LOOP('',(#1947,#1948,#1949,#1950));
#255=EDGE_LOOP('',(#1951,#1952,#1953,#1954));
#256=EDGE_LOOP('',(#1955,#1956,#1957,#1958));
#257=EDGE_LOOP('',(#1959,#1960,#1961,#1962));
#258=EDGE_LOOP('',(#1963,#1964,#1965,#1966));
#259=EDGE_LOOP('',(#1967,#1968,#1969,#1970));
#260=EDGE_LOOP('',(#1971,#1972,#1973,#1974));
#261=EDGE_LOOP('',(#1975,#1976,#1977,#1978));
#262=EDGE_LOOP('',(#1979,#1980,#1981,#1982));
#263=EDGE_LOOP('',(#1983,#1984,#1985,#1986));
#264=EDGE_LOOP('',(#1987,#1988,#1989,#1990));
#265=EDGE_LOOP('',(#1991,#1992,#1993,#1994));
#266=EDGE_LOOP('',(#1995,#1996,#1997,#1998));
#267=EDGE_LOOP('',(#1999,#2000,#2001,#2002));
#268=EDGE_LOOP('',(#2003,#2004,#2005,#2006));
#269=EDGE_LOOP('',(#2007,#2008,#2009,#2010));
#270=EDGE_LOOP('',(#2011,#2012,#2013,#2014));
#271=EDGE_LOOP('',(#2015,#2016,#2017,#2018));
#272=EDGE_LOOP('',(#2019,#2020,#2021,#2022));
#273=EDGE_LOOP('',(#2023,#2024,#2025,#2026));
#274=EDGE_LOOP('',(#2027,#2028,#2029,#2030));
#275=EDGE_LOOP('',(#2031,#2032,#2033,#2034));
#276=EDGE_LOOP('',(#2035,#2036,#2037,#2038));
#277=EDGE_LOOP('',(#2039,#2040,#2041,#2042));
#278=EDGE_LOOP('',(#2043,#2044,#2045,#2046));
#279=EDGE_LOOP('',(#2047,#2048,#2049,#2050));
#280=EDGE_LOOP('',(#2051,#2052,#2053,#2054));
#281=EDGE_LOOP('',(#2055,#2056,#2057,#2058));
#282=EDGE_LOOP('',(#2059,#2060,#2061,#2062));
#283=EDGE_LOOP('',(#2063,#2064,#2065,#2066));
#284=EDGE_LOOP('',(#2067,#2068,#2069,#2070));
#285=EDGE_LOOP('',(#2071,#2072,#2073,#2074));
#286=EDGE_LOOP('',(#2075,#2076,#2077,#2078));
#287=EDGE_LOOP('',(#2079,#2080,#2081,#2082));
#288=EDGE_LOOP('',(#2083,#2084,#2085,#2086));
#289=EDGE_LOOP('',(#2087,#2088,#2089,#2090));
#290=EDGE_LOOP('',(#2091,#2092,#2093,#2094));
#291=EDGE_LOOP('',(#2095,#2096,#2097,#2098));
#292=EDGE_LOOP('',(#2099,#2100,#2101,#2102));
#293=EDGE_LOOP('',(#2103,#2104,#2105,#2106));
#294=EDGE_LOOP('',(#2107,#2108,#2109,#2110));
#295=EDGE_LOOP('',(#2111,#2112,#2113,#2114));
#296=EDGE_LOOP('',(#2115,#2116,#2117,#2118));
#297=EDGE_LOOP('',(#2119,#2120,#2121,#2122));
#298=EDGE_LOOP('',(#2123,#2124,#2125,#2126));
#299=EDGE_LOOP('',(#2127,#2128,#2129,#2130));
#300=EDGE_LOOP('',(#2131,#2132,#2133,#2134));
#301=EDGE_LOOP('',(#2135,#2136,#2137,#2138));
#302=EDGE_LOOP('',(#2139,#2140,#2141,#2142));
#303=EDGE_LOOP('',(#2143,#2144,#2145,#2146));
#304=EDGE_LOOP('',(#2147,#2148,#2149,#2150));
#305=EDGE_LOOP('',(#2151,#2152,#2153,#2154));
#306=EDGE_LOOP('',(#2155,#2156,#2157,#2158));
#307=EDGE_LOOP('',(#2159,#2160,#2161,#2162));
#308=EDGE_LOOP('',(#2163,#2164,#2165,#2166));
#309=EDGE_LOOP('',(#2167,#2168,#2169,#2170));
#310=EDGE_LOOP('',(#2171,#2172,#2173,#2174));
#311=EDGE_LOOP('',(#2175,#2176,#2177,#2178));
#312=EDGE_LOOP('',(#2179,#2180,#2181,#2182));
#313=EDGE_LOOP('',(#2183,#2184,#2185,#2186));
#314=EDGE_LOOP('',(#2187,#2188,#2189,#2190));
#315=EDGE_LOOP('',(#2191,#2192,#2193,#2194));
#316=EDGE_LOOP('',(#2195,#2196,#2197,#2198));
#317=EDGE_LOOP('',(#2199,#2200,#2201,#2202));
#318=EDGE_LOOP('',(#2203,#2204,#2205,#2206));
#319=EDGE_LOOP('',(#2207,#2208,#2209,#2210));
#320=EDGE_LOOP('',(#2211,#2212,#2213,#2214));
#321=EDGE_LOOP('',(#2215,#2216,#2217,#2218));
#322=EDGE_LOOP('',(#2219,#2220,#2221,#2222));
#323=EDGE_LOOP('',(#2223,#2224,#2225,#2226));
#324=EDGE_LOOP('',(#2227,#2228,#2229,#2230));
#325=EDGE_LOOP('',(#2231,#2232,#2233,#2234,#2235,#2236,#2237,#2238,#2239,
#2240,#2241,#2242,#2243,#2244,#2245,#2246,#2247,#2248,#2249,#2250,#2251,
#2252,#2253,#2254,#2255,#2256,#2257,#2258));
#326=EDGE_LOOP('',(#2259,#2260,#2261,#2262));
#327=EDGE_LOOP('',(#2263,#2264,#2265,#2266,#2267,#2268,#2269,#2270,#2271,
#2272,#2273,#2274,#2275,#2276,#2277,#2278,#2279,#2280,#2281,#2282,#2283,
#2284,#2285,#2286,#2287,#2288,#2289,#2290));
#328=EDGE_LOOP('',(#2291,#2292,#2293,#2294));
#329=EDGE_LOOP('',(#2295,#2296,#2297,#2298));
#330=EDGE_LOOP('',(#2299,#2300,#2301,#2302,#2303,#2304,#2305,#2306,#2307,
#2308,#2309,#2310,#2311,#2312,#2313,#2314,#2315,#2316,#2317,#2318,#2319,
#2320,#2321,#2322,#2323,#2324,#2325,#2326));
#331=EDGE_LOOP('',(#2327,#2328,#2329,#2330));
#332=EDGE_LOOP('',(#2331,#2332,#2333,#2334,#2335,#2336,#2337,#2338,#2339,
#2340,#2341,#2342,#2343,#2344,#2345,#2346,#2347,#2348,#2349,#2350,#2351,
#2352,#2353,#2354,#2355,#2356,#2357,#2358));
#333=EDGE_LOOP('',(#2359,#2360,#2361,#2362));
#334=EDGE_LOOP('',(#2363,#2364,#2365,#2366));
#335=EDGE_LOOP('',(#2367,#2368,#2369,#2370,#2371,#2372,#2373,#2374,#2375,
#2376,#2377,#2378,#2379,#2380,#2381,#2382,#2383,#2384,#2385,#2386,#2387,
#2388,#2389,#2390,#2391,#2392,#2393,#2394));
#336=EDGE_LOOP('',(#2395,#2396,#2397,#2398));
#337=EDGE_LOOP('',(#2399,#2400,#2401,#2402,#2403,#2404,#2405,#2406,#2407,
#2408,#2409,#2410,#2411,#2412,#2413,#2414,#2415,#2416,#2417,#2418,#2419,
#2420,#2421,#2422,#2423,#2424,#2425,#2426));
#338=EDGE_LOOP('',(#2427,#2428,#2429,#2430));
#339=EDGE_LOOP('',(#2431,#2432,#2433,#2434));
#340=EDGE_LOOP('',(#2435,#2436,#2437,#2438,#2439,#2440,#2441,#2442,#2443,
#2444,#2445,#2446,#2447,#2448,#2449,#2450,#2451,#2452,#2453,#2454,#2455,
#2456,#2457,#2458,#2459,#2460,#2461,#2462));
#341=EDGE_LOOP('',(#2463,#2464,#2465,#2466));
#342=EDGE_LOOP('',(#2467,#2468,#2469,#2470,#2471,#2472,#2473,#2474,#2475,
#2476,#2477,#2478,#2479,#2480,#2481,#2482,#2483,#2484,#2485,#2486,#2487,
#2488,#2489,#2490,#2491,#2492,#2493,#2494));
#343=EDGE_LOOP('',(#2495,#2496,#2497,#2498));
#344=EDGE_LOOP('',(#2499,#2500,#2501,#2502));
#345=EDGE_LOOP('',(#2503,#2504,#2505,#2506,#2507,#2508,#2509,#2510));
#346=EDGE_LOOP('',(#2511,#2512,#2513,#2514));
#347=EDGE_LOOP('',(#2515,#2516,#2517,#2518));
#348=EDGE_LOOP('',(#2519,#2520,#2521,#2522,#2523,#2524,#2525,#2526));
#349=EDGE_LOOP('',(#2527,#2528,#2529,#2530));
#350=EDGE_LOOP('',(#2531,#2532,#2533,#2534));
#351=EDGE_LOOP('',(#2535,#2536,#2537,#2538));
#352=EDGE_LOOP('',(#2539,#2540,#2541,#2542,#2543,#2544,#2545,#2546));
#353=EDGE_LOOP('',(#2547,#2548,#2549,#2550));
#354=EDGE_LOOP('',(#2551,#2552,#2553,#2554));
#355=EDGE_LOOP('',(#2555,#2556,#2557,#2558,#2559,#2560,#2561,#2562));
#356=EDGE_LOOP('',(#2563,#2564,#2565,#2566));
#357=EDGE_LOOP('',(#2567,#2568,#2569,#2570));
#358=EDGE_LOOP('',(#2571,#2572,#2573,#2574,#2575,#2576,#2577,#2578));
#359=EDGE_LOOP('',(#2579,#2580,#2581,#2582,#2583,#2584,#2585,#2586,#2587,
#2588,#2589,#2590,#2591,#2592,#2593,#2594,#2595,#2596,#2597,#2598,#2599,
#2600,#2601,#2602));
#360=EDGE_LOOP('',(#2603,#2604,#2605,#2606,#2607,#2608,#2609,#2610));
#361=EDGE_LOOP('',(#2611,#2612,#2613,#2614));
#362=EDGE_LOOP('',(#2615,#2616,#2617,#2618));
#363=EDGE_LOOP('',(#2619,#2620,#2621,#2622,#2623));
#364=EDGE_LOOP('',(#2624,#2625,#2626,#2627));
#365=EDGE_LOOP('',(#2628,#2629,#2630,#2631));
#366=EDGE_LOOP('',(#2632,#2633,#2634,#2635));
#367=EDGE_LOOP('',(#2636,#2637,#2638,#2639));
#368=EDGE_LOOP('',(#2640,#2641,#2642,#2643,#2644,#2645));
#369=EDGE_LOOP('',(#2646,#2647,#2648,#2649,#2650,#2651,#2652,#2653));
#370=EDGE_LOOP('',(#2654,#2655,#2656,#2657,#2658,#2659,#2660,#2661));
#371=EDGE_LOOP('',(#2662,#2663,#2664,#2665));
#372=EDGE_LOOP('',(#2666,#2667,#2668,#2669,#2670,#2671,#2672,#2673));
#373=EDGE_LOOP('',(#2674,#2675,#2676,#2677,#2678,#2679));
#374=EDGE_LOOP('',(#2680,#2681,#2682,#2683,#2684));
#375=EDGE_LOOP('',(#2685,#2686,#2687,#2688));
#376=EDGE_LOOP('',(#2689,#2690,#2691,#2692));
#377=EDGE_LOOP('',(#2693,#2694,#2695,#2696,#2697,#2698,#2699,#2700));
#378=EDGE_LOOP('',(#2701,#2702,#2703,#2704));
#379=EDGE_LOOP('',(#2705,#2706,#2707,#2708));
#380=EDGE_LOOP('',(#2709,#2710,#2711,#2712));
#381=EDGE_LOOP('',(#2713,#2714,#2715,#2716,#2717));
#382=EDGE_LOOP('',(#2718,#2719,#2720,#2721));
#383=EDGE_LOOP('',(#2722,#2723,#2724,#2725));
#384=EDGE_LOOP('',(#2726,#2727,#2728,#2729));
#385=EDGE_LOOP('',(#2730,#2731,#2732,#2733));
#386=EDGE_LOOP('',(#2734,#2735,#2736,#2737));
#387=EDGE_LOOP('',(#2738,#2739,#2740,#2741));
#388=EDGE_LOOP('',(#2742,#2743,#2744,#2745,#2746));
#389=CIRCLE('',#3048,1.2645);
#390=CIRCLE('',#3060,1.2645);
#391=CIRCLE('',#3062,1.54300000000001);
#392=CIRCLE('',#3074,1.54300000000001);
#393=CIRCLE('',#3076,1.2645);
#394=CIRCLE('',#3088,1.2645);
#395=CIRCLE('',#3090,1.54300000000001);
#396=CIRCLE('',#3102,1.54300000000001);
#397=CIRCLE('',#3104,1.2645);
#398=CIRCLE('',#3116,1.2645);
#399=CIRCLE('',#3118,1.54300000000003);
#400=CIRCLE('',#3130,1.54300000000003);
#401=CIRCLE('',#3132,1.2645);
#402=CIRCLE('',#3144,1.2645);
#403=CIRCLE('',#3146,1.54299999999998);
#404=CIRCLE('',#3158,1.54299999999998);
#405=CIRCLE('',#3160,2.);
#406=CIRCLE('',#3161,2.);
#407=CIRCLE('',#3164,2.);
#408=CIRCLE('',#3165,2.);
#409=CIRCLE('',#3168,2.);
#410=CIRCLE('',#3169,2.);
#411=CIRCLE('',#3172,2.);
#412=CIRCLE('',#3173,2.);
#413=CIRCLE('',#3188,2.);
#414=CIRCLE('',#3189,2.);
#415=CIRCLE('',#3190,1.99999999999998);
#416=CIRCLE('',#3191,2.);
#417=CIRCLE('',#3194,2.);
#418=CIRCLE('',#3195,2.);
#419=CIRCLE('',#3196,2.);
#420=CIRCLE('',#3197,2.);
#421=CIRCLE('',#3199,2.);
#422=CIRCLE('',#3201,2.);
#423=CIRCLE('',#3203,2.);
#424=CIRCLE('',#3204,2.);
#425=CIRCLE('',#3205,2.00000000000002);
#426=CIRCLE('',#3206,2.);
#427=CIRCLE('',#3208,2.);
#428=CIRCLE('',#3210,2.);
#429=CIRCLE('',#3211,2.);
#430=CIRCLE('',#3212,2.00000000000003);
#431=CIRCLE('',#3213,2.);
#432=CIRCLE('',#3215,2.);
#433=CIRCLE('',#3217,2.);
#434=CIRCLE('',#3218,2.);
#435=CIRCLE('',#3220,2.);
#436=CIRCLE('',#3221,2.);
#437=CIRCLE('',#3222,2.);
#438=CIRCLE('',#3223,2.);
#439=CIRCLE('',#3224,2.);
#440=CIRCLE('',#3225,2.);
#441=CIRCLE('',#3226,2.);
#442=CIRCLE('',#3227,2.);
#443=CIRCLE('',#3234,2.);
#444=CIRCLE('',#3238,2.00000000000003);
#445=CIRCLE('',#3239,1.99999999999998);
#446=CIRCLE('',#3240,2.00000000000002);
#447=B_SPLINE_CURVE_WITH_KNOTS('',3,(#3875,#3876,#3877,#3878),
 .UNSPECIFIED.,.F.,.F.,(4,4),(152.106010513287,152.817019864067),
 .UNSPECIFIED.);
#448=B_SPLINE_CURVE_WITH_KNOTS('',3,(#3881,#3882,#3883,#3884,#3885,#3886,
#3887,#3888,#3889,#3890),.UNSPECIFIED.,.F.,.F.,(4,3,3,4),(-150.79644737231,
-149.839373857224,-148.846825188277,-148.3658640695),.UNSPECIFIED.);
#449=B_SPLINE_CURVE_WITH_KNOTS('',3,(#3895,#3896,#3897,#3898,#3899,#3900,
#3901,#3902,#3903,#3904,#3905,#3906,#3907,#3908,#3909,#3910,#3911,#3912,
#3913,#3914,#3915,#3916,#3917,#3918,#3919),.UNSPECIFIED.,.F.,.F.,(4,3,3,
3,3,3,3,3,4),(145.822825206108,145.869179181434,146.861727850381,147.854276519329,
148.846825188277,149.839373857224,150.831922526172,151.824471195119,152.106010513287),
 .UNSPECIFIED.);
#450=B_SPLINE_CURVE_WITH_KNOTS('',3,(#3920,#3921,#3922,#3923,#3924,#3925,
#3926,#3927,#3928,#3929,#3930,#3931,#3932,#3933,#3934,#3935,#3936,#3937,
#3938,#3939,#3940,#3941),.UNSPECIFIED.,.F.,.F.,(4,3,3,3,3,3,3,4),(-148.3658640695,
-147.854276519329,-146.861727850381,-145.869179181434,-144.876630512486,
-143.884081843539,-142.891533174591,-142.082678762321),.UNSPECIFIED.);
#451=B_SPLINE_CURVE_WITH_KNOTS('',3,(#3946,#3947,#3948,#3949,#3950,#3951,
#3952,#3953,#3954,#3955,#3956,#3957,#3958,#3959,#3960,#3961,#3962,#3963,
#3964,#3965,#3966,#3967),.UNSPECIFIED.,.F.,.F.,(4,3,3,3,3,3,3,4),(139.539639898928,
139.913887167748,140.906435836696,141.898984505644,142.891533174591,143.884081843539,
144.876630512486,145.822825206108),.UNSPECIFIED.);
#452=B_SPLINE_CURVE_WITH_KNOTS('',3,(#3968,#3969,#3970,#3971,#3972,#3973,
#3974,#3975,#3976,#3977,#3978,#3979,#3980,#3981,#3982,#3983,#3984,#3985,
#3986,#3987,#3988,#3989,#3990,#3991,#3992),.UNSPECIFIED.,.F.,.F.,(4,3,3,
3,3,3,3,3,4),(-142.082678762321,-141.898984505644,-140.906435836696,-139.913887167748,
-138.921338498801,-137.928789829853,-136.936241160906,-135.943692491958,
-135.799493455141),.UNSPECIFIED.);
#453=B_SPLINE_CURVE_WITH_KNOTS('',3,(#3997,#3998,#3999,#4000,#4001,#4002,
#4003,#4004,#4005,#4006,#4007,#4008,#4009,#4010,#4011,#4012,#4013,#4014,
#4015,#4016,#4017,#4018),.UNSPECIFIED.,.F.,.F.,(4,3,3,3,3,3,3,4),(133.256454591748,
133.958595154063,134.95114382301,135.943692491958,136.936241160906,137.928789829853,
138.921338498801,139.539639898928),.UNSPECIFIED.);
#454=B_SPLINE_CURVE_WITH_KNOTS('',3,(#4019,#4020,#4021,#4022,#4023,#4024,
#4025,#4026,#4027,#4028,#4029,#4030,#4031,#4032,#4033,#4034,#4035,#4036,
#4037,#4038,#4039,#4040),.UNSPECIFIED.,.F.,.F.,(4,3,3,3,3,3,3,4),(-135.799493455141,
-134.95114382301,-133.958595154063,-132.966046485115,-131.973497816168,
-130.98094914722,-129.988400478272,-129.516308147961),.UNSPECIFIED.);
#455=B_SPLINE_CURVE_WITH_KNOTS('',3,(#4045,#4046,#4047,#4048,#4049,#4050,
#4051,#4052,#4053,#4054,#4055,#4056,#4057,#4058,#4059,#4060,#4061,#4062,
#4063,#4064,#4065,#4066,#4067,#4068,#4069),.UNSPECIFIED.,.F.,.F.,(4,3,3,
3,3,3,3,3,4),(126.973269284569,127.01075447143,128.003303140377,128.995851809325,
129.988400478272,130.98094914722,131.973497816168,132.966046485115,133.256454591748),
 .UNSPECIFIED.);
#456=B_SPLINE_CURVE_WITH_KNOTS('',3,(#4070,#4071,#4072,#4073,#4074,#4075,
#4076,#4077,#4078,#4079,#4080,#4081,#4082,#4083,#4084,#4085,#4086,#4087,
#4088,#4089,#4090,#4091),.UNSPECIFIED.,.F.,.F.,(4,3,3,3,3,3,3,4),(-129.516308147961,
-128.995851809325,-128.003303140377,-127.01075447143,-126.018205802482,
-125.025657133534,-124.033108464587,-123.233122840782),.UNSPECIFIED.);
#457=B_SPLINE_CURVE_WITH_KNOTS('',3,(#4096,#4097,#4098,#4099,#4100,#4101,
#4102,#4103,#4104,#4105,#4106,#4107,#4108,#4109,#4110,#4111,#4112,#4113,
#4114,#4115,#4116,#4117),.UNSPECIFIED.,.F.,.F.,(4,3,3,3,3,3,3,4),(120.690083977389,
121.055462457744,122.048011126692,123.040559795639,124.033108464587,125.025657133535,
126.018205802482,126.973269284569),.UNSPECIFIED.);
#458=B_SPLINE_CURVE_WITH_KNOTS('',3,(#4118,#4119,#4120,#4121,#4122,#4123,
#4124,#4125,#4126,#4127,#4128,#4129,#4130,#4131,#4132,#4133,#4134,#4135,
#4136,#4137,#4138,#4139,#4140,#4141,#4142),.UNSPECIFIED.,.F.,.F.,(4,3,3,
3,3,3,3,3,4),(-123.233122840782,-123.040559795639,-122.048011126692,-121.055462457744,
-120.062913788797,-119.070365119849,-118.077816450901,-117.085267781954,
-116.949937533602),.UNSPECIFIED.);
#459=B_SPLINE_CURVE_WITH_KNOTS('',3,(#4147,#4148,#4149,#4150,#4151,#4152,
#4153,#4154,#4155,#4156,#4157,#4158,#4159,#4160,#4161,#4162,#4163,#4164,
#4165,#4166,#4167,#4168),.UNSPECIFIED.,.F.,.F.,(4,3,3,3,3,3,3,4),(114.40689867021,
115.100170444059,116.092719113006,117.085267781954,118.077816450901,119.070365119849,
120.062913788797,120.690083977389),.UNSPECIFIED.);
#460=B_SPLINE_CURVE_WITH_KNOTS('',3,(#4169,#4170,#4171,#4172,#4173,#4174,
#4175,#4176,#4177,#4178,#4179,#4180,#4181,#4182,#4183,#4184,#4185,#4186,
#4187,#4188,#4189,#4190),.UNSPECIFIED.,.F.,.F.,(4,3,3,3,3,3,3,4),(-116.949937533602,
-116.092719113006,-115.100170444059,-114.107621775111,-113.115073106163,
-112.122524437216,-111.129975768268,-110.666752226423),.UNSPECIFIED.);
#461=B_SPLINE_CURVE_WITH_KNOTS('',3,(#4195,#4196,#4197,#4198,#4199,#4200,
#4201,#4202,#4203,#4204,#4205,#4206,#4207,#4208,#4209,#4210,#4211,#4212,
#4213,#4214,#4215,#4216,#4217,#4218,#4219),.UNSPECIFIED.,.F.,.F.,(4,3,3,
3,3,3,3,3,4),(108.12371336303,108.152329761426,109.144878430373,110.137427099321,
111.129975768268,112.122524437216,113.115073106163,114.107621775111,114.40689867021),
 .UNSPECIFIED.);
#462=B_SPLINE_CURVE_WITH_KNOTS('',3,(#4220,#4221,#4222,#4223,#4224,#4225,
#4226,#4227,#4228,#4229,#4230,#4231,#4232,#4233,#4234,#4235,#4236,#4237,
#4238,#4239,#4240,#4241),.UNSPECIFIED.,.F.,.F.,(4,3,3,3,3,3,3,4),(-110.666752226423,
-110.137427099321,-109.144878430373,-108.152329761425,-107.159781092478,
-106.16723242353,-105.174683754583,-104.383566919243),.UNSPECIFIED.);
#463=B_SPLINE_CURVE_WITH_KNOTS('',3,(#4246,#4247,#4248,#4249,#4250,#4251,
#4252,#4253,#4254,#4255,#4256,#4257,#4258,#4259,#4260,#4261,#4262,#4263,
#4264,#4265,#4266,#4267),.UNSPECIFIED.,.F.,.F.,(4,3,3,3,3,3,3,4),(101.840528055851,
102.19703774774,103.189586416688,104.182135085635,105.174683754583,106.16723242353,
107.159781092478,108.12371336303),.UNSPECIFIED.);
#464=B_SPLINE_CURVE_WITH_KNOTS('',3,(#4268,#4269,#4270,#4271,#4272,#4273,
#4274,#4275,#4276,#4277,#4278,#4279,#4280,#4281,#4282,#4283,#4284,#4285,
#4286,#4287,#4288,#4289,#4290,#4291,#4292),.UNSPECIFIED.,.F.,.F.,(4,3,3,
3,3,3,3,3,4),(-104.383566919243,-104.182135085635,-103.189586416687,-102.19703774774,
-101.204489078792,-100.211940409845,-99.2193917408971,-98.2268430719495,
-98.1003816120634),.UNSPECIFIED.);
#465=B_SPLINE_CURVE_WITH_KNOTS('',3,(#4297,#4298,#4299,#4300,#4301,#4302,
#4303,#4304,#4305,#4306,#4307,#4308,#4309,#4310,#4311,#4312,#4313,#4314,
#4315,#4316,#4317,#4318),.UNSPECIFIED.,.F.,.F.,(4,3,3,3,3,3,3,4),(95.5573427486709,
96.2417457340544,97.234294403002,98.2268430719496,99.2193917408972,100.211940409845,
101.204489078792,101.840528055851),.UNSPECIFIED.);
#466=B_SPLINE_CURVE_WITH_KNOTS('',3,(#4319,#4320,#4321,#4322,#4323,#4324,
#4325,#4326,#4327,#4328,#4329,#4330,#4331,#4332,#4333,#4334,#4335,#4336,
#4337,#4338,#4339,#4340),.UNSPECIFIED.,.F.,.F.,(4,3,3,3,3,3,3,4),(-98.1003816120634,
-97.2342944030019,-96.2417457340543,-95.2491970651067,-94.2566483961591,
-93.2640997272115,-92.271551058264,-91.8171963048838),.UNSPECIFIED.);
#467=B_SPLINE_CURVE_WITH_KNOTS('',3,(#4345,#4346,#4347,#4348,#4349,#4350,
#4351,#4352,#4353,#4354,#4355,#4356,#4357,#4358,#4359,#4360,#4361,#4362,
#4363,#4364,#4365,#4366,#4367,#4368,#4369),.UNSPECIFIED.,.F.,.F.,(4,3,3,
3,3,3,3,3,4),(89.2741574414913,89.2939050514213,90.2864537203689,91.2790023893165,
92.2715510582641,93.2640997272117,94.2566483961592,95.2491970651068,95.5573427486709),
 .UNSPECIFIED.);
#468=B_SPLINE_CURVE_WITH_KNOTS('',3,(#4370,#4371,#4372,#4373,#4374,#4375,
#4376,#4377,#4378,#4379,#4380,#4381,#4382,#4383,#4384,#4385,#4386,#4387,
#4388,#4389,#4390,#4391),.UNSPECIFIED.,.F.,.F.,(4,3,3,3,3,3,3,4),(-91.8171963048838,
-91.2790023893164,-90.2864537203688,-89.2939050514212,-88.3013563824736,
-87.308807713526,-86.3162590445784,-85.5340109977042),.UNSPECIFIED.);
#469=B_SPLINE_CURVE_WITH_KNOTS('',3,(#4397,#4398,#4399,#4400,#4401,#4402,
#4403,#4404,#4405,#4406,#4407,#4408,#4409),.UNSPECIFIED.,.F.,.F.,(4,3,3,
3,4),(-79.2508256905246,-78.3758696929977,-77.3833210240501,-76.3907723551025,
-75.3982236861549),.UNSPECIFIED.);
#470=B_SPLINE_CURVE_WITH_KNOTS('',3,(#4412,#4413,#4414,#4415,#4416,#4417,
#4418,#4419,#4420,#4421,#4422,#4423,#4424,#4425,#4426,#4427,#4428,#4429,
#4430),.UNSPECIFIED.,.F.,.F.,(4,3,3,3,3,3,4),(77.4187961779122,78.3758696929978,
79.3684183619454,80.360967030893,81.3535156998406,82.3460643687882,82.9909721343117),
 .UNSPECIFIED.);
#471=B_SPLINE_CURVE_WITH_KNOTS('',3,(#4436,#4437,#4438,#4439,#4440,#4441,
#4442,#4443),.UNSPECIFIED.,.F.,.F.,(4,1,1,1,1,4),(160.221225333079,160.702186451856,
161.694735120804,162.687283789751,163.679832458699,164.672381127646),
 .UNSPECIFIED.);
#472=B_SPLINE_CURVE_WITH_KNOTS('',3,(#4446,#4447,#4448,#4449,#4450,#4451,
#4452,#4453,#4454),.UNSPECIFIED.,.F.,.F.,(4,1,1,1,1,1,4),(160.221225333079,
160.267579308406,161.260127977353,162.252676646301,163.245225315249,164.237773984196,
165.194847499282),.UNSPECIFIED.);
#473=B_SPLINE_CURVE_WITH_KNOTS('',3,(#4459,#4460,#4461,#4462,#4463,#4464,
#4465,#4466,#4467,#4468),.UNSPECIFIED.,.F.,.F.,(4,1,1,1,1,1,1,4),(153.9380400259,
154.746894438171,155.739443107118,156.731991776066,157.724540445013,158.717089113961,
159.709637782908,160.221225333079),.UNSPECIFIED.);
#474=B_SPLINE_CURVE_WITH_KNOTS('',3,(#4469,#4470,#4471,#4472,#4473,#4474,
#4475,#4476,#4477,#4478),.UNSPECIFIED.,.F.,.F.,(4,1,1,1,1,1,1,4),(153.9380400259,
154.31228729472,155.304835963668,156.297384632615,157.289933301563,158.282481970511,
159.275030639458,160.221225333079),.UNSPECIFIED.);
#475=B_SPLINE_CURVE_WITH_KNOTS('',3,(#4483,#4484,#4485,#4486,#4487,#4488,
#4489,#4490,#4491,#4492,#4493),.UNSPECIFIED.,.F.,.F.,(4,1,1,1,1,1,1,1,4),
(147.65485471872,147.799053755537,148.791602424485,149.784151093433,150.77669976238,
151.769248431328,152.761797100275,153.754345769223,153.9380400259),
 .UNSPECIFIED.);
#476=B_SPLINE_CURVE_WITH_KNOTS('',3,(#4494,#4495,#4496,#4497,#4498,#4499,
#4500,#4501,#4502,#4503),.UNSPECIFIED.,.F.,.F.,(4,1,1,1,1,1,1,4),(147.65485471872,
148.356995281035,149.349543949982,150.34209261893,151.334641287878,152.327189956825,
153.319738625773,153.9380400259),.UNSPECIFIED.);
#477=B_SPLINE_CURVE_WITH_KNOTS('',3,(#4508,#4509,#4510,#4511,#4512,#4513,
#4514,#4515,#4516,#4517),.UNSPECIFIED.,.F.,.F.,(4,1,1,1,1,1,1,4),(141.371669411541,
141.843761741852,142.836310410799,143.828859079747,144.821407748695,145.813956417642,
146.80650508659,147.65485471872),.UNSPECIFIED.);
#478=B_SPLINE_CURVE_WITH_KNOTS('',3,(#4518,#4519,#4520,#4521,#4522,#4523,
#4524,#4525,#4526,#4527,#4528),.UNSPECIFIED.,.F.,.F.,(4,1,1,1,1,1,1,1,4),
(141.371669411541,141.409154598402,142.401703267349,143.394251936297,144.386800605244,
145.379349274192,146.37189794314,147.364446612087,147.65485471872),
 .UNSPECIFIED.);
#479=B_SPLINE_CURVE_WITH_KNOTS('',3,(#4533,#4534,#4535,#4536,#4537,#4538,
#4539,#4540,#4541,#4542),.UNSPECIFIED.,.F.,.F.,(4,1,1,1,1,1,1,4),(135.088484104361,
135.888469728166,136.881018397114,137.873567066061,138.866115735009,139.858664403957,
140.851213072904,141.371669411541),.UNSPECIFIED.);
#480=B_SPLINE_CURVE_WITH_KNOTS('',3,(#4543,#4544,#4545,#4546,#4547,#4548,
#4549,#4550,#4551,#4552),.UNSPECIFIED.,.F.,.F.,(4,1,1,1,1,1,1,4),(135.088484104361,
135.453862584716,136.446411253664,137.438959922611,138.431508591559,139.424057260506,
140.416605929454,141.371669411541),.UNSPECIFIED.);
#481=B_SPLINE_CURVE_WITH_KNOTS('',3,(#4557,#4558,#4559,#4560,#4561,#4562,
#4563,#4564,#4565,#4566,#4567),.UNSPECIFIED.,.F.,.F.,(4,1,1,1,1,1,1,1,4),
(128.805298797182,128.940629045533,129.933177714481,130.925726383428,131.918275052376,
132.910823721323,133.903372390271,134.895921059219,135.088484104361),
 .UNSPECIFIED.);
#482=B_SPLINE_CURVE_WITH_KNOTS('',3,(#4568,#4569,#4570,#4571,#4572,#4573,
#4574,#4575,#4576,#4577),.UNSPECIFIED.,.F.,.F.,(4,1,1,1,1,1,1,4),(128.805298797182,
129.498570571031,130.491119239978,131.483667908926,132.476216577873,133.468765246821,
134.461313915768,135.088484104361),.UNSPECIFIED.);
#483=B_SPLINE_CURVE_WITH_KNOTS('',3,(#4582,#4583,#4584,#4585,#4586,#4587,
#4588,#4589,#4590,#4591),.UNSPECIFIED.,.F.,.F.,(4,1,1,1,1,1,1,4),(122.522113490002,
122.985337031848,123.977885700795,124.970434369743,125.96298303869,126.955531707638,
127.948080376586,128.805298797182),.UNSPECIFIED.);
#484=B_SPLINE_CURVE_WITH_KNOTS('',3,(#4592,#4593,#4594,#4595,#4596,#4597,
#4598,#4599,#4600,#4601,#4602),.UNSPECIFIED.,.F.,.F.,(4,1,1,1,1,1,1,1,4),
(122.522113490002,122.550729888397,123.543278557345,124.535827226293,125.52837589524,
126.520924564188,127.513473233135,128.506021902083,128.805298797182),
 .UNSPECIFIED.);
#485=B_SPLINE_CURVE_WITH_KNOTS('',3,(#4607,#4608,#4609,#4610,#4611,#4612,
#4613,#4614,#4615,#4616),.UNSPECIFIED.,.F.,.F.,(4,1,1,1,1,1,1,4),(116.238928182822,
117.030045018162,118.02259368711,119.015142356057,120.007691025005,121.000239693952,
121.9927883629,122.522113490002),.UNSPECIFIED.);
#486=B_SPLINE_CURVE_WITH_KNOTS('',3,(#4617,#4618,#4619,#4620,#4621,#4622,
#4623,#4624,#4625,#4626),.UNSPECIFIED.,.F.,.F.,(4,1,1,1,1,1,1,4),(116.238928182822,
116.595437874712,117.587986543659,118.580535212607,119.573083881555,120.565632550502,
121.55818121945,122.522113490002),.UNSPECIFIED.);
#487=B_SPLINE_CURVE_WITH_KNOTS('',3,(#4631,#4632,#4633,#4634,#4635,#4636,
#4637,#4638,#4639,#4640,#4641),.UNSPECIFIED.,.F.,.F.,(4,1,1,1,1,1,1,1,4),
(109.955742875643,110.082204335529,111.074753004476,112.067301673424,113.059850342372,
114.052399011319,115.044947680267,116.037496349214,116.238928182822),
 .UNSPECIFIED.);
#488=B_SPLINE_CURVE_WITH_KNOTS('',3,(#4642,#4643,#4644,#4645,#4646,#4647,
#4648,#4649,#4650,#4651),.UNSPECIFIED.,.F.,.F.,(4,1,1,1,1,1,1,4),(109.955742875643,
110.640145861026,111.632694529974,112.625243198921,113.617791867869,114.610340536817,
115.602889205764,116.238928182822),.UNSPECIFIED.);
#489=B_SPLINE_CURVE_WITH_KNOTS('',3,(#4656,#4657,#4658,#4659,#4660,#4661,
#4662,#4663,#4664,#4665),.UNSPECIFIED.,.F.,.F.,(4,1,1,1,1,1,1,4),(103.672557568463,
104.126912321843,105.119460990791,106.112009659739,107.104558328686,108.097106997634,
109.089655666581,109.955742875643),.UNSPECIFIED.);
#490=B_SPLINE_CURVE_WITH_KNOTS('',3,(#4666,#4667,#4668,#4669,#4670,#4671,
#4672,#4673,#4674,#4675,#4676),.UNSPECIFIED.,.F.,.F.,(4,1,1,1,1,1,1,1,4),
(103.672557568463,103.692305178393,104.684853847341,105.677402516288,106.669951185236,
107.662499854184,108.655048523131,109.647597192079,109.955742875643),
 .UNSPECIFIED.);
#491=B_SPLINE_CURVE_WITH_KNOTS('',3,(#4681,#4682,#4683,#4684,#4685,#4686,
#4687,#4688,#4689,#4690),.UNSPECIFIED.,.F.,.F.,(4,1,1,1,1,1,1,4),(97.3893722612837,
98.1716203081578,99.1641689771054,100.156717646053,101.149266315001,102.141814983948,
103.134363652896,103.672557568463),.UNSPECIFIED.);
#492=B_SPLINE_CURVE_WITH_KNOTS('',3,(#4691,#4692,#4693,#4694,#4695,#4696,
#4697,#4698,#4699,#4700),.UNSPECIFIED.,.F.,.F.,(4,1,1,1,1,1,1,4),(97.3893722612837,
97.7370131647077,98.7295618336553,99.7221105026028,100.71465917155,101.707207840498,
102.699756509446,103.672557568463),.UNSPECIFIED.);
#493=B_SPLINE_CURVE_WITH_KNOTS('',3,(#4706,#4707,#4708,#4709,#4710),
 .UNSPECIFIED.,.F.,.F.,(4,1,4),(89.7966238131269,90.7891724820745,91.1061869541041),
 .UNSPECIFIED.);
#494=B_SPLINE_CURVE_WITH_KNOTS('',3,(#4713,#4714,#4715,#4716,#4717),
 .UNSPECIFIED.,.F.,.F.,(4,1,4),(89.2741574414914,90.2312309565771,91.1061869541041),
 .UNSPECIFIED.);
#495=B_SPLINE_CURVE_WITH_KNOTS('',3,(#4723,#4724,#4725,#4726),
 .UNSPECIFIED.,.F.,.F.,(4,4),(152.106010513287,152.817019864067),
 .UNSPECIFIED.);
#496=B_SPLINE_CURVE_WITH_KNOTS('',3,(#4729,#4730,#4731,#4732,#4733,#4734,
#4735,#4736,#4737,#4738),.UNSPECIFIED.,.F.,.F.,(4,3,3,4),(-150.79644737231,
-149.839373857224,-148.846825188277,-148.3658640695),.UNSPECIFIED.);
#497=B_SPLINE_CURVE_WITH_KNOTS('',3,(#4743,#4744,#4745,#4746,#4747,#4748,
#4749,#4750,#4751,#4752,#4753,#4754,#4755,#4756,#4757,#4758,#4759,#4760,
#4761,#4762,#4763,#4764,#4765,#4766,#4767),.UNSPECIFIED.,.F.,.F.,(4,3,3,
3,3,3,3,3,4),(145.822825206108,145.869179181434,146.861727850381,147.854276519329,
148.846825188277,149.839373857224,150.831922526172,151.824471195119,152.106010513287),
 .UNSPECIFIED.);
#498=B_SPLINE_CURVE_WITH_KNOTS('',3,(#4768,#4769,#4770,#4771,#4772,#4773,
#4774,#4775,#4776,#4777,#4778,#4779,#4780,#4781,#4782,#4783,#4784,#4785,
#4786,#4787,#4788,#4789),.UNSPECIFIED.,.F.,.F.,(4,3,3,3,3,3,3,4),(-148.3658640695,
-147.854276519329,-146.861727850381,-145.869179181434,-144.876630512486,
-143.884081843539,-142.891533174591,-142.082678762321),.UNSPECIFIED.);
#499=B_SPLINE_CURVE_WITH_KNOTS('',3,(#4794,#4795,#4796,#4797,#4798,#4799,
#4800,#4801,#4802,#4803,#4804,#4805,#4806,#4807,#4808,#4809,#4810,#4811,
#4812,#4813,#4814,#4815),.UNSPECIFIED.,.F.,.F.,(4,3,3,3,3,3,3,4),(139.539639898928,
139.913887167748,140.906435836696,141.898984505644,142.891533174591,143.884081843539,
144.876630512486,145.822825206108),.UNSPECIFIED.);
#500=B_SPLINE_CURVE_WITH_KNOTS('',3,(#4816,#4817,#4818,#4819,#4820,#4821,
#4822,#4823,#4824,#4825,#4826,#4827,#4828,#4829,#4830,#4831,#4832,#4833,
#4834,#4835,#4836,#4837,#4838,#4839,#4840),.UNSPECIFIED.,.F.,.F.,(4,3,3,
3,3,3,3,3,4),(-142.082678762321,-141.898984505644,-140.906435836696,-139.913887167748,
-138.921338498801,-137.928789829853,-136.936241160906,-135.943692491958,
-135.799493455141),.UNSPECIFIED.);
#501=B_SPLINE_CURVE_WITH_KNOTS('',3,(#4845,#4846,#4847,#4848,#4849,#4850,
#4851,#4852,#4853,#4854,#4855,#4856,#4857,#4858,#4859,#4860,#4861,#4862,
#4863,#4864,#4865,#4866),.UNSPECIFIED.,.F.,.F.,(4,3,3,3,3,3,3,4),(133.256454591748,
133.958595154063,134.95114382301,135.943692491958,136.936241160906,137.928789829853,
138.921338498801,139.539639898928),.UNSPECIFIED.);
#502=B_SPLINE_CURVE_WITH_KNOTS('',3,(#4867,#4868,#4869,#4870,#4871,#4872,
#4873,#4874,#4875,#4876,#4877,#4878,#4879,#4880,#4881,#4882,#4883,#4884,
#4885,#4886,#4887,#4888),.UNSPECIFIED.,.F.,.F.,(4,3,3,3,3,3,3,4),(-135.799493455141,
-134.95114382301,-133.958595154063,-132.966046485115,-131.973497816168,
-130.98094914722,-129.988400478272,-129.516308147961),.UNSPECIFIED.);
#503=B_SPLINE_CURVE_WITH_KNOTS('',3,(#4893,#4894,#4895,#4896,#4897,#4898,
#4899,#4900,#4901,#4902,#4903,#4904,#4905,#4906,#4907,#4908,#4909,#4910,
#4911,#4912,#4913,#4914,#4915,#4916,#4917),.UNSPECIFIED.,.F.,.F.,(4,3,3,
3,3,3,3,3,4),(126.973269284569,127.01075447143,128.003303140377,128.995851809325,
129.988400478272,130.98094914722,131.973497816168,132.966046485115,133.256454591748),
 .UNSPECIFIED.);
#504=B_SPLINE_CURVE_WITH_KNOTS('',3,(#4918,#4919,#4920,#4921,#4922,#4923,
#4924,#4925,#4926,#4927,#4928,#4929,#4930,#4931,#4932,#4933,#4934,#4935,
#4936,#4937,#4938,#4939),.UNSPECIFIED.,.F.,.F.,(4,3,3,3,3,3,3,4),(-129.516308147961,
-128.995851809325,-128.003303140377,-127.01075447143,-126.018205802482,
-125.025657133535,-124.033108464587,-123.233122840782),.UNSPECIFIED.);
#505=B_SPLINE_CURVE_WITH_KNOTS('',3,(#4944,#4945,#4946,#4947,#4948,#4949,
#4950,#4951,#4952,#4953,#4954,#4955,#4956,#4957,#4958,#4959,#4960,#4961,
#4962,#4963,#4964,#4965),.UNSPECIFIED.,.F.,.F.,(4,3,3,3,3,3,3,4),(120.690083977389,
121.055462457744,122.048011126692,123.040559795639,124.033108464587,125.025657133535,
126.018205802482,126.973269284569),.UNSPECIFIED.);
#506=B_SPLINE_CURVE_WITH_KNOTS('',3,(#4966,#4967,#4968,#4969,#4970,#4971,
#4972,#4973,#4974,#4975,#4976,#4977,#4978,#4979,#4980,#4981,#4982,#4983,
#4984,#4985,#4986,#4987,#4988,#4989,#4990),.UNSPECIFIED.,.F.,.F.,(4,3,3,
3,3,3,3,3,4),(-123.233122840782,-123.040559795639,-122.048011126692,-121.055462457744,
-120.062913788797,-119.070365119849,-118.077816450901,-117.085267781954,
-116.949937533602),.UNSPECIFIED.);
#507=B_SPLINE_CURVE_WITH_KNOTS('',3,(#4995,#4996,#4997,#4998,#4999,#5000,
#5001,#5002,#5003,#5004,#5005,#5006,#5007,#5008,#5009,#5010,#5011,#5012,
#5013,#5014,#5015,#5016),.UNSPECIFIED.,.F.,.F.,(4,3,3,3,3,3,3,4),(114.40689867021,
115.100170444059,116.092719113006,117.085267781954,118.077816450901,119.070365119849,
120.062913788797,120.690083977389),.UNSPECIFIED.);
#508=B_SPLINE_CURVE_WITH_KNOTS('',3,(#5017,#5018,#5019,#5020,#5021,#5022,
#5023,#5024,#5025,#5026,#5027,#5028,#5029,#5030,#5031,#5032,#5033,#5034,
#5035,#5036,#5037,#5038),.UNSPECIFIED.,.F.,.F.,(4,3,3,3,3,3,3,4),(-116.949937533602,
-116.092719113006,-115.100170444059,-114.107621775111,-113.115073106163,
-112.122524437216,-111.129975768268,-110.666752226423),.UNSPECIFIED.);
#509=B_SPLINE_CURVE_WITH_KNOTS('',3,(#5043,#5044,#5045,#5046,#5047,#5048,
#5049,#5050,#5051,#5052,#5053,#5054,#5055,#5056,#5057,#5058,#5059,#5060,
#5061,#5062,#5063,#5064,#5065,#5066,#5067),.UNSPECIFIED.,.F.,.F.,(4,3,3,
3,3,3,3,3,4),(108.12371336303,108.152329761425,109.144878430373,110.137427099321,
111.129975768268,112.122524437216,113.115073106163,114.107621775111,114.40689867021),
 .UNSPECIFIED.);
#510=B_SPLINE_CURVE_WITH_KNOTS('',3,(#5068,#5069,#5070,#5071,#5072,#5073,
#5074,#5075,#5076,#5077,#5078,#5079,#5080,#5081,#5082,#5083,#5084,#5085,
#5086,#5087,#5088,#5089),.UNSPECIFIED.,.F.,.F.,(4,3,3,3,3,3,3,4),(-110.666752226423,
-110.137427099321,-109.144878430373,-108.152329761426,-107.159781092478,
-106.16723242353,-105.174683754583,-104.383566919243),.UNSPECIFIED.);
#511=B_SPLINE_CURVE_WITH_KNOTS('',3,(#5094,#5095,#5096,#5097,#5098,#5099,
#5100,#5101,#5102,#5103,#5104,#5105,#5106,#5107,#5108,#5109,#5110,#5111,
#5112,#5113,#5114,#5115),.UNSPECIFIED.,.F.,.F.,(4,3,3,3,3,3,3,4),(101.840528055851,
102.19703774774,103.189586416688,104.182135085635,105.174683754583,106.16723242353,
107.159781092478,108.12371336303),.UNSPECIFIED.);
#512=B_SPLINE_CURVE_WITH_KNOTS('',3,(#5116,#5117,#5118,#5119,#5120,#5121,
#5122,#5123,#5124,#5125,#5126,#5127,#5128,#5129,#5130,#5131,#5132,#5133,
#5134,#5135,#5136,#5137,#5138,#5139,#5140),.UNSPECIFIED.,.F.,.F.,(4,3,3,
3,3,3,3,3,4),(-104.383566919243,-104.182135085635,-103.189586416688,-102.19703774774,
-101.204489078792,-100.211940409845,-99.2193917408972,-98.2268430719496,
-98.1003816120634),.UNSPECIFIED.);
#513=B_SPLINE_CURVE_WITH_KNOTS('',3,(#5145,#5146,#5147,#5148,#5149,#5150,
#5151,#5152,#5153,#5154,#5155,#5156,#5157,#5158,#5159,#5160,#5161,#5162,
#5163,#5164,#5165,#5166),.UNSPECIFIED.,.F.,.F.,(4,3,3,3,3,3,3,4),(95.5573427486709,
96.2417457340544,97.234294403002,98.2268430719496,99.2193917408972,100.211940409845,
101.204489078792,101.840528055851),.UNSPECIFIED.);
#514=B_SPLINE_CURVE_WITH_KNOTS('',3,(#5167,#5168,#5169,#5170,#5171,#5172,
#5173,#5174,#5175,#5176,#5177,#5178,#5179,#5180,#5181,#5182,#5183,#5184,
#5185,#5186,#5187,#5188),.UNSPECIFIED.,.F.,.F.,(4,3,3,3,3,3,3,4),(-98.1003816120634,
-97.234294403002,-96.2417457340544,-95.2491970651068,-94.2566483961592,
-93.2640997272116,-92.2715510582641,-91.8171963048838),.UNSPECIFIED.);
#515=B_SPLINE_CURVE_WITH_KNOTS('',3,(#5193,#5194,#5195,#5196,#5197,#5198,
#5199,#5200,#5201,#5202,#5203,#5204,#5205,#5206,#5207,#5208,#5209,#5210,
#5211,#5212,#5213,#5214,#5215,#5216,#5217),.UNSPECIFIED.,.F.,.F.,(4,3,3,
3,3,3,3,3,4),(89.2741574414913,89.2939050514213,90.2864537203689,91.2790023893165,
92.2715510582641,93.2640997272116,94.2566483961592,95.2491970651068,95.5573427486709),
 .UNSPECIFIED.);
#516=B_SPLINE_CURVE_WITH_KNOTS('',3,(#5218,#5219,#5220,#5221,#5222,#5223,
#5224,#5225,#5226,#5227,#5228,#5229,#5230,#5231,#5232,#5233,#5234,#5235,
#5236,#5237,#5238,#5239),.UNSPECIFIED.,.F.,.F.,(4,3,3,3,3,3,3,4),(-91.8171963048838,
-91.2790023893165,-90.2864537203689,-89.2939050514213,-88.3013563824737,
-87.3088077135261,-86.3162590445785,-85.5340109977042),.UNSPECIFIED.);
#517=B_SPLINE_CURVE_WITH_KNOTS('',3,(#5245,#5246,#5247,#5248,#5249,#5250,
#5251,#5252,#5253,#5254,#5255,#5256,#5257),.UNSPECIFIED.,.F.,.F.,(4,3,3,
3,4),(-79.2508256905246,-78.3758696929978,-77.3833210240502,-76.3907723551026,
-75.398223686155),.UNSPECIFIED.);
#518=B_SPLINE_CURVE_WITH_KNOTS('',3,(#5260,#5261,#5262,#5263,#5264,#5265,
#5266,#5267,#5268,#5269,#5270,#5271,#5272,#5273,#5274,#5275,#5276,#5277,
#5278),.UNSPECIFIED.,.F.,.F.,(4,3,3,3,3,3,4),(77.418796177912,78.3758696929978,
79.3684183619454,80.360967030893,81.3535156998406,82.3460643687882,82.9909721343117),
 .UNSPECIFIED.);
#519=B_SPLINE_CURVE_WITH_KNOTS('',3,(#5284,#5285,#5286,#5287,#5288,#5289,
#5290,#5291),.UNSPECIFIED.,.F.,.F.,(4,1,1,1,1,4),(160.221225333079,160.702186451856,
161.694735120804,162.687283789751,163.679832458699,164.672381127646),
 .UNSPECIFIED.);
#520=B_SPLINE_CURVE_WITH_KNOTS('',3,(#5294,#5295,#5296,#5297,#5298,#5299,
#5300,#5301,#5302),.UNSPECIFIED.,.F.,.F.,(4,1,1,1,1,1,4),(160.221225333079,
160.267579308406,161.260127977353,162.252676646301,163.245225315249,164.237773984196,
165.194847499282),.UNSPECIFIED.);
#521=B_SPLINE_CURVE_WITH_KNOTS('',3,(#5307,#5308,#5309,#5310,#5311,#5312,
#5313,#5314,#5315,#5316),.UNSPECIFIED.,.F.,.F.,(4,1,1,1,1,1,1,4),(153.9380400259,
154.746894438171,155.739443107118,156.731991776066,157.724540445013,158.717089113961,
159.709637782908,160.221225333079),.UNSPECIFIED.);
#522=B_SPLINE_CURVE_WITH_KNOTS('',3,(#5317,#5318,#5319,#5320,#5321,#5322,
#5323,#5324,#5325,#5326),.UNSPECIFIED.,.F.,.F.,(4,1,1,1,1,1,1,4),(153.9380400259,
154.31228729472,155.304835963668,156.297384632615,157.289933301563,158.282481970511,
159.275030639458,160.221225333079),.UNSPECIFIED.);
#523=B_SPLINE_CURVE_WITH_KNOTS('',3,(#5331,#5332,#5333,#5334,#5335,#5336,
#5337,#5338,#5339,#5340,#5341),.UNSPECIFIED.,.F.,.F.,(4,1,1,1,1,1,1,1,4),
(147.65485471872,147.799053755537,148.791602424485,149.784151093433,150.77669976238,
151.769248431328,152.761797100275,153.754345769223,153.9380400259),
 .UNSPECIFIED.);
#524=B_SPLINE_CURVE_WITH_KNOTS('',3,(#5342,#5343,#5344,#5345,#5346,#5347,
#5348,#5349,#5350,#5351),.UNSPECIFIED.,.F.,.F.,(4,1,1,1,1,1,1,4),(147.65485471872,
148.356995281035,149.349543949982,150.34209261893,151.334641287877,152.327189956825,
153.319738625773,153.9380400259),.UNSPECIFIED.);
#525=B_SPLINE_CURVE_WITH_KNOTS('',3,(#5356,#5357,#5358,#5359,#5360,#5361,
#5362,#5363,#5364,#5365),.UNSPECIFIED.,.F.,.F.,(4,1,1,1,1,1,1,4),(141.371669411541,
141.843761741852,142.836310410799,143.828859079747,144.821407748695,145.813956417642,
146.80650508659,147.65485471872),.UNSPECIFIED.);
#526=B_SPLINE_CURVE_WITH_KNOTS('',3,(#5366,#5367,#5368,#5369,#5370,#5371,
#5372,#5373,#5374,#5375,#5376),.UNSPECIFIED.,.F.,.F.,(4,1,1,1,1,1,1,1,4),
(141.371669411541,141.409154598402,142.401703267349,143.394251936297,144.386800605244,
145.379349274192,146.37189794314,147.364446612087,147.65485471872),
 .UNSPECIFIED.);
#527=B_SPLINE_CURVE_WITH_KNOTS('',3,(#5381,#5382,#5383,#5384,#5385,#5386,
#5387,#5388,#5389,#5390),.UNSPECIFIED.,.F.,.F.,(4,1,1,1,1,1,1,4),(135.088484104361,
135.888469728166,136.881018397114,137.873567066061,138.866115735009,139.858664403957,
140.851213072904,141.371669411541),.UNSPECIFIED.);
#528=B_SPLINE_CURVE_WITH_KNOTS('',3,(#5391,#5392,#5393,#5394,#5395,#5396,
#5397,#5398,#5399,#5400),.UNSPECIFIED.,.F.,.F.,(4,1,1,1,1,1,1,4),(135.088484104361,
135.453862584716,136.446411253664,137.438959922611,138.431508591559,139.424057260506,
140.416605929454,141.371669411541),.UNSPECIFIED.);
#529=B_SPLINE_CURVE_WITH_KNOTS('',3,(#5405,#5406,#5407,#5408,#5409,#5410,
#5411,#5412,#5413,#5414,#5415),.UNSPECIFIED.,.F.,.F.,(4,1,1,1,1,1,1,1,4),
(128.805298797182,128.940629045533,129.933177714481,130.925726383428,131.918275052376,
132.910823721324,133.903372390271,134.895921059219,135.088484104361),
 .UNSPECIFIED.);
#530=B_SPLINE_CURVE_WITH_KNOTS('',3,(#5416,#5417,#5418,#5419,#5420,#5421,
#5422,#5423,#5424,#5425),.UNSPECIFIED.,.F.,.F.,(4,1,1,1,1,1,1,4),(128.805298797182,
129.498570571031,130.491119239978,131.483667908926,132.476216577873,133.468765246821,
134.461313915768,135.088484104361),.UNSPECIFIED.);
#531=B_SPLINE_CURVE_WITH_KNOTS('',3,(#5430,#5431,#5432,#5433,#5434,#5435,
#5436,#5437,#5438,#5439),.UNSPECIFIED.,.F.,.F.,(4,1,1,1,1,1,1,4),(122.522113490002,
122.985337031848,123.977885700795,124.970434369743,125.96298303869,126.955531707638,
127.948080376586,128.805298797182),.UNSPECIFIED.);
#532=B_SPLINE_CURVE_WITH_KNOTS('',3,(#5440,#5441,#5442,#5443,#5444,#5445,
#5446,#5447,#5448,#5449,#5450),.UNSPECIFIED.,.F.,.F.,(4,1,1,1,1,1,1,1,4),
(122.522113490002,122.550729888397,123.543278557345,124.535827226293,125.52837589524,
126.520924564188,127.513473233135,128.506021902083,128.805298797182),
 .UNSPECIFIED.);
#533=B_SPLINE_CURVE_WITH_KNOTS('',3,(#5455,#5456,#5457,#5458,#5459,#5460,
#5461,#5462,#5463,#5464),.UNSPECIFIED.,.F.,.F.,(4,1,1,1,1,1,1,4),(116.238928182822,
117.030045018162,118.02259368711,119.015142356057,120.007691025005,121.000239693952,
121.9927883629,122.522113490002),.UNSPECIFIED.);
#534=B_SPLINE_CURVE_WITH_KNOTS('',3,(#5465,#5466,#5467,#5468,#5469,#5470,
#5471,#5472,#5473,#5474),.UNSPECIFIED.,.F.,.F.,(4,1,1,1,1,1,1,4),(116.238928182822,
116.595437874712,117.587986543659,118.580535212607,119.573083881555,120.565632550502,
121.55818121945,122.522113490002),.UNSPECIFIED.);
#535=B_SPLINE_CURVE_WITH_KNOTS('',3,(#5479,#5480,#5481,#5482,#5483,#5484,
#5485,#5486,#5487,#5488,#5489),.UNSPECIFIED.,.F.,.F.,(4,1,1,1,1,1,1,1,4),
(109.955742875643,110.082204335529,111.074753004477,112.067301673424,113.059850342372,
114.052399011319,115.044947680267,116.037496349215,116.238928182822),
 .UNSPECIFIED.);
#536=B_SPLINE_CURVE_WITH_KNOTS('',3,(#5490,#5491,#5492,#5493,#5494,#5495,
#5496,#5497,#5498,#5499),.UNSPECIFIED.,.F.,.F.,(4,1,1,1,1,1,1,4),(109.955742875643,
110.640145861026,111.632694529974,112.625243198921,113.617791867869,114.610340536817,
115.602889205764,116.238928182822),.UNSPECIFIED.);
#537=B_SPLINE_CURVE_WITH_KNOTS('',3,(#5504,#5505,#5506,#5507,#5508,#5509,
#5510,#5511,#5512,#5513),.UNSPECIFIED.,.F.,.F.,(4,1,1,1,1,1,1,4),(103.672557568463,
104.126912321843,105.119460990791,106.112009659739,107.104558328686,108.097106997634,
109.089655666581,109.955742875643),.UNSPECIFIED.);
#538=B_SPLINE_CURVE_WITH_KNOTS('',3,(#5514,#5515,#5516,#5517,#5518,#5519,
#5520,#5521,#5522,#5523,#5524),.UNSPECIFIED.,.F.,.F.,(4,1,1,1,1,1,1,1,4),
(103.672557568463,103.692305178393,104.684853847341,105.677402516288,106.669951185236,
107.662499854184,108.655048523131,109.647597192079,109.955742875643),
 .UNSPECIFIED.);
#539=B_SPLINE_CURVE_WITH_KNOTS('',3,(#5529,#5530,#5531,#5532,#5533,#5534,
#5535,#5536,#5537,#5538),.UNSPECIFIED.,.F.,.F.,(4,1,1,1,1,1,1,4),(97.3893722612836,
98.1716203081579,99.1641689771055,100.156717646053,101.149266315001,102.141814983948,
103.134363652896,103.672557568463),.UNSPECIFIED.);
#540=B_SPLINE_CURVE_WITH_KNOTS('',3,(#5539,#5540,#5541,#5542,#5543,#5544,
#5545,#5546,#5547,#5548),.UNSPECIFIED.,.F.,.F.,(4,1,1,1,1,1,1,4),(97.3893722612837,
97.7370131647076,98.7295618336552,99.7221105026028,100.71465917155,101.707207840498,
102.699756509446,103.672557568463),.UNSPECIFIED.);
#541=B_SPLINE_CURVE_WITH_KNOTS('',3,(#5554,#5555,#5556,#5557,#5558),
 .UNSPECIFIED.,.F.,.F.,(4,1,4),(89.7966238131269,90.7891724820745,91.1061869541041),
 .UNSPECIFIED.);
#542=B_SPLINE_CURVE_WITH_KNOTS('',3,(#5561,#5562,#5563,#5564,#5565),
 .UNSPECIFIED.,.F.,.F.,(4,1,4),(89.2741574414914,90.2312309565772,91.106186954104),
 .UNSPECIFIED.);
#543=B_SPLINE_CURVE_WITH_KNOTS('',3,(#5571,#5572,#5573,#5574),
 .UNSPECIFIED.,.F.,.F.,(4,4),(152.106010513287,152.817019864067),
 .UNSPECIFIED.);
#544=B_SPLINE_CURVE_WITH_KNOTS('',3,(#5577,#5578,#5579,#5580,#5581,#5582,
#5583,#5584,#5585,#5586),.UNSPECIFIED.,.F.,.F.,(4,3,3,4),(-150.79644737231,
-149.839373857224,-148.846825188277,-148.3658640695),.UNSPECIFIED.);
#545=B_SPLINE_CURVE_WITH_KNOTS('',3,(#5591,#5592,#5593,#5594,#5595,#5596,
#5597,#5598,#5599,#5600,#5601,#5602,#5603,#5604,#5605,#5606,#5607,#5608,
#5609,#5610,#5611,#5612,#5613,#5614,#5615),.UNSPECIFIED.,.F.,.F.,(4,3,3,
3,3,3,3,3,4),(145.822825206108,145.869179181434,146.861727850381,147.854276519329,
148.846825188277,149.839373857224,150.831922526172,151.824471195119,152.106010513287),
 .UNSPECIFIED.);
#546=B_SPLINE_CURVE_WITH_KNOTS('',3,(#5616,#5617,#5618,#5619,#5620,#5621,
#5622,#5623,#5624,#5625,#5626,#5627,#5628,#5629,#5630,#5631,#5632,#5633,
#5634,#5635,#5636,#5637),.UNSPECIFIED.,.F.,.F.,(4,3,3,3,3,3,3,4),(-148.3658640695,
-147.854276519329,-146.861727850381,-145.869179181434,-144.876630512486,
-143.884081843539,-142.891533174591,-142.082678762321),.UNSPECIFIED.);
#547=B_SPLINE_CURVE_WITH_KNOTS('',3,(#5642,#5643,#5644,#5645,#5646,#5647,
#5648,#5649,#5650,#5651,#5652,#5653,#5654,#5655,#5656,#5657,#5658,#5659,
#5660,#5661,#5662,#5663),.UNSPECIFIED.,.F.,.F.,(4,3,3,3,3,3,3,4),(139.539639898928,
139.913887167748,140.906435836696,141.898984505644,142.891533174591,143.884081843539,
144.876630512486,145.822825206108),.UNSPECIFIED.);
#548=B_SPLINE_CURVE_WITH_KNOTS('',3,(#5664,#5665,#5666,#5667,#5668,#5669,
#5670,#5671,#5672,#5673,#5674,#5675,#5676,#5677,#5678,#5679,#5680,#5681,
#5682,#5683,#5684,#5685,#5686,#5687,#5688),.UNSPECIFIED.,.F.,.F.,(4,3,3,
3,3,3,3,3,4),(-142.082678762321,-141.898984505644,-140.906435836696,-139.913887167748,
-138.921338498801,-137.928789829853,-136.936241160906,-135.943692491958,
-135.799493455141),.UNSPECIFIED.);
#549=B_SPLINE_CURVE_WITH_KNOTS('',3,(#5693,#5694,#5695,#5696,#5697,#5698,
#5699,#5700,#5701,#5702,#5703,#5704,#5705,#5706,#5707,#5708,#5709,#5710,
#5711,#5712,#5713,#5714),.UNSPECIFIED.,.F.,.F.,(4,3,3,3,3,3,3,4),(133.256454591748,
133.958595154063,134.95114382301,135.943692491958,136.936241160906,137.928789829853,
138.921338498801,139.539639898928),.UNSPECIFIED.);
#550=B_SPLINE_CURVE_WITH_KNOTS('',3,(#5715,#5716,#5717,#5718,#5719,#5720,
#5721,#5722,#5723,#5724,#5725,#5726,#5727,#5728,#5729,#5730,#5731,#5732,
#5733,#5734,#5735,#5736),.UNSPECIFIED.,.F.,.F.,(4,3,3,3,3,3,3,4),(-135.799493455141,
-134.95114382301,-133.958595154063,-132.966046485115,-131.973497816168,
-130.98094914722,-129.988400478272,-129.516308147961),.UNSPECIFIED.);
#551=B_SPLINE_CURVE_WITH_KNOTS('',3,(#5741,#5742,#5743,#5744,#5745,#5746,
#5747,#5748,#5749,#5750,#5751,#5752,#5753,#5754,#5755,#5756,#5757,#5758,
#5759,#5760,#5761,#5762,#5763,#5764,#5765),.UNSPECIFIED.,.F.,.F.,(4,3,3,
3,3,3,3,3,4),(126.973269284569,127.01075447143,128.003303140377,128.995851809325,
129.988400478273,130.98094914722,131.973497816168,132.966046485115,133.256454591748),
 .UNSPECIFIED.);
#552=B_SPLINE_CURVE_WITH_KNOTS('',3,(#5766,#5767,#5768,#5769,#5770,#5771,
#5772,#5773,#5774,#5775,#5776,#5777,#5778,#5779,#5780,#5781,#5782,#5783,
#5784,#5785,#5786,#5787),.UNSPECIFIED.,.F.,.F.,(4,3,3,3,3,3,3,4),(-129.516308147961,
-128.995851809325,-128.003303140377,-127.01075447143,-126.018205802482,
-125.025657133534,-124.033108464587,-123.233122840782),.UNSPECIFIED.);
#553=B_SPLINE_CURVE_WITH_KNOTS('',3,(#5792,#5793,#5794,#5795,#5796,#5797,
#5798,#5799,#5800,#5801,#5802,#5803,#5804,#5805,#5806,#5807,#5808,#5809,
#5810,#5811,#5812,#5813),.UNSPECIFIED.,.F.,.F.,(4,3,3,3,3,3,3,4),(120.690083977389,
121.055462457744,122.048011126692,123.040559795639,124.033108464587,125.025657133535,
126.018205802482,126.973269284569),.UNSPECIFIED.);
#554=B_SPLINE_CURVE_WITH_KNOTS('',3,(#5814,#5815,#5816,#5817,#5818,#5819,
#5820,#5821,#5822,#5823,#5824,#5825,#5826,#5827,#5828,#5829,#5830,#5831,
#5832,#5833,#5834,#5835,#5836,#5837,#5838),.UNSPECIFIED.,.F.,.F.,(4,3,3,
3,3,3,3,3,4),(-123.233122840782,-123.040559795639,-122.048011126692,-121.055462457744,
-120.062913788797,-119.070365119849,-118.077816450901,-117.085267781954,
-116.949937533602),.UNSPECIFIED.);
#555=B_SPLINE_CURVE_WITH_KNOTS('',3,(#5843,#5844,#5845,#5846,#5847,#5848,
#5849,#5850,#5851,#5852,#5853,#5854,#5855,#5856,#5857,#5858,#5859,#5860,
#5861,#5862,#5863,#5864),.UNSPECIFIED.,.F.,.F.,(4,3,3,3,3,3,3,4),(114.40689867021,
115.100170444059,116.092719113006,117.085267781954,118.077816450901,119.070365119849,
120.062913788797,120.690083977389),.UNSPECIFIED.);
#556=B_SPLINE_CURVE_WITH_KNOTS('',3,(#5865,#5866,#5867,#5868,#5869,#5870,
#5871,#5872,#5873,#5874,#5875,#5876,#5877,#5878,#5879,#5880,#5881,#5882,
#5883,#5884,#5885,#5886),.UNSPECIFIED.,.F.,.F.,(4,3,3,3,3,3,3,4),(-116.949937533602,
-116.092719113006,-115.100170444059,-114.107621775111,-113.115073106163,
-112.122524437216,-111.129975768268,-110.666752226423),.UNSPECIFIED.);
#557=B_SPLINE_CURVE_WITH_KNOTS('',3,(#5891,#5892,#5893,#5894,#5895,#5896,
#5897,#5898,#5899,#5900,#5901,#5902,#5903,#5904,#5905,#5906,#5907,#5908,
#5909,#5910,#5911,#5912,#5913,#5914,#5915),.UNSPECIFIED.,.F.,.F.,(4,3,3,
3,3,3,3,3,4),(108.12371336303,108.152329761426,109.144878430373,110.137427099321,
111.129975768268,112.122524437216,113.115073106163,114.107621775111,114.40689867021),
 .UNSPECIFIED.);
#558=B_SPLINE_CURVE_WITH_KNOTS('',3,(#5916,#5917,#5918,#5919,#5920,#5921,
#5922,#5923,#5924,#5925,#5926,#5927,#5928,#5929,#5930,#5931,#5932,#5933,
#5934,#5935,#5936,#5937),.UNSPECIFIED.,.F.,.F.,(4,3,3,3,3,3,3,4),(-110.666752226423,
-110.137427099321,-109.144878430373,-108.152329761425,-107.159781092478,
-106.16723242353,-105.174683754583,-104.383566919243),.UNSPECIFIED.);
#559=B_SPLINE_CURVE_WITH_KNOTS('',3,(#5942,#5943,#5944,#5945,#5946,#5947,
#5948,#5949,#5950,#5951,#5952,#5953,#5954,#5955,#5956,#5957,#5958,#5959,
#5960,#5961,#5962,#5963),.UNSPECIFIED.,.F.,.F.,(4,3,3,3,3,3,3,4),(101.840528055851,
102.19703774774,103.189586416688,104.182135085635,105.174683754583,106.16723242353,
107.159781092478,108.12371336303),.UNSPECIFIED.);
#560=B_SPLINE_CURVE_WITH_KNOTS('',3,(#5964,#5965,#5966,#5967,#5968,#5969,
#5970,#5971,#5972,#5973,#5974,#5975,#5976,#5977,#5978,#5979,#5980,#5981,
#5982,#5983,#5984,#5985,#5986,#5987,#5988),.UNSPECIFIED.,.F.,.F.,(4,3,3,
3,3,3,3,3,4),(-104.383566919243,-104.182135085635,-103.189586416687,-102.19703774774,
-101.204489078792,-100.211940409845,-99.2193917408971,-98.2268430719495,
-98.1003816120634),.UNSPECIFIED.);
#561=B_SPLINE_CURVE_WITH_KNOTS('',3,(#5993,#5994,#5995,#5996,#5997,#5998,
#5999,#6000,#6001,#6002,#6003,#6004,#6005,#6006,#6007,#6008,#6009,#6010,
#6011,#6012,#6013,#6014),.UNSPECIFIED.,.F.,.F.,(4,3,3,3,3,3,3,4),(95.5573427486709,
96.2417457340544,97.234294403002,98.2268430719496,99.2193917408972,100.211940409845,
101.204489078792,101.840528055851),.UNSPECIFIED.);
#562=B_SPLINE_CURVE_WITH_KNOTS('',3,(#6015,#6016,#6017,#6018,#6019,#6020,
#6021,#6022,#6023,#6024,#6025,#6026,#6027,#6028,#6029,#6030,#6031,#6032,
#6033,#6034,#6035,#6036),.UNSPECIFIED.,.F.,.F.,(4,3,3,3,3,3,3,4),(-98.1003816120634,
-97.2342944030019,-96.2417457340543,-95.2491970651067,-94.2566483961591,
-93.2640997272115,-92.2715510582639,-91.8171963048838),.UNSPECIFIED.);
#563=B_SPLINE_CURVE_WITH_KNOTS('',3,(#6041,#6042,#6043,#6044,#6045,#6046,
#6047,#6048,#6049,#6050,#6051,#6052,#6053,#6054,#6055,#6056,#6057,#6058,
#6059,#6060,#6061,#6062,#6063,#6064,#6065),.UNSPECIFIED.,.F.,.F.,(4,3,3,
3,3,3,3,3,4),(89.2741574414913,89.2939050514213,90.2864537203689,91.2790023893165,
92.2715510582641,93.2640997272116,94.2566483961592,95.2491970651068,95.5573427486709),
 .UNSPECIFIED.);
#564=B_SPLINE_CURVE_WITH_KNOTS('',3,(#6066,#6067,#6068,#6069,#6070,#6071,
#6072,#6073,#6074,#6075,#6076,#6077,#6078,#6079,#6080,#6081,#6082,#6083,
#6084,#6085,#6086,#6087),.UNSPECIFIED.,.F.,.F.,(4,3,3,3,3,3,3,4),(-91.8171963048838,
-91.2790023893163,-90.2864537203688,-89.2939050514212,-88.3013563824736,
-87.308807713526,-86.3162590445784,-85.5340109977042),.UNSPECIFIED.);
#565=B_SPLINE_CURVE_WITH_KNOTS('',3,(#6093,#6094,#6095,#6096,#6097,#6098,
#6099,#6100,#6101,#6102,#6103,#6104,#6105),.UNSPECIFIED.,.F.,.F.,(4,3,3,
3,4),(-79.2508256905246,-78.3758696929977,-77.38332102405,-76.3907723551025,
-75.3982236861549),.UNSPECIFIED.);
#566=B_SPLINE_CURVE_WITH_KNOTS('',3,(#6108,#6109,#6110,#6111,#6112,#6113,
#6114,#6115,#6116,#6117,#6118,#6119,#6120,#6121,#6122,#6123,#6124,#6125,
#6126),.UNSPECIFIED.,.F.,.F.,(4,3,3,3,3,3,4),(77.418796177912,78.3758696929978,
79.3684183619454,80.360967030893,81.3535156998406,82.3460643687882,82.9909721343117),
 .UNSPECIFIED.);
#567=B_SPLINE_CURVE_WITH_KNOTS('',3,(#6132,#6133,#6134,#6135,#6136,#6137,
#6138,#6139),.UNSPECIFIED.,.F.,.F.,(4,1,1,1,1,4),(160.221225333079,160.702186451856,
161.694735120804,162.687283789751,163.679832458699,164.672381127646),
 .UNSPECIFIED.);
#568=B_SPLINE_CURVE_WITH_KNOTS('',3,(#6142,#6143,#6144,#6145,#6146,#6147,
#6148,#6149,#6150),.UNSPECIFIED.,.F.,.F.,(4,1,1,1,1,1,4),(160.221225333079,
160.267579308406,161.260127977353,162.252676646301,163.245225315249,164.237773984196,
165.194847499282),.UNSPECIFIED.);
#569=B_SPLINE_CURVE_WITH_KNOTS('',3,(#6155,#6156,#6157,#6158,#6159,#6160,
#6161,#6162,#6163,#6164),.UNSPECIFIED.,.F.,.F.,(4,1,1,1,1,1,1,4),(153.9380400259,
154.746894438171,155.739443107118,156.731991776066,157.724540445013,158.717089113961,
159.709637782908,160.221225333079),.UNSPECIFIED.);
#570=B_SPLINE_CURVE_WITH_KNOTS('',3,(#6165,#6166,#6167,#6168,#6169,#6170,
#6171,#6172,#6173,#6174),.UNSPECIFIED.,.F.,.F.,(4,1,1,1,1,1,1,4),(153.9380400259,
154.31228729472,155.304835963668,156.297384632615,157.289933301563,158.282481970511,
159.275030639458,160.221225333079),.UNSPECIFIED.);
#571=B_SPLINE_CURVE_WITH_KNOTS('',3,(#6179,#6180,#6181,#6182,#6183,#6184,
#6185,#6186,#6187,#6188,#6189),.UNSPECIFIED.,.F.,.F.,(4,1,1,1,1,1,1,1,4),
(147.65485471872,147.799053755537,148.791602424485,149.784151093433,150.77669976238,
151.769248431328,152.761797100275,153.754345769223,153.9380400259),
 .UNSPECIFIED.);
#572=B_SPLINE_CURVE_WITH_KNOTS('',3,(#6190,#6191,#6192,#6193,#6194,#6195,
#6196,#6197,#6198,#6199),.UNSPECIFIED.,.F.,.F.,(4,1,1,1,1,1,1,4),(147.65485471872,
148.356995281035,149.349543949982,150.34209261893,151.334641287877,152.327189956825,
153.319738625773,153.9380400259),.UNSPECIFIED.);
#573=B_SPLINE_CURVE_WITH_KNOTS('',3,(#6204,#6205,#6206,#6207,#6208,#6209,
#6210,#6211,#6212,#6213),.UNSPECIFIED.,.F.,.F.,(4,1,1,1,1,1,1,4),(141.371669411541,
141.843761741852,142.836310410799,143.828859079747,144.821407748695,145.813956417642,
146.80650508659,147.65485471872),.UNSPECIFIED.);
#574=B_SPLINE_CURVE_WITH_KNOTS('',3,(#6214,#6215,#6216,#6217,#6218,#6219,
#6220,#6221,#6222,#6223,#6224),.UNSPECIFIED.,.F.,.F.,(4,1,1,1,1,1,1,1,4),
(141.371669411541,141.409154598402,142.401703267349,143.394251936297,144.386800605244,
145.379349274192,146.37189794314,147.364446612087,147.65485471872),
 .UNSPECIFIED.);
#575=B_SPLINE_CURVE_WITH_KNOTS('',3,(#6229,#6230,#6231,#6232,#6233,#6234,
#6235,#6236,#6237,#6238),.UNSPECIFIED.,.F.,.F.,(4,1,1,1,1,1,1,4),(135.088484104361,
135.888469728166,136.881018397114,137.873567066061,138.866115735009,139.858664403957,
140.851213072904,141.371669411541),.UNSPECIFIED.);
#576=B_SPLINE_CURVE_WITH_KNOTS('',3,(#6239,#6240,#6241,#6242,#6243,#6244,
#6245,#6246,#6247,#6248),.UNSPECIFIED.,.F.,.F.,(4,1,1,1,1,1,1,4),(135.088484104361,
135.453862584716,136.446411253664,137.438959922611,138.431508591559,139.424057260506,
140.416605929454,141.371669411541),.UNSPECIFIED.);
#577=B_SPLINE_CURVE_WITH_KNOTS('',3,(#6253,#6254,#6255,#6256,#6257,#6258,
#6259,#6260,#6261,#6262,#6263),.UNSPECIFIED.,.F.,.F.,(4,1,1,1,1,1,1,1,4),
(128.805298797182,128.940629045533,129.933177714481,130.925726383428,131.918275052376,
132.910823721323,133.903372390271,134.895921059219,135.088484104361),
 .UNSPECIFIED.);
#578=B_SPLINE_CURVE_WITH_KNOTS('',3,(#6264,#6265,#6266,#6267,#6268,#6269,
#6270,#6271,#6272,#6273),.UNSPECIFIED.,.F.,.F.,(4,1,1,1,1,1,1,4),(128.805298797182,
129.498570571031,130.491119239978,131.483667908926,132.476216577873,133.468765246821,
134.461313915768,135.088484104361),.UNSPECIFIED.);
#579=B_SPLINE_CURVE_WITH_KNOTS('',3,(#6278,#6279,#6280,#6281,#6282,#6283,
#6284,#6285,#6286,#6287),.UNSPECIFIED.,.F.,.F.,(4,1,1,1,1,1,1,4),(122.522113490002,
122.985337031848,123.977885700795,124.970434369743,125.96298303869,126.955531707638,
127.948080376586,128.805298797182),.UNSPECIFIED.);
#580=B_SPLINE_CURVE_WITH_KNOTS('',3,(#6288,#6289,#6290,#6291,#6292,#6293,
#6294,#6295,#6296,#6297,#6298),.UNSPECIFIED.,.F.,.F.,(4,1,1,1,1,1,1,1,4),
(122.522113490002,122.550729888397,123.543278557345,124.535827226293,125.52837589524,
126.520924564188,127.513473233135,128.506021902083,128.805298797182),
 .UNSPECIFIED.);
#581=B_SPLINE_CURVE_WITH_KNOTS('',3,(#6303,#6304,#6305,#6306,#6307,#6308,
#6309,#6310,#6311,#6312),.UNSPECIFIED.,.F.,.F.,(4,1,1,1,1,1,1,4),(116.238928182822,
117.030045018162,118.02259368711,119.015142356057,120.007691025005,121.000239693952,
121.9927883629,122.522113490002),.UNSPECIFIED.);
#582=B_SPLINE_CURVE_WITH_KNOTS('',3,(#6313,#6314,#6315,#6316,#6317,#6318,
#6319,#6320,#6321,#6322),.UNSPECIFIED.,.F.,.F.,(4,1,1,1,1,1,1,4),(116.238928182822,
116.595437874712,117.587986543659,118.580535212607,119.573083881555,120.565632550502,
121.55818121945,122.522113490002),.UNSPECIFIED.);
#583=B_SPLINE_CURVE_WITH_KNOTS('',3,(#6327,#6328,#6329,#6330,#6331,#6332,
#6333,#6334,#6335,#6336,#6337),.UNSPECIFIED.,.F.,.F.,(4,1,1,1,1,1,1,1,4),
(109.955742875643,110.082204335529,111.074753004476,112.067301673424,113.059850342372,
114.052399011319,115.044947680267,116.037496349214,116.238928182822),
 .UNSPECIFIED.);
#584=B_SPLINE_CURVE_WITH_KNOTS('',3,(#6338,#6339,#6340,#6341,#6342,#6343,
#6344,#6345,#6346,#6347),.UNSPECIFIED.,.F.,.F.,(4,1,1,1,1,1,1,4),(109.955742875643,
110.640145861026,111.632694529974,112.625243198921,113.617791867869,114.610340536817,
115.602889205764,116.238928182822),.UNSPECIFIED.);
#585=B_SPLINE_CURVE_WITH_KNOTS('',3,(#6352,#6353,#6354,#6355,#6356,#6357,
#6358,#6359,#6360,#6361),.UNSPECIFIED.,.F.,.F.,(4,1,1,1,1,1,1,4),(103.672557568463,
104.126912321843,105.119460990791,106.112009659738,107.104558328686,108.097106997634,
109.089655666581,109.955742875643),.UNSPECIFIED.);
#586=B_SPLINE_CURVE_WITH_KNOTS('',3,(#6362,#6363,#6364,#6365,#6366,#6367,
#6368,#6369,#6370,#6371,#6372),.UNSPECIFIED.,.F.,.F.,(4,1,1,1,1,1,1,1,4),
(103.672557568463,103.692305178393,104.684853847341,105.677402516288,106.669951185236,
107.662499854184,108.655048523131,109.647597192079,109.955742875643),
 .UNSPECIFIED.);
#587=B_SPLINE_CURVE_WITH_KNOTS('',3,(#6377,#6378,#6379,#6380,#6381,#6382,
#6383,#6384,#6385,#6386),.UNSPECIFIED.,.F.,.F.,(4,1,1,1,1,1,1,4),(97.3893722612837,
98.1716203081578,99.1641689771053,100.156717646053,101.149266315001,102.141814983948,
103.134363652896,103.672557568463),.UNSPECIFIED.);
#588=B_SPLINE_CURVE_WITH_KNOTS('',3,(#6387,#6388,#6389,#6390,#6391,#6392,
#6393,#6394,#6395,#6396),.UNSPECIFIED.,.F.,.F.,(4,1,1,1,1,1,1,4),(97.3893722612837,
97.7370131647076,98.7295618336552,99.7221105026028,100.71465917155,101.707207840498,
102.699756509446,103.672557568463),.UNSPECIFIED.);
#589=B_SPLINE_CURVE_WITH_KNOTS('',3,(#6402,#6403,#6404,#6405,#6406),
 .UNSPECIFIED.,.F.,.F.,(4,1,4),(89.7966238131269,90.7891724820745,91.1061869541041),
 .UNSPECIFIED.);
#590=B_SPLINE_CURVE_WITH_KNOTS('',3,(#6409,#6410,#6411,#6412,#6413),
 .UNSPECIFIED.,.F.,.F.,(4,1,4),(89.2741574414914,90.231230956577,91.1061869541041),
 .UNSPECIFIED.);
#591=B_SPLINE_CURVE_WITH_KNOTS('',3,(#6419,#6420,#6421,#6422),
 .UNSPECIFIED.,.F.,.F.,(4,4),(152.106010513287,152.817019864067),
 .UNSPECIFIED.);
#592=B_SPLINE_CURVE_WITH_KNOTS('',3,(#6425,#6426,#6427,#6428,#6429,#6430,
#6431,#6432,#6433,#6434),.UNSPECIFIED.,.F.,.F.,(4,3,3,4),(-150.79644737231,
-149.839373857224,-148.846825188277,-148.3658640695),.UNSPECIFIED.);
#593=B_SPLINE_CURVE_WITH_KNOTS('',3,(#6439,#6440,#6441,#6442,#6443,#6444,
#6445,#6446,#6447,#6448,#6449,#6450,#6451,#6452,#6453,#6454,#6455,#6456,
#6457,#6458,#6459,#6460,#6461,#6462,#6463),.UNSPECIFIED.,.F.,.F.,(4,3,3,
3,3,3,3,3,4),(145.822825206108,145.869179181434,146.861727850381,147.854276519329,
148.846825188277,149.839373857224,150.831922526172,151.824471195119,152.106010513287),
 .UNSPECIFIED.);
#594=B_SPLINE_CURVE_WITH_KNOTS('',3,(#6464,#6465,#6466,#6467,#6468,#6469,
#6470,#6471,#6472,#6473,#6474,#6475,#6476,#6477,#6478,#6479,#6480,#6481,
#6482,#6483,#6484,#6485),.UNSPECIFIED.,.F.,.F.,(4,3,3,3,3,3,3,4),(-148.3658640695,
-147.854276519329,-146.861727850381,-145.869179181434,-144.876630512486,
-143.884081843539,-142.891533174591,-142.082678762321),.UNSPECIFIED.);
#595=B_SPLINE_CURVE_WITH_KNOTS('',3,(#6490,#6491,#6492,#6493,#6494,#6495,
#6496,#6497,#6498,#6499,#6500,#6501,#6502,#6503,#6504,#6505,#6506,#6507,
#6508,#6509,#6510,#6511),.UNSPECIFIED.,.F.,.F.,(4,3,3,3,3,3,3,4),(139.539639898928,
139.913887167748,140.906435836696,141.898984505644,142.891533174591,143.884081843539,
144.876630512486,145.822825206108),.UNSPECIFIED.);
#596=B_SPLINE_CURVE_WITH_KNOTS('',3,(#6512,#6513,#6514,#6515,#6516,#6517,
#6518,#6519,#6520,#6521,#6522,#6523,#6524,#6525,#6526,#6527,#6528,#6529,
#6530,#6531,#6532,#6533,#6534,#6535,#6536),.UNSPECIFIED.,.F.,.F.,(4,3,3,
3,3,3,3,3,4),(-142.082678762321,-141.898984505644,-140.906435836696,-139.913887167748,
-138.921338498801,-137.928789829853,-136.936241160906,-135.943692491958,
-135.799493455141),.UNSPECIFIED.);
#597=B_SPLINE_CURVE_WITH_KNOTS('',3,(#6541,#6542,#6543,#6544,#6545,#6546,
#6547,#6548,#6549,#6550,#6551,#6552,#6553,#6554,#6555,#6556,#6557,#6558,
#6559,#6560,#6561,#6562),.UNSPECIFIED.,.F.,.F.,(4,3,3,3,3,3,3,4),(133.256454591748,
133.958595154063,134.95114382301,135.943692491958,136.936241160906,137.928789829853,
138.921338498801,139.539639898928),.UNSPECIFIED.);
#598=B_SPLINE_CURVE_WITH_KNOTS('',3,(#6563,#6564,#6565,#6566,#6567,#6568,
#6569,#6570,#6571,#6572,#6573,#6574,#6575,#6576,#6577,#6578,#6579,#6580,
#6581,#6582,#6583,#6584),.UNSPECIFIED.,.F.,.F.,(4,3,3,3,3,3,3,4),(-135.799493455141,
-134.95114382301,-133.958595154063,-132.966046485115,-131.973497816168,
-130.98094914722,-129.988400478272,-129.516308147961),.UNSPECIFIED.);
#599=B_SPLINE_CURVE_WITH_KNOTS('',3,(#6589,#6590,#6591,#6592,#6593,#6594,
#6595,#6596,#6597,#6598,#6599,#6600,#6601,#6602,#6603,#6604,#6605,#6606,
#6607,#6608,#6609,#6610,#6611,#6612,#6613),.UNSPECIFIED.,.F.,.F.,(4,3,3,
3,3,3,3,3,4),(126.973269284569,127.01075447143,128.003303140377,128.995851809325,
129.988400478272,130.98094914722,131.973497816168,132.966046485115,133.256454591748),
 .UNSPECIFIED.);
#600=B_SPLINE_CURVE_WITH_KNOTS('',3,(#6614,#6615,#6616,#6617,#6618,#6619,
#6620,#6621,#6622,#6623,#6624,#6625,#6626,#6627,#6628,#6629,#6630,#6631,
#6632,#6633,#6634,#6635),.UNSPECIFIED.,.F.,.F.,(4,3,3,3,3,3,3,4),(-129.516308147961,
-128.995851809325,-128.003303140377,-127.01075447143,-126.018205802482,
-125.025657133535,-124.033108464587,-123.233122840782),.UNSPECIFIED.);
#601=B_SPLINE_CURVE_WITH_KNOTS('',3,(#6640,#6641,#6642,#6643,#6644,#6645,
#6646,#6647,#6648,#6649,#6650,#6651,#6652,#6653,#6654,#6655,#6656,#6657,
#6658,#6659,#6660,#6661),.UNSPECIFIED.,.F.,.F.,(4,3,3,3,3,3,3,4),(120.690083977389,
121.055462457744,122.048011126692,123.040559795639,124.033108464587,125.025657133535,
126.018205802482,126.973269284569),.UNSPECIFIED.);
#602=B_SPLINE_CURVE_WITH_KNOTS('',3,(#6662,#6663,#6664,#6665,#6666,#6667,
#6668,#6669,#6670,#6671,#6672,#6673,#6674,#6675,#6676,#6677,#6678,#6679,
#6680,#6681,#6682,#6683,#6684,#6685,#6686),.UNSPECIFIED.,.F.,.F.,(4,3,3,
3,3,3,3,3,4),(-123.233122840782,-123.040559795639,-122.048011126692,-121.055462457744,
-120.062913788797,-119.070365119849,-118.077816450901,-117.085267781954,
-116.949937533602),.UNSPECIFIED.);
#603=B_SPLINE_CURVE_WITH_KNOTS('',3,(#6691,#6692,#6693,#6694,#6695,#6696,
#6697,#6698,#6699,#6700,#6701,#6702,#6703,#6704,#6705,#6706,#6707,#6708,
#6709,#6710,#6711,#6712),.UNSPECIFIED.,.F.,.F.,(4,3,3,3,3,3,3,4),(114.40689867021,
115.100170444059,116.092719113006,117.085267781954,118.077816450901,119.070365119849,
120.062913788797,120.690083977389),.UNSPECIFIED.);
#604=B_SPLINE_CURVE_WITH_KNOTS('',3,(#6713,#6714,#6715,#6716,#6717,#6718,
#6719,#6720,#6721,#6722,#6723,#6724,#6725,#6726,#6727,#6728,#6729,#6730,
#6731,#6732,#6733,#6734),.UNSPECIFIED.,.F.,.F.,(4,3,3,3,3,3,3,4),(-116.949937533602,
-116.092719113006,-115.100170444059,-114.107621775111,-113.115073106163,
-112.122524437216,-111.129975768268,-110.666752226423),.UNSPECIFIED.);
#605=B_SPLINE_CURVE_WITH_KNOTS('',3,(#6739,#6740,#6741,#6742,#6743,#6744,
#6745,#6746,#6747,#6748,#6749,#6750,#6751,#6752,#6753,#6754,#6755,#6756,
#6757,#6758,#6759,#6760,#6761,#6762,#6763),.UNSPECIFIED.,.F.,.F.,(4,3,3,
3,3,3,3,3,4),(108.12371336303,108.152329761425,109.144878430373,110.137427099321,
111.129975768268,112.122524437216,113.115073106163,114.107621775111,114.40689867021),
 .UNSPECIFIED.);
#606=B_SPLINE_CURVE_WITH_KNOTS('',3,(#6764,#6765,#6766,#6767,#6768,#6769,
#6770,#6771,#6772,#6773,#6774,#6775,#6776,#6777,#6778,#6779,#6780,#6781,
#6782,#6783,#6784,#6785),.UNSPECIFIED.,.F.,.F.,(4,3,3,3,3,3,3,4),(-110.666752226423,
-110.137427099321,-109.144878430373,-108.152329761425,-107.159781092478,
-106.16723242353,-105.174683754583,-104.383566919243),.UNSPECIFIED.);
#607=B_SPLINE_CURVE_WITH_KNOTS('',3,(#6790,#6791,#6792,#6793,#6794,#6795,
#6796,#6797,#6798,#6799,#6800,#6801,#6802,#6803,#6804,#6805,#6806,#6807,
#6808,#6809,#6810,#6811),.UNSPECIFIED.,.F.,.F.,(4,3,3,3,3,3,3,4),(101.84052805585,
102.19703774774,103.189586416688,104.182135085635,105.174683754583,106.16723242353,
107.159781092478,108.12371336303),.UNSPECIFIED.);
#608=B_SPLINE_CURVE_WITH_KNOTS('',3,(#6812,#6813,#6814,#6815,#6816,#6817,
#6818,#6819,#6820,#6821,#6822,#6823,#6824,#6825,#6826,#6827,#6828,#6829,
#6830,#6831,#6832,#6833,#6834,#6835,#6836),.UNSPECIFIED.,.F.,.F.,(4,3,3,
3,3,3,3,3,4),(-104.383566919243,-104.182135085635,-103.189586416688,-102.19703774774,
-101.204489078792,-100.211940409845,-99.2193917408972,-98.2268430719496,
-98.1003816120634),.UNSPECIFIED.);
#609=B_SPLINE_CURVE_WITH_KNOTS('',3,(#6841,#6842,#6843,#6844,#6845,#6846,
#6847,#6848,#6849,#6850,#6851,#6852,#6853,#6854,#6855,#6856,#6857,#6858,
#6859,#6860,#6861,#6862),.UNSPECIFIED.,.F.,.F.,(4,3,3,3,3,3,3,4),(95.5573427486709,
96.2417457340544,97.234294403002,98.2268430719496,99.2193917408972,100.211940409845,
101.204489078792,101.84052805585),.UNSPECIFIED.);
#610=B_SPLINE_CURVE_WITH_KNOTS('',3,(#6863,#6864,#6865,#6866,#6867,#6868,
#6869,#6870,#6871,#6872,#6873,#6874,#6875,#6876,#6877,#6878,#6879,#6880,
#6881,#6882,#6883,#6884),.UNSPECIFIED.,.F.,.F.,(4,3,3,3,3,3,3,4),(-98.1003816120634,
-97.234294403002,-96.2417457340544,-95.2491970651068,-94.2566483961592,
-93.2640997272116,-92.2715510582641,-91.8171963048838),.UNSPECIFIED.);
#611=B_SPLINE_CURVE_WITH_KNOTS('',3,(#6889,#6890,#6891,#6892,#6893,#6894,
#6895,#6896,#6897,#6898,#6899,#6900,#6901,#6902,#6903,#6904,#6905,#6906,
#6907,#6908,#6909,#6910,#6911,#6912,#6913),.UNSPECIFIED.,.F.,.F.,(4,3,3,
3,3,3,3,3,4),(89.2741574414913,89.2939050514213,90.2864537203689,91.2790023893165,
92.2715510582641,93.2640997272117,94.2566483961592,95.2491970651068,95.5573427486709),
 .UNSPECIFIED.);
#612=B_SPLINE_CURVE_WITH_KNOTS('',3,(#6914,#6915,#6916,#6917,#6918,#6919,
#6920,#6921,#6922,#6923,#6924,#6925,#6926,#6927,#6928,#6929,#6930,#6931,
#6932,#6933,#6934,#6935),.UNSPECIFIED.,.F.,.F.,(4,3,3,3,3,3,3,4),(-91.8171963048838,
-91.2790023893165,-90.2864537203689,-89.2939050514213,-88.3013563824737,
-87.3088077135261,-86.3162590445785,-85.5340109977042),.UNSPECIFIED.);
#613=B_SPLINE_CURVE_WITH_KNOTS('',3,(#6941,#6942,#6943,#6944,#6945,#6946,
#6947,#6948,#6949,#6950,#6951,#6952,#6953),.UNSPECIFIED.,.F.,.F.,(4,3,3,
3,4),(-79.2508256905246,-78.3758696929978,-77.3833210240502,-76.3907723551026,
-75.3982236861552),.UNSPECIFIED.);
#614=B_SPLINE_CURVE_WITH_KNOTS('',3,(#6956,#6957,#6958,#6959,#6960,#6961,
#6962,#6963,#6964,#6965,#6966,#6967,#6968,#6969,#6970,#6971,#6972,#6973,
#6974),.UNSPECIFIED.,.F.,.F.,(4,3,3,3,3,3,4),(77.4187961779118,78.3758696929978,
79.3684183619454,80.360967030893,81.3535156998406,82.3460643687882,82.9909721343117),
 .UNSPECIFIED.);
#615=B_SPLINE_CURVE_WITH_KNOTS('',3,(#6980,#6981,#6982,#6983,#6984,#6985,
#6986,#6987),.UNSPECIFIED.,.F.,.F.,(4,1,1,1,1,4),(160.221225333079,160.702186451856,
161.694735120804,162.687283789751,163.679832458699,164.672381127646),
 .UNSPECIFIED.);
#616=B_SPLINE_CURVE_WITH_KNOTS('',3,(#6990,#6991,#6992,#6993,#6994,#6995,
#6996,#6997,#6998),.UNSPECIFIED.,.F.,.F.,(4,1,1,1,1,1,4),(160.221225333079,
160.267579308406,161.260127977353,162.252676646301,163.245225315249,164.237773984196,
165.194847499282),.UNSPECIFIED.);
#617=B_SPLINE_CURVE_WITH_KNOTS('',3,(#7003,#7004,#7005,#7006,#7007,#7008,
#7009,#7010,#7011,#7012),.UNSPECIFIED.,.F.,.F.,(4,1,1,1,1,1,1,4),(153.9380400259,
154.746894438171,155.739443107118,156.731991776066,157.724540445013,158.717089113961,
159.709637782908,160.221225333079),.UNSPECIFIED.);
#618=B_SPLINE_CURVE_WITH_KNOTS('',3,(#7013,#7014,#7015,#7016,#7017,#7018,
#7019,#7020,#7021,#7022),.UNSPECIFIED.,.F.,.F.,(4,1,1,1,1,1,1,4),(153.9380400259,
154.31228729472,155.304835963668,156.297384632615,157.289933301563,158.282481970511,
159.275030639458,160.221225333079),.UNSPECIFIED.);
#619=B_SPLINE_CURVE_WITH_KNOTS('',3,(#7027,#7028,#7029,#7030,#7031,#7032,
#7033,#7034,#7035,#7036,#7037),.UNSPECIFIED.,.F.,.F.,(4,1,1,1,1,1,1,1,4),
(147.65485471872,147.799053755537,148.791602424485,149.784151093433,150.77669976238,
151.769248431328,152.761797100275,153.754345769223,153.9380400259),
 .UNSPECIFIED.);
#620=B_SPLINE_CURVE_WITH_KNOTS('',3,(#7038,#7039,#7040,#7041,#7042,#7043,
#7044,#7045,#7046,#7047),.UNSPECIFIED.,.F.,.F.,(4,1,1,1,1,1,1,4),(147.65485471872,
148.356995281035,149.349543949982,150.34209261893,151.334641287877,152.327189956825,
153.319738625773,153.9380400259),.UNSPECIFIED.);
#621=B_SPLINE_CURVE_WITH_KNOTS('',3,(#7052,#7053,#7054,#7055,#7056,#7057,
#7058,#7059,#7060,#7061),.UNSPECIFIED.,.F.,.F.,(4,1,1,1,1,1,1,4),(141.371669411541,
141.843761741852,142.836310410799,143.828859079747,144.821407748695,145.813956417642,
146.80650508659,147.65485471872),.UNSPECIFIED.);
#622=B_SPLINE_CURVE_WITH_KNOTS('',3,(#7062,#7063,#7064,#7065,#7066,#7067,
#7068,#7069,#7070,#7071,#7072),.UNSPECIFIED.,.F.,.F.,(4,1,1,1,1,1,1,1,4),
(141.371669411541,141.409154598402,142.401703267349,143.394251936297,144.386800605244,
145.379349274192,146.37189794314,147.364446612087,147.65485471872),
 .UNSPECIFIED.);
#623=B_SPLINE_CURVE_WITH_KNOTS('',3,(#7077,#7078,#7079,#7080,#7081,#7082,
#7083,#7084,#7085,#7086),.UNSPECIFIED.,.F.,.F.,(4,1,1,1,1,1,1,4),(135.088484104361,
135.888469728166,136.881018397114,137.873567066061,138.866115735009,139.858664403957,
140.851213072904,141.371669411541),.UNSPECIFIED.);
#624=B_SPLINE_CURVE_WITH_KNOTS('',3,(#7087,#7088,#7089,#7090,#7091,#7092,
#7093,#7094,#7095,#7096),.UNSPECIFIED.,.F.,.F.,(4,1,1,1,1,1,1,4),(135.088484104361,
135.453862584716,136.446411253664,137.438959922611,138.431508591559,139.424057260506,
140.416605929454,141.371669411541),.UNSPECIFIED.);
#625=B_SPLINE_CURVE_WITH_KNOTS('',3,(#7101,#7102,#7103,#7104,#7105,#7106,
#7107,#7108,#7109,#7110,#7111),.UNSPECIFIED.,.F.,.F.,(4,1,1,1,1,1,1,1,4),
(128.805298797182,128.940629045533,129.933177714481,130.925726383428,131.918275052376,
132.910823721324,133.903372390271,134.895921059219,135.088484104361),
 .UNSPECIFIED.);
#626=B_SPLINE_CURVE_WITH_KNOTS('',3,(#7112,#7113,#7114,#7115,#7116,#7117,
#7118,#7119,#7120,#7121),.UNSPECIFIED.,.F.,.F.,(4,1,1,1,1,1,1,4),(128.805298797182,
129.49857057103,130.491119239978,131.483667908926,132.476216577873,133.468765246821,
134.461313915768,135.088484104361),.UNSPECIFIED.);
#627=B_SPLINE_CURVE_WITH_KNOTS('',3,(#7126,#7127,#7128,#7129,#7130,#7131,
#7132,#7133,#7134,#7135),.UNSPECIFIED.,.F.,.F.,(4,1,1,1,1,1,1,4),(122.522113490002,
122.985337031848,123.977885700795,124.970434369743,125.96298303869,126.955531707638,
127.948080376586,128.805298797182),.UNSPECIFIED.);
#628=B_SPLINE_CURVE_WITH_KNOTS('',3,(#7136,#7137,#7138,#7139,#7140,#7141,
#7142,#7143,#7144,#7145,#7146),.UNSPECIFIED.,.F.,.F.,(4,1,1,1,1,1,1,1,4),
(122.522113490002,122.550729888397,123.543278557345,124.535827226293,125.52837589524,
126.520924564188,127.513473233135,128.506021902083,128.805298797182),
 .UNSPECIFIED.);
#629=B_SPLINE_CURVE_WITH_KNOTS('',3,(#7151,#7152,#7153,#7154,#7155,#7156,
#7157,#7158,#7159,#7160),.UNSPECIFIED.,.F.,.F.,(4,1,1,1,1,1,1,4),(116.238928182822,
117.030045018162,118.02259368711,119.015142356057,120.007691025005,121.000239693952,
121.9927883629,122.522113490002),.UNSPECIFIED.);
#630=B_SPLINE_CURVE_WITH_KNOTS('',3,(#7161,#7162,#7163,#7164,#7165,#7166,
#7167,#7168,#7169,#7170),.UNSPECIFIED.,.F.,.F.,(4,1,1,1,1,1,1,4),(116.238928182822,
116.595437874712,117.587986543659,118.580535212607,119.573083881555,120.565632550502,
121.55818121945,122.522113490002),.UNSPECIFIED.);
#631=B_SPLINE_CURVE_WITH_KNOTS('',3,(#7175,#7176,#7177,#7178,#7179,#7180,
#7181,#7182,#7183,#7184,#7185),.UNSPECIFIED.,.F.,.F.,(4,1,1,1,1,1,1,1,4),
(109.955742875643,110.082204335529,111.074753004477,112.067301673424,113.059850342372,
114.052399011319,115.044947680267,116.037496349215,116.238928182822),
 .UNSPECIFIED.);
#632=B_SPLINE_CURVE_WITH_KNOTS('',3,(#7186,#7187,#7188,#7189,#7190,#7191,
#7192,#7193,#7194,#7195),.UNSPECIFIED.,.F.,.F.,(4,1,1,1,1,1,1,4),(109.955742875643,
110.640145861026,111.632694529974,112.625243198921,113.617791867869,114.610340536817,
115.602889205764,116.238928182822),.UNSPECIFIED.);
#633=B_SPLINE_CURVE_WITH_KNOTS('',3,(#7200,#7201,#7202,#7203,#7204,#7205,
#7206,#7207,#7208,#7209),.UNSPECIFIED.,.F.,.F.,(4,1,1,1,1,1,1,4),(103.672557568463,
104.126912321843,105.119460990791,106.112009659739,107.104558328686,108.097106997634,
109.089655666581,109.955742875643),.UNSPECIFIED.);
#634=B_SPLINE_CURVE_WITH_KNOTS('',3,(#7210,#7211,#7212,#7213,#7214,#7215,
#7216,#7217,#7218,#7219,#7220),.UNSPECIFIED.,.F.,.F.,(4,1,1,1,1,1,1,1,4),
(103.672557568463,103.692305178393,104.684853847341,105.677402516288,106.669951185236,
107.662499854184,108.655048523131,109.647597192079,109.955742875643),
 .UNSPECIFIED.);
#635=B_SPLINE_CURVE_WITH_KNOTS('',3,(#7225,#7226,#7227,#7228,#7229,#7230,
#7231,#7232,#7233,#7234),.UNSPECIFIED.,.F.,.F.,(4,1,1,1,1,1,1,4),(97.3893722612837,
98.1716203081579,99.1641689771055,100.156717646053,101.149266315001,102.141814983948,
103.134363652896,103.672557568463),.UNSPECIFIED.);
#636=B_SPLINE_CURVE_WITH_KNOTS('',3,(#7235,#7236,#7237,#7238,#7239,#7240,
#7241,#7242,#7243,#7244),.UNSPECIFIED.,.F.,.F.,(4,1,1,1,1,1,1,4),(97.3893722612836,
97.7370131647076,98.7295618336552,99.7221105026028,100.71465917155,101.707207840498,
102.699756509446,103.672557568463),.UNSPECIFIED.);
#637=B_SPLINE_CURVE_WITH_KNOTS('',3,(#7250,#7251,#7252,#7253,#7254),
 .UNSPECIFIED.,.F.,.F.,(4,1,4),(89.7966238131269,90.7891724820745,91.106186954104),
 .UNSPECIFIED.);
#638=B_SPLINE_CURVE_WITH_KNOTS('',3,(#7257,#7258,#7259,#7260,#7261),
 .UNSPECIFIED.,.F.,.F.,(4,1,4),(89.2741574414914,90.2312309565772,91.1061869541041),
 .UNSPECIFIED.);
#639=B_SPLINE_CURVE_WITH_KNOTS('',3,(#7634,#7635,#7636,#7637,#7638,#7639,
#7640,#7641,#7642,#7643,#7644,#7645,#7646,#7647,#7648,#7649,#7650,#7651,
#7652,#7653,#7654,#7655,#7656,#7657,#7658,#7659,#7660,#7661,#7662,#7663,
#7664,#7665,#7666,#7667,#7668,#7669,#7670,#7671,#7672,#7673,#7674,#7675,
#7676,#7677,#7678,#7679,#7680,#7681,#7682,#7683,#7684,#7685,#7686,#7687,
#7688,#7689,#7690,#7691,#7692,#7693,#7694,#7695,#7696,#7697,#7698,#7699,
#7700,#7701,#7702,#7703,#7704,#7705,#7706,#7707,#7708,#7709,#7710,#7711,
#7712,#7713,#7714,#7715),.UNSPECIFIED.,.F.,.F.,(4,3,3,3,3,3,3,3,3,3,3,3,
3,3,3,3,3,3,3,3,3,3,3,3,3,3,3,4),(0.,0.0151330016575618,0.0309476580822633,
0.0437393140413607,0.0494484586558095,0.0520461619200415,0.0683458881880278,
0.0849543587115719,0.0970359954724395,0.101278544831231,0.104271765314681,
0.121350599098271,0.133280905755042,0.149919939432809,0.154482398725929,
0.158580604754168,0.175612166939202,0.193049367742044,0.203877369197741,
0.209257959659047,0.21264936781622,0.21591549252647,0.233913866536853,0.246353428806398,
0.251351543097568,0.269541558237272,0.27967337938762,0.285142803995196),
 .UNSPECIFIED.);
#640=B_SPLINE_CURVE_WITH_KNOTS('',3,(#7716,#7717,#7718,#7719,#7720,#7721,
#7722,#7723,#7724,#7725,#7726,#7727,#7728,#7729,#7730,#7731,#7732,#7733,
#7734,#7735,#7736,#7737,#7738,#7739,#7740),.UNSPECIFIED.,.F.,.F.,(4,3,3,
3,3,3,3,3,4),(-85.5340109977042,-85.323710375631,-84.3311617066834,-83.3386130377358,
-82.3460643687882,-81.3535156998406,-80.360967030893,-79.3684183619454,
-79.2508256905246),.UNSPECIFIED.);
#641=B_SPLINE_CURVE_WITH_KNOTS('',3,(#7741,#7742,#7743,#7744,#7745,#7746,
#7747,#7748,#7749,#7750,#7751,#7752,#7753,#7754,#7755,#7756,#7757,#7758,
#7759,#7760,#7761,#7762,#7763,#7764,#7765,#7766,#7767,#7768,#7769,#7770,
#7771,#7772,#7773,#7774,#7775,#7776,#7777,#7778,#7779,#7780,#7781,#7782,
#7783,#7784,#7785,#7786,#7787,#7788,#7789,#7790,#7791,#7792,#7793,#7794,
#7795,#7796,#7797,#7798,#7799,#7800,#7801,#7802,#7803,#7804,#7805,#7806,
#7807,#7808,#7809,#7810,#7811,#7812,#7813,#7814,#7815,#7816),
 .UNSPECIFIED.,.F.,.F.,(4,3,3,3,3,3,3,3,3,3,3,3,3,3,3,3,3,3,3,3,3,3,3,3,
3,4),(-0.285142803995256,-0.266786970960635,-0.2494612781953,-0.245932576797599,
-0.227954123443731,-0.216746875478051,-0.213175157863991,-0.209893924801051,
-0.191994478530361,-0.174860874425465,-0.165348880662141,-0.157191367483938,
-0.154200463258776,-0.138296139718291,-0.121204825091254,-0.106619772594606,
-0.103096663249183,-0.10014875291451,-0.083538553229241,-0.0670233634045618,
-0.0511013594199929,-0.048153266353877,-0.0322393534309068,-0.0168797580560495,
-0.00452440511807111,0.),.UNSPECIFIED.);
#642=B_SPLINE_CURVE_WITH_KNOTS('',3,(#7817,#7818,#7819,#7820,#7821,#7822,
#7823,#7824,#7825,#7826,#7827),.UNSPECIFIED.,.F.,.F.,(4,1,1,1,1,1,1,1,4),
(91.1061869541041,91.2237796255248,92.2163282944724,93.20887696342,94.2014256323675,
95.1939743013151,96.1865229702627,97.1790716392103,97.3893722612837),
 .UNSPECIFIED.);
#643=B_SPLINE_CURVE_WITH_KNOTS('',3,(#7829,#7830,#7831,#7832,#7833,#7834,
#7835,#7836,#7837,#7838),.UNSPECIFIED.,.F.,.F.,(4,1,1,1,1,1,1,4),(91.106186954104,
91.7817211510221,92.7742698199697,93.7668184889173,94.7593671578649,95.7519158268125,
96.7444644957601,97.3893722612836),.UNSPECIFIED.);
#644=B_SPLINE_CURVE_WITH_KNOTS('',3,(#8163,#8164,#8165,#8166,#8167,#8168,
#8169,#8170,#8171,#8172,#8173,#8174,#8175,#8176,#8177,#8178,#8179,#8180,
#8181,#8182,#8183,#8184,#8185,#8186,#8187,#8188,#8189,#8190,#8191,#8192,
#8193,#8194,#8195,#8196,#8197,#8198,#8199,#8200,#8201,#8202,#8203,#8204,
#8205,#8206,#8207,#8208,#8209,#8210,#8211,#8212,#8213,#8214,#8215,#8216,
#8217,#8218,#8219,#8220,#8221,#8222,#8223,#8224,#8225,#8226,#8227,#8228,
#8229,#8230,#8231,#8232,#8233,#8234,#8235,#8236,#8237,#8238,#8239,#8240,
#8241),.UNSPECIFIED.,.F.,.F.,(4,3,3,3,3,3,3,3,3,3,3,3,3,3,3,3,3,3,3,3,3,
3,3,3,3,3,4),(0.,0.0184525739876019,0.0366933638214854,0.0505592673314016,
0.0579220660647702,0.0611004274755988,0.0788543272013307,0.0962474421509497,
0.109090729588416,0.115650133127736,0.119082277889401,0.135922236022143,
0.147620591900815,0.164394003209352,0.169301712413882,0.173073488318698,
0.189843226129091,0.206600137008503,0.216986547181569,0.222354435935404,
0.2262715486241,0.242364413056302,0.253095319392157,0.258078491182154,0.273546006154798,
0.281807882369115,0.286347380332141),.UNSPECIFIED.);
#645=B_SPLINE_CURVE_WITH_KNOTS('',3,(#8242,#8243,#8244,#8245,#8246,#8247,
#8248,#8249,#8250,#8251,#8252,#8253,#8254,#8255,#8256,#8257,#8258,#8259,
#8260,#8261,#8262,#8263,#8264,#8265,#8266,#8267,#8268,#8269,#8270,#8271,
#8272,#8273,#8274,#8275,#8276,#8277,#8278,#8279,#8280,#8281,#8282,#8283,
#8284,#8285,#8286,#8287,#8288,#8289,#8290,#8291,#8292,#8293,#8294,#8295,
#8296,#8297,#8298,#8299,#8300,#8301,#8302,#8303,#8304,#8305,#8306,#8307,
#8308,#8309,#8310,#8311,#8312,#8313,#8314,#8315,#8316,#8317,#8318,#8319,
#8320),.UNSPECIFIED.,.F.,.F.,(4,3,3,3,3,3,3,3,3,3,3,3,3,3,3,3,3,3,3,3,3,
3,3,3,3,3,4),(-0.286347380332166,-0.271030212560883,-0.260280521639323,
-0.255992360752395,-0.25193271932002,-0.235744803085995,-0.229414900373123,
-0.22439518954258,-0.22116944660891,-0.204041351508289,-0.187255847595468,
-0.178606152248208,-0.173225574377323,-0.168869102202961,-0.152657066206427,
-0.136069687858987,-0.119747458547989,-0.11651488824949,-0.113597090930652,
-0.0962731144848405,-0.0785768450273476,-0.0603055971132617,-0.0569841090273424,
-0.038762540602326,-0.0207101872617945,-0.00549185337100402,0.),
 .UNSPECIFIED.);
#646=B_SPLINE_CURVE_WITH_KNOTS('',3,(#8321,#8322,#8323,#8324,#8325,#8326,
#8327,#8328,#8329,#8330,#8331,#8332,#8333,#8334,#8335,#8336,#8337,#8338,
#8339,#8340,#8341,#8342),.UNSPECIFIED.,.F.,.F.,(4,3,3,3,3,3,3,4),(82.9909721343117,
83.3386130377358,84.3311617066833,85.3237103756309,86.3162590445785,87.3088077135261,
88.3013563824737,89.2741574414913),.UNSPECIFIED.);
#647=B_SPLINE_CURVE_WITH_KNOTS('',3,(#8669,#8670,#8671,#8672,#8673,#8674,
#8675,#8676,#8677,#8678,#8679,#8680,#8681,#8682,#8683,#8684,#8685,#8686,
#8687,#8688,#8689,#8690,#8691,#8692,#8693,#8694,#8695,#8696,#8697,#8698,
#8699,#8700,#8701,#8702,#8703,#8704,#8705,#8706,#8707,#8708,#8709,#8710,
#8711,#8712,#8713,#8714,#8715,#8716,#8717,#8718,#8719,#8720,#8721,#8722,
#8723,#8724,#8725,#8726,#8727,#8728,#8729,#8730,#8731,#8732,#8733,#8734,
#8735,#8736,#8737,#8738,#8739,#8740,#8741,#8742,#8743,#8744,#8745,#8746,
#8747,#8748,#8749,#8750),.UNSPECIFIED.,.F.,.F.,(4,3,3,3,3,3,3,3,3,3,3,3,
3,3,3,3,3,3,3,3,3,3,3,3,3,3,3,4),(0.,0.0151314326250681,0.0309449559644636,
0.043736949688284,0.049440216577811,0.0520366615961608,0.0683350536013864,
0.0849430567772017,0.097027519021658,0.101245226644577,0.104258409047728,
0.12133738157872,0.133280905755027,0.149920653213474,0.154483167990108,
0.158580735283294,0.175613100501847,0.193050684351267,0.20387852123081,
0.209258480096149,0.212651362346592,0.215916009036431,0.233914415393535,
0.24635437177912,0.251351925312488,0.269541911046848,0.279673379387618,
0.28514280399522),.UNSPECIFIED.);
#648=B_SPLINE_CURVE_WITH_KNOTS('',3,(#8751,#8752,#8753,#8754,#8755,#8756,
#8757,#8758,#8759,#8760,#8761,#8762,#8763,#8764,#8765,#8766,#8767,#8768,
#8769,#8770,#8771,#8772,#8773,#8774,#8775),.UNSPECIFIED.,.F.,.F.,(4,3,3,
3,3,3,3,3,4),(-85.5340109977042,-85.3237103756308,-84.3311617066832,-83.3386130377356,
-82.346064368788,-81.3535156998404,-80.3609670308928,-79.3684183619452,
-79.2508256905246),.UNSPECIFIED.);
#649=B_SPLINE_CURVE_WITH_KNOTS('',3,(#8776,#8777,#8778,#8779,#8780,#8781,
#8782,#8783,#8784,#8785,#8786,#8787,#8788,#8789,#8790,#8791,#8792,#8793,
#8794,#8795,#8796,#8797,#8798,#8799,#8800,#8801,#8802,#8803,#8804,#8805,
#8806,#8807,#8808,#8809,#8810,#8811,#8812,#8813,#8814,#8815,#8816,#8817,
#8818,#8819,#8820,#8821,#8822,#8823,#8824,#8825,#8826,#8827,#8828,#8829,
#8830,#8831,#8832,#8833,#8834,#8835,#8836,#8837,#8838,#8839,#8840,#8841,
#8842,#8843,#8844,#8845,#8846,#8847,#8848,#8849,#8850,#8851),
 .UNSPECIFIED.,.F.,.F.,(4,3,3,3,3,3,3,3,3,3,3,3,3,3,3,3,3,3,3,3,3,3,3,3,
3,4),(-0.285142803995058,-0.266786970960455,-0.249461834352772,-0.245933209596512,
-0.227954723602518,-0.216747400616982,-0.213177878973998,-0.209900269966215,
-0.191999237404219,-0.174865145100542,-0.165352208687363,-0.157196376943273,
-0.154206133582678,-0.138296139718232,-0.121204900945544,-0.106619838967109,
-0.103096596450513,-0.100148625401213,-0.0835385029886357,-0.067023244421403,
-0.0511008992368612,-0.0481529742802123,-0.0322388805126126,-0.0168786182212701,
-0.00452440511806777,0.),.UNSPECIFIED.);
#650=B_SPLINE_CURVE_WITH_KNOTS('',3,(#8852,#8853,#8854,#8855,#8856,#8857,
#8858,#8859,#8860,#8861,#8862),.UNSPECIFIED.,.F.,.F.,(4,1,1,1,1,1,1,1,4),
(91.1061869541041,91.2237796255246,92.2163282944722,93.2088769634198,94.2014256323674,
95.193974301315,96.1865229702626,97.1790716392102,97.3893722612837),
 .UNSPECIFIED.);
#651=B_SPLINE_CURVE_WITH_KNOTS('',3,(#8864,#8865,#8866,#8867,#8868,#8869,
#8870,#8871,#8872,#8873),.UNSPECIFIED.,.F.,.F.,(4,1,1,1,1,1,1,4),(91.1061869541041,
91.7817211510221,92.7742698199697,93.7668184889173,94.7593671578649,95.7519158268125,
96.7444644957601,97.3893722612837),.UNSPECIFIED.);
#652=B_SPLINE_CURVE_WITH_KNOTS('',3,(#9198,#9199,#9200,#9201,#9202,#9203,
#9204,#9205,#9206,#9207,#9208,#9209,#9210,#9211,#9212,#9213,#9214,#9215,
#9216,#9217,#9218,#9219,#9220,#9221,#9222,#9223,#9224,#9225,#9226,#9227,
#9228,#9229,#9230,#9231,#9232,#9233,#9234,#9235,#9236,#9237,#9238,#9239,
#9240,#9241,#9242,#9243,#9244,#9245,#9246,#9247,#9248,#9249,#9250,#9251,
#9252,#9253,#9254,#9255,#9256,#9257,#9258,#9259,#9260,#9261,#9262,#9263,
#9264,#9265,#9266,#9267,#9268,#9269,#9270,#9271,#9272,#9273,#9274,#9275,
#9276),.UNSPECIFIED.,.F.,.F.,(4,3,3,3,3,3,3,3,3,3,3,3,3,3,3,3,3,3,3,3,3,
3,3,3,3,3,4),(0.,0.0184525739876107,0.0366932601788419,0.0505591766440974,
0.0579217970205159,0.0611002994168965,0.0788541774961923,0.0962476958265903,
0.109090919845164,0.115650106950383,0.119082191541102,0.135922525106468,
0.147620591900886,0.164394003209438,0.169301707325584,0.17307351614473,
0.189843199000648,0.206600112982,0.216986044136646,0.222354380646932,0.226271645688355,
0.242364822686464,0.253096089959996,0.258078592577736,0.273546696637698,
0.281807882369302,0.286347380332342),.UNSPECIFIED.);
#653=B_SPLINE_CURVE_WITH_KNOTS('',3,(#9277,#9278,#9279,#9280,#9281,#9282,
#9283,#9284,#9285,#9286,#9287,#9288,#9289,#9290,#9291,#9292,#9293,#9294,
#9295,#9296,#9297,#9298,#9299,#9300,#9301,#9302,#9303,#9304,#9305,#9306,
#9307,#9308,#9309,#9310,#9311,#9312,#9313,#9314,#9315,#9316,#9317,#9318,
#9319,#9320,#9321,#9322,#9323,#9324,#9325,#9326,#9327,#9328,#9329,#9330,
#9331,#9332,#9333,#9334,#9335,#9336,#9337,#9338,#9339,#9340,#9341,#9342,
#9343,#9344,#9345,#9346,#9347,#9348,#9349,#9350,#9351,#9352),
 .UNSPECIFIED.,.F.,.F.,(4,3,3,3,3,3,3,3,3,3,3,3,3,3,3,3,3,3,3,3,3,3,3,3,
3,4),(-0.286347380332376,-0.271031715826806,-0.260286060674416,-0.256062217154514,
-0.25240573132224,-0.236229013179129,-0.224297007371624,-0.22054869337003,
-0.203575786579155,-0.186793268199101,-0.178259217700959,-0.172424336786714,
-0.16880445308434,-0.152657066206533,-0.136068757975574,-0.119746644900004,
-0.116512592813446,-0.113592362775656,-0.0962675511237743,-0.078570941458043,
-0.0603011694362857,-0.0569842218531953,-0.0387625203436196,-0.0207101554213663,
-0.00549185337101365,0.),.UNSPECIFIED.);
#654=B_SPLINE_CURVE_WITH_KNOTS('',3,(#9353,#9354,#9355,#9356,#9357,#9358,
#9359,#9360,#9361,#9362,#9363,#9364,#9365,#9366,#9367,#9368,#9369,#9370,
#9371,#9372,#9373,#9374),.UNSPECIFIED.,.F.,.F.,(4,3,3,3,3,3,3,4),(82.9909721343117,
83.3386130377358,84.3311617066833,85.3237103756309,86.3162590445785,87.3088077135261,
88.3013563824737,89.2741574414913),.UNSPECIFIED.);
#655=B_SPLINE_CURVE_WITH_KNOTS('',3,(#9701,#9702,#9703,#9704,#9705,#9706,
#9707,#9708,#9709,#9710,#9711,#9712,#9713,#9714,#9715,#9716,#9717,#9718,
#9719,#9720,#9721,#9722,#9723,#9724,#9725,#9726,#9727,#9728,#9729,#9730,
#9731,#9732,#9733,#9734,#9735,#9736,#9737,#9738,#9739,#9740,#9741,#9742,
#9743,#9744,#9745,#9746,#9747,#9748,#9749,#9750,#9751,#9752,#9753,#9754,
#9755,#9756,#9757,#9758,#9759,#9760,#9761,#9762,#9763,#9764,#9765,#9766,
#9767,#9768,#9769,#9770,#9771,#9772,#9773,#9774,#9775,#9776,#9777,#9778,
#9779,#9780,#9781,#9782),.UNSPECIFIED.,.F.,.F.,(4,3,3,3,3,3,3,3,3,3,3,3,
3,3,3,3,3,3,3,3,3,3,3,3,3,3,3,4),(0.,0.015133241637251,0.0309480706436388,
0.0437396750325601,0.0494497186809562,0.0520476406523872,0.0683475708026188,
0.0849561110168281,0.0970373097013734,0.101283761003958,0.104274080817689,
0.121352890662461,0.133280905755009,0.149919828080831,0.154482276797461,
0.158580583592505,0.175612020397478,0.193049161689302,0.203877188901581,
0.209257876476423,0.212649049769681,0.215915410262925,0.233913779222177,
0.246353279405528,0.2513514827453,0.26954150173226,0.279673379387534,0.285142803995112),
 .UNSPECIFIED.);
#656=B_SPLINE_CURVE_WITH_KNOTS('',3,(#9783,#9784,#9785,#9786,#9787,#9788,
#9789,#9790,#9791,#9792,#9793,#9794,#9795,#9796,#9797,#9798,#9799,#9800,
#9801,#9802,#9803,#9804,#9805,#9806,#9807),.UNSPECIFIED.,.F.,.F.,(4,3,3,
3,3,3,3,3,4),(-85.5340109977042,-85.3237103756309,-84.3311617066833,-83.3386130377358,
-82.3460643687882,-81.3535156998406,-80.360967030893,-79.3684183619454,
-79.2508256905246),.UNSPECIFIED.);
#657=B_SPLINE_CURVE_WITH_KNOTS('',3,(#9808,#9809,#9810,#9811,#9812,#9813,
#9814,#9815,#9816,#9817,#9818,#9819,#9820,#9821,#9822,#9823,#9824,#9825,
#9826,#9827,#9828,#9829,#9830,#9831,#9832,#9833,#9834,#9835,#9836,#9837,
#9838,#9839,#9840,#9841,#9842,#9843,#9844,#9845,#9846,#9847,#9848,#9849,
#9850,#9851,#9852,#9853,#9854,#9855,#9856,#9857,#9858,#9859,#9860,#9861,
#9862,#9863,#9864,#9865,#9866,#9867,#9868,#9869,#9870,#9871,#9872,#9873,
#9874,#9875,#9876,#9877,#9878,#9879,#9880,#9881,#9882,#9883),
 .UNSPECIFIED.,.F.,.F.,(4,3,3,3,3,3,3,3,3,3,3,3,3,3,3,3,3,3,3,3,3,3,3,3,
3,4),(-0.285142803995128,-0.266786970960519,-0.249461193615874,-0.245932480387691,
-0.227954033215719,-0.216746796528536,-0.213174748423109,-0.209892965663101,
-0.191993759176889,-0.174860230880433,-0.165348380408751,-0.157190615009965,
-0.15419960509021,-0.138296139718253,-0.121204814171091,-0.106619763039464,
-0.103096677851349,-0.100148776919321,-0.0835385661579388,-0.0670233890149225,
-0.0511014453785151,-0.0481533179892217,-0.0322394355188109,-0.0168799472360176,
-0.0045244051180716,0.),.UNSPECIFIED.);
#658=B_SPLINE_CURVE_WITH_KNOTS('',3,(#9884,#9885,#9886,#9887,#9888,#9889,
#9890,#9891,#9892,#9893,#9894),.UNSPECIFIED.,.F.,.F.,(4,1,1,1,1,1,1,1,4),
(91.106186954104,91.2237796255248,92.2163282944724,93.20887696342,94.2014256323675,
95.1939743013151,96.1865229702627,97.1790716392103,97.3893722612836),
 .UNSPECIFIED.);
#659=B_SPLINE_CURVE_WITH_KNOTS('',3,(#9896,#9897,#9898,#9899,#9900,#9901,
#9902,#9903,#9904,#9905),.UNSPECIFIED.,.F.,.F.,(4,1,1,1,1,1,1,4),(91.1061869541041,
91.7817211510221,92.7742698199697,93.7668184889173,94.7593671578649,95.7519158268124,
96.74446449576,97.3893722612837),.UNSPECIFIED.);
#660=B_SPLINE_CURVE_WITH_KNOTS('',3,(#10230,#10231,#10232,#10233,#10234,
#10235,#10236,#10237,#10238,#10239,#10240,#10241,#10242,#10243,#10244,#10245,
#10246,#10247,#10248,#10249,#10250,#10251,#10252,#10253,#10254,#10255,#10256,
#10257,#10258,#10259,#10260,#10261,#10262,#10263,#10264,#10265,#10266,#10267,
#10268,#10269,#10270,#10271,#10272,#10273,#10274,#10275,#10276,#10277,#10278,
#10279,#10280,#10281,#10282,#10283,#10284,#10285,#10286,#10287,#10288,#10289,
#10290,#10291,#10292,#10293,#10294,#10295,#10296,#10297,#10298,#10299,#10300,
#10301,#10302,#10303,#10304,#10305,#10306,#10307,#10308),.UNSPECIFIED.,
 .F.,.F.,(4,3,3,3,3,3,3,3,3,3,3,3,3,3,3,3,3,3,3,3,3,3,3,3,3,3,4),(0.,0.0184525739876053,
0.036693378553167,0.0505592802216264,0.0579221053248609,0.0611004464490766,
0.0788543483459768,0.0962474002762526,0.1090906981824,0.115650133699073,
0.119082290024576,0.135922189449314,0.147620591900843,0.164394003209387,
0.16930171115433,0.173073483298877,0.189843228939423,0.206600137559196,
0.216986626563404,0.222354444059355,0.226271533046802,0.242364346051631,
0.253095195003975,0.258078475330678,0.273545895308324,0.281807882369198,
0.286347380332235),.UNSPECIFIED.);
#661=B_SPLINE_CURVE_WITH_KNOTS('',3,(#10309,#10310,#10311,#10312,#10313,
#10314,#10315,#10316,#10317,#10318,#10319,#10320,#10321,#10322,#10323,#10324,
#10325,#10326,#10327,#10328,#10329,#10330,#10331,#10332,#10333,#10334,#10335,
#10336,#10337,#10338,#10339,#10340,#10341,#10342,#10343,#10344,#10345,#10346,
#10347,#10348,#10349,#10350,#10351,#10352,#10353,#10354,#10355,#10356,#10357,
#10358,#10359,#10360,#10361,#10362,#10363,#10364,#10365,#10366,#10367,#10368,
#10369,#10370,#10371,#10372,#10373,#10374,#10375,#10376,#10377,#10378,#10379,
#10380,#10381,#10382,#10383,#10384,#10385,#10386,#10387),.UNSPECIFIED.,
 .F.,.F.,(4,3,3,3,3,3,3,3,3,3,3,3,3,3,3,3,3,3,3,3,3,3,3,3,3,3,4),(-0.286347380332296,
-0.271029982766371,-0.260279675548371,-0.255981202645214,-0.251931792457337,
-0.235743705535901,-0.229412680923527,-0.224384055036586,-0.221144750122719,
-0.204022829143653,-0.187237472601546,-0.178592371002774,-0.173196542984842,
-0.168871951888005,-0.152657066206457,-0.136069833205678,-0.119747585726343,
-0.116515248932929,-0.113597831378947,-0.0962739852942455,-0.0785777687066364,
-0.0603062898727273,-0.05698408702587,-0.0387625391367982,-0.0207101887928287,
-0.00549185337100029,0.),.UNSPECIFIED.);
#662=B_SPLINE_CURVE_WITH_KNOTS('',3,(#10388,#10389,#10390,#10391,#10392,
#10393,#10394,#10395,#10396,#10397,#10398,#10399,#10400,#10401,#10402,#10403,
#10404,#10405,#10406,#10407,#10408,#10409),.UNSPECIFIED.,.F.,.F.,(4,3,3,
3,3,3,3,4),(82.9909721343117,83.3386130377358,84.3311617066833,85.3237103756309,
86.3162590445785,87.3088077135261,88.3013563824737,89.2741574414913),
 .UNSPECIFIED.);
#663=B_SPLINE_CURVE_WITH_KNOTS('',3,(#10736,#10737,#10738,#10739,#10740,
#10741,#10742,#10743,#10744,#10745,#10746,#10747,#10748,#10749,#10750,#10751,
#10752,#10753,#10754,#10755,#10756,#10757,#10758,#10759,#10760,#10761,#10762,
#10763,#10764,#10765,#10766,#10767,#10768,#10769,#10770,#10771,#10772,#10773,
#10774,#10775,#10776,#10777,#10778,#10779,#10780,#10781,#10782,#10783,#10784,
#10785,#10786,#10787,#10788,#10789,#10790,#10791,#10792,#10793,#10794,#10795,
#10796,#10797,#10798,#10799,#10800,#10801,#10802,#10803,#10804,#10805,#10806,
#10807,#10808,#10809,#10810,#10811,#10812,#10813,#10814,#10815,#10816,#10817),
 .UNSPECIFIED.,.F.,.F.,(4,3,3,3,3,3,3,3,3,3,3,3,3,3,3,3,3,3,3,3,3,3,3,3,
3,3,3,4),(0.,0.0151352544517957,0.0309515236900612,0.0437426964481764,0.0494602820340286,
0.0520603187103277,0.0683619573232317,0.084971063920228,0.0970485243789166,
0.10132884323032,0.104296658775277,0.121375239718955,0.133280905754982,
0.149918873193998,0.154481212581662,0.158580394534076,0.175610755039364,
0.193047388930024,0.203875637737208,0.209257143800067,0.212646259231817,
0.215914689621057,0.23391301574903,0.246351979644348,0.251350958875566,
0.269541003479145,0.279673379387492,0.28514280399509),.UNSPECIFIED.);
#664=B_SPLINE_CURVE_WITH_KNOTS('',3,(#10818,#10819,#10820,#10821,#10822,
#10823,#10824,#10825,#10826,#10827,#10828,#10829,#10830,#10831,#10832,#10833,
#10834,#10835,#10836,#10837,#10838,#10839,#10840,#10841,#10842),
 .UNSPECIFIED.,.F.,.F.,(4,3,3,3,3,3,3,3,4),(-85.5340109977042,-85.3237103756308,
-84.3311617066832,-83.3386130377356,-82.346064368788,-81.3535156998405,
-80.3609670308929,-79.3684183619453,-79.2508256905246),.UNSPECIFIED.);
#665=B_SPLINE_CURVE_WITH_KNOTS('',3,(#10843,#10844,#10845,#10846,#10847,
#10848,#10849,#10850,#10851,#10852,#10853,#10854,#10855,#10856,#10857,#10858,
#10859,#10860,#10861,#10862,#10863,#10864,#10865,#10866,#10867,#10868,#10869,
#10870,#10871,#10872,#10873,#10874,#10875,#10876,#10877,#10878,#10879,#10880,
#10881,#10882,#10883,#10884,#10885,#10886,#10887,#10888,#10889,#10890,#10891,
#10892,#10893,#10894,#10895,#10896,#10897,#10898,#10899,#10900,#10901,#10902,
#10903,#10904,#10905,#10906,#10907,#10908,#10909,#10910,#10911,#10912,#10913,
#10914,#10915,#10916,#10917,#10918),.UNSPECIFIED.,.F.,.F.,(4,3,3,3,3,3,
3,3,3,3,3,3,3,3,3,3,3,3,3,3,3,3,3,3,3,4),(-0.285142803995142,-0.266786970960532,
-0.249460488389612,-0.245931677412864,-0.227953293821528,-0.216746149558619,
-0.213171387667423,-0.209777107470763,-0.191906865532636,-0.174775754850417,
-0.165281532476513,-0.157090024637369,-0.15438085291898,-0.138296139718256,
-0.121204729295385,-0.10661968877322,-0.103096843774061,-0.10014902335024,
-0.0835387270425293,-0.067023678731786,-0.0511023228273735,-0.0481538209237775,
-0.0322402228203074,-0.0168816852699131,-0.00452440511806798,0.),
 .UNSPECIFIED.);
#666=B_SPLINE_CURVE_WITH_KNOTS('',3,(#10919,#10920,#10921,#10922,#10923,
#10924,#10925,#10926,#10927,#10928,#10929),.UNSPECIFIED.,.F.,.F.,(4,1,1,
1,1,1,1,1,4),(91.1061869541041,91.2237796255247,92.2163282944722,93.2088769634198,
94.2014256323674,95.193974301315,96.1865229702626,97.1790716392102,97.3893722612837),
 .UNSPECIFIED.);
#667=B_SPLINE_CURVE_WITH_KNOTS('',3,(#10931,#10932,#10933,#10934,#10935,
#10936,#10937,#10938,#10939,#10940),.UNSPECIFIED.,.F.,.F.,(4,1,1,1,1,1,
1,4),(91.1061869541041,91.7817211510221,92.7742698199697,93.7668184889173,
94.7593671578649,95.7519158268125,96.7444644957601,97.3893722612837),
 .UNSPECIFIED.);
#668=B_SPLINE_CURVE_WITH_KNOTS('',3,(#11265,#11266,#11267,#11268,#11269,
#11270,#11271,#11272,#11273,#11274,#11275,#11276,#11277,#11278,#11279,#11280,
#11281,#11282,#11283,#11284,#11285,#11286,#11287,#11288,#11289,#11290,#11291,
#11292,#11293,#11294,#11295,#11296,#11297,#11298,#11299,#11300,#11301,#11302,
#11303,#11304,#11305,#11306,#11307,#11308,#11309,#11310,#11311,#11312,#11313,
#11314,#11315,#11316,#11317,#11318,#11319,#11320,#11321,#11322,#11323,#11324,
#11325,#11326,#11327,#11328,#11329,#11330,#11331,#11332,#11333,#11334,#11335,
#11336,#11337,#11338,#11339,#11340,#11341,#11342,#11343),.UNSPECIFIED.,
 .F.,.F.,(4,3,3,3,3,3,3,3,3,3,3,3,3,3,3,3,3,3,3,3,3,3,3,3,3,3,4),(0.,0.0184525739876054,
0.0366934910275301,0.0505593786366942,0.0579224159554192,0.0611005995083883,
0.0788545083609188,0.0962470191894309,0.109090412367284,0.115650105032641,
0.119082381308499,0.135921776188817,0.147620591900843,0.164394003209391,
0.16930168046445,0.173073433637724,0.189843239434797,0.206600110618047,
0.216987317851564,0.222354510713538,0.226271396271111,0.242363740428719,
0.253094087112903,0.258078339873292,0.273544912560449,0.281807882369227,
0.286347380332262),.UNSPECIFIED.);
#669=B_SPLINE_CURVE_WITH_KNOTS('',3,(#11344,#11345,#11346,#11347,#11348,
#11349,#11350,#11351,#11352,#11353,#11354,#11355,#11356,#11357,#11358,#11359,
#11360,#11361,#11362,#11363,#11364,#11365,#11366,#11367,#11368,#11369,#11370,
#11371,#11372,#11373,#11374,#11375,#11376,#11377,#11378,#11379,#11380,#11381,
#11382,#11383,#11384,#11385,#11386,#11387,#11388,#11389,#11390,#11391,#11392,
#11393,#11394,#11395,#11396,#11397,#11398,#11399,#11400,#11401,#11402,#11403,
#11404,#11405,#11406,#11407,#11408,#11409,#11410,#11411,#11412,#11413,#11414,
#11415,#11416,#11417,#11418,#11419,#11420,#11421,#11422),.UNSPECIFIED.,
 .F.,.F.,(4,3,3,3,3,3,3,3,3,3,3,3,3,3,3,3,3,3,3,3,3,3,3,3,3,3,4),(-0.286347380332273,
-0.271028056608289,-0.260272589753106,-0.255882022160283,-0.251921498720823,
-0.235731935828725,-0.229388890697002,-0.224260655253662,-0.220540978182605,
-0.203570000188566,-0.186787982619447,-0.178255253516198,-0.172414137742912,
-0.168800553688346,-0.152657066206451,-0.136071082771329,-0.119748679096288,
-0.116518367882784,-0.113604205416919,-0.0962814776968098,-0.0785857118516064,
-0.0603122472314549,-0.0569838500196385,-0.0387624752990995,-0.0207101629022151,
-0.00549185337100037,0.),.UNSPECIFIED.);
#670=B_SPLINE_CURVE_WITH_KNOTS('',3,(#11423,#11424,#11425,#11426,#11427,
#11428,#11429,#11430,#11431,#11432,#11433,#11434,#11435,#11436,#11437,#11438,
#11439,#11440,#11441,#11442,#11443,#11444),.UNSPECIFIED.,.F.,.F.,(4,3,3,
3,3,3,3,4),(82.9909721343117,83.3386130377358,84.3311617066834,85.3237103756309,
86.3162590445785,87.3088077135261,88.3013563824737,89.2741574414913),
 .UNSPECIFIED.);
#671=LINE('',#3873,#855);
#672=LINE('',#3894,#856);
#673=LINE('',#3945,#857);
#674=LINE('',#3996,#858);
#675=LINE('',#4044,#859);
#676=LINE('',#4095,#860);
#677=LINE('',#4146,#861);
#678=LINE('',#4194,#862);
#679=LINE('',#4245,#863);
#680=LINE('',#4296,#864);
#681=LINE('',#4344,#865);
#682=LINE('',#4395,#866);
#683=LINE('',#4434,#867);
#684=LINE('',#4458,#868);
#685=LINE('',#4482,#869);
#686=LINE('',#4507,#870);
#687=LINE('',#4532,#871);
#688=LINE('',#4556,#872);
#689=LINE('',#4581,#873);
#690=LINE('',#4606,#874);
#691=LINE('',#4630,#875);
#692=LINE('',#4655,#876);
#693=LINE('',#4680,#877);
#694=LINE('',#4704,#878);
#695=LINE('',#4721,#879);
#696=LINE('',#4742,#880);
#697=LINE('',#4793,#881);
#698=LINE('',#4844,#882);
#699=LINE('',#4892,#883);
#700=LINE('',#4943,#884);
#701=LINE('',#4994,#885);
#702=LINE('',#5042,#886);
#703=LINE('',#5093,#887);
#704=LINE('',#5144,#888);
#705=LINE('',#5192,#889);
#706=LINE('',#5243,#890);
#707=LINE('',#5282,#891);
#708=LINE('',#5306,#892);
#709=LINE('',#5330,#893);
#710=LINE('',#5355,#894);
#711=LINE('',#5380,#895);
#712=LINE('',#5404,#896);
#713=LINE('',#5429,#897);
#714=LINE('',#5454,#898);
#715=LINE('',#5478,#899);
#716=LINE('',#5503,#900);
#717=LINE('',#5528,#901);
#718=LINE('',#5552,#902);
#719=LINE('',#5569,#903);
#720=LINE('',#5590,#904);
#721=LINE('',#5641,#905);
#722=LINE('',#5692,#906);
#723=LINE('',#5740,#907);
#724=LINE('',#5791,#908);
#725=LINE('',#5842,#909);
#726=LINE('',#5890,#910);
#727=LINE('',#5941,#911);
#728=LINE('',#5992,#912);
#729=LINE('',#6040,#913);
#730=LINE('',#6091,#914);
#731=LINE('',#6130,#915);
#732=LINE('',#6154,#916);
#733=LINE('',#6178,#917);
#734=LINE('',#6203,#918);
#735=LINE('',#6228,#919);
#736=LINE('',#6252,#920);
#737=LINE('',#6277,#921);
#738=LINE('',#6302,#922);
#739=LINE('',#6326,#923);
#740=LINE('',#6351,#924);
#741=LINE('',#6376,#925);
#742=LINE('',#6400,#926);
#743=LINE('',#6417,#927);
#744=LINE('',#6438,#928);
#745=LINE('',#6489,#929);
#746=LINE('',#6540,#930);
#747=LINE('',#6588,#931);
#748=LINE('',#6639,#932);
#749=LINE('',#6690,#933);
#750=LINE('',#6738,#934);
#751=LINE('',#6789,#935);
#752=LINE('',#6840,#936);
#753=LINE('',#6888,#937);
#754=LINE('',#6939,#938);
#755=LINE('',#6978,#939);
#756=LINE('',#7002,#940);
#757=LINE('',#7026,#941);
#758=LINE('',#7051,#942);
#759=LINE('',#7076,#943);
#760=LINE('',#7100,#944);
#761=LINE('',#7125,#945);
#762=LINE('',#7150,#946);
#763=LINE('',#7174,#947);
#764=LINE('',#7199,#948);
#765=LINE('',#7224,#949);
#766=LINE('',#7248,#950);
#767=LINE('',#7267,#951);
#768=LINE('',#7270,#952);
#769=LINE('',#7273,#953);
#770=LINE('',#7275,#954);
#771=LINE('',#7276,#955);
#772=LINE('',#7282,#956);
#773=LINE('',#7285,#957);
#774=LINE('',#7287,#958);
#775=LINE('',#7288,#959);
#776=LINE('',#7294,#960);
#777=LINE('',#7297,#961);
#778=LINE('',#7299,#962);
#779=LINE('',#7300,#963);
#780=LINE('',#7305,#964);
#781=LINE('',#7308,#965);
#782=LINE('',#7309,#966);
#783=LINE('',#11452,#967);
#784=LINE('',#11456,#968);
#785=LINE('',#11460,#969);
#786=LINE('',#11463,#970);
#787=LINE('',#11467,#971);
#788=LINE('',#11469,#972);
#789=LINE('',#11471,#973);
#790=LINE('',#11472,#974);
#791=LINE('',#11477,#975);
#792=LINE('',#11481,#976);
#793=LINE('',#11485,#977);
#794=LINE('',#11490,#978);
#795=LINE('',#11495,#979);
#796=LINE('',#11496,#980);
#797=LINE('',#11502,#981);
#798=LINE('',#11506,#982);
#799=LINE('',#11510,#983);
#800=LINE('',#11513,#984);
#801=LINE('',#11516,#985);
#802=LINE('',#11519,#986);
#803=LINE('',#11525,#987);
#804=LINE('',#11529,#988);
#805=LINE('',#11533,#989);
#806=LINE('',#11536,#990);
#807=LINE('',#11539,#991);
#808=LINE('',#11542,#992);
#809=LINE('',#11546,#993);
#810=LINE('',#11548,#994);
#811=LINE('',#11550,#995);
#812=LINE('',#11552,#996);
#813=LINE('',#11556,#997);
#814=LINE('',#11559,#998);
#815=LINE('',#11565,#999);
#816=LINE('',#11568,#1000);
#817=LINE('',#11570,#1001);
#818=LINE('',#11574,#1002);
#819=LINE('',#11577,#1003);
#820=LINE('',#11581,#1004);
#821=LINE('',#11584,#1005);
#822=LINE('',#11586,#1006);
#823=LINE('',#11590,#1007);
#824=LINE('',#11591,#1008);
#825=LINE('',#11593,#1009);
#826=LINE('',#11594,#1010);
#827=LINE('',#11597,#1011);
#828=LINE('',#11598,#1012);
#829=LINE('',#11600,#1013);
#830=LINE('',#11601,#1014);
#831=LINE('',#11603,#1015);
#832=LINE('',#11606,#1016);
#833=LINE('',#11609,#1017);
#834=LINE('',#11612,#1018);
#835=LINE('',#11613,#1019);
#836=LINE('',#11616,#1020);
#837=LINE('',#11618,#1021);
#838=LINE('',#11620,#1022);
#839=LINE('',#11621,#1023);
#840=LINE('',#11625,#1024);
#841=LINE('',#11627,#1025);
#842=LINE('',#11631,#1026);
#843=LINE('',#11632,#1027);
#844=LINE('',#11634,#1028);
#845=LINE('',#11635,#1029);
#846=LINE('',#11638,#1030);
#847=LINE('',#11640,#1031);
#848=LINE('',#11642,#1032);
#849=LINE('',#11644,#1033);
#850=LINE('',#11646,#1034);
#851=LINE('',#11648,#1035);
#852=LINE('',#11650,#1036);
#853=LINE('',#11655,#1037);
#854=LINE('',#11659,#1038);
#855=VECTOR('',#3263,1.2645);
#856=VECTOR('',#3268,1.2645);
#857=VECTOR('',#3271,1.2645);
#858=VECTOR('',#3274,1.2645);
#859=VECTOR('',#3277,1.2645);
#860=VECTOR('',#3280,1.2645);
#861=VECTOR('',#3283,1.2645);
#862=VECTOR('',#3286,1.2645);
#863=VECTOR('',#3289,1.2645);
#864=VECTOR('',#3292,1.2645);
#865=VECTOR('',#3295,1.2645);
#866=VECTOR('',#3298,1.2645);
#867=VECTOR('',#3303,1.54300000000001);
#868=VECTOR('',#3308,1.54300000000001);
#869=VECTOR('',#3311,1.54300000000001);
#870=VECTOR('',#3314,1.54300000000001);
#871=VECTOR('',#3317,1.54300000000001);
#872=VECTOR('',#3320,1.54300000000001);
#873=VECTOR('',#3323,1.54300000000001);
#874=VECTOR('',#3326,1.54300000000001);
#875=VECTOR('',#3329,1.54300000000001);
#876=VECTOR('',#3332,1.54300000000001);
#877=VECTOR('',#3335,1.54300000000001);
#878=VECTOR('',#3338,1.54300000000001);
#879=VECTOR('',#3343,1.2645);
#880=VECTOR('',#3348,1.2645);
#881=VECTOR('',#3351,1.2645);
#882=VECTOR('',#3354,1.2645);
#883=VECTOR('',#3357,1.2645);
#884=VECTOR('',#3360,1.2645);
#885=VECTOR('',#3363,1.2645);
#886=VECTOR('',#3366,1.2645);
#887=VECTOR('',#3369,1.2645);
#888=VECTOR('',#3372,1.2645);
#889=VECTOR('',#3375,1.2645);
#890=VECTOR('',#3378,1.2645);
#891=VECTOR('',#3383,1.54300000000001);
#892=VECTOR('',#3388,1.54300000000001);
#893=VECTOR('',#3391,1.54300000000001);
#894=VECTOR('',#3394,1.54300000000001);
#895=VECTOR('',#3397,1.54300000000001);
#896=VECTOR('',#3400,1.54300000000001);
#897=VECTOR('',#3403,1.54300000000001);
#898=VECTOR('',#3406,1.54300000000001);
#899=VECTOR('',#3409,1.54300000000001);
#900=VECTOR('',#3412,1.54300000000001);
#901=VECTOR('',#3415,1.54300000000001);
#902=VECTOR('',#3418,1.54300000000001);
#903=VECTOR('',#3423,1.2645);
#904=VECTOR('',#3428,1.2645);
#905=VECTOR('',#3431,1.2645);
#906=VECTOR('',#3434,1.2645);
#907=VECTOR('',#3437,1.2645);
#908=VECTOR('',#3440,1.2645);
#909=VECTOR('',#3443,1.2645);
#910=VECTOR('',#3446,1.2645);
#911=VECTOR('',#3449,1.2645);
#912=VECTOR('',#3452,1.2645);
#913=VECTOR('',#3455,1.2645);
#914=VECTOR('',#3458,1.2645);
#915=VECTOR('',#3463,1.54300000000003);
#916=VECTOR('',#3468,1.54300000000003);
#917=VECTOR('',#3471,1.54300000000003);
#918=VECTOR('',#3474,1.54300000000003);
#919=VECTOR('',#3477,1.54300000000003);
#920=VECTOR('',#3480,1.54300000000003);
#921=VECTOR('',#3483,1.54300000000003);
#922=VECTOR('',#3486,1.54300000000003);
#923=VECTOR('',#3489,1.54300000000003);
#924=VECTOR('',#3492,1.54300000000003);
#925=VECTOR('',#3495,1.54300000000003);
#926=VECTOR('',#3498,1.54300000000003);
#927=VECTOR('',#3503,1.2645);
#928=VECTOR('',#3508,1.2645);
#929=VECTOR('',#3511,1.2645);
#930=VECTOR('',#3514,1.2645);
#931=VECTOR('',#3517,1.2645);
#932=VECTOR('',#3520,1.2645);
#933=VECTOR('',#3523,1.2645);
#934=VECTOR('',#3526,1.2645);
#935=VECTOR('',#3529,1.2645);
#936=VECTOR('',#3532,1.2645);
#937=VECTOR('',#3535,1.2645);
#938=VECTOR('',#3538,1.2645);
#939=VECTOR('',#3543,1.54299999999998);
#940=VECTOR('',#3548,1.54299999999998);
#941=VECTOR('',#3551,1.54299999999998);
#942=VECTOR('',#3554,1.54299999999998);
#943=VECTOR('',#3557,1.54299999999998);
#944=VECTOR('',#3560,1.54299999999998);
#945=VECTOR('',#3563,1.54299999999998);
#946=VECTOR('',#3566,1.54299999999998);
#947=VECTOR('',#3569,1.54299999999998);
#948=VECTOR('',#3572,1.54299999999998);
#949=VECTOR('',#3575,1.54299999999998);
#950=VECTOR('',#3578,1.54299999999998);
#951=VECTOR('',#3585,10.);
#952=VECTOR('',#3588,10.);
#953=VECTOR('',#3591,10.);
#954=VECTOR('',#3592,10.);
#955=VECTOR('',#3593,10.);
#956=VECTOR('',#3598,10.);
#957=VECTOR('',#3601,10.);
#958=VECTOR('',#3604,10.);
#959=VECTOR('',#3605,10.);
#960=VECTOR('',#3610,10.);
#961=VECTOR('',#3613,10.);
#962=VECTOR('',#3616,10.);
#963=VECTOR('',#3617,10.);
#964=VECTOR('',#3622,10.);
#965=VECTOR('',#3627,10.);
#966=VECTOR('',#3628,10.);
#967=VECTOR('',#3657,10.);
#968=VECTOR('',#3660,10.);
#969=VECTOR('',#3663,10.);
#970=VECTOR('',#3666,10.);
#971=VECTOR('',#3669,10.);
#972=VECTOR('',#3670,10.);
#973=VECTOR('',#3671,10.);
#974=VECTOR('',#3672,10.);
#975=VECTOR('',#3677,10.);
#976=VECTOR('',#3680,10.);
#977=VECTOR('',#3683,10.);
#978=VECTOR('',#3690,10.);
#979=VECTOR('',#3695,10.);
#980=VECTOR('',#3696,10.);
#981=VECTOR('',#3701,10.);
#982=VECTOR('',#3704,10.);
#983=VECTOR('',#3707,10.);
#984=VECTOR('',#3710,10.);
#985=VECTOR('',#3713,10.);
#986=VECTOR('',#3716,10.);
#987=VECTOR('',#3721,10.);
#988=VECTOR('',#3724,10.);
#989=VECTOR('',#3727,10.);
#990=VECTOR('',#3730,10.);
#991=VECTOR('',#3733,10.);
#992=VECTOR('',#3736,10.);
#993=VECTOR('',#3739,10.);
#994=VECTOR('',#3740,10.);
#995=VECTOR('',#3741,10.);
#996=VECTOR('',#3742,10.);
#997=VECTOR('',#3745,10.);
#998=VECTOR('',#3748,10.);
#999=VECTOR('',#3753,10.);
#1000=VECTOR('',#3756,10.);
#1001=VECTOR('',#3757,10.);
#1002=VECTOR('',#3760,10.);
#1003=VECTOR('',#3763,10.);
#1004=VECTOR('',#3766,10.);
#1005=VECTOR('',#3769,10.);
#1006=VECTOR('',#3770,10.);
#1007=VECTOR('',#3775,10.);
#1008=VECTOR('',#3776,10.);
#1009=VECTOR('',#3779,10.);
#1010=VECTOR('',#3780,10.);
#1011=VECTOR('',#3785,10.);
#1012=VECTOR('',#3786,10.);
#1013=VECTOR('',#3789,10.);
#1014=VECTOR('',#3790,10.);
#1015=VECTOR('',#3793,10.);
#1016=VECTOR('',#3796,10.);
#1017=VECTOR('',#3799,10.);
#1018=VECTOR('',#3802,10.);
#1019=VECTOR('',#3803,10.);
#1020=VECTOR('',#3806,10.);
#1021=VECTOR('',#3807,10.);
#1022=VECTOR('',#3808,10.);
#1023=VECTOR('',#3809,10.);
#1024=VECTOR('',#3814,10.);
#1025=VECTOR('',#3815,10.);
#1026=VECTOR('',#3822,10.);
#1027=VECTOR('',#3823,10.);
#1028=VECTOR('',#3826,10.);
#1029=VECTOR('',#3827,10.);
#1030=VECTOR('',#3832,10.);
#1031=VECTOR('',#3835,10.);
#1032=VECTOR('',#3838,10.);
#1033=VECTOR('',#3841,10.);
#1034=VECTOR('',#3844,10.);
#1035=VECTOR('',#3847,10.);
#1036=VECTOR('',#3850,10.);
#1037=VECTOR('',#3859,10.);
#1038=VECTOR('',#3866,10.);
#1039=VERTEX_POINT('',#3871);
#1040=VERTEX_POINT('',#3872);
#1041=VERTEX_POINT('',#3874);
#1042=VERTEX_POINT('',#3879);
#1043=VERTEX_POINT('',#3892);
#1044=VERTEX_POINT('',#3893);
#1045=VERTEX_POINT('',#3943);
#1046=VERTEX_POINT('',#3944);
#1047=VERTEX_POINT('',#3994);
#1048=VERTEX_POINT('',#3995);
#1049=VERTEX_POINT('',#4042);
#1050=VERTEX_POINT('',#4043);
#1051=VERTEX_POINT('',#4093);
#1052=VERTEX_POINT('',#4094);
#1053=VERTEX_POINT('',#4144);
#1054=VERTEX_POINT('',#4145);
#1055=VERTEX_POINT('',#4192);
#1056=VERTEX_POINT('',#4193);
#1057=VERTEX_POINT('',#4243);
#1058=VERTEX_POINT('',#4244);
#1059=VERTEX_POINT('',#4294);
#1060=VERTEX_POINT('',#4295);
#1061=VERTEX_POINT('',#4342);
#1062=VERTEX_POINT('',#4343);
#1063=VERTEX_POINT('',#4393);
#1064=VERTEX_POINT('',#4394);
#1065=VERTEX_POINT('',#4396);
#1066=VERTEX_POINT('',#4410);
#1067=VERTEX_POINT('',#4432);
#1068=VERTEX_POINT('',#4433);
#1069=VERTEX_POINT('',#4435);
#1070=VERTEX_POINT('',#4444);
#1071=VERTEX_POINT('',#4456);
#1072=VERTEX_POINT('',#4457);
#1073=VERTEX_POINT('',#4480);
#1074=VERTEX_POINT('',#4481);
#1075=VERTEX_POINT('',#4505);
#1076=VERTEX_POINT('',#4506);
#1077=VERTEX_POINT('',#4530);
#1078=VERTEX_POINT('',#4531);
#1079=VERTEX_POINT('',#4554);
#1080=VERTEX_POINT('',#4555);
#1081=VERTEX_POINT('',#4579);
#1082=VERTEX_POINT('',#4580);
#1083=VERTEX_POINT('',#4604);
#1084=VERTEX_POINT('',#4605);
#1085=VERTEX_POINT('',#4628);
#1086=VERTEX_POINT('',#4629);
#1087=VERTEX_POINT('',#4653);
#1088=VERTEX_POINT('',#4654);
#1089=VERTEX_POINT('',#4678);
#1090=VERTEX_POINT('',#4679);
#1091=VERTEX_POINT('',#4702);
#1092=VERTEX_POINT('',#4703);
#1093=VERTEX_POINT('',#4705);
#1094=VERTEX_POINT('',#4711);
#1095=VERTEX_POINT('',#4719);
#1096=VERTEX_POINT('',#4720);
#1097=VERTEX_POINT('',#4722);
#1098=VERTEX_POINT('',#4727);
#1099=VERTEX_POINT('',#4740);
#1100=VERTEX_POINT('',#4741);
#1101=VERTEX_POINT('',#4791);
#1102=VERTEX_POINT('',#4792);
#1103=VERTEX_POINT('',#4842);
#1104=VERTEX_POINT('',#4843);
#1105=VERTEX_POINT('',#4890);
#1106=VERTEX_POINT('',#4891);
#1107=VERTEX_POINT('',#4941);
#1108=VERTEX_POINT('',#4942);
#1109=VERTEX_POINT('',#4992);
#1110=VERTEX_POINT('',#4993);
#1111=VERTEX_POINT('',#5040);
#1112=VERTEX_POINT('',#5041);
#1113=VERTEX_POINT('',#5091);
#1114=VERTEX_POINT('',#5092);
#1115=VERTEX_POINT('',#5142);
#1116=VERTEX_POINT('',#5143);
#1117=VERTEX_POINT('',#5190);
#1118=VERTEX_POINT('',#5191);
#1119=VERTEX_POINT('',#5241);
#1120=VERTEX_POINT('',#5242);
#1121=VERTEX_POINT('',#5244);
#1122=VERTEX_POINT('',#5258);
#1123=VERTEX_POINT('',#5280);
#1124=VERTEX_POINT('',#5281);
#1125=VERTEX_POINT('',#5283);
#1126=VERTEX_POINT('',#5292);
#1127=VERTEX_POINT('',#5304);
#1128=VERTEX_POINT('',#5305);
#1129=VERTEX_POINT('',#5328);
#1130=VERTEX_POINT('',#5329);
#1131=VERTEX_POINT('',#5353);
#1132=VERTEX_POINT('',#5354);
#1133=VERTEX_POINT('',#5378);
#1134=VERTEX_POINT('',#5379);
#1135=VERTEX_POINT('',#5402);
#1136=VERTEX_POINT('',#5403);
#1137=VERTEX_POINT('',#5427);
#1138=VERTEX_POINT('',#5428);
#1139=VERTEX_POINT('',#5452);
#1140=VERTEX_POINT('',#5453);
#1141=VERTEX_POINT('',#5476);
#1142=VERTEX_POINT('',#5477);
#1143=VERTEX_POINT('',#5501);
#1144=VERTEX_POINT('',#5502);
#1145=VERTEX_POINT('',#5526);
#1146=VERTEX_POINT('',#5527);
#1147=VERTEX_POINT('',#5550);
#1148=VERTEX_POINT('',#5551);
#1149=VERTEX_POINT('',#5553);
#1150=VERTEX_POINT('',#5559);
#1151=VERTEX_POINT('',#5567);
#1152=VERTEX_POINT('',#5568);
#1153=VERTEX_POINT('',#5570);
#1154=VERTEX_POINT('',#5575);
#1155=VERTEX_POINT('',#5588);
#1156=VERTEX_POINT('',#5589);
#1157=VERTEX_POINT('',#5639);
#1158=VERTEX_POINT('',#5640);
#1159=VERTEX_POINT('',#5690);
#1160=VERTEX_POINT('',#5691);
#1161=VERTEX_POINT('',#5738);
#1162=VERTEX_POINT('',#5739);
#1163=VERTEX_POINT('',#5789);
#1164=VERTEX_POINT('',#5790);
#1165=VERTEX_POINT('',#5840);
#1166=VERTEX_POINT('',#5841);
#1167=VERTEX_POINT('',#5888);
#1168=VERTEX_POINT('',#5889);
#1169=VERTEX_POINT('',#5939);
#1170=VERTEX_POINT('',#5940);
#1171=VERTEX_POINT('',#5990);
#1172=VERTEX_POINT('',#5991);
#1173=VERTEX_POINT('',#6038);
#1174=VERTEX_POINT('',#6039);
#1175=VERTEX_POINT('',#6089);
#1176=VERTEX_POINT('',#6090);
#1177=VERTEX_POINT('',#6092);
#1178=VERTEX_POINT('',#6106);
#1179=VERTEX_POINT('',#6128);
#1180=VERTEX_POINT('',#6129);
#1181=VERTEX_POINT('',#6131);
#1182=VERTEX_POINT('',#6140);
#1183=VERTEX_POINT('',#6152);
#1184=VERTEX_POINT('',#6153);
#1185=VERTEX_POINT('',#6176);
#1186=VERTEX_POINT('',#6177);
#1187=VERTEX_POINT('',#6201);
#1188=VERTEX_POINT('',#6202);
#1189=VERTEX_POINT('',#6226);
#1190=VERTEX_POINT('',#6227);
#1191=VERTEX_POINT('',#6250);
#1192=VERTEX_POINT('',#6251);
#1193=VERTEX_POINT('',#6275);
#1194=VERTEX_POINT('',#6276);
#1195=VERTEX_POINT('',#6300);
#1196=VERTEX_POINT('',#6301);
#1197=VERTEX_POINT('',#6324);
#1198=VERTEX_POINT('',#6325);
#1199=VERTEX_POINT('',#6349);
#1200=VERTEX_POINT('',#6350);
#1201=VERTEX_POINT('',#6374);
#1202=VERTEX_POINT('',#6375);
#1203=VERTEX_POINT('',#6398);
#1204=VERTEX_POINT('',#6399);
#1205=VERTEX_POINT('',#6401);
#1206=VERTEX_POINT('',#6407);
#1207=VERTEX_POINT('',#6415);
#1208=VERTEX_POINT('',#6416);
#1209=VERTEX_POINT('',#6418);
#1210=VERTEX_POINT('',#6423);
#1211=VERTEX_POINT('',#6436);
#1212=VERTEX_POINT('',#6437);
#1213=VERTEX_POINT('',#6487);
#1214=VERTEX_POINT('',#6488);
#1215=VERTEX_POINT('',#6538);
#1216=VERTEX_POINT('',#6539);
#1217=VERTEX_POINT('',#6586);
#1218=VERTEX_POINT('',#6587);
#1219=VERTEX_POINT('',#6637);
#1220=VERTEX_POINT('',#6638);
#1221=VERTEX_POINT('',#6688);
#1222=VERTEX_POINT('',#6689);
#1223=VERTEX_POINT('',#6736);
#1224=VERTEX_POINT('',#6737);
#1225=VERTEX_POINT('',#6787);
#1226=VERTEX_POINT('',#6788);
#1227=VERTEX_POINT('',#6838);
#1228=VERTEX_POINT('',#6839);
#1229=VERTEX_POINT('',#6886);
#1230=VERTEX_POINT('',#6887);
#1231=VERTEX_POINT('',#6937);
#1232=VERTEX_POINT('',#6938);
#1233=VERTEX_POINT('',#6940);
#1234=VERTEX_POINT('',#6954);
#1235=VERTEX_POINT('',#6976);
#1236=VERTEX_POINT('',#6977);
#1237=VERTEX_POINT('',#6979);
#1238=VERTEX_POINT('',#6988);
#1239=VERTEX_POINT('',#7000);
#1240=VERTEX_POINT('',#7001);
#1241=VERTEX_POINT('',#7024);
#1242=VERTEX_POINT('',#7025);
#1243=VERTEX_POINT('',#7049);
#1244=VERTEX_POINT('',#7050);
#1245=VERTEX_POINT('',#7074);
#1246=VERTEX_POINT('',#7075);
#1247=VERTEX_POINT('',#7098);
#1248=VERTEX_POINT('',#7099);
#1249=VERTEX_POINT('',#7123);
#1250=VERTEX_POINT('',#7124);
#1251=VERTEX_POINT('',#7148);
#1252=VERTEX_POINT('',#7149);
#1253=VERTEX_POINT('',#7172);
#1254=VERTEX_POINT('',#7173);
#1255=VERTEX_POINT('',#7197);
#1256=VERTEX_POINT('',#7198);
#1257=VERTEX_POINT('',#7222);
#1258=VERTEX_POINT('',#7223);
#1259=VERTEX_POINT('',#7246);
#1260=VERTEX_POINT('',#7247);
#1261=VERTEX_POINT('',#7249);
#1262=VERTEX_POINT('',#7255);
#1263=VERTEX_POINT('',#7263);
#1264=VERTEX_POINT('',#7264);
#1265=VERTEX_POINT('',#7266);
#1266=VERTEX_POINT('',#7268);
#1267=VERTEX_POINT('',#7272);
#1268=VERTEX_POINT('',#7274);
#1269=VERTEX_POINT('',#7278);
#1270=VERTEX_POINT('',#7279);
#1271=VERTEX_POINT('',#7281);
#1272=VERTEX_POINT('',#7283);
#1273=VERTEX_POINT('',#7290);
#1274=VERTEX_POINT('',#7291);
#1275=VERTEX_POINT('',#7293);
#1276=VERTEX_POINT('',#7295);
#1277=VERTEX_POINT('',#7302);
#1278=VERTEX_POINT('',#7304);
#1279=VERTEX_POINT('',#11448);
#1280=VERTEX_POINT('',#11449);
#1281=VERTEX_POINT('',#11451);
#1282=VERTEX_POINT('',#11453);
#1283=VERTEX_POINT('',#11455);
#1284=VERTEX_POINT('',#11457);
#1285=VERTEX_POINT('',#11459);
#1286=VERTEX_POINT('',#11461);
#1287=VERTEX_POINT('',#11465);
#1288=VERTEX_POINT('',#11466);
#1289=VERTEX_POINT('',#11468);
#1290=VERTEX_POINT('',#11470);
#1291=VERTEX_POINT('',#11474);
#1292=VERTEX_POINT('',#11476);
#1293=VERTEX_POINT('',#11478);
#1294=VERTEX_POINT('',#11480);
#1295=VERTEX_POINT('',#11482);
#1296=VERTEX_POINT('',#11484);
#1297=VERTEX_POINT('',#11488);
#1298=VERTEX_POINT('',#11492);
#1299=VERTEX_POINT('',#11493);
#1300=VERTEX_POINT('',#11498);
#1301=VERTEX_POINT('',#11499);
#1302=VERTEX_POINT('',#11501);
#1303=VERTEX_POINT('',#11503);
#1304=VERTEX_POINT('',#11505);
#1305=VERTEX_POINT('',#11507);
#1306=VERTEX_POINT('',#11509);
#1307=VERTEX_POINT('',#11511);
#1308=VERTEX_POINT('',#11515);
#1309=VERTEX_POINT('',#11517);
#1310=VERTEX_POINT('',#11521);
#1311=VERTEX_POINT('',#11522);
#1312=VERTEX_POINT('',#11524);
#1313=VERTEX_POINT('',#11526);
#1314=VERTEX_POINT('',#11528);
#1315=VERTEX_POINT('',#11530);
#1316=VERTEX_POINT('',#11532);
#1317=VERTEX_POINT('',#11534);
#1318=VERTEX_POINT('',#11538);
#1319=VERTEX_POINT('',#11540);
#1320=VERTEX_POINT('',#11544);
#1321=VERTEX_POINT('',#11545);
#1322=VERTEX_POINT('',#11547);
#1323=VERTEX_POINT('',#11549);
#1324=VERTEX_POINT('',#11551);
#1325=VERTEX_POINT('',#11553);
#1326=VERTEX_POINT('',#11555);
#1327=VERTEX_POINT('',#11557);
#1328=VERTEX_POINT('',#11561);
#1329=VERTEX_POINT('',#11562);
#1330=VERTEX_POINT('',#11564);
#1331=VERTEX_POINT('',#11566);
#1332=VERTEX_POINT('',#11569);
#1333=VERTEX_POINT('',#11571);
#1334=VERTEX_POINT('',#11573);
#1335=VERTEX_POINT('',#11575);
#1336=VERTEX_POINT('',#11578);
#1337=VERTEX_POINT('',#11580);
#1338=VERTEX_POINT('',#11582);
#1339=VERTEX_POINT('',#11585);
#1340=VERTEX_POINT('',#11588);
#1341=VERTEX_POINT('',#11605);
#1342=VERTEX_POINT('',#11607);
#1343=VERTEX_POINT('',#11611);
#1344=VERTEX_POINT('',#11615);
#1345=VERTEX_POINT('',#11617);
#1346=VERTEX_POINT('',#11619);
#1347=VERTEX_POINT('',#11623);
#1348=VERTEX_POINT('',#11626);
#1349=EDGE_CURVE('',#1039,#1040,#671,.T.);
#1350=EDGE_CURVE('',#1040,#1041,#447,.T.);
#1351=EDGE_CURVE('',#1041,#1042,#389,.T.);
#1352=EDGE_CURVE('',#1042,#1039,#448,.T.);
#1353=EDGE_CURVE('',#1043,#1044,#672,.T.);
#1354=EDGE_CURVE('',#1044,#1040,#449,.T.);
#1355=EDGE_CURVE('',#1039,#1043,#450,.T.);
#1356=EDGE_CURVE('',#1045,#1046,#673,.T.);
#1357=EDGE_CURVE('',#1046,#1044,#451,.T.);
#1358=EDGE_CURVE('',#1043,#1045,#452,.T.);
#1359=EDGE_CURVE('',#1047,#1048,#674,.T.);
#1360=EDGE_CURVE('',#1048,#1046,#453,.T.);
#1361=EDGE_CURVE('',#1045,#1047,#454,.T.);
#1362=EDGE_CURVE('',#1049,#1050,#675,.T.);
#1363=EDGE_CURVE('',#1050,#1048,#455,.T.);
#1364=EDGE_CURVE('',#1047,#1049,#456,.T.);
#1365=EDGE_CURVE('',#1051,#1052,#676,.T.);
#1366=EDGE_CURVE('',#1052,#1050,#457,.T.);
#1367=EDGE_CURVE('',#1049,#1051,#458,.T.);
#1368=EDGE_CURVE('',#1053,#1054,#677,.T.);
#1369=EDGE_CURVE('',#1054,#1052,#459,.T.);
#1370=EDGE_CURVE('',#1051,#1053,#460,.T.);
#1371=EDGE_CURVE('',#1055,#1056,#678,.T.);
#1372=EDGE_CURVE('',#1056,#1054,#461,.T.);
#1373=EDGE_CURVE('',#1053,#1055,#462,.T.);
#1374=EDGE_CURVE('',#1057,#1058,#679,.T.);
#1375=EDGE_CURVE('',#1058,#1056,#463,.T.);
#1376=EDGE_CURVE('',#1055,#1057,#464,.T.);
#1377=EDGE_CURVE('',#1059,#1060,#680,.T.);
#1378=EDGE_CURVE('',#1060,#1058,#465,.T.);
#1379=EDGE_CURVE('',#1057,#1059,#466,.T.);
#1380=EDGE_CURVE('',#1061,#1062,#681,.T.);
#1381=EDGE_CURVE('',#1062,#1060,#467,.T.);
#1382=EDGE_CURVE('',#1059,#1061,#468,.T.);
#1383=EDGE_CURVE('',#1063,#1064,#682,.T.);
#1384=EDGE_CURVE('',#1063,#1065,#469,.T.);
#1385=EDGE_CURVE('',#1066,#1065,#390,.T.);
#1386=EDGE_CURVE('',#1066,#1064,#470,.T.);
#1387=EDGE_CURVE('',#1067,#1068,#683,.T.);
#1388=EDGE_CURVE('',#1068,#1069,#471,.T.);
#1389=EDGE_CURVE('',#1070,#1069,#391,.T.);
#1390=EDGE_CURVE('',#1067,#1070,#472,.T.);
#1391=EDGE_CURVE('',#1071,#1072,#684,.T.);
#1392=EDGE_CURVE('',#1072,#1068,#473,.T.);
#1393=EDGE_CURVE('',#1071,#1067,#474,.T.);
#1394=EDGE_CURVE('',#1073,#1074,#685,.T.);
#1395=EDGE_CURVE('',#1074,#1072,#475,.T.);
#1396=EDGE_CURVE('',#1073,#1071,#476,.T.);
#1397=EDGE_CURVE('',#1075,#1076,#686,.T.);
#1398=EDGE_CURVE('',#1076,#1074,#477,.T.);
#1399=EDGE_CURVE('',#1075,#1073,#478,.T.);
#1400=EDGE_CURVE('',#1077,#1078,#687,.T.);
#1401=EDGE_CURVE('',#1078,#1076,#479,.T.);
#1402=EDGE_CURVE('',#1077,#1075,#480,.T.);
#1403=EDGE_CURVE('',#1079,#1080,#688,.T.);
#1404=EDGE_CURVE('',#1080,#1078,#481,.T.);
#1405=EDGE_CURVE('',#1079,#1077,#482,.T.);
#1406=EDGE_CURVE('',#1081,#1082,#689,.T.);
#1407=EDGE_CURVE('',#1082,#1080,#483,.T.);
#1408=EDGE_CURVE('',#1081,#1079,#484,.T.);
#1409=EDGE_CURVE('',#1083,#1084,#690,.T.);
#1410=EDGE_CURVE('',#1084,#1082,#485,.T.);
#1411=EDGE_CURVE('',#1083,#1081,#486,.T.);
#1412=EDGE_CURVE('',#1085,#1086,#691,.T.);
#1413=EDGE_CURVE('',#1086,#1084,#487,.T.);
#1414=EDGE_CURVE('',#1085,#1083,#488,.T.);
#1415=EDGE_CURVE('',#1087,#1088,#692,.T.);
#1416=EDGE_CURVE('',#1088,#1086,#489,.T.);
#1417=EDGE_CURVE('',#1087,#1085,#490,.T.);
#1418=EDGE_CURVE('',#1089,#1090,#693,.T.);
#1419=EDGE_CURVE('',#1090,#1088,#491,.T.);
#1420=EDGE_CURVE('',#1089,#1087,#492,.T.);
#1421=EDGE_CURVE('',#1091,#1092,#694,.T.);
#1422=EDGE_CURVE('',#1093,#1091,#493,.T.);
#1423=EDGE_CURVE('',#1094,#1093,#392,.T.);
#1424=EDGE_CURVE('',#1094,#1092,#494,.T.);
#1425=EDGE_CURVE('',#1095,#1096,#695,.T.);
#1426=EDGE_CURVE('',#1096,#1097,#495,.T.);
#1427=EDGE_CURVE('',#1097,#1098,#393,.T.);
#1428=EDGE_CURVE('',#1098,#1095,#496,.T.);
#1429=EDGE_CURVE('',#1099,#1100,#696,.T.);
#1430=EDGE_CURVE('',#1100,#1096,#497,.T.);
#1431=EDGE_CURVE('',#1095,#1099,#498,.T.);
#1432=EDGE_CURVE('',#1101,#1102,#697,.T.);
#1433=EDGE_CURVE('',#1102,#1100,#499,.T.);
#1434=EDGE_CURVE('',#1099,#1101,#500,.T.);
#1435=EDGE_CURVE('',#1103,#1104,#698,.T.);
#1436=EDGE_CURVE('',#1104,#1102,#501,.T.);
#1437=EDGE_CURVE('',#1101,#1103,#502,.T.);
#1438=EDGE_CURVE('',#1105,#1106,#699,.T.);
#1439=EDGE_CURVE('',#1106,#1104,#503,.T.);
#1440=EDGE_CURVE('',#1103,#1105,#504,.T.);
#1441=EDGE_CURVE('',#1107,#1108,#700,.T.);
#1442=EDGE_CURVE('',#1108,#1106,#505,.T.);
#1443=EDGE_CURVE('',#1105,#1107,#506,.T.);
#1444=EDGE_CURVE('',#1109,#1110,#701,.T.);
#1445=EDGE_CURVE('',#1110,#1108,#507,.T.);
#1446=EDGE_CURVE('',#1107,#1109,#508,.T.);
#1447=EDGE_CURVE('',#1111,#1112,#702,.T.);
#1448=EDGE_CURVE('',#1112,#1110,#509,.T.);
#1449=EDGE_CURVE('',#1109,#1111,#510,.T.);
#1450=EDGE_CURVE('',#1113,#1114,#703,.T.);
#1451=EDGE_CURVE('',#1114,#1112,#511,.T.);
#1452=EDGE_CURVE('',#1111,#1113,#512,.T.);
#1453=EDGE_CURVE('',#1115,#1116,#704,.T.);
#1454=EDGE_CURVE('',#1116,#1114,#513,.T.);
#1455=EDGE_CURVE('',#1113,#1115,#514,.T.);
#1456=EDGE_CURVE('',#1117,#1118,#705,.T.);
#1457=EDGE_CURVE('',#1118,#1116,#515,.T.);
#1458=EDGE_CURVE('',#1115,#1117,#516,.T.);
#1459=EDGE_CURVE('',#1119,#1120,#706,.T.);
#1460=EDGE_CURVE('',#1119,#1121,#517,.T.);
#1461=EDGE_CURVE('',#1122,#1121,#394,.T.);
#1462=EDGE_CURVE('',#1122,#1120,#518,.T.);
#1463=EDGE_CURVE('',#1123,#1124,#707,.T.);
#1464=EDGE_CURVE('',#1124,#1125,#519,.T.);
#1465=EDGE_CURVE('',#1126,#1125,#395,.T.);
#1466=EDGE_CURVE('',#1123,#1126,#520,.T.);
#1467=EDGE_CURVE('',#1127,#1128,#708,.T.);
#1468=EDGE_CURVE('',#1128,#1124,#521,.T.);
#1469=EDGE_CURVE('',#1127,#1123,#522,.T.);
#1470=EDGE_CURVE('',#1129,#1130,#709,.T.);
#1471=EDGE_CURVE('',#1130,#1128,#523,.T.);
#1472=EDGE_CURVE('',#1129,#1127,#524,.T.);
#1473=EDGE_CURVE('',#1131,#1132,#710,.T.);
#1474=EDGE_CURVE('',#1132,#1130,#525,.T.);
#1475=EDGE_CURVE('',#1131,#1129,#526,.T.);
#1476=EDGE_CURVE('',#1133,#1134,#711,.T.);
#1477=EDGE_CURVE('',#1134,#1132,#527,.T.);
#1478=EDGE_CURVE('',#1133,#1131,#528,.T.);
#1479=EDGE_CURVE('',#1135,#1136,#712,.T.);
#1480=EDGE_CURVE('',#1136,#1134,#529,.T.);
#1481=EDGE_CURVE('',#1135,#1133,#530,.T.);
#1482=EDGE_CURVE('',#1137,#1138,#713,.T.);
#1483=EDGE_CURVE('',#1138,#1136,#531,.T.);
#1484=EDGE_CURVE('',#1137,#1135,#532,.T.);
#1485=EDGE_CURVE('',#1139,#1140,#714,.T.);
#1486=EDGE_CURVE('',#1140,#1138,#533,.T.);
#1487=EDGE_CURVE('',#1139,#1137,#534,.T.);
#1488=EDGE_CURVE('',#1141,#1142,#715,.T.);
#1489=EDGE_CURVE('',#1142,#1140,#535,.T.);
#1490=EDGE_CURVE('',#1141,#1139,#536,.T.);
#1491=EDGE_CURVE('',#1143,#1144,#716,.T.);
#1492=EDGE_CURVE('',#1144,#1142,#537,.T.);
#1493=EDGE_CURVE('',#1143,#1141,#538,.T.);
#1494=EDGE_CURVE('',#1145,#1146,#717,.T.);
#1495=EDGE_CURVE('',#1146,#1144,#539,.T.);
#1496=EDGE_CURVE('',#1145,#1143,#540,.T.);
#1497=EDGE_CURVE('',#1147,#1148,#718,.T.);
#1498=EDGE_CURVE('',#1149,#1147,#541,.T.);
#1499=EDGE_CURVE('',#1150,#1149,#396,.T.);
#1500=EDGE_CURVE('',#1150,#1148,#542,.T.);
#1501=EDGE_CURVE('',#1151,#1152,#719,.T.);
#1502=EDGE_CURVE('',#1152,#1153,#543,.T.);
#1503=EDGE_CURVE('',#1153,#1154,#397,.T.);
#1504=EDGE_CURVE('',#1154,#1151,#544,.T.);
#1505=EDGE_CURVE('',#1155,#1156,#720,.T.);
#1506=EDGE_CURVE('',#1156,#1152,#545,.T.);
#1507=EDGE_CURVE('',#1151,#1155,#546,.T.);
#1508=EDGE_CURVE('',#1157,#1158,#721,.T.);
#1509=EDGE_CURVE('',#1158,#1156,#547,.T.);
#1510=EDGE_CURVE('',#1155,#1157,#548,.T.);
#1511=EDGE_CURVE('',#1159,#1160,#722,.T.);
#1512=EDGE_CURVE('',#1160,#1158,#549,.T.);
#1513=EDGE_CURVE('',#1157,#1159,#550,.T.);
#1514=EDGE_CURVE('',#1161,#1162,#723,.T.);
#1515=EDGE_CURVE('',#1162,#1160,#551,.T.);
#1516=EDGE_CURVE('',#1159,#1161,#552,.T.);
#1517=EDGE_CURVE('',#1163,#1164,#724,.T.);
#1518=EDGE_CURVE('',#1164,#1162,#553,.T.);
#1519=EDGE_CURVE('',#1161,#1163,#554,.T.);
#1520=EDGE_CURVE('',#1165,#1166,#725,.T.);
#1521=EDGE_CURVE('',#1166,#1164,#555,.T.);
#1522=EDGE_CURVE('',#1163,#1165,#556,.T.);
#1523=EDGE_CURVE('',#1167,#1168,#726,.T.);
#1524=EDGE_CURVE('',#1168,#1166,#557,.T.);
#1525=EDGE_CURVE('',#1165,#1167,#558,.T.);
#1526=EDGE_CURVE('',#1169,#1170,#727,.T.);
#1527=EDGE_CURVE('',#1170,#1168,#559,.T.);
#1528=EDGE_CURVE('',#1167,#1169,#560,.T.);
#1529=EDGE_CURVE('',#1171,#1172,#728,.T.);
#1530=EDGE_CURVE('',#1172,#1170,#561,.T.);
#1531=EDGE_CURVE('',#1169,#1171,#562,.T.);
#1532=EDGE_CURVE('',#1173,#1174,#729,.T.);
#1533=EDGE_CURVE('',#1174,#1172,#563,.T.);
#1534=EDGE_CURVE('',#1171,#1173,#564,.T.);
#1535=EDGE_CURVE('',#1175,#1176,#730,.T.);
#1536=EDGE_CURVE('',#1175,#1177,#565,.T.);
#1537=EDGE_CURVE('',#1178,#1177,#398,.T.);
#1538=EDGE_CURVE('',#1178,#1176,#566,.T.);
#1539=EDGE_CURVE('',#1179,#1180,#731,.T.);
#1540=EDGE_CURVE('',#1180,#1181,#567,.T.);
#1541=EDGE_CURVE('',#1182,#1181,#399,.T.);
#1542=EDGE_CURVE('',#1179,#1182,#568,.T.);
#1543=EDGE_CURVE('',#1183,#1184,#732,.T.);
#1544=EDGE_CURVE('',#1184,#1180,#569,.T.);
#1545=EDGE_CURVE('',#1183,#1179,#570,.T.);
#1546=EDGE_CURVE('',#1185,#1186,#733,.T.);
#1547=EDGE_CURVE('',#1186,#1184,#571,.T.);
#1548=EDGE_CURVE('',#1185,#1183,#572,.T.);
#1549=EDGE_CURVE('',#1187,#1188,#734,.T.);
#1550=EDGE_CURVE('',#1188,#1186,#573,.T.);
#1551=EDGE_CURVE('',#1187,#1185,#574,.T.);
#1552=EDGE_CURVE('',#1189,#1190,#735,.T.);
#1553=EDGE_CURVE('',#1190,#1188,#575,.T.);
#1554=EDGE_CURVE('',#1189,#1187,#576,.T.);
#1555=EDGE_CURVE('',#1191,#1192,#736,.T.);
#1556=EDGE_CURVE('',#1192,#1190,#577,.T.);
#1557=EDGE_CURVE('',#1191,#1189,#578,.T.);
#1558=EDGE_CURVE('',#1193,#1194,#737,.T.);
#1559=EDGE_CURVE('',#1194,#1192,#579,.T.);
#1560=EDGE_CURVE('',#1193,#1191,#580,.T.);
#1561=EDGE_CURVE('',#1195,#1196,#738,.T.);
#1562=EDGE_CURVE('',#1196,#1194,#581,.T.);
#1563=EDGE_CURVE('',#1195,#1193,#582,.T.);
#1564=EDGE_CURVE('',#1197,#1198,#739,.T.);
#1565=EDGE_CURVE('',#1198,#1196,#583,.T.);
#1566=EDGE_CURVE('',#1197,#1195,#584,.T.);
#1567=EDGE_CURVE('',#1199,#1200,#740,.T.);
#1568=EDGE_CURVE('',#1200,#1198,#585,.T.);
#1569=EDGE_CURVE('',#1199,#1197,#586,.T.);
#1570=EDGE_CURVE('',#1201,#1202,#741,.T.);
#1571=EDGE_CURVE('',#1202,#1200,#587,.T.);
#1572=EDGE_CURVE('',#1201,#1199,#588,.T.);
#1573=EDGE_CURVE('',#1203,#1204,#742,.T.);
#1574=EDGE_CURVE('',#1205,#1203,#589,.T.);
#1575=EDGE_CURVE('',#1206,#1205,#400,.T.);
#1576=EDGE_CURVE('',#1206,#1204,#590,.T.);
#1577=EDGE_CURVE('',#1207,#1208,#743,.T.);
#1578=EDGE_CURVE('',#1208,#1209,#591,.T.);
#1579=EDGE_CURVE('',#1209,#1210,#401,.T.);
#1580=EDGE_CURVE('',#1210,#1207,#592,.T.);
#1581=EDGE_CURVE('',#1211,#1212,#744,.T.);
#1582=EDGE_CURVE('',#1212,#1208,#593,.T.);
#1583=EDGE_CURVE('',#1207,#1211,#594,.T.);
#1584=EDGE_CURVE('',#1213,#1214,#745,.T.);
#1585=EDGE_CURVE('',#1214,#1212,#595,.T.);
#1586=EDGE_CURVE('',#1211,#1213,#596,.T.);
#1587=EDGE_CURVE('',#1215,#1216,#746,.T.);
#1588=EDGE_CURVE('',#1216,#1214,#597,.T.);
#1589=EDGE_CURVE('',#1213,#1215,#598,.T.);
#1590=EDGE_CURVE('',#1217,#1218,#747,.T.);
#1591=EDGE_CURVE('',#1218,#1216,#599,.T.);
#1592=EDGE_CURVE('',#1215,#1217,#600,.T.);
#1593=EDGE_CURVE('',#1219,#1220,#748,.T.);
#1594=EDGE_CURVE('',#1220,#1218,#601,.T.);
#1595=EDGE_CURVE('',#1217,#1219,#602,.T.);
#1596=EDGE_CURVE('',#1221,#1222,#749,.T.);
#1597=EDGE_CURVE('',#1222,#1220,#603,.T.);
#1598=EDGE_CURVE('',#1219,#1221,#604,.T.);
#1599=EDGE_CURVE('',#1223,#1224,#750,.T.);
#1600=EDGE_CURVE('',#1224,#1222,#605,.T.);
#1601=EDGE_CURVE('',#1221,#1223,#606,.T.);
#1602=EDGE_CURVE('',#1225,#1226,#751,.T.);
#1603=EDGE_CURVE('',#1226,#1224,#607,.T.);
#1604=EDGE_CURVE('',#1223,#1225,#608,.T.);
#1605=EDGE_CURVE('',#1227,#1228,#752,.T.);
#1606=EDGE_CURVE('',#1228,#1226,#609,.T.);
#1607=EDGE_CURVE('',#1225,#1227,#610,.T.);
#1608=EDGE_CURVE('',#1229,#1230,#753,.T.);
#1609=EDGE_CURVE('',#1230,#1228,#611,.T.);
#1610=EDGE_CURVE('',#1227,#1229,#612,.T.);
#1611=EDGE_CURVE('',#1231,#1232,#754,.T.);
#1612=EDGE_CURVE('',#1231,#1233,#613,.T.);
#1613=EDGE_CURVE('',#1234,#1233,#402,.T.);
#1614=EDGE_CURVE('',#1234,#1232,#614,.T.);
#1615=EDGE_CURVE('',#1235,#1236,#755,.T.);
#1616=EDGE_CURVE('',#1236,#1237,#615,.T.);
#1617=EDGE_CURVE('',#1238,#1237,#403,.T.);
#1618=EDGE_CURVE('',#1235,#1238,#616,.T.);
#1619=EDGE_CURVE('',#1239,#1240,#756,.T.);
#1620=EDGE_CURVE('',#1240,#1236,#617,.T.);
#1621=EDGE_CURVE('',#1239,#1235,#618,.T.);
#1622=EDGE_CURVE('',#1241,#1242,#757,.T.);
#1623=EDGE_CURVE('',#1242,#1240,#619,.T.);
#1624=EDGE_CURVE('',#1241,#1239,#620,.T.);
#1625=EDGE_CURVE('',#1243,#1244,#758,.T.);
#1626=EDGE_CURVE('',#1244,#1242,#621,.T.);
#1627=EDGE_CURVE('',#1243,#1241,#622,.T.);
#1628=EDGE_CURVE('',#1245,#1246,#759,.T.);
#1629=EDGE_CURVE('',#1246,#1244,#623,.T.);
#1630=EDGE_CURVE('',#1245,#1243,#624,.T.);
#1631=EDGE_CURVE('',#1247,#1248,#760,.T.);
#1632=EDGE_CURVE('',#1248,#1246,#625,.T.);
#1633=EDGE_CURVE('',#1247,#1245,#626,.T.);
#1634=EDGE_CURVE('',#1249,#1250,#761,.T.);
#1635=EDGE_CURVE('',#1250,#1248,#627,.T.);
#1636=EDGE_CURVE('',#1249,#1247,#628,.T.);
#1637=EDGE_CURVE('',#1251,#1252,#762,.T.);
#1638=EDGE_CURVE('',#1252,#1250,#629,.T.);
#1639=EDGE_CURVE('',#1251,#1249,#630,.T.);
#1640=EDGE_CURVE('',#1253,#1254,#763,.T.);
#1641=EDGE_CURVE('',#1254,#1252,#631,.T.);
#1642=EDGE_CURVE('',#1253,#1251,#632,.T.);
#1643=EDGE_CURVE('',#1255,#1256,#764,.T.);
#1644=EDGE_CURVE('',#1256,#1254,#633,.T.);
#1645=EDGE_CURVE('',#1255,#1253,#634,.T.);
#1646=EDGE_CURVE('',#1257,#1258,#765,.T.);
#1647=EDGE_CURVE('',#1258,#1256,#635,.T.);
#1648=EDGE_CURVE('',#1257,#1255,#636,.T.);
#1649=EDGE_CURVE('',#1259,#1260,#766,.T.);
#1650=EDGE_CURVE('',#1261,#1259,#637,.T.);
#1651=EDGE_CURVE('',#1262,#1261,#404,.T.);
#1652=EDGE_CURVE('',#1262,#1260,#638,.T.);
#1653=EDGE_CURVE('',#1263,#1264,#405,.T.);
#1654=EDGE_CURVE('',#1264,#1265,#767,.T.);
#1655=EDGE_CURVE('',#1265,#1266,#406,.T.);
#1656=EDGE_CURVE('',#1266,#1263,#768,.T.);
#1657=EDGE_CURVE('',#1267,#1264,#769,.T.);
#1658=EDGE_CURVE('',#1268,#1267,#770,.T.);
#1659=EDGE_CURVE('',#1265,#1268,#771,.T.);
#1660=EDGE_CURVE('',#1269,#1270,#407,.T.);
#1661=EDGE_CURVE('',#1270,#1271,#772,.T.);
#1662=EDGE_CURVE('',#1271,#1272,#408,.T.);
#1663=EDGE_CURVE('',#1272,#1269,#773,.T.);
#1664=EDGE_CURVE('',#1271,#1266,#774,.T.);
#1665=EDGE_CURVE('',#1270,#1263,#775,.T.);
#1666=EDGE_CURVE('',#1273,#1274,#409,.T.);
#1667=EDGE_CURVE('',#1274,#1275,#776,.T.);
#1668=EDGE_CURVE('',#1275,#1276,#410,.T.);
#1669=EDGE_CURVE('',#1276,#1273,#777,.T.);
#1670=EDGE_CURVE('',#1275,#1272,#778,.T.);
#1671=EDGE_CURVE('',#1274,#1269,#779,.T.);
#1672=EDGE_CURVE('',#1267,#1277,#411,.T.);
#1673=EDGE_CURVE('',#1277,#1278,#780,.T.);
#1674=EDGE_CURVE('',#1278,#1268,#412,.T.);
#1675=EDGE_CURVE('',#1278,#1276,#781,.T.);
#1676=EDGE_CURVE('',#1277,#1273,#782,.T.);
#1677=EDGE_CURVE('',#1233,#1262,#639,.T.);
#1678=EDGE_CURVE('',#1229,#1231,#640,.T.);
#1679=EDGE_CURVE('',#1237,#1210,#641,.T.);
#1680=EDGE_CURVE('',#1260,#1258,#642,.T.);
#1681=EDGE_CURVE('',#1259,#1257,#643,.T.);
#1682=EDGE_CURVE('',#1261,#1234,#644,.T.);
#1683=EDGE_CURVE('',#1209,#1238,#645,.T.);
#1684=EDGE_CURVE('',#1232,#1230,#646,.T.);
#1685=EDGE_CURVE('',#1177,#1206,#647,.T.);
#1686=EDGE_CURVE('',#1173,#1175,#648,.T.);
#1687=EDGE_CURVE('',#1181,#1154,#649,.T.);
#1688=EDGE_CURVE('',#1204,#1202,#650,.T.);
#1689=EDGE_CURVE('',#1203,#1201,#651,.T.);
#1690=EDGE_CURVE('',#1205,#1178,#652,.T.);
#1691=EDGE_CURVE('',#1153,#1182,#653,.T.);
#1692=EDGE_CURVE('',#1176,#1174,#654,.T.);
#1693=EDGE_CURVE('',#1121,#1150,#655,.T.);
#1694=EDGE_CURVE('',#1117,#1119,#656,.T.);
#1695=EDGE_CURVE('',#1125,#1098,#657,.T.);
#1696=EDGE_CURVE('',#1148,#1146,#658,.T.);
#1697=EDGE_CURVE('',#1147,#1145,#659,.T.);
#1698=EDGE_CURVE('',#1149,#1122,#660,.T.);
#1699=EDGE_CURVE('',#1097,#1126,#661,.T.);
#1700=EDGE_CURVE('',#1120,#1118,#662,.T.);
#1701=EDGE_CURVE('',#1065,#1094,#663,.T.);
#1702=EDGE_CURVE('',#1061,#1063,#664,.T.);
#1703=EDGE_CURVE('',#1069,#1042,#665,.T.);
#1704=EDGE_CURVE('',#1092,#1090,#666,.T.);
#1705=EDGE_CURVE('',#1091,#1089,#667,.T.);
#1706=EDGE_CURVE('',#1093,#1066,#668,.T.);
#1707=EDGE_CURVE('',#1041,#1070,#669,.T.);
#1708=EDGE_CURVE('',#1064,#1062,#670,.T.);
#1709=EDGE_CURVE('',#1279,#1280,#413,.T.);
#1710=EDGE_CURVE('',#1279,#1281,#783,.T.);
#1711=EDGE_CURVE('',#1281,#1282,#414,.T.);
#1712=EDGE_CURVE('',#1282,#1283,#784,.T.);
#1713=EDGE_CURVE('',#1283,#1284,#415,.T.);
#1714=EDGE_CURVE('',#1284,#1285,#785,.T.);
#1715=EDGE_CURVE('',#1285,#1286,#416,.T.);
#1716=EDGE_CURVE('',#1286,#1280,#786,.T.);
#1717=EDGE_CURVE('',#1287,#1288,#787,.T.);
#1718=EDGE_CURVE('',#1289,#1287,#788,.T.);
#1719=EDGE_CURVE('',#1290,#1289,#789,.T.);
#1720=EDGE_CURVE('',#1288,#1290,#790,.T.);
#1721=EDGE_CURVE('',#1291,#1288,#417,.T.);
#1722=EDGE_CURVE('',#1291,#1292,#791,.T.);
#1723=EDGE_CURVE('',#1292,#1293,#418,.T.);
#1724=EDGE_CURVE('',#1293,#1294,#792,.T.);
#1725=EDGE_CURVE('',#1294,#1295,#419,.T.);
#1726=EDGE_CURVE('',#1295,#1296,#793,.T.);
#1727=EDGE_CURVE('',#1296,#1287,#420,.T.);
#1728=EDGE_CURVE('',#1290,#1297,#421,.F.);
#1729=EDGE_CURVE('',#1297,#1291,#794,.T.);
#1730=EDGE_CURVE('',#1298,#1299,#422,.F.);
#1731=EDGE_CURVE('',#1299,#1279,#795,.T.);
#1732=EDGE_CURVE('',#1280,#1298,#796,.T.);
#1733=EDGE_CURVE('',#1300,#1301,#423,.T.);
#1734=EDGE_CURVE('',#1300,#1302,#797,.T.);
#1735=EDGE_CURVE('',#1302,#1303,#424,.T.);
#1736=EDGE_CURVE('',#1303,#1304,#798,.T.);
#1737=EDGE_CURVE('',#1304,#1305,#425,.T.);
#1738=EDGE_CURVE('',#1305,#1306,#799,.T.);
#1739=EDGE_CURVE('',#1306,#1307,#426,.T.);
#1740=EDGE_CURVE('',#1307,#1301,#800,.T.);
#1741=EDGE_CURVE('',#1301,#1308,#801,.T.);
#1742=EDGE_CURVE('',#1308,#1309,#427,.F.);
#1743=EDGE_CURVE('',#1309,#1300,#802,.T.);
#1744=EDGE_CURVE('',#1310,#1311,#428,.T.);
#1745=EDGE_CURVE('',#1310,#1312,#803,.T.);
#1746=EDGE_CURVE('',#1312,#1313,#429,.T.);
#1747=EDGE_CURVE('',#1313,#1314,#804,.T.);
#1748=EDGE_CURVE('',#1314,#1315,#430,.T.);
#1749=EDGE_CURVE('',#1315,#1316,#805,.T.);
#1750=EDGE_CURVE('',#1316,#1317,#431,.T.);
#1751=EDGE_CURVE('',#1317,#1311,#806,.T.);
#1752=EDGE_CURVE('',#1311,#1318,#807,.T.);
#1753=EDGE_CURVE('',#1318,#1319,#432,.F.);
#1754=EDGE_CURVE('',#1319,#1310,#808,.T.);
#1755=EDGE_CURVE('',#1320,#1321,#809,.T.);
#1756=EDGE_CURVE('',#1322,#1321,#810,.T.);
#1757=EDGE_CURVE('',#1323,#1322,#811,.T.);
#1758=EDGE_CURVE('',#1323,#1324,#812,.T.);
#1759=EDGE_CURVE('',#1325,#1324,#433,.T.);
#1760=EDGE_CURVE('',#1326,#1325,#813,.T.);
#1761=EDGE_CURVE('',#1327,#1326,#434,.T.);
#1762=EDGE_CURVE('',#1320,#1327,#814,.T.);
#1763=EDGE_CURVE('',#1328,#1329,#435,.F.);
#1764=EDGE_CURVE('',#1328,#1330,#815,.T.);
#1765=EDGE_CURVE('',#1331,#1330,#436,.F.);
#1766=EDGE_CURVE('',#1299,#1331,#816,.T.);
#1767=EDGE_CURVE('',#1298,#1332,#817,.T.);
#1768=EDGE_CURVE('',#1333,#1332,#437,.F.);
#1769=EDGE_CURVE('',#1334,#1333,#818,.T.);
#1770=EDGE_CURVE('',#1335,#1334,#438,.F.);
#1771=EDGE_CURVE('',#1335,#1297,#819,.T.);
#1772=EDGE_CURVE('',#1336,#1289,#439,.F.);
#1773=EDGE_CURVE('',#1337,#1336,#820,.T.);
#1774=EDGE_CURVE('',#1338,#1337,#440,.F.);
#1775=EDGE_CURVE('',#1319,#1338,#821,.T.);
#1776=EDGE_CURVE('',#1318,#1339,#822,.T.);
#1777=EDGE_CURVE('',#1339,#1326,#441,.T.);
#1778=EDGE_CURVE('',#1340,#1325,#442,.F.);
#1779=EDGE_CURVE('',#1340,#1309,#823,.T.);
#1780=EDGE_CURVE('',#1308,#1329,#824,.T.);
#1781=EDGE_CURVE('',#1285,#1333,#825,.T.);
#1782=EDGE_CURVE('',#1332,#1286,#826,.T.);
#1783=EDGE_CURVE('',#1316,#1327,#827,.T.);
#1784=EDGE_CURVE('',#1339,#1317,#828,.T.);
#1785=EDGE_CURVE('',#1306,#1328,#829,.T.);
#1786=EDGE_CURVE('',#1329,#1307,#830,.T.);
#1787=EDGE_CURVE('',#1296,#1336,#831,.T.);
#1788=EDGE_CURVE('',#1294,#1341,#832,.T.);
#1789=EDGE_CURVE('',#1341,#1342,#443,.T.);
#1790=EDGE_CURVE('',#1342,#1295,#833,.T.);
#1791=EDGE_CURVE('',#1305,#1343,#834,.T.);
#1792=EDGE_CURVE('',#1328,#1343,#835,.T.);
#1793=EDGE_CURVE('',#1343,#1344,#836,.T.);
#1794=EDGE_CURVE('',#1345,#1344,#837,.T.);
#1795=EDGE_CURVE('',#1346,#1345,#838,.T.);
#1796=EDGE_CURVE('',#1330,#1346,#839,.T.);
#1797=EDGE_CURVE('',#1321,#1347,#444,.T.);
#1798=EDGE_CURVE('',#1347,#1342,#840,.T.);
#1799=EDGE_CURVE('',#1341,#1348,#841,.T.);
#1800=EDGE_CURVE('',#1348,#1345,#445,.T.);
#1801=EDGE_CURVE('',#1344,#1322,#446,.T.);
#1802=EDGE_CURVE('',#1324,#1303,#842,.T.);
#1803=EDGE_CURVE('',#1304,#1323,#843,.T.);
#1804=EDGE_CURVE('',#1337,#1313,#844,.T.);
#1805=EDGE_CURVE('',#1314,#1347,#845,.T.);
#1806=EDGE_CURVE('',#1315,#1320,#846,.T.);
#1807=EDGE_CURVE('',#1292,#1335,#847,.T.);
#1808=EDGE_CURVE('',#1334,#1293,#848,.T.);
#1809=EDGE_CURVE('',#1284,#1348,#849,.T.);
#1810=EDGE_CURVE('',#1281,#1331,#850,.T.);
#1811=EDGE_CURVE('',#1330,#1282,#851,.T.);
#1812=EDGE_CURVE('',#1283,#1346,#852,.T.);
#1813=EDGE_CURVE('',#1312,#1338,#853,.T.);
#1814=EDGE_CURVE('',#1302,#1340,#854,.T.);
#1815=ORIENTED_EDGE('',*,*,#1349,.T.);
#1816=ORIENTED_EDGE('',*,*,#1350,.T.);
#1817=ORIENTED_EDGE('',*,*,#1351,.T.);
#1818=ORIENTED_EDGE('',*,*,#1352,.T.);
#1819=ORIENTED_EDGE('',*,*,#1353,.T.);
#1820=ORIENTED_EDGE('',*,*,#1354,.T.);
#1821=ORIENTED_EDGE('',*,*,#1349,.F.);
#1822=ORIENTED_EDGE('',*,*,#1355,.T.);
#1823=ORIENTED_EDGE('',*,*,#1356,.T.);
#1824=ORIENTED_EDGE('',*,*,#1357,.T.);
#1825=ORIENTED_EDGE('',*,*,#1353,.F.);
#1826=ORIENTED_EDGE('',*,*,#1358,.T.);
#1827=ORIENTED_EDGE('',*,*,#1359,.T.);
#1828=ORIENTED_EDGE('',*,*,#1360,.T.);
#1829=ORIENTED_EDGE('',*,*,#1356,.F.);
#1830=ORIENTED_EDGE('',*,*,#1361,.T.);
#1831=ORIENTED_EDGE('',*,*,#1362,.T.);
#1832=ORIENTED_EDGE('',*,*,#1363,.T.);
#1833=ORIENTED_EDGE('',*,*,#1359,.F.);
#1834=ORIENTED_EDGE('',*,*,#1364,.T.);
#1835=ORIENTED_EDGE('',*,*,#1365,.T.);
#1836=ORIENTED_EDGE('',*,*,#1366,.T.);
#1837=ORIENTED_EDGE('',*,*,#1362,.F.);
#1838=ORIENTED_EDGE('',*,*,#1367,.T.);
#1839=ORIENTED_EDGE('',*,*,#1368,.T.);
#1840=ORIENTED_EDGE('',*,*,#1369,.T.);
#1841=ORIENTED_EDGE('',*,*,#1365,.F.);
#1842=ORIENTED_EDGE('',*,*,#1370,.T.);
#1843=ORIENTED_EDGE('',*,*,#1371,.T.);
#1844=ORIENTED_EDGE('',*,*,#1372,.T.);
#1845=ORIENTED_EDGE('',*,*,#1368,.F.);
#1846=ORIENTED_EDGE('',*,*,#1373,.T.);
#1847=ORIENTED_EDGE('',*,*,#1374,.T.);
#1848=ORIENTED_EDGE('',*,*,#1375,.T.);
#1849=ORIENTED_EDGE('',*,*,#1371,.F.);
#1850=ORIENTED_EDGE('',*,*,#1376,.T.);
#1851=ORIENTED_EDGE('',*,*,#1377,.T.);
#1852=ORIENTED_EDGE('',*,*,#1378,.T.);
#1853=ORIENTED_EDGE('',*,*,#1374,.F.);
#1854=ORIENTED_EDGE('',*,*,#1379,.T.);
#1855=ORIENTED_EDGE('',*,*,#1380,.T.);
#1856=ORIENTED_EDGE('',*,*,#1381,.T.);
#1857=ORIENTED_EDGE('',*,*,#1377,.F.);
#1858=ORIENTED_EDGE('',*,*,#1382,.T.);
#1859=ORIENTED_EDGE('',*,*,#1383,.F.);
#1860=ORIENTED_EDGE('',*,*,#1384,.T.);
#1861=ORIENTED_EDGE('',*,*,#1385,.F.);
#1862=ORIENTED_EDGE('',*,*,#1386,.T.);
#1863=ORIENTED_EDGE('',*,*,#1387,.T.);
#1864=ORIENTED_EDGE('',*,*,#1388,.T.);
#1865=ORIENTED_EDGE('',*,*,#1389,.F.);
#1866=ORIENTED_EDGE('',*,*,#1390,.F.);
#1867=ORIENTED_EDGE('',*,*,#1391,.T.);
#1868=ORIENTED_EDGE('',*,*,#1392,.T.);
#1869=ORIENTED_EDGE('',*,*,#1387,.F.);
#1870=ORIENTED_EDGE('',*,*,#1393,.F.);
#1871=ORIENTED_EDGE('',*,*,#1394,.T.);
#1872=ORIENTED_EDGE('',*,*,#1395,.T.);
#1873=ORIENTED_EDGE('',*,*,#1391,.F.);
#1874=ORIENTED_EDGE('',*,*,#1396,.F.);
#1875=ORIENTED_EDGE('',*,*,#1397,.T.);
#1876=ORIENTED_EDGE('',*,*,#1398,.T.);
#1877=ORIENTED_EDGE('',*,*,#1394,.F.);
#1878=ORIENTED_EDGE('',*,*,#1399,.F.);
#1879=ORIENTED_EDGE('',*,*,#1400,.T.);
#1880=ORIENTED_EDGE('',*,*,#1401,.T.);
#1881=ORIENTED_EDGE('',*,*,#1397,.F.);
#1882=ORIENTED_EDGE('',*,*,#1402,.F.);
#1883=ORIENTED_EDGE('',*,*,#1403,.T.);
#1884=ORIENTED_EDGE('',*,*,#1404,.T.);
#1885=ORIENTED_EDGE('',*,*,#1400,.F.);
#1886=ORIENTED_EDGE('',*,*,#1405,.F.);
#1887=ORIENTED_EDGE('',*,*,#1406,.T.);
#1888=ORIENTED_EDGE('',*,*,#1407,.T.);
#1889=ORIENTED_EDGE('',*,*,#1403,.F.);
#1890=ORIENTED_EDGE('',*,*,#1408,.F.);
#1891=ORIENTED_EDGE('',*,*,#1409,.T.);
#1892=ORIENTED_EDGE('',*,*,#1410,.T.);
#1893=ORIENTED_EDGE('',*,*,#1406,.F.);
#1894=ORIENTED_EDGE('',*,*,#1411,.F.);
#1895=ORIENTED_EDGE('',*,*,#1412,.T.);
#1896=ORIENTED_EDGE('',*,*,#1413,.T.);
#1897=ORIENTED_EDGE('',*,*,#1409,.F.);
#1898=ORIENTED_EDGE('',*,*,#1414,.F.);
#1899=ORIENTED_EDGE('',*,*,#1415,.T.);
#1900=ORIENTED_EDGE('',*,*,#1416,.T.);
#1901=ORIENTED_EDGE('',*,*,#1412,.F.);
#1902=ORIENTED_EDGE('',*,*,#1417,.F.);
#1903=ORIENTED_EDGE('',*,*,#1418,.T.);
#1904=ORIENTED_EDGE('',*,*,#1419,.T.);
#1905=ORIENTED_EDGE('',*,*,#1415,.F.);
#1906=ORIENTED_EDGE('',*,*,#1420,.F.);
#1907=ORIENTED_EDGE('',*,*,#1421,.F.);
#1908=ORIENTED_EDGE('',*,*,#1422,.F.);
#1909=ORIENTED_EDGE('',*,*,#1423,.F.);
#1910=ORIENTED_EDGE('',*,*,#1424,.T.);
#1911=ORIENTED_EDGE('',*,*,#1425,.T.);
#1912=ORIENTED_EDGE('',*,*,#1426,.T.);
#1913=ORIENTED_EDGE('',*,*,#1427,.T.);
#1914=ORIENTED_EDGE('',*,*,#1428,.T.);
#1915=ORIENTED_EDGE('',*,*,#1429,.T.);
#1916=ORIENTED_EDGE('',*,*,#1430,.T.);
#1917=ORIENTED_EDGE('',*,*,#1425,.F.);
#1918=ORIENTED_EDGE('',*,*,#1431,.T.);
#1919=ORIENTED_EDGE('',*,*,#1432,.T.);
#1920=ORIENTED_EDGE('',*,*,#1433,.T.);
#1921=ORIENTED_EDGE('',*,*,#1429,.F.);
#1922=ORIENTED_EDGE('',*,*,#1434,.T.);
#1923=ORIENTED_EDGE('',*,*,#1435,.T.);
#1924=ORIENTED_EDGE('',*,*,#1436,.T.);
#1925=ORIENTED_EDGE('',*,*,#1432,.F.);
#1926=ORIENTED_EDGE('',*,*,#1437,.T.);
#1927=ORIENTED_EDGE('',*,*,#1438,.T.);
#1928=ORIENTED_EDGE('',*,*,#1439,.T.);
#1929=ORIENTED_EDGE('',*,*,#1435,.F.);
#1930=ORIENTED_EDGE('',*,*,#1440,.T.);
#1931=ORIENTED_EDGE('',*,*,#1441,.T.);
#1932=ORIENTED_EDGE('',*,*,#1442,.T.);
#1933=ORIENTED_EDGE('',*,*,#1438,.F.);
#1934=ORIENTED_EDGE('',*,*,#1443,.T.);
#1935=ORIENTED_EDGE('',*,*,#1444,.T.);
#1936=ORIENTED_EDGE('',*,*,#1445,.T.);
#1937=ORIENTED_EDGE('',*,*,#1441,.F.);
#1938=ORIENTED_EDGE('',*,*,#1446,.T.);
#1939=ORIENTED_EDGE('',*,*,#1447,.T.);
#1940=ORIENTED_EDGE('',*,*,#1448,.T.);
#1941=ORIENTED_EDGE('',*,*,#1444,.F.);
#1942=ORIENTED_EDGE('',*,*,#1449,.T.);
#1943=ORIENTED_EDGE('',*,*,#1450,.T.);
#1944=ORIENTED_EDGE('',*,*,#1451,.T.);
#1945=ORIENTED_EDGE('',*,*,#1447,.F.);
#1946=ORIENTED_EDGE('',*,*,#1452,.T.);
#1947=ORIENTED_EDGE('',*,*,#1453,.T.);
#1948=ORIENTED_EDGE('',*,*,#1454,.T.);
#1949=ORIENTED_EDGE('',*,*,#1450,.F.);
#1950=ORIENTED_EDGE('',*,*,#1455,.T.);
#1951=ORIENTED_EDGE('',*,*,#1456,.T.);
#1952=ORIENTED_EDGE('',*,*,#1457,.T.);
#1953=ORIENTED_EDGE('',*,*,#1453,.F.);
#1954=ORIENTED_EDGE('',*,*,#1458,.T.);
#1955=ORIENTED_EDGE('',*,*,#1459,.F.);
#1956=ORIENTED_EDGE('',*,*,#1460,.T.);
#1957=ORIENTED_EDGE('',*,*,#1461,.F.);
#1958=ORIENTED_EDGE('',*,*,#1462,.T.);
#1959=ORIENTED_EDGE('',*,*,#1463,.T.);
#1960=ORIENTED_EDGE('',*,*,#1464,.T.);
#1961=ORIENTED_EDGE('',*,*,#1465,.F.);
#1962=ORIENTED_EDGE('',*,*,#1466,.F.);
#1963=ORIENTED_EDGE('',*,*,#1467,.T.);
#1964=ORIENTED_EDGE('',*,*,#1468,.T.);
#1965=ORIENTED_EDGE('',*,*,#1463,.F.);
#1966=ORIENTED_EDGE('',*,*,#1469,.F.);
#1967=ORIENTED_EDGE('',*,*,#1470,.T.);
#1968=ORIENTED_EDGE('',*,*,#1471,.T.);
#1969=ORIENTED_EDGE('',*,*,#1467,.F.);
#1970=ORIENTED_EDGE('',*,*,#1472,.F.);
#1971=ORIENTED_EDGE('',*,*,#1473,.T.);
#1972=ORIENTED_EDGE('',*,*,#1474,.T.);
#1973=ORIENTED_EDGE('',*,*,#1470,.F.);
#1974=ORIENTED_EDGE('',*,*,#1475,.F.);
#1975=ORIENTED_EDGE('',*,*,#1476,.T.);
#1976=ORIENTED_EDGE('',*,*,#1477,.T.);
#1977=ORIENTED_EDGE('',*,*,#1473,.F.);
#1978=ORIENTED_EDGE('',*,*,#1478,.F.);
#1979=ORIENTED_EDGE('',*,*,#1479,.T.);
#1980=ORIENTED_EDGE('',*,*,#1480,.T.);
#1981=ORIENTED_EDGE('',*,*,#1476,.F.);
#1982=ORIENTED_EDGE('',*,*,#1481,.F.);
#1983=ORIENTED_EDGE('',*,*,#1482,.T.);
#1984=ORIENTED_EDGE('',*,*,#1483,.T.);
#1985=ORIENTED_EDGE('',*,*,#1479,.F.);
#1986=ORIENTED_EDGE('',*,*,#1484,.F.);
#1987=ORIENTED_EDGE('',*,*,#1485,.T.);
#1988=ORIENTED_EDGE('',*,*,#1486,.T.);
#1989=ORIENTED_EDGE('',*,*,#1482,.F.);
#1990=ORIENTED_EDGE('',*,*,#1487,.F.);
#1991=ORIENTED_EDGE('',*,*,#1488,.T.);
#1992=ORIENTED_EDGE('',*,*,#1489,.T.);
#1993=ORIENTED_EDGE('',*,*,#1485,.F.);
#1994=ORIENTED_EDGE('',*,*,#1490,.F.);
#1995=ORIENTED_EDGE('',*,*,#1491,.T.);
#1996=ORIENTED_EDGE('',*,*,#1492,.T.);
#1997=ORIENTED_EDGE('',*,*,#1488,.F.);
#1998=ORIENTED_EDGE('',*,*,#1493,.F.);
#1999=ORIENTED_EDGE('',*,*,#1494,.T.);
#2000=ORIENTED_EDGE('',*,*,#1495,.T.);
#2001=ORIENTED_EDGE('',*,*,#1491,.F.);
#2002=ORIENTED_EDGE('',*,*,#1496,.F.);
#2003=ORIENTED_EDGE('',*,*,#1497,.F.);
#2004=ORIENTED_EDGE('',*,*,#1498,.F.);
#2005=ORIENTED_EDGE('',*,*,#1499,.F.);
#2006=ORIENTED_EDGE('',*,*,#1500,.T.);
#2007=ORIENTED_EDGE('',*,*,#1501,.T.);
#2008=ORIENTED_EDGE('',*,*,#1502,.T.);
#2009=ORIENTED_EDGE('',*,*,#1503,.T.);
#2010=ORIENTED_EDGE('',*,*,#1504,.T.);
#2011=ORIENTED_EDGE('',*,*,#1505,.T.);
#2012=ORIENTED_EDGE('',*,*,#1506,.T.);
#2013=ORIENTED_EDGE('',*,*,#1501,.F.);
#2014=ORIENTED_EDGE('',*,*,#1507,.T.);
#2015=ORIENTED_EDGE('',*,*,#1508,.T.);
#2016=ORIENTED_EDGE('',*,*,#1509,.T.);
#2017=ORIENTED_EDGE('',*,*,#1505,.F.);
#2018=ORIENTED_EDGE('',*,*,#1510,.T.);
#2019=ORIENTED_EDGE('',*,*,#1511,.T.);
#2020=ORIENTED_EDGE('',*,*,#1512,.T.);
#2021=ORIENTED_EDGE('',*,*,#1508,.F.);
#2022=ORIENTED_EDGE('',*,*,#1513,.T.);
#2023=ORIENTED_EDGE('',*,*,#1514,.T.);
#2024=ORIENTED_EDGE('',*,*,#1515,.T.);
#2025=ORIENTED_EDGE('',*,*,#1511,.F.);
#2026=ORIENTED_EDGE('',*,*,#1516,.T.);
#2027=ORIENTED_EDGE('',*,*,#1517,.T.);
#2028=ORIENTED_EDGE('',*,*,#1518,.T.);
#2029=ORIENTED_EDGE('',*,*,#1514,.F.);
#2030=ORIENTED_EDGE('',*,*,#1519,.T.);
#2031=ORIENTED_EDGE('',*,*,#1520,.T.);
#2032=ORIENTED_EDGE('',*,*,#1521,.T.);
#2033=ORIENTED_EDGE('',*,*,#1517,.F.);
#2034=ORIENTED_EDGE('',*,*,#1522,.T.);
#2035=ORIENTED_EDGE('',*,*,#1523,.T.);
#2036=ORIENTED_EDGE('',*,*,#1524,.T.);
#2037=ORIENTED_EDGE('',*,*,#1520,.F.);
#2038=ORIENTED_EDGE('',*,*,#1525,.T.);
#2039=ORIENTED_EDGE('',*,*,#1526,.T.);
#2040=ORIENTED_EDGE('',*,*,#1527,.T.);
#2041=ORIENTED_EDGE('',*,*,#1523,.F.);
#2042=ORIENTED_EDGE('',*,*,#1528,.T.);
#2043=ORIENTED_EDGE('',*,*,#1529,.T.);
#2044=ORIENTED_EDGE('',*,*,#1530,.T.);
#2045=ORIENTED_EDGE('',*,*,#1526,.F.);
#2046=ORIENTED_EDGE('',*,*,#1531,.T.);
#2047=ORIENTED_EDGE('',*,*,#1532,.T.);
#2048=ORIENTED_EDGE('',*,*,#1533,.T.);
#2049=ORIENTED_EDGE('',*,*,#1529,.F.);
#2050=ORIENTED_EDGE('',*,*,#1534,.T.);
#2051=ORIENTED_EDGE('',*,*,#1535,.F.);
#2052=ORIENTED_EDGE('',*,*,#1536,.T.);
#2053=ORIENTED_EDGE('',*,*,#1537,.F.);
#2054=ORIENTED_EDGE('',*,*,#1538,.T.);
#2055=ORIENTED_EDGE('',*,*,#1539,.T.);
#2056=ORIENTED_EDGE('',*,*,#1540,.T.);
#2057=ORIENTED_EDGE('',*,*,#1541,.F.);
#2058=ORIENTED_EDGE('',*,*,#1542,.F.);
#2059=ORIENTED_EDGE('',*,*,#1543,.T.);
#2060=ORIENTED_EDGE('',*,*,#1544,.T.);
#2061=ORIENTED_EDGE('',*,*,#1539,.F.);
#2062=ORIENTED_EDGE('',*,*,#1545,.F.);
#2063=ORIENTED_EDGE('',*,*,#1546,.T.);
#2064=ORIENTED_EDGE('',*,*,#1547,.T.);
#2065=ORIENTED_EDGE('',*,*,#1543,.F.);
#2066=ORIENTED_EDGE('',*,*,#1548,.F.);
#2067=ORIENTED_EDGE('',*,*,#1549,.T.);
#2068=ORIENTED_EDGE('',*,*,#1550,.T.);
#2069=ORIENTED_EDGE('',*,*,#1546,.F.);
#2070=ORIENTED_EDGE('',*,*,#1551,.F.);
#2071=ORIENTED_EDGE('',*,*,#1552,.T.);
#2072=ORIENTED_EDGE('',*,*,#1553,.T.);
#2073=ORIENTED_EDGE('',*,*,#1549,.F.);
#2074=ORIENTED_EDGE('',*,*,#1554,.F.);
#2075=ORIENTED_EDGE('',*,*,#1555,.T.);
#2076=ORIENTED_EDGE('',*,*,#1556,.T.);
#2077=ORIENTED_EDGE('',*,*,#1552,.F.);
#2078=ORIENTED_EDGE('',*,*,#1557,.F.);
#2079=ORIENTED_EDGE('',*,*,#1558,.T.);
#2080=ORIENTED_EDGE('',*,*,#1559,.T.);
#2081=ORIENTED_EDGE('',*,*,#1555,.F.);
#2082=ORIENTED_EDGE('',*,*,#1560,.F.);
#2083=ORIENTED_EDGE('',*,*,#1561,.T.);
#2084=ORIENTED_EDGE('',*,*,#1562,.T.);
#2085=ORIENTED_EDGE('',*,*,#1558,.F.);
#2086=ORIENTED_EDGE('',*,*,#1563,.F.);
#2087=ORIENTED_EDGE('',*,*,#1564,.T.);
#2088=ORIENTED_EDGE('',*,*,#1565,.T.);
#2089=ORIENTED_EDGE('',*,*,#1561,.F.);
#2090=ORIENTED_EDGE('',*,*,#1566,.F.);
#2091=ORIENTED_EDGE('',*,*,#1567,.T.);
#2092=ORIENTED_EDGE('',*,*,#1568,.T.);
#2093=ORIENTED_EDGE('',*,*,#1564,.F.);
#2094=ORIENTED_EDGE('',*,*,#1569,.F.);
#2095=ORIENTED_EDGE('',*,*,#1570,.T.);
#2096=ORIENTED_EDGE('',*,*,#1571,.T.);
#2097=ORIENTED_EDGE('',*,*,#1567,.F.);
#2098=ORIENTED_EDGE('',*,*,#1572,.F.);
#2099=ORIENTED_EDGE('',*,*,#1573,.F.);
#2100=ORIENTED_EDGE('',*,*,#1574,.F.);
#2101=ORIENTED_EDGE('',*,*,#1575,.F.);
#2102=ORIENTED_EDGE('',*,*,#1576,.T.);
#2103=ORIENTED_EDGE('',*,*,#1577,.T.);
#2104=ORIENTED_EDGE('',*,*,#1578,.T.);
#2105=ORIENTED_EDGE('',*,*,#1579,.T.);
#2106=ORIENTED_EDGE('',*,*,#1580,.T.);
#2107=ORIENTED_EDGE('',*,*,#1581,.T.);
#2108=ORIENTED_EDGE('',*,*,#1582,.T.);
#2109=ORIENTED_EDGE('',*,*,#1577,.F.);
#2110=ORIENTED_EDGE('',*,*,#1583,.T.);
#2111=ORIENTED_EDGE('',*,*,#1584,.T.);
#2112=ORIENTED_EDGE('',*,*,#1585,.T.);
#2113=ORIENTED_EDGE('',*,*,#1581,.F.);
#2114=ORIENTED_EDGE('',*,*,#1586,.T.);
#2115=ORIENTED_EDGE('',*,*,#1587,.T.);
#2116=ORIENTED_EDGE('',*,*,#1588,.T.);
#2117=ORIENTED_EDGE('',*,*,#1584,.F.);
#2118=ORIENTED_EDGE('',*,*,#1589,.T.);
#2119=ORIENTED_EDGE('',*,*,#1590,.T.);
#2120=ORIENTED_EDGE('',*,*,#1591,.T.);
#2121=ORIENTED_EDGE('',*,*,#1587,.F.);
#2122=ORIENTED_EDGE('',*,*,#1592,.T.);
#2123=ORIENTED_EDGE('',*,*,#1593,.T.);
#2124=ORIENTED_EDGE('',*,*,#1594,.T.);
#2125=ORIENTED_EDGE('',*,*,#1590,.F.);
#2126=ORIENTED_EDGE('',*,*,#1595,.T.);
#2127=ORIENTED_EDGE('',*,*,#1596,.T.);
#2128=ORIENTED_EDGE('',*,*,#1597,.T.);
#2129=ORIENTED_EDGE('',*,*,#1593,.F.);
#2130=ORIENTED_EDGE('',*,*,#1598,.T.);
#2131=ORIENTED_EDGE('',*,*,#1599,.T.);
#2132=ORIENTED_EDGE('',*,*,#1600,.T.);
#2133=ORIENTED_EDGE('',*,*,#1596,.F.);
#2134=ORIENTED_EDGE('',*,*,#1601,.T.);
#2135=ORIENTED_EDGE('',*,*,#1602,.T.);
#2136=ORIENTED_EDGE('',*,*,#1603,.T.);
#2137=ORIENTED_EDGE('',*,*,#1599,.F.);
#2138=ORIENTED_EDGE('',*,*,#1604,.T.);
#2139=ORIENTED_EDGE('',*,*,#1605,.T.);
#2140=ORIENTED_EDGE('',*,*,#1606,.T.);
#2141=ORIENTED_EDGE('',*,*,#1602,.F.);
#2142=ORIENTED_EDGE('',*,*,#1607,.T.);
#2143=ORIENTED_EDGE('',*,*,#1608,.T.);
#2144=ORIENTED_EDGE('',*,*,#1609,.T.);
#2145=ORIENTED_EDGE('',*,*,#1605,.F.);
#2146=ORIENTED_EDGE('',*,*,#1610,.T.);
#2147=ORIENTED_EDGE('',*,*,#1611,.F.);
#2148=ORIENTED_EDGE('',*,*,#1612,.T.);
#2149=ORIENTED_EDGE('',*,*,#1613,.F.);
#2150=ORIENTED_EDGE('',*,*,#1614,.T.);
#2151=ORIENTED_EDGE('',*,*,#1615,.T.);
#2152=ORIENTED_EDGE('',*,*,#1616,.T.);
#2153=ORIENTED_EDGE('',*,*,#1617,.F.);
#2154=ORIENTED_EDGE('',*,*,#1618,.F.);
#2155=ORIENTED_EDGE('',*,*,#1619,.T.);
#2156=ORIENTED_EDGE('',*,*,#1620,.T.);
#2157=ORIENTED_EDGE('',*,*,#1615,.F.);
#2158=ORIENTED_EDGE('',*,*,#1621,.F.);
#2159=ORIENTED_EDGE('',*,*,#1622,.T.);
#2160=ORIENTED_EDGE('',*,*,#1623,.T.);
#2161=ORIENTED_EDGE('',*,*,#1619,.F.);
#2162=ORIENTED_EDGE('',*,*,#1624,.F.);
#2163=ORIENTED_EDGE('',*,*,#1625,.T.);
#2164=ORIENTED_EDGE('',*,*,#1626,.T.);
#2165=ORIENTED_EDGE('',*,*,#1622,.F.);
#2166=ORIENTED_EDGE('',*,*,#1627,.F.);
#2167=ORIENTED_EDGE('',*,*,#1628,.T.);
#2168=ORIENTED_EDGE('',*,*,#1629,.T.);
#2169=ORIENTED_EDGE('',*,*,#1625,.F.);
#2170=ORIENTED_EDGE('',*,*,#1630,.F.);
#2171=ORIENTED_EDGE('',*,*,#1631,.T.);
#2172=ORIENTED_EDGE('',*,*,#1632,.T.);
#2173=ORIENTED_EDGE('',*,*,#1628,.F.);
#2174=ORIENTED_EDGE('',*,*,#1633,.F.);
#2175=ORIENTED_EDGE('',*,*,#1634,.T.);
#2176=ORIENTED_EDGE('',*,*,#1635,.T.);
#2177=ORIENTED_EDGE('',*,*,#1631,.F.);
#2178=ORIENTED_EDGE('',*,*,#1636,.F.);
#2179=ORIENTED_EDGE('',*,*,#1637,.T.);
#2180=ORIENTED_EDGE('',*,*,#1638,.T.);
#2181=ORIENTED_EDGE('',*,*,#1634,.F.);
#2182=ORIENTED_EDGE('',*,*,#1639,.F.);
#2183=ORIENTED_EDGE('',*,*,#1640,.T.);
#2184=ORIENTED_EDGE('',*,*,#1641,.T.);
#2185=ORIENTED_EDGE('',*,*,#1637,.F.);
#2186=ORIENTED_EDGE('',*,*,#1642,.F.);
#2187=ORIENTED_EDGE('',*,*,#1643,.T.);
#2188=ORIENTED_EDGE('',*,*,#1644,.T.);
#2189=ORIENTED_EDGE('',*,*,#1640,.F.);
#2190=ORIENTED_EDGE('',*,*,#1645,.F.);
#2191=ORIENTED_EDGE('',*,*,#1646,.T.);
#2192=ORIENTED_EDGE('',*,*,#1647,.T.);
#2193=ORIENTED_EDGE('',*,*,#1643,.F.);
#2194=ORIENTED_EDGE('',*,*,#1648,.F.);
#2195=ORIENTED_EDGE('',*,*,#1649,.F.);
#2196=ORIENTED_EDGE('',*,*,#1650,.F.);
#2197=ORIENTED_EDGE('',*,*,#1651,.F.);
#2198=ORIENTED_EDGE('',*,*,#1652,.T.);
#2199=ORIENTED_EDGE('',*,*,#1653,.T.);
#2200=ORIENTED_EDGE('',*,*,#1654,.T.);
#2201=ORIENTED_EDGE('',*,*,#1655,.T.);
#2202=ORIENTED_EDGE('',*,*,#1656,.T.);
#2203=ORIENTED_EDGE('',*,*,#1654,.F.);
#2204=ORIENTED_EDGE('',*,*,#1657,.F.);
#2205=ORIENTED_EDGE('',*,*,#1658,.F.);
#2206=ORIENTED_EDGE('',*,*,#1659,.F.);
#2207=ORIENTED_EDGE('',*,*,#1660,.T.);
#2208=ORIENTED_EDGE('',*,*,#1661,.T.);
#2209=ORIENTED_EDGE('',*,*,#1662,.T.);
#2210=ORIENTED_EDGE('',*,*,#1663,.T.);
#2211=ORIENTED_EDGE('',*,*,#1656,.F.);
#2212=ORIENTED_EDGE('',*,*,#1664,.F.);
#2213=ORIENTED_EDGE('',*,*,#1661,.F.);
#2214=ORIENTED_EDGE('',*,*,#1665,.T.);
#2215=ORIENTED_EDGE('',*,*,#1666,.T.);
#2216=ORIENTED_EDGE('',*,*,#1667,.T.);
#2217=ORIENTED_EDGE('',*,*,#1668,.T.);
#2218=ORIENTED_EDGE('',*,*,#1669,.T.);
#2219=ORIENTED_EDGE('',*,*,#1663,.F.);
#2220=ORIENTED_EDGE('',*,*,#1670,.F.);
#2221=ORIENTED_EDGE('',*,*,#1667,.F.);
#2222=ORIENTED_EDGE('',*,*,#1671,.T.);
#2223=ORIENTED_EDGE('',*,*,#1672,.T.);
#2224=ORIENTED_EDGE('',*,*,#1673,.T.);
#2225=ORIENTED_EDGE('',*,*,#1674,.T.);
#2226=ORIENTED_EDGE('',*,*,#1658,.T.);
#2227=ORIENTED_EDGE('',*,*,#1669,.F.);
#2228=ORIENTED_EDGE('',*,*,#1675,.F.);
#2229=ORIENTED_EDGE('',*,*,#1673,.F.);
#2230=ORIENTED_EDGE('',*,*,#1676,.T.);
#2231=ORIENTED_EDGE('',*,*,#1677,.F.);
#2232=ORIENTED_EDGE('',*,*,#1612,.F.);
#2233=ORIENTED_EDGE('',*,*,#1678,.F.);
#2234=ORIENTED_EDGE('',*,*,#1610,.F.);
#2235=ORIENTED_EDGE('',*,*,#1607,.F.);
#2236=ORIENTED_EDGE('',*,*,#1604,.F.);
#2237=ORIENTED_EDGE('',*,*,#1601,.F.);
#2238=ORIENTED_EDGE('',*,*,#1598,.F.);
#2239=ORIENTED_EDGE('',*,*,#1595,.F.);
#2240=ORIENTED_EDGE('',*,*,#1592,.F.);
#2241=ORIENTED_EDGE('',*,*,#1589,.F.);
#2242=ORIENTED_EDGE('',*,*,#1586,.F.);
#2243=ORIENTED_EDGE('',*,*,#1583,.F.);
#2244=ORIENTED_EDGE('',*,*,#1580,.F.);
#2245=ORIENTED_EDGE('',*,*,#1679,.F.);
#2246=ORIENTED_EDGE('',*,*,#1616,.F.);
#2247=ORIENTED_EDGE('',*,*,#1620,.F.);
#2248=ORIENTED_EDGE('',*,*,#1623,.F.);
#2249=ORIENTED_EDGE('',*,*,#1626,.F.);
#2250=ORIENTED_EDGE('',*,*,#1629,.F.);
#2251=ORIENTED_EDGE('',*,*,#1632,.F.);
#2252=ORIENTED_EDGE('',*,*,#1635,.F.);
#2253=ORIENTED_EDGE('',*,*,#1638,.F.);
#2254=ORIENTED_EDGE('',*,*,#1641,.F.);
#2255=ORIENTED_EDGE('',*,*,#1644,.F.);
#2256=ORIENTED_EDGE('',*,*,#1647,.F.);
#2257=ORIENTED_EDGE('',*,*,#1680,.F.);
#2258=ORIENTED_EDGE('',*,*,#1652,.F.);
#2259=ORIENTED_EDGE('',*,*,#1649,.T.);
#2260=ORIENTED_EDGE('',*,*,#1680,.T.);
#2261=ORIENTED_EDGE('',*,*,#1646,.F.);
#2262=ORIENTED_EDGE('',*,*,#1681,.F.);
#2263=ORIENTED_EDGE('',*,*,#1682,.F.);
#2264=ORIENTED_EDGE('',*,*,#1650,.T.);
#2265=ORIENTED_EDGE('',*,*,#1681,.T.);
#2266=ORIENTED_EDGE('',*,*,#1648,.T.);
#2267=ORIENTED_EDGE('',*,*,#1645,.T.);
#2268=ORIENTED_EDGE('',*,*,#1642,.T.);
#2269=ORIENTED_EDGE('',*,*,#1639,.T.);
#2270=ORIENTED_EDGE('',*,*,#1636,.T.);
#2271=ORIENTED_EDGE('',*,*,#1633,.T.);
#2272=ORIENTED_EDGE('',*,*,#1630,.T.);
#2273=ORIENTED_EDGE('',*,*,#1627,.T.);
#2274=ORIENTED_EDGE('',*,*,#1624,.T.);
#2275=ORIENTED_EDGE('',*,*,#1621,.T.);
#2276=ORIENTED_EDGE('',*,*,#1618,.T.);
#2277=ORIENTED_EDGE('',*,*,#1683,.F.);
#2278=ORIENTED_EDGE('',*,*,#1578,.F.);
#2279=ORIENTED_EDGE('',*,*,#1582,.F.);
#2280=ORIENTED_EDGE('',*,*,#1585,.F.);
#2281=ORIENTED_EDGE('',*,*,#1588,.F.);
#2282=ORIENTED_EDGE('',*,*,#1591,.F.);
#2283=ORIENTED_EDGE('',*,*,#1594,.F.);
#2284=ORIENTED_EDGE('',*,*,#1597,.F.);
#2285=ORIENTED_EDGE('',*,*,#1600,.F.);
#2286=ORIENTED_EDGE('',*,*,#1603,.F.);
#2287=ORIENTED_EDGE('',*,*,#1606,.F.);
#2288=ORIENTED_EDGE('',*,*,#1609,.F.);
#2289=ORIENTED_EDGE('',*,*,#1684,.F.);
#2290=ORIENTED_EDGE('',*,*,#1614,.F.);
#2291=ORIENTED_EDGE('',*,*,#1611,.T.);
#2292=ORIENTED_EDGE('',*,*,#1684,.T.);
#2293=ORIENTED_EDGE('',*,*,#1608,.F.);
#2294=ORIENTED_EDGE('',*,*,#1678,.T.);
#2295=ORIENTED_EDGE('',*,*,#1683,.T.);
#2296=ORIENTED_EDGE('',*,*,#1617,.T.);
#2297=ORIENTED_EDGE('',*,*,#1679,.T.);
#2298=ORIENTED_EDGE('',*,*,#1579,.F.);
#2299=ORIENTED_EDGE('',*,*,#1685,.F.);
#2300=ORIENTED_EDGE('',*,*,#1536,.F.);
#2301=ORIENTED_EDGE('',*,*,#1686,.F.);
#2302=ORIENTED_EDGE('',*,*,#1534,.F.);
#2303=ORIENTED_EDGE('',*,*,#1531,.F.);
#2304=ORIENTED_EDGE('',*,*,#1528,.F.);
#2305=ORIENTED_EDGE('',*,*,#1525,.F.);
#2306=ORIENTED_EDGE('',*,*,#1522,.F.);
#2307=ORIENTED_EDGE('',*,*,#1519,.F.);
#2308=ORIENTED_EDGE('',*,*,#1516,.F.);
#2309=ORIENTED_EDGE('',*,*,#1513,.F.);
#2310=ORIENTED_EDGE('',*,*,#1510,.F.);
#2311=ORIENTED_EDGE('',*,*,#1507,.F.);
#2312=ORIENTED_EDGE('',*,*,#1504,.F.);
#2313=ORIENTED_EDGE('',*,*,#1687,.F.);
#2314=ORIENTED_EDGE('',*,*,#1540,.F.);
#2315=ORIENTED_EDGE('',*,*,#1544,.F.);
#2316=ORIENTED_EDGE('',*,*,#1547,.F.);
#2317=ORIENTED_EDGE('',*,*,#1550,.F.);
#2318=ORIENTED_EDGE('',*,*,#1553,.F.);
#2319=ORIENTED_EDGE('',*,*,#1556,.F.);
#2320=ORIENTED_EDGE('',*,*,#1559,.F.);
#2321=ORIENTED_EDGE('',*,*,#1562,.F.);
#2322=ORIENTED_EDGE('',*,*,#1565,.F.);
#2323=ORIENTED_EDGE('',*,*,#1568,.F.);
#2324=ORIENTED_EDGE('',*,*,#1571,.F.);
#2325=ORIENTED_EDGE('',*,*,#1688,.F.);
#2326=ORIENTED_EDGE('',*,*,#1576,.F.);
#2327=ORIENTED_EDGE('',*,*,#1573,.T.);
#2328=ORIENTED_EDGE('',*,*,#1688,.T.);
#2329=ORIENTED_EDGE('',*,*,#1570,.F.);
#2330=ORIENTED_EDGE('',*,*,#1689,.F.);
#2331=ORIENTED_EDGE('',*,*,#1690,.F.);
#2332=ORIENTED_EDGE('',*,*,#1574,.T.);
#2333=ORIENTED_EDGE('',*,*,#1689,.T.);
#2334=ORIENTED_EDGE('',*,*,#1572,.T.);
#2335=ORIENTED_EDGE('',*,*,#1569,.T.);
#2336=ORIENTED_EDGE('',*,*,#1566,.T.);
#2337=ORIENTED_EDGE('',*,*,#1563,.T.);
#2338=ORIENTED_EDGE('',*,*,#1560,.T.);
#2339=ORIENTED_EDGE('',*,*,#1557,.T.);
#2340=ORIENTED_EDGE('',*,*,#1554,.T.);
#2341=ORIENTED_EDGE('',*,*,#1551,.T.);
#2342=ORIENTED_EDGE('',*,*,#1548,.T.);
#2343=ORIENTED_EDGE('',*,*,#1545,.T.);
#2344=ORIENTED_EDGE('',*,*,#1542,.T.);
#2345=ORIENTED_EDGE('',*,*,#1691,.F.);
#2346=ORIENTED_EDGE('',*,*,#1502,.F.);
#2347=ORIENTED_EDGE('',*,*,#1506,.F.);
#2348=ORIENTED_EDGE('',*,*,#1509,.F.);
#2349=ORIENTED_EDGE('',*,*,#1512,.F.);
#2350=ORIENTED_EDGE('',*,*,#1515,.F.);
#2351=ORIENTED_EDGE('',*,*,#1518,.F.);
#2352=ORIENTED_EDGE('',*,*,#1521,.F.);
#2353=ORIENTED_EDGE('',*,*,#1524,.F.);
#2354=ORIENTED_EDGE('',*,*,#1527,.F.);
#2355=ORIENTED_EDGE('',*,*,#1530,.F.);
#2356=ORIENTED_EDGE('',*,*,#1533,.F.);
#2357=ORIENTED_EDGE('',*,*,#1692,.F.);
#2358=ORIENTED_EDGE('',*,*,#1538,.F.);
#2359=ORIENTED_EDGE('',*,*,#1535,.T.);
#2360=ORIENTED_EDGE('',*,*,#1692,.T.);
#2361=ORIENTED_EDGE('',*,*,#1532,.F.);
#2362=ORIENTED_EDGE('',*,*,#1686,.T.);
#2363=ORIENTED_EDGE('',*,*,#1691,.T.);
#2364=ORIENTED_EDGE('',*,*,#1541,.T.);
#2365=ORIENTED_EDGE('',*,*,#1687,.T.);
#2366=ORIENTED_EDGE('',*,*,#1503,.F.);
#2367=ORIENTED_EDGE('',*,*,#1693,.F.);
#2368=ORIENTED_EDGE('',*,*,#1460,.F.);
#2369=ORIENTED_EDGE('',*,*,#1694,.F.);
#2370=ORIENTED_EDGE('',*,*,#1458,.F.);
#2371=ORIENTED_EDGE('',*,*,#1455,.F.);
#2372=ORIENTED_EDGE('',*,*,#1452,.F.);
#2373=ORIENTED_EDGE('',*,*,#1449,.F.);
#2374=ORIENTED_EDGE('',*,*,#1446,.F.);
#2375=ORIENTED_EDGE('',*,*,#1443,.F.);
#2376=ORIENTED_EDGE('',*,*,#1440,.F.);
#2377=ORIENTED_EDGE('',*,*,#1437,.F.);
#2378=ORIENTED_EDGE('',*,*,#1434,.F.);
#2379=ORIENTED_EDGE('',*,*,#1431,.F.);
#2380=ORIENTED_EDGE('',*,*,#1428,.F.);
#2381=ORIENTED_EDGE('',*,*,#1695,.F.);
#2382=ORIENTED_EDGE('',*,*,#1464,.F.);
#2383=ORIENTED_EDGE('',*,*,#1468,.F.);
#2384=ORIENTED_EDGE('',*,*,#1471,.F.);
#2385=ORIENTED_EDGE('',*,*,#1474,.F.);
#2386=ORIENTED_EDGE('',*,*,#1477,.F.);
#2387=ORIENTED_EDGE('',*,*,#1480,.F.);
#2388=ORIENTED_EDGE('',*,*,#1483,.F.);
#2389=ORIENTED_EDGE('',*,*,#1486,.F.);
#2390=ORIENTED_EDGE('',*,*,#1489,.F.);
#2391=ORIENTED_EDGE('',*,*,#1492,.F.);
#2392=ORIENTED_EDGE('',*,*,#1495,.F.);
#2393=ORIENTED_EDGE('',*,*,#1696,.F.);
#2394=ORIENTED_EDGE('',*,*,#1500,.F.);
#2395=ORIENTED_EDGE('',*,*,#1497,.T.);
#2396=ORIENTED_EDGE('',*,*,#1696,.T.);
#2397=ORIENTED_EDGE('',*,*,#1494,.F.);
#2398=ORIENTED_EDGE('',*,*,#1697,.F.);
#2399=ORIENTED_EDGE('',*,*,#1698,.F.);
#2400=ORIENTED_EDGE('',*,*,#1498,.T.);
#2401=ORIENTED_EDGE('',*,*,#1697,.T.);
#2402=ORIENTED_EDGE('',*,*,#1496,.T.);
#2403=ORIENTED_EDGE('',*,*,#1493,.T.);
#2404=ORIENTED_EDGE('',*,*,#1490,.T.);
#2405=ORIENTED_EDGE('',*,*,#1487,.T.);
#2406=ORIENTED_EDGE('',*,*,#1484,.T.);
#2407=ORIENTED_EDGE('',*,*,#1481,.T.);
#2408=ORIENTED_EDGE('',*,*,#1478,.T.);
#2409=ORIENTED_EDGE('',*,*,#1475,.T.);
#2410=ORIENTED_EDGE('',*,*,#1472,.T.);
#2411=ORIENTED_EDGE('',*,*,#1469,.T.);
#2412=ORIENTED_EDGE('',*,*,#1466,.T.);
#2413=ORIENTED_EDGE('',*,*,#1699,.F.);
#2414=ORIENTED_EDGE('',*,*,#1426,.F.);
#2415=ORIENTED_EDGE('',*,*,#1430,.F.);
#2416=ORIENTED_EDGE('',*,*,#1433,.F.);
#2417=ORIENTED_EDGE('',*,*,#1436,.F.);
#2418=ORIENTED_EDGE('',*,*,#1439,.F.);
#2419=ORIENTED_EDGE('',*,*,#1442,.F.);
#2420=ORIENTED_EDGE('',*,*,#1445,.F.);
#2421=ORIENTED_EDGE('',*,*,#1448,.F.);
#2422=ORIENTED_EDGE('',*,*,#1451,.F.);
#2423=ORIENTED_EDGE('',*,*,#1454,.F.);
#2424=ORIENTED_EDGE('',*,*,#1457,.F.);
#2425=ORIENTED_EDGE('',*,*,#1700,.F.);
#2426=ORIENTED_EDGE('',*,*,#1462,.F.);
#2427=ORIENTED_EDGE('',*,*,#1459,.T.);
#2428=ORIENTED_EDGE('',*,*,#1700,.T.);
#2429=ORIENTED_EDGE('',*,*,#1456,.F.);
#2430=ORIENTED_EDGE('',*,*,#1694,.T.);
#2431=ORIENTED_EDGE('',*,*,#1699,.T.);
#2432=ORIENTED_EDGE('',*,*,#1465,.T.);
#2433=ORIENTED_EDGE('',*,*,#1695,.T.);
#2434=ORIENTED_EDGE('',*,*,#1427,.F.);
#2435=ORIENTED_EDGE('',*,*,#1701,.F.);
#2436=ORIENTED_EDGE('',*,*,#1384,.F.);
#2437=ORIENTED_EDGE('',*,*,#1702,.F.);
#2438=ORIENTED_EDGE('',*,*,#1382,.F.);
#2439=ORIENTED_EDGE('',*,*,#1379,.F.);
#2440=ORIENTED_EDGE('',*,*,#1376,.F.);
#2441=ORIENTED_EDGE('',*,*,#1373,.F.);
#2442=ORIENTED_EDGE('',*,*,#1370,.F.);
#2443=ORIENTED_EDGE('',*,*,#1367,.F.);
#2444=ORIENTED_EDGE('',*,*,#1364,.F.);
#2445=ORIENTED_EDGE('',*,*,#1361,.F.);
#2446=ORIENTED_EDGE('',*,*,#1358,.F.);
#2447=ORIENTED_EDGE('',*,*,#1355,.F.);
#2448=ORIENTED_EDGE('',*,*,#1352,.F.);
#2449=ORIENTED_EDGE('',*,*,#1703,.F.);
#2450=ORIENTED_EDGE('',*,*,#1388,.F.);
#2451=ORIENTED_EDGE('',*,*,#1392,.F.);
#2452=ORIENTED_EDGE('',*,*,#1395,.F.);
#2453=ORIENTED_EDGE('',*,*,#1398,.F.);
#2454=ORIENTED_EDGE('',*,*,#1401,.F.);
#2455=ORIENTED_EDGE('',*,*,#1404,.F.);
#2456=ORIENTED_EDGE('',*,*,#1407,.F.);
#2457=ORIENTED_EDGE('',*,*,#1410,.F.);
#2458=ORIENTED_EDGE('',*,*,#1413,.F.);
#2459=ORIENTED_EDGE('',*,*,#1416,.F.);
#2460=ORIENTED_EDGE('',*,*,#1419,.F.);
#2461=ORIENTED_EDGE('',*,*,#1704,.F.);
#2462=ORIENTED_EDGE('',*,*,#1424,.F.);
#2463=ORIENTED_EDGE('',*,*,#1421,.T.);
#2464=ORIENTED_EDGE('',*,*,#1704,.T.);
#2465=ORIENTED_EDGE('',*,*,#1418,.F.);
#2466=ORIENTED_EDGE('',*,*,#1705,.F.);
#2467=ORIENTED_EDGE('',*,*,#1706,.F.);
#2468=ORIENTED_EDGE('',*,*,#1422,.T.);
#2469=ORIENTED_EDGE('',*,*,#1705,.T.);
#2470=ORIENTED_EDGE('',*,*,#1420,.T.);
#2471=ORIENTED_EDGE('',*,*,#1417,.T.);
#2472=ORIENTED_EDGE('',*,*,#1414,.T.);
#2473=ORIENTED_EDGE('',*,*,#1411,.T.);
#2474=ORIENTED_EDGE('',*,*,#1408,.T.);
#2475=ORIENTED_EDGE('',*,*,#1405,.T.);
#2476=ORIENTED_EDGE('',*,*,#1402,.T.);
#2477=ORIENTED_EDGE('',*,*,#1399,.T.);
#2478=ORIENTED_EDGE('',*,*,#1396,.T.);
#2479=ORIENTED_EDGE('',*,*,#1393,.T.);
#2480=ORIENTED_EDGE('',*,*,#1390,.T.);
#2481=ORIENTED_EDGE('',*,*,#1707,.F.);
#2482=ORIENTED_EDGE('',*,*,#1350,.F.);
#2483=ORIENTED_EDGE('',*,*,#1354,.F.);
#2484=ORIENTED_EDGE('',*,*,#1357,.F.);
#2485=ORIENTED_EDGE('',*,*,#1360,.F.);
#2486=ORIENTED_EDGE('',*,*,#1363,.F.);
#2487=ORIENTED_EDGE('',*,*,#1366,.F.);
#2488=ORIENTED_EDGE('',*,*,#1369,.F.);
#2489=ORIENTED_EDGE('',*,*,#1372,.F.);
#2490=ORIENTED_EDGE('',*,*,#1375,.F.);
#2491=ORIENTED_EDGE('',*,*,#1378,.F.);
#2492=ORIENTED_EDGE('',*,*,#1381,.F.);
#2493=ORIENTED_EDGE('',*,*,#1708,.F.);
#2494=ORIENTED_EDGE('',*,*,#1386,.F.);
#2495=ORIENTED_EDGE('',*,*,#1383,.T.);
#2496=ORIENTED_EDGE('',*,*,#1708,.T.);
#2497=ORIENTED_EDGE('',*,*,#1380,.F.);
#2498=ORIENTED_EDGE('',*,*,#1702,.T.);
#2499=ORIENTED_EDGE('',*,*,#1707,.T.);
#2500=ORIENTED_EDGE('',*,*,#1389,.T.);
#2501=ORIENTED_EDGE('',*,*,#1703,.T.);
#2502=ORIENTED_EDGE('',*,*,#1351,.F.);
#2503=ORIENTED_EDGE('',*,*,#1709,.F.);
#2504=ORIENTED_EDGE('',*,*,#1710,.T.);
#2505=ORIENTED_EDGE('',*,*,#1711,.T.);
#2506=ORIENTED_EDGE('',*,*,#1712,.T.);
#2507=ORIENTED_EDGE('',*,*,#1713,.T.);
#2508=ORIENTED_EDGE('',*,*,#1714,.T.);
#2509=ORIENTED_EDGE('',*,*,#1715,.T.);
#2510=ORIENTED_EDGE('',*,*,#1716,.T.);
#2511=ORIENTED_EDGE('',*,*,#1682,.T.);
#2512=ORIENTED_EDGE('',*,*,#1613,.T.);
#2513=ORIENTED_EDGE('',*,*,#1677,.T.);
#2514=ORIENTED_EDGE('',*,*,#1651,.T.);
#2515=ORIENTED_EDGE('',*,*,#1717,.F.);
#2516=ORIENTED_EDGE('',*,*,#1718,.F.);
#2517=ORIENTED_EDGE('',*,*,#1719,.F.);
#2518=ORIENTED_EDGE('',*,*,#1720,.F.);
#2519=ORIENTED_EDGE('',*,*,#1721,.F.);
#2520=ORIENTED_EDGE('',*,*,#1722,.T.);
#2521=ORIENTED_EDGE('',*,*,#1723,.T.);
#2522=ORIENTED_EDGE('',*,*,#1724,.T.);
#2523=ORIENTED_EDGE('',*,*,#1725,.T.);
#2524=ORIENTED_EDGE('',*,*,#1726,.T.);
#2525=ORIENTED_EDGE('',*,*,#1727,.T.);
#2526=ORIENTED_EDGE('',*,*,#1717,.T.);
#2527=ORIENTED_EDGE('',*,*,#1690,.T.);
#2528=ORIENTED_EDGE('',*,*,#1537,.T.);
#2529=ORIENTED_EDGE('',*,*,#1685,.T.);
#2530=ORIENTED_EDGE('',*,*,#1575,.T.);
#2531=ORIENTED_EDGE('',*,*,#1728,.T.);
#2532=ORIENTED_EDGE('',*,*,#1729,.T.);
#2533=ORIENTED_EDGE('',*,*,#1721,.T.);
#2534=ORIENTED_EDGE('',*,*,#1720,.T.);
#2535=ORIENTED_EDGE('',*,*,#1730,.T.);
#2536=ORIENTED_EDGE('',*,*,#1731,.T.);
#2537=ORIENTED_EDGE('',*,*,#1709,.T.);
#2538=ORIENTED_EDGE('',*,*,#1732,.T.);
#2539=ORIENTED_EDGE('',*,*,#1733,.F.);
#2540=ORIENTED_EDGE('',*,*,#1734,.T.);
#2541=ORIENTED_EDGE('',*,*,#1735,.T.);
#2542=ORIENTED_EDGE('',*,*,#1736,.T.);
#2543=ORIENTED_EDGE('',*,*,#1737,.T.);
#2544=ORIENTED_EDGE('',*,*,#1738,.T.);
#2545=ORIENTED_EDGE('',*,*,#1739,.T.);
#2546=ORIENTED_EDGE('',*,*,#1740,.T.);
#2547=ORIENTED_EDGE('',*,*,#1706,.T.);
#2548=ORIENTED_EDGE('',*,*,#1385,.T.);
#2549=ORIENTED_EDGE('',*,*,#1701,.T.);
#2550=ORIENTED_EDGE('',*,*,#1423,.T.);
#2551=ORIENTED_EDGE('',*,*,#1733,.T.);
#2552=ORIENTED_EDGE('',*,*,#1741,.T.);
#2553=ORIENTED_EDGE('',*,*,#1742,.T.);
#2554=ORIENTED_EDGE('',*,*,#1743,.T.);
#2555=ORIENTED_EDGE('',*,*,#1744,.F.);
#2556=ORIENTED_EDGE('',*,*,#1745,.T.);
#2557=ORIENTED_EDGE('',*,*,#1746,.T.);
#2558=ORIENTED_EDGE('',*,*,#1747,.T.);
#2559=ORIENTED_EDGE('',*,*,#1748,.T.);
#2560=ORIENTED_EDGE('',*,*,#1749,.T.);
#2561=ORIENTED_EDGE('',*,*,#1750,.T.);
#2562=ORIENTED_EDGE('',*,*,#1751,.T.);
#2563=ORIENTED_EDGE('',*,*,#1698,.T.);
#2564=ORIENTED_EDGE('',*,*,#1461,.T.);
#2565=ORIENTED_EDGE('',*,*,#1693,.T.);
#2566=ORIENTED_EDGE('',*,*,#1499,.T.);
#2567=ORIENTED_EDGE('',*,*,#1744,.T.);
#2568=ORIENTED_EDGE('',*,*,#1752,.T.);
#2569=ORIENTED_EDGE('',*,*,#1753,.T.);
#2570=ORIENTED_EDGE('',*,*,#1754,.T.);
#2571=ORIENTED_EDGE('',*,*,#1755,.T.);
#2572=ORIENTED_EDGE('',*,*,#1756,.F.);
#2573=ORIENTED_EDGE('',*,*,#1757,.F.);
#2574=ORIENTED_EDGE('',*,*,#1758,.T.);
#2575=ORIENTED_EDGE('',*,*,#1759,.F.);
#2576=ORIENTED_EDGE('',*,*,#1760,.F.);
#2577=ORIENTED_EDGE('',*,*,#1761,.F.);
#2578=ORIENTED_EDGE('',*,*,#1762,.F.);
#2579=ORIENTED_EDGE('',*,*,#1763,.F.);
#2580=ORIENTED_EDGE('',*,*,#1764,.T.);
#2581=ORIENTED_EDGE('',*,*,#1765,.F.);
#2582=ORIENTED_EDGE('',*,*,#1766,.F.);
#2583=ORIENTED_EDGE('',*,*,#1730,.F.);
#2584=ORIENTED_EDGE('',*,*,#1767,.T.);
#2585=ORIENTED_EDGE('',*,*,#1768,.F.);
#2586=ORIENTED_EDGE('',*,*,#1769,.F.);
#2587=ORIENTED_EDGE('',*,*,#1770,.F.);
#2588=ORIENTED_EDGE('',*,*,#1771,.T.);
#2589=ORIENTED_EDGE('',*,*,#1728,.F.);
#2590=ORIENTED_EDGE('',*,*,#1719,.T.);
#2591=ORIENTED_EDGE('',*,*,#1772,.F.);
#2592=ORIENTED_EDGE('',*,*,#1773,.F.);
#2593=ORIENTED_EDGE('',*,*,#1774,.F.);
#2594=ORIENTED_EDGE('',*,*,#1775,.F.);
#2595=ORIENTED_EDGE('',*,*,#1753,.F.);
#2596=ORIENTED_EDGE('',*,*,#1776,.T.);
#2597=ORIENTED_EDGE('',*,*,#1777,.T.);
#2598=ORIENTED_EDGE('',*,*,#1760,.T.);
#2599=ORIENTED_EDGE('',*,*,#1778,.F.);
#2600=ORIENTED_EDGE('',*,*,#1779,.T.);
#2601=ORIENTED_EDGE('',*,*,#1742,.F.);
#2602=ORIENTED_EDGE('',*,*,#1780,.T.);
#2603=ORIENTED_EDGE('',*,*,#1660,.F.);
#2604=ORIENTED_EDGE('',*,*,#1671,.F.);
#2605=ORIENTED_EDGE('',*,*,#1666,.F.);
#2606=ORIENTED_EDGE('',*,*,#1676,.F.);
#2607=ORIENTED_EDGE('',*,*,#1672,.F.);
#2608=ORIENTED_EDGE('',*,*,#1657,.T.);
#2609=ORIENTED_EDGE('',*,*,#1653,.F.);
#2610=ORIENTED_EDGE('',*,*,#1665,.F.);
#2611=ORIENTED_EDGE('',*,*,#1715,.F.);
#2612=ORIENTED_EDGE('',*,*,#1781,.T.);
#2613=ORIENTED_EDGE('',*,*,#1768,.T.);
#2614=ORIENTED_EDGE('',*,*,#1782,.T.);
#2615=ORIENTED_EDGE('',*,*,#1716,.F.);
#2616=ORIENTED_EDGE('',*,*,#1782,.F.);
#2617=ORIENTED_EDGE('',*,*,#1767,.F.);
#2618=ORIENTED_EDGE('',*,*,#1732,.F.);
#2619=ORIENTED_EDGE('',*,*,#1750,.F.);
#2620=ORIENTED_EDGE('',*,*,#1783,.T.);
#2621=ORIENTED_EDGE('',*,*,#1761,.T.);
#2622=ORIENTED_EDGE('',*,*,#1777,.F.);
#2623=ORIENTED_EDGE('',*,*,#1784,.T.);
#2624=ORIENTED_EDGE('',*,*,#1739,.F.);
#2625=ORIENTED_EDGE('',*,*,#1785,.T.);
#2626=ORIENTED_EDGE('',*,*,#1763,.T.);
#2627=ORIENTED_EDGE('',*,*,#1786,.T.);
#2628=ORIENTED_EDGE('',*,*,#1727,.F.);
#2629=ORIENTED_EDGE('',*,*,#1787,.T.);
#2630=ORIENTED_EDGE('',*,*,#1772,.T.);
#2631=ORIENTED_EDGE('',*,*,#1718,.T.);
#2632=ORIENTED_EDGE('',*,*,#1725,.F.);
#2633=ORIENTED_EDGE('',*,*,#1788,.T.);
#2634=ORIENTED_EDGE('',*,*,#1789,.T.);
#2635=ORIENTED_EDGE('',*,*,#1790,.T.);
#2636=ORIENTED_EDGE('',*,*,#1738,.F.);
#2637=ORIENTED_EDGE('',*,*,#1791,.T.);
#2638=ORIENTED_EDGE('',*,*,#1792,.F.);
#2639=ORIENTED_EDGE('',*,*,#1785,.F.);
#2640=ORIENTED_EDGE('',*,*,#1793,.T.);
#2641=ORIENTED_EDGE('',*,*,#1794,.F.);
#2642=ORIENTED_EDGE('',*,*,#1795,.F.);
#2643=ORIENTED_EDGE('',*,*,#1796,.F.);
#2644=ORIENTED_EDGE('',*,*,#1764,.F.);
#2645=ORIENTED_EDGE('',*,*,#1792,.T.);
#2646=ORIENTED_EDGE('',*,*,#1797,.T.);
#2647=ORIENTED_EDGE('',*,*,#1798,.T.);
#2648=ORIENTED_EDGE('',*,*,#1789,.F.);
#2649=ORIENTED_EDGE('',*,*,#1799,.T.);
#2650=ORIENTED_EDGE('',*,*,#1800,.T.);
#2651=ORIENTED_EDGE('',*,*,#1794,.T.);
#2652=ORIENTED_EDGE('',*,*,#1801,.T.);
#2653=ORIENTED_EDGE('',*,*,#1756,.T.);
#2654=ORIENTED_EDGE('',*,*,#1675,.T.);
#2655=ORIENTED_EDGE('',*,*,#1668,.F.);
#2656=ORIENTED_EDGE('',*,*,#1670,.T.);
#2657=ORIENTED_EDGE('',*,*,#1662,.F.);
#2658=ORIENTED_EDGE('',*,*,#1664,.T.);
#2659=ORIENTED_EDGE('',*,*,#1655,.F.);
#2660=ORIENTED_EDGE('',*,*,#1659,.T.);
#2661=ORIENTED_EDGE('',*,*,#1674,.F.);
#2662=ORIENTED_EDGE('',*,*,#1736,.F.);
#2663=ORIENTED_EDGE('',*,*,#1802,.F.);
#2664=ORIENTED_EDGE('',*,*,#1758,.F.);
#2665=ORIENTED_EDGE('',*,*,#1803,.F.);
#2666=ORIENTED_EDGE('',*,*,#1747,.F.);
#2667=ORIENTED_EDGE('',*,*,#1804,.F.);
#2668=ORIENTED_EDGE('',*,*,#1773,.T.);
#2669=ORIENTED_EDGE('',*,*,#1787,.F.);
#2670=ORIENTED_EDGE('',*,*,#1726,.F.);
#2671=ORIENTED_EDGE('',*,*,#1790,.F.);
#2672=ORIENTED_EDGE('',*,*,#1798,.F.);
#2673=ORIENTED_EDGE('',*,*,#1805,.F.);
#2674=ORIENTED_EDGE('',*,*,#1737,.F.);
#2675=ORIENTED_EDGE('',*,*,#1803,.T.);
#2676=ORIENTED_EDGE('',*,*,#1757,.T.);
#2677=ORIENTED_EDGE('',*,*,#1801,.F.);
#2678=ORIENTED_EDGE('',*,*,#1793,.F.);
#2679=ORIENTED_EDGE('',*,*,#1791,.F.);
#2680=ORIENTED_EDGE('',*,*,#1748,.F.);
#2681=ORIENTED_EDGE('',*,*,#1805,.T.);
#2682=ORIENTED_EDGE('',*,*,#1797,.F.);
#2683=ORIENTED_EDGE('',*,*,#1755,.F.);
#2684=ORIENTED_EDGE('',*,*,#1806,.F.);
#2685=ORIENTED_EDGE('',*,*,#1722,.F.);
#2686=ORIENTED_EDGE('',*,*,#1729,.F.);
#2687=ORIENTED_EDGE('',*,*,#1771,.F.);
#2688=ORIENTED_EDGE('',*,*,#1807,.F.);
#2689=ORIENTED_EDGE('',*,*,#1723,.F.);
#2690=ORIENTED_EDGE('',*,*,#1807,.T.);
#2691=ORIENTED_EDGE('',*,*,#1770,.T.);
#2692=ORIENTED_EDGE('',*,*,#1808,.T.);
#2693=ORIENTED_EDGE('',*,*,#1714,.F.);
#2694=ORIENTED_EDGE('',*,*,#1809,.T.);
#2695=ORIENTED_EDGE('',*,*,#1799,.F.);
#2696=ORIENTED_EDGE('',*,*,#1788,.F.);
#2697=ORIENTED_EDGE('',*,*,#1724,.F.);
#2698=ORIENTED_EDGE('',*,*,#1808,.F.);
#2699=ORIENTED_EDGE('',*,*,#1769,.T.);
#2700=ORIENTED_EDGE('',*,*,#1781,.F.);
#2701=ORIENTED_EDGE('',*,*,#1710,.F.);
#2702=ORIENTED_EDGE('',*,*,#1731,.F.);
#2703=ORIENTED_EDGE('',*,*,#1766,.T.);
#2704=ORIENTED_EDGE('',*,*,#1810,.F.);
#2705=ORIENTED_EDGE('',*,*,#1711,.F.);
#2706=ORIENTED_EDGE('',*,*,#1810,.T.);
#2707=ORIENTED_EDGE('',*,*,#1765,.T.);
#2708=ORIENTED_EDGE('',*,*,#1811,.T.);
#2709=ORIENTED_EDGE('',*,*,#1712,.F.);
#2710=ORIENTED_EDGE('',*,*,#1811,.F.);
#2711=ORIENTED_EDGE('',*,*,#1796,.T.);
#2712=ORIENTED_EDGE('',*,*,#1812,.F.);
#2713=ORIENTED_EDGE('',*,*,#1713,.F.);
#2714=ORIENTED_EDGE('',*,*,#1812,.T.);
#2715=ORIENTED_EDGE('',*,*,#1795,.T.);
#2716=ORIENTED_EDGE('',*,*,#1800,.F.);
#2717=ORIENTED_EDGE('',*,*,#1809,.F.);
#2718=ORIENTED_EDGE('',*,*,#1751,.F.);
#2719=ORIENTED_EDGE('',*,*,#1784,.F.);
#2720=ORIENTED_EDGE('',*,*,#1776,.F.);
#2721=ORIENTED_EDGE('',*,*,#1752,.F.);
#2722=ORIENTED_EDGE('',*,*,#1749,.F.);
#2723=ORIENTED_EDGE('',*,*,#1806,.T.);
#2724=ORIENTED_EDGE('',*,*,#1762,.T.);
#2725=ORIENTED_EDGE('',*,*,#1783,.F.);
#2726=ORIENTED_EDGE('',*,*,#1745,.F.);
#2727=ORIENTED_EDGE('',*,*,#1754,.F.);
#2728=ORIENTED_EDGE('',*,*,#1775,.T.);
#2729=ORIENTED_EDGE('',*,*,#1813,.F.);
#2730=ORIENTED_EDGE('',*,*,#1746,.F.);
#2731=ORIENTED_EDGE('',*,*,#1813,.T.);
#2732=ORIENTED_EDGE('',*,*,#1774,.T.);
#2733=ORIENTED_EDGE('',*,*,#1804,.T.);
#2734=ORIENTED_EDGE('',*,*,#1740,.F.);
#2735=ORIENTED_EDGE('',*,*,#1786,.F.);
#2736=ORIENTED_EDGE('',*,*,#1780,.F.);
#2737=ORIENTED_EDGE('',*,*,#1741,.F.);
#2738=ORIENTED_EDGE('',*,*,#1734,.F.);
#2739=ORIENTED_EDGE('',*,*,#1743,.F.);
#2740=ORIENTED_EDGE('',*,*,#1779,.F.);
#2741=ORIENTED_EDGE('',*,*,#1814,.F.);
#2742=ORIENTED_EDGE('',*,*,#1735,.F.);
#2743=ORIENTED_EDGE('',*,*,#1814,.T.);
#2744=ORIENTED_EDGE('',*,*,#1778,.T.);
#2745=ORIENTED_EDGE('',*,*,#1759,.T.);
#2746=ORIENTED_EDGE('',*,*,#1802,.T.);
#2747=CYLINDRICAL_SURFACE('',#3047,1.2645);
#2748=CYLINDRICAL_SURFACE('',#3049,1.2645);
#2749=CYLINDRICAL_SURFACE('',#3050,1.2645);
#2750=CYLINDRICAL_SURFACE('',#3051,1.2645);
#2751=CYLINDRICAL_SURFACE('',#3052,1.2645);
#2752=CYLINDRICAL_SURFACE('',#3053,1.2645);
#2753=CYLINDRICAL_SURFACE('',#3054,1.2645);
#2754=CYLINDRICAL_SURFACE('',#3055,1.2645);
#2755=CYLINDRICAL_SURFACE('',#3056,1.2645);
#2756=CYLINDRICAL_SURFACE('',#3057,1.2645);
#2757=CYLINDRICAL_SURFACE('',#3058,1.2645);
#2758=CYLINDRICAL_SURFACE('',#3059,1.2645);
#2759=CYLINDRICAL_SURFACE('',#3061,1.54300000000001);
#2760=CYLINDRICAL_SURFACE('',#3063,1.54300000000001);
#2761=CYLINDRICAL_SURFACE('',#3064,1.54300000000001);
#2762=CYLINDRICAL_SURFACE('',#3065,1.54300000000001);
#2763=CYLINDRICAL_SURFACE('',#3066,1.54300000000001);
#2764=CYLINDRICAL_SURFACE('',#3067,1.54300000000001);
#2765=CYLINDRICAL_SURFACE('',#3068,1.54300000000001);
#2766=CYLINDRICAL_SURFACE('',#3069,1.54300000000001);
#2767=CYLINDRICAL_SURFACE('',#3070,1.54300000000001);
#2768=CYLINDRICAL_SURFACE('',#3071,1.54300000000001);
#2769=CYLINDRICAL_SURFACE('',#3072,1.54300000000001);
#2770=CYLINDRICAL_SURFACE('',#3073,1.54300000000001);
#2771=CYLINDRICAL_SURFACE('',#3075,1.2645);
#2772=CYLINDRICAL_SURFACE('',#3077,1.2645);
#2773=CYLINDRICAL_SURFACE('',#3078,1.2645);
#2774=CYLINDRICAL_SURFACE('',#3079,1.2645);
#2775=CYLINDRICAL_SURFACE('',#3080,1.2645);
#2776=CYLINDRICAL_SURFACE('',#3081,1.2645);
#2777=CYLINDRICAL_SURFACE('',#3082,1.2645);
#2778=CYLINDRICAL_SURFACE('',#3083,1.2645);
#2779=CYLINDRICAL_SURFACE('',#3084,1.2645);
#2780=CYLINDRICAL_SURFACE('',#3085,1.2645);
#2781=CYLINDRICAL_SURFACE('',#3086,1.2645);
#2782=CYLINDRICAL_SURFACE('',#3087,1.2645);
#2783=CYLINDRICAL_SURFACE('',#3089,1.54300000000001);
#2784=CYLINDRICAL_SURFACE('',#3091,1.54300000000001);
#2785=CYLINDRICAL_SURFACE('',#3092,1.54300000000001);
#2786=CYLINDRICAL_SURFACE('',#3093,1.54300000000001);
#2787=CYLINDRICAL_SURFACE('',#3094,1.54300000000001);
#2788=CYLINDRICAL_SURFACE('',#3095,1.54300000000001);
#2789=CYLINDRICAL_SURFACE('',#3096,1.54300000000001);
#2790=CYLINDRICAL_SURFACE('',#3097,1.54300000000001);
#2791=CYLINDRICAL_SURFACE('',#3098,1.54300000000001);
#2792=CYLINDRICAL_SURFACE('',#3099,1.54300000000001);
#2793=CYLINDRICAL_SURFACE('',#3100,1.54300000000001);
#2794=CYLINDRICAL_SURFACE('',#3101,1.54300000000001);
#2795=CYLINDRICAL_SURFACE('',#3103,1.2645);
#2796=CYLINDRICAL_SURFACE('',#3105,1.2645);
#2797=CYLINDRICAL_SURFACE('',#3106,1.2645);
#2798=CYLINDRICAL_SURFACE('',#3107,1.2645);
#2799=CYLINDRICAL_SURFACE('',#3108,1.2645);
#2800=CYLINDRICAL_SURFACE('',#3109,1.2645);
#2801=CYLINDRICAL_SURFACE('',#3110,1.2645);
#2802=CYLINDRICAL_SURFACE('',#3111,1.2645);
#2803=CYLINDRICAL_SURFACE('',#3112,1.2645);
#2804=CYLINDRICAL_SURFACE('',#3113,1.2645);
#2805=CYLINDRICAL_SURFACE('',#3114,1.2645);
#2806=CYLINDRICAL_SURFACE('',#3115,1.2645);
#2807=CYLINDRICAL_SURFACE('',#3117,1.54300000000003);
#2808=CYLINDRICAL_SURFACE('',#3119,1.54300000000003);
#2809=CYLINDRICAL_SURFACE('',#3120,1.54300000000003);
#2810=CYLINDRICAL_SURFACE('',#3121,1.54300000000003);
#2811=CYLINDRICAL_SURFACE('',#3122,1.54300000000003);
#2812=CYLINDRICAL_SURFACE('',#3123,1.54300000000003);
#2813=CYLINDRICAL_SURFACE('',#3124,1.54300000000003);
#2814=CYLINDRICAL_SURFACE('',#3125,1.54300000000003);
#2815=CYLINDRICAL_SURFACE('',#3126,1.54300000000003);
#2816=CYLINDRICAL_SURFACE('',#3127,1.54300000000003);
#2817=CYLINDRICAL_SURFACE('',#3128,1.54300000000003);
#2818=CYLINDRICAL_SURFACE('',#3129,1.54300000000003);
#2819=CYLINDRICAL_SURFACE('',#3131,1.2645);
#2820=CYLINDRICAL_SURFACE('',#3133,1.2645);
#2821=CYLINDRICAL_SURFACE('',#3134,1.2645);
#2822=CYLINDRICAL_SURFACE('',#3135,1.2645);
#2823=CYLINDRICAL_SURFACE('',#3136,1.2645);
#2824=CYLINDRICAL_SURFACE('',#3137,1.2645);
#2825=CYLINDRICAL_SURFACE('',#3138,1.2645);
#2826=CYLINDRICAL_SURFACE('',#3139,1.2645);
#2827=CYLINDRICAL_SURFACE('',#3140,1.2645);
#2828=CYLINDRICAL_SURFACE('',#3141,1.2645);
#2829=CYLINDRICAL_SURFACE('',#3142,1.2645);
#2830=CYLINDRICAL_SURFACE('',#3143,1.2645);
#2831=CYLINDRICAL_SURFACE('',#3145,1.54299999999998);
#2832=CYLINDRICAL_SURFACE('',#3147,1.54299999999998);
#2833=CYLINDRICAL_SURFACE('',#3148,1.54299999999998);
#2834=CYLINDRICAL_SURFACE('',#3149,1.54299999999998);
#2835=CYLINDRICAL_SURFACE('',#3150,1.54299999999998);
#2836=CYLINDRICAL_SURFACE('',#3151,1.54299999999998);
#2837=CYLINDRICAL_SURFACE('',#3152,1.54299999999998);
#2838=CYLINDRICAL_SURFACE('',#3153,1.54299999999998);
#2839=CYLINDRICAL_SURFACE('',#3154,1.54299999999998);
#2840=CYLINDRICAL_SURFACE('',#3155,1.54299999999998);
#2841=CYLINDRICAL_SURFACE('',#3156,1.54299999999998);
#2842=CYLINDRICAL_SURFACE('',#3157,1.54299999999998);
#2843=CYLINDRICAL_SURFACE('',#3159,2.);
#2844=CYLINDRICAL_SURFACE('',#3163,2.);
#2845=CYLINDRICAL_SURFACE('',#3167,2.);
#2846=CYLINDRICAL_SURFACE('',#3171,2.);
#2847=CYLINDRICAL_SURFACE('',#3175,1.54299999999998);
#2848=CYLINDRICAL_SURFACE('',#3176,1.2645);
#2849=CYLINDRICAL_SURFACE('',#3178,1.54300000000003);
#2850=CYLINDRICAL_SURFACE('',#3179,1.2645);
#2851=CYLINDRICAL_SURFACE('',#3181,1.54300000000001);
#2852=CYLINDRICAL_SURFACE('',#3182,1.2645);
#2853=CYLINDRICAL_SURFACE('',#3184,1.54300000000001);
#2854=CYLINDRICAL_SURFACE('',#3185,1.2645);
#2855=CYLINDRICAL_SURFACE('',#3198,2.);
#2856=CYLINDRICAL_SURFACE('',#3200,2.);
#2857=CYLINDRICAL_SURFACE('',#3207,2.);
#2858=CYLINDRICAL_SURFACE('',#3214,2.);
#2859=CYLINDRICAL_SURFACE('',#3228,2.);
#2860=CYLINDRICAL_SURFACE('',#3230,2.);
#2861=CYLINDRICAL_SURFACE('',#3231,2.);
#2862=CYLINDRICAL_SURFACE('',#3232,2.);
#2863=CYLINDRICAL_SURFACE('',#3233,2.);
#2864=CYLINDRICAL_SURFACE('',#3243,2.00000000000002);
#2865=CYLINDRICAL_SURFACE('',#3244,2.00000000000003);
#2866=CYLINDRICAL_SURFACE('',#3246,2.);
#2867=CYLINDRICAL_SURFACE('',#3249,2.);
#2868=CYLINDRICAL_SURFACE('',#3251,1.99999999999998);
#2869=CYLINDRICAL_SURFACE('',#3255,2.);
#2870=CYLINDRICAL_SURFACE('',#3258,2.);
#2871=ADVANCED_FACE('',(#59),#2747,.F.);
#2872=ADVANCED_FACE('',(#60),#2748,.F.);
#2873=ADVANCED_FACE('',(#61),#2749,.F.);
#2874=ADVANCED_FACE('',(#62),#2750,.F.);
#2875=ADVANCED_FACE('',(#63),#2751,.F.);
#2876=ADVANCED_FACE('',(#64),#2752,.F.);
#2877=ADVANCED_FACE('',(#65),#2753,.F.);
#2878=ADVANCED_FACE('',(#66),#2754,.F.);
#2879=ADVANCED_FACE('',(#67),#2755,.F.);
#2880=ADVANCED_FACE('',(#68),#2756,.F.);
#2881=ADVANCED_FACE('',(#69),#2757,.F.);
#2882=ADVANCED_FACE('',(#70),#2758,.F.);
#2883=ADVANCED_FACE('',(#71),#2759,.F.);
#2884=ADVANCED_FACE('',(#72),#2760,.F.);
#2885=ADVANCED_FACE('',(#73),#2761,.F.);
#2886=ADVANCED_FACE('',(#74),#2762,.F.);
#2887=ADVANCED_FACE('',(#75),#2763,.F.);
#2888=ADVANCED_FACE('',(#76),#2764,.F.);
#2889=ADVANCED_FACE('',(#77),#2765,.F.);
#2890=ADVANCED_FACE('',(#78),#2766,.F.);
#2891=ADVANCED_FACE('',(#79),#2767,.F.);
#2892=ADVANCED_FACE('',(#80),#2768,.F.);
#2893=ADVANCED_FACE('',(#81),#2769,.F.);
#2894=ADVANCED_FACE('',(#82),#2770,.F.);
#2895=ADVANCED_FACE('',(#83),#2771,.F.);
#2896=ADVANCED_FACE('',(#84),#2772,.F.);
#2897=ADVANCED_FACE('',(#85),#2773,.F.);
#2898=ADVANCED_FACE('',(#86),#2774,.F.);
#2899=ADVANCED_FACE('',(#87),#2775,.F.);
#2900=ADVANCED_FACE('',(#88),#2776,.F.);
#2901=ADVANCED_FACE('',(#89),#2777,.F.);
#2902=ADVANCED_FACE('',(#90),#2778,.F.);
#2903=ADVANCED_FACE('',(#91),#2779,.F.);
#2904=ADVANCED_FACE('',(#92),#2780,.F.);
#2905=ADVANCED_FACE('',(#93),#2781,.F.);
#2906=ADVANCED_FACE('',(#94),#2782,.F.);
#2907=ADVANCED_FACE('',(#95),#2783,.F.);
#2908=ADVANCED_FACE('',(#96),#2784,.F.);
#2909=ADVANCED_FACE('',(#97),#2785,.F.);
#2910=ADVANCED_FACE('',(#98),#2786,.F.);
#2911=ADVANCED_FACE('',(#99),#2787,.F.);
#2912=ADVANCED_FACE('',(#100),#2788,.F.);
#2913=ADVANCED_FACE('',(#101),#2789,.F.);
#2914=ADVANCED_FACE('',(#102),#2790,.F.);
#2915=ADVANCED_FACE('',(#103),#2791,.F.);
#2916=ADVANCED_FACE('',(#104),#2792,.F.);
#2917=ADVANCED_FACE('',(#105),#2793,.F.);
#2918=ADVANCED_FACE('',(#106),#2794,.F.);
#2919=ADVANCED_FACE('',(#107),#2795,.F.);
#2920=ADVANCED_FACE('',(#108),#2796,.F.);
#2921=ADVANCED_FACE('',(#109),#2797,.F.);
#2922=ADVANCED_FACE('',(#110),#2798,.F.);
#2923=ADVANCED_FACE('',(#111),#2799,.F.);
#2924=ADVANCED_FACE('',(#112),#2800,.F.);
#2925=ADVANCED_FACE('',(#113),#2801,.F.);
#2926=ADVANCED_FACE('',(#114),#2802,.F.);
#2927=ADVANCED_FACE('',(#115),#2803,.F.);
#2928=ADVANCED_FACE('',(#116),#2804,.F.);
#2929=ADVANCED_FACE('',(#117),#2805,.F.);
#2930=ADVANCED_FACE('',(#118),#2806,.F.);
#2931=ADVANCED_FACE('',(#119),#2807,.F.);
#2932=ADVANCED_FACE('',(#120),#2808,.F.);
#2933=ADVANCED_FACE('',(#121),#2809,.F.);
#2934=ADVANCED_FACE('',(#122),#2810,.F.);
#2935=ADVANCED_FACE('',(#123),#2811,.F.);
#2936=ADVANCED_FACE('',(#124),#2812,.F.);
#2937=ADVANCED_FACE('',(#125),#2813,.F.);
#2938=ADVANCED_FACE('',(#126),#2814,.F.);
#2939=ADVANCED_FACE('',(#127),#2815,.F.);
#2940=ADVANCED_FACE('',(#128),#2816,.F.);
#2941=ADVANCED_FACE('',(#129),#2817,.F.);
#2942=ADVANCED_FACE('',(#130),#2818,.F.);
#2943=ADVANCED_FACE('',(#131),#2819,.F.);
#2944=ADVANCED_FACE('',(#132),#2820,.F.);
#2945=ADVANCED_FACE('',(#133),#2821,.F.);
#2946=ADVANCED_FACE('',(#134),#2822,.F.);
#2947=ADVANCED_FACE('',(#135),#2823,.F.);
#2948=ADVANCED_FACE('',(#136),#2824,.F.);
#2949=ADVANCED_FACE('',(#137),#2825,.F.);
#2950=ADVANCED_FACE('',(#138),#2826,.F.);
#2951=ADVANCED_FACE('',(#139),#2827,.F.);
#2952=ADVANCED_FACE('',(#140),#2828,.F.);
#2953=ADVANCED_FACE('',(#141),#2829,.F.);
#2954=ADVANCED_FACE('',(#142),#2830,.F.);
#2955=ADVANCED_FACE('',(#143),#2831,.F.);
#2956=ADVANCED_FACE('',(#144),#2832,.F.);
#2957=ADVANCED_FACE('',(#145),#2833,.F.);
#2958=ADVANCED_FACE('',(#146),#2834,.F.);
#2959=ADVANCED_FACE('',(#147),#2835,.F.);
#2960=ADVANCED_FACE('',(#148),#2836,.F.);
#2961=ADVANCED_FACE('',(#149),#2837,.F.);
#2962=ADVANCED_FACE('',(#150),#2838,.F.);
#2963=ADVANCED_FACE('',(#151),#2839,.F.);
#2964=ADVANCED_FACE('',(#152),#2840,.F.);
#2965=ADVANCED_FACE('',(#153),#2841,.F.);
#2966=ADVANCED_FACE('',(#154),#2842,.F.);
#2967=ADVANCED_FACE('',(#155),#2843,.F.);
#2968=ADVANCED_FACE('',(#156),#29,.T.);
#2969=ADVANCED_FACE('',(#157),#2844,.F.);
#2970=ADVANCED_FACE('',(#158),#30,.T.);
#2971=ADVANCED_FACE('',(#159),#2845,.F.);
#2972=ADVANCED_FACE('',(#160),#31,.T.);
#2973=ADVANCED_FACE('',(#161),#2846,.F.);
#2974=ADVANCED_FACE('',(#162),#32,.T.);
#2975=ADVANCED_FACE('',(#163),#21,.F.);
#2976=ADVANCED_FACE('',(#164),#2847,.F.);
#2977=ADVANCED_FACE('',(#165),#22,.F.);
#2978=ADVANCED_FACE('',(#166),#2848,.F.);
#2979=ADVANCED_FACE('',(#167),#33,.F.);
#2980=ADVANCED_FACE('',(#168),#23,.F.);
#2981=ADVANCED_FACE('',(#169),#2849,.F.);
#2982=ADVANCED_FACE('',(#170),#24,.F.);
#2983=ADVANCED_FACE('',(#171),#2850,.F.);
#2984=ADVANCED_FACE('',(#172),#34,.F.);
#2985=ADVANCED_FACE('',(#173),#25,.F.);
#2986=ADVANCED_FACE('',(#174),#2851,.F.);
#2987=ADVANCED_FACE('',(#175),#26,.F.);
#2988=ADVANCED_FACE('',(#176),#2852,.F.);
#2989=ADVANCED_FACE('',(#177),#35,.F.);
#2990=ADVANCED_FACE('',(#178),#27,.F.);
#2991=ADVANCED_FACE('',(#179),#2853,.F.);
#2992=ADVANCED_FACE('',(#180),#28,.F.);
#2993=ADVANCED_FACE('',(#181),#2854,.F.);
#2994=ADVANCED_FACE('',(#182),#36,.F.);
#2995=ADVANCED_FACE('',(#183,#15),#37,.F.);
#2996=ADVANCED_FACE('',(#184),#38,.T.);
#2997=ADVANCED_FACE('',(#185,#16),#39,.F.);
#2998=ADVANCED_FACE('',(#186),#2855,.T.);
#2999=ADVANCED_FACE('',(#187),#2856,.T.);
#3000=ADVANCED_FACE('',(#188,#17),#40,.F.);
#3001=ADVANCED_FACE('',(#189),#2857,.T.);
#3002=ADVANCED_FACE('',(#190,#18),#41,.F.);
#3003=ADVANCED_FACE('',(#191),#2858,.T.);
#3004=ADVANCED_FACE('',(#192),#42,.T.);
#3005=ADVANCED_FACE('',(#193,#19),#43,.F.);
#3006=ADVANCED_FACE('',(#194),#2859,.T.);
#3007=ADVANCED_FACE('',(#195),#44,.T.);
#3008=ADVANCED_FACE('',(#196),#2860,.T.);
#3009=ADVANCED_FACE('',(#197),#2861,.T.);
#3010=ADVANCED_FACE('',(#198),#2862,.T.);
#3011=ADVANCED_FACE('',(#199),#2863,.T.);
#3012=ADVANCED_FACE('',(#200),#45,.T.);
#3013=ADVANCED_FACE('',(#201),#46,.T.);
#3014=ADVANCED_FACE('',(#202,#20),#47,.T.);
#3015=ADVANCED_FACE('',(#203),#48,.T.);
#3016=ADVANCED_FACE('',(#204),#49,.T.);
#3017=ADVANCED_FACE('',(#205),#2864,.T.);
#3018=ADVANCED_FACE('',(#206),#2865,.T.);
#3019=ADVANCED_FACE('',(#207),#50,.T.);
#3020=ADVANCED_FACE('',(#208),#2866,.T.);
#3021=ADVANCED_FACE('',(#209),#51,.T.);
#3022=ADVANCED_FACE('',(#210),#52,.T.);
#3023=ADVANCED_FACE('',(#211),#2867,.T.);
#3024=ADVANCED_FACE('',(#212),#53,.T.);
#3025=ADVANCED_FACE('',(#213),#2868,.T.);
#3026=ADVANCED_FACE('',(#214),#54,.T.);
#3027=ADVANCED_FACE('',(#215),#55,.T.);
#3028=ADVANCED_FACE('',(#216),#56,.T.);
#3029=ADVANCED_FACE('',(#217),#2869,.T.);
#3030=ADVANCED_FACE('',(#218),#57,.T.);
#3031=ADVANCED_FACE('',(#219),#58,.T.);
#3032=ADVANCED_FACE('',(#220),#2870,.T.);
#3033=CLOSED_SHELL('',(#2871,#2872,#2873,#2874,#2875,#2876,#2877,#2878,
#2879,#2880,#2881,#2882,#2883,#2884,#2885,#2886,#2887,#2888,#2889,#2890,
#2891,#2892,#2893,#2894,#2895,#2896,#2897,#2898,#2899,#2900,#2901,#2902,
#2903,#2904,#2905,#2906,#2907,#2908,#2909,#2910,#2911,#2912,#2913,#2914,
#2915,#2916,#2917,#2918,#2919,#2920,#2921,#2922,#2923,#2924,#2925,#2926,
#2927,#2928,#2929,#2930,#2931,#2932,#2933,#2934,#2935,#2936,#2937,#2938,
#2939,#2940,#2941,#2942,#2943,#2944,#2945,#2946,#2947,#2948,#2949,#2950,
#2951,#2952,#2953,#2954,#2955,#2956,#2957,#2958,#2959,#2960,#2961,#2962,
#2963,#2964,#2965,#2966,#2967,#2968,#2969,#2970,#2971,#2972,#2973,#2974,
#2975,#2976,#2977,#2978,#2979,#2980,#2981,#2982,#2983,#2984,#2985,#2986,
#2987,#2988,#2989,#2990,#2991,#2992,#2993,#2994,#2995,#2996,#2997,#2998,
#2999,#3000,#3001,#3002,#3003,#3004,#3005,#3006,#3007,#3008,#3009,#3010,
#3011,#3012,#3013,#3014,#3015,#3016,#3017,#3018,#3019,#3020,#3021,#3022,
#3023,#3024,#3025,#3026,#3027,#3028,#3029,#3030,#3031,#3032));
#3034=DERIVED_UNIT_ELEMENT(#3036,1.);
#3035=DERIVED_UNIT_ELEMENT(#11666,-3.);
#3036=(
MASS_UNIT()
NAMED_UNIT(*)
SI_UNIT(.KILO.,.GRAM.)
);
#3037=DERIVED_UNIT((#3034,#3035));
#3038=MEASURE_REPRESENTATION_ITEM('density measure',
POSITIVE_RATIO_MEASURE(7850.),#3037);
#3039=PROPERTY_DEFINITION_REPRESENTATION(#3044,#3041);
#3040=PROPERTY_DEFINITION_REPRESENTATION(#3045,#3042);
#3041=REPRESENTATION('material name',(#3043),#11663);
#3042=REPRESENTATION('density',(#3038),#11663);
#3043=DESCRIPTIVE_REPRESENTATION_ITEM('Steel','Steel');
#3044=PROPERTY_DEFINITION('material property','material name',#11673);
#3045=PROPERTY_DEFINITION('material property','density of part',#11673);
#3046=AXIS2_PLACEMENT_3D('',#3869,#3259,#3260);
#3047=AXIS2_PLACEMENT_3D('',#3870,#3261,#3262);
#3048=AXIS2_PLACEMENT_3D('',#3880,#3264,#3265);
#3049=AXIS2_PLACEMENT_3D('',#3891,#3266,#3267);
#3050=AXIS2_PLACEMENT_3D('',#3942,#3269,#3270);
#3051=AXIS2_PLACEMENT_3D('',#3993,#3272,#3273);
#3052=AXIS2_PLACEMENT_3D('',#4041,#3275,#3276);
#3053=AXIS2_PLACEMENT_3D('',#4092,#3278,#3279);
#3054=AXIS2_PLACEMENT_3D('',#4143,#3281,#3282);
#3055=AXIS2_PLACEMENT_3D('',#4191,#3284,#3285);
#3056=AXIS2_PLACEMENT_3D('',#4242,#3287,#3288);
#3057=AXIS2_PLACEMENT_3D('',#4293,#3290,#3291);
#3058=AXIS2_PLACEMENT_3D('',#4341,#3293,#3294);
#3059=AXIS2_PLACEMENT_3D('',#4392,#3296,#3297);
#3060=AXIS2_PLACEMENT_3D('',#4411,#3299,#3300);
#3061=AXIS2_PLACEMENT_3D('',#4431,#3301,#3302);
#3062=AXIS2_PLACEMENT_3D('',#4445,#3304,#3305);
#3063=AXIS2_PLACEMENT_3D('',#4455,#3306,#3307);
#3064=AXIS2_PLACEMENT_3D('',#4479,#3309,#3310);
#3065=AXIS2_PLACEMENT_3D('',#4504,#3312,#3313);
#3066=AXIS2_PLACEMENT_3D('',#4529,#3315,#3316);
#3067=AXIS2_PLACEMENT_3D('',#4553,#3318,#3319);
#3068=AXIS2_PLACEMENT_3D('',#4578,#3321,#3322);
#3069=AXIS2_PLACEMENT_3D('',#4603,#3324,#3325);
#3070=AXIS2_PLACEMENT_3D('',#4627,#3327,#3328);
#3071=AXIS2_PLACEMENT_3D('',#4652,#3330,#3331);
#3072=AXIS2_PLACEMENT_3D('',#4677,#3333,#3334);
#3073=AXIS2_PLACEMENT_3D('',#4701,#3336,#3337);
#3074=AXIS2_PLACEMENT_3D('',#4712,#3339,#3340);
#3075=AXIS2_PLACEMENT_3D('',#4718,#3341,#3342);
#3076=AXIS2_PLACEMENT_3D('',#4728,#3344,#3345);
#3077=AXIS2_PLACEMENT_3D('',#4739,#3346,#3347);
#3078=AXIS2_PLACEMENT_3D('',#4790,#3349,#3350);
#3079=AXIS2_PLACEMENT_3D('',#4841,#3352,#3353);
#3080=AXIS2_PLACEMENT_3D('',#4889,#3355,#3356);
#3081=AXIS2_PLACEMENT_3D('',#4940,#3358,#3359);
#3082=AXIS2_PLACEMENT_3D('',#4991,#3361,#3362);
#3083=AXIS2_PLACEMENT_3D('',#5039,#3364,#3365);
#3084=AXIS2_PLACEMENT_3D('',#5090,#3367,#3368);
#3085=AXIS2_PLACEMENT_3D('',#5141,#3370,#3371);
#3086=AXIS2_PLACEMENT_3D('',#5189,#3373,#3374);
#3087=AXIS2_PLACEMENT_3D('',#5240,#3376,#3377);
#3088=AXIS2_PLACEMENT_3D('',#5259,#3379,#3380);
#3089=AXIS2_PLACEMENT_3D('',#5279,#3381,#3382);
#3090=AXIS2_PLACEMENT_3D('',#5293,#3384,#3385);
#3091=AXIS2_PLACEMENT_3D('',#5303,#3386,#3387);
#3092=AXIS2_PLACEMENT_3D('',#5327,#3389,#3390);
#3093=AXIS2_PLACEMENT_3D('',#5352,#3392,#3393);
#3094=AXIS2_PLACEMENT_3D('',#5377,#3395,#3396);
#3095=AXIS2_PLACEMENT_3D('',#5401,#3398,#3399);
#3096=AXIS2_PLACEMENT_3D('',#5426,#3401,#3402);
#3097=AXIS2_PLACEMENT_3D('',#5451,#3404,#3405);
#3098=AXIS2_PLACEMENT_3D('',#5475,#3407,#3408);
#3099=AXIS2_PLACEMENT_3D('',#5500,#3410,#3411);
#3100=AXIS2_PLACEMENT_3D('',#5525,#3413,#3414);
#3101=AXIS2_PLACEMENT_3D('',#5549,#3416,#3417);
#3102=AXIS2_PLACEMENT_3D('',#5560,#3419,#3420);
#3103=AXIS2_PLACEMENT_3D('',#5566,#3421,#3422);
#3104=AXIS2_PLACEMENT_3D('',#5576,#3424,#3425);
#3105=AXIS2_PLACEMENT_3D('',#5587,#3426,#3427);
#3106=AXIS2_PLACEMENT_3D('',#5638,#3429,#3430);
#3107=AXIS2_PLACEMENT_3D('',#5689,#3432,#3433);
#3108=AXIS2_PLACEMENT_3D('',#5737,#3435,#3436);
#3109=AXIS2_PLACEMENT_3D('',#5788,#3438,#3439);
#3110=AXIS2_PLACEMENT_3D('',#5839,#3441,#3442);
#3111=AXIS2_PLACEMENT_3D('',#5887,#3444,#3445);
#3112=AXIS2_PLACEMENT_3D('',#5938,#3447,#3448);
#3113=AXIS2_PLACEMENT_3D('',#5989,#3450,#3451);
#3114=AXIS2_PLACEMENT_3D('',#6037,#3453,#3454);
#3115=AXIS2_PLACEMENT_3D('',#6088,#3456,#3457);
#3116=AXIS2_PLACEMENT_3D('',#6107,#3459,#3460);
#3117=AXIS2_PLACEMENT_3D('',#6127,#3461,#3462);
#3118=AXIS2_PLACEMENT_3D('',#6141,#3464,#3465);
#3119=AXIS2_PLACEMENT_3D('',#6151,#3466,#3467);
#3120=AXIS2_PLACEMENT_3D('',#6175,#3469,#3470);
#3121=AXIS2_PLACEMENT_3D('',#6200,#3472,#3473);
#3122=AXIS2_PLACEMENT_3D('',#6225,#3475,#3476);
#3123=AXIS2_PLACEMENT_3D('',#6249,#3478,#3479);
#3124=AXIS2_PLACEMENT_3D('',#6274,#3481,#3482);
#3125=AXIS2_PLACEMENT_3D('',#6299,#3484,#3485);
#3126=AXIS2_PLACEMENT_3D('',#6323,#3487,#3488);
#3127=AXIS2_PLACEMENT_3D('',#6348,#3490,#3491);
#3128=AXIS2_PLACEMENT_3D('',#6373,#3493,#3494);
#3129=AXIS2_PLACEMENT_3D('',#6397,#3496,#3497);
#3130=AXIS2_PLACEMENT_3D('',#6408,#3499,#3500);
#3131=AXIS2_PLACEMENT_3D('',#6414,#3501,#3502);
#3132=AXIS2_PLACEMENT_3D('',#6424,#3504,#3505);
#3133=AXIS2_PLACEMENT_3D('',#6435,#3506,#3507);
#3134=AXIS2_PLACEMENT_3D('',#6486,#3509,#3510);
#3135=AXIS2_PLACEMENT_3D('',#6537,#3512,#3513);
#3136=AXIS2_PLACEMENT_3D('',#6585,#3515,#3516);
#3137=AXIS2_PLACEMENT_3D('',#6636,#3518,#3519);
#3138=AXIS2_PLACEMENT_3D('',#6687,#3521,#3522);
#3139=AXIS2_PLACEMENT_3D('',#6735,#3524,#3525);
#3140=AXIS2_PLACEMENT_3D('',#6786,#3527,#3528);
#3141=AXIS2_PLACEMENT_3D('',#6837,#3530,#3531);
#3142=AXIS2_PLACEMENT_3D('',#6885,#3533,#3534);
#3143=AXIS2_PLACEMENT_3D('',#6936,#3536,#3537);
#3144=AXIS2_PLACEMENT_3D('',#6955,#3539,#3540);
#3145=AXIS2_PLACEMENT_3D('',#6975,#3541,#3542);
#3146=AXIS2_PLACEMENT_3D('',#6989,#3544,#3545);
#3147=AXIS2_PLACEMENT_3D('',#6999,#3546,#3547);
#3148=AXIS2_PLACEMENT_3D('',#7023,#3549,#3550);
#3149=AXIS2_PLACEMENT_3D('',#7048,#3552,#3553);
#3150=AXIS2_PLACEMENT_3D('',#7073,#3555,#3556);
#3151=AXIS2_PLACEMENT_3D('',#7097,#3558,#3559);
#3152=AXIS2_PLACEMENT_3D('',#7122,#3561,#3562);
#3153=AXIS2_PLACEMENT_3D('',#7147,#3564,#3565);
#3154=AXIS2_PLACEMENT_3D('',#7171,#3567,#3568);
#3155=AXIS2_PLACEMENT_3D('',#7196,#3570,#3571);
#3156=AXIS2_PLACEMENT_3D('',#7221,#3573,#3574);
#3157=AXIS2_PLACEMENT_3D('',#7245,#3576,#3577);
#3158=AXIS2_PLACEMENT_3D('',#7256,#3579,#3580);
#3159=AXIS2_PLACEMENT_3D('',#7262,#3581,#3582);
#3160=AXIS2_PLACEMENT_3D('',#7265,#3583,#3584);
#3161=AXIS2_PLACEMENT_3D('',#7269,#3586,#3587);
#3162=AXIS2_PLACEMENT_3D('',#7271,#3589,#3590);
#3163=AXIS2_PLACEMENT_3D('',#7277,#3594,#3595);
#3164=AXIS2_PLACEMENT_3D('',#7280,#3596,#3597);
#3165=AXIS2_PLACEMENT_3D('',#7284,#3599,#3600);
#3166=AXIS2_PLACEMENT_3D('',#7286,#3602,#3603);
#3167=AXIS2_PLACEMENT_3D('',#7289,#3606,#3607);
#3168=AXIS2_PLACEMENT_3D('',#7292,#3608,#3609);
#3169=AXIS2_PLACEMENT_3D('',#7296,#3611,#3612);
#3170=AXIS2_PLACEMENT_3D('',#7298,#3614,#3615);
#3171=AXIS2_PLACEMENT_3D('',#7301,#3618,#3619);
#3172=AXIS2_PLACEMENT_3D('',#7303,#3620,#3621);
#3173=AXIS2_PLACEMENT_3D('',#7306,#3623,#3624);
#3174=AXIS2_PLACEMENT_3D('',#7307,#3625,#3626);
#3175=AXIS2_PLACEMENT_3D('',#7828,#3629,#3630);
#3176=AXIS2_PLACEMENT_3D('',#8343,#3631,#3632);
#3177=AXIS2_PLACEMENT_3D('',#8344,#3633,#3634);
#3178=AXIS2_PLACEMENT_3D('',#8863,#3635,#3636);
#3179=AXIS2_PLACEMENT_3D('',#9375,#3637,#3638);
#3180=AXIS2_PLACEMENT_3D('',#9376,#3639,#3640);
#3181=AXIS2_PLACEMENT_3D('',#9895,#3641,#3642);
#3182=AXIS2_PLACEMENT_3D('',#10410,#3643,#3644);
#3183=AXIS2_PLACEMENT_3D('',#10411,#3645,#3646);
#3184=AXIS2_PLACEMENT_3D('',#10930,#3647,#3648);
#3185=AXIS2_PLACEMENT_3D('',#11445,#3649,#3650);
#3186=AXIS2_PLACEMENT_3D('',#11446,#3651,#3652);
#3187=AXIS2_PLACEMENT_3D('',#11447,#3653,#3654);
#3188=AXIS2_PLACEMENT_3D('',#11450,#3655,#3656);
#3189=AXIS2_PLACEMENT_3D('',#11454,#3658,#3659);
#3190=AXIS2_PLACEMENT_3D('',#11458,#3661,#3662);
#3191=AXIS2_PLACEMENT_3D('',#11462,#3664,#3665);
#3192=AXIS2_PLACEMENT_3D('',#11464,#3667,#3668);
#3193=AXIS2_PLACEMENT_3D('',#11473,#3673,#3674);
#3194=AXIS2_PLACEMENT_3D('',#11475,#3675,#3676);
#3195=AXIS2_PLACEMENT_3D('',#11479,#3678,#3679);
#3196=AXIS2_PLACEMENT_3D('',#11483,#3681,#3682);
#3197=AXIS2_PLACEMENT_3D('',#11486,#3684,#3685);
#3198=AXIS2_PLACEMENT_3D('',#11487,#3686,#3687);
#3199=AXIS2_PLACEMENT_3D('',#11489,#3688,#3689);
#3200=AXIS2_PLACEMENT_3D('',#11491,#3691,#3692);
#3201=AXIS2_PLACEMENT_3D('',#11494,#3693,#3694);
#3202=AXIS2_PLACEMENT_3D('',#11497,#3697,#3698);
#3203=AXIS2_PLACEMENT_3D('',#11500,#3699,#3700);
#3204=AXIS2_PLACEMENT_3D('',#11504,#3702,#3703);
#3205=AXIS2_PLACEMENT_3D('',#11508,#3705,#3706);
#3206=AXIS2_PLACEMENT_3D('',#11512,#3708,#3709);
#3207=AXIS2_PLACEMENT_3D('',#11514,#3711,#3712);
#3208=AXIS2_PLACEMENT_3D('',#11518,#3714,#3715);
#3209=AXIS2_PLACEMENT_3D('',#11520,#3717,#3718);
#3210=AXIS2_PLACEMENT_3D('',#11523,#3719,#3720);
#3211=AXIS2_PLACEMENT_3D('',#11527,#3722,#3723);
#3212=AXIS2_PLACEMENT_3D('',#11531,#3725,#3726);
#3213=AXIS2_PLACEMENT_3D('',#11535,#3728,#3729);
#3214=AXIS2_PLACEMENT_3D('',#11537,#3731,#3732);
#3215=AXIS2_PLACEMENT_3D('',#11541,#3734,#3735);
#3216=AXIS2_PLACEMENT_3D('',#11543,#3737,#3738);
#3217=AXIS2_PLACEMENT_3D('',#11554,#3743,#3744);
#3218=AXIS2_PLACEMENT_3D('',#11558,#3746,#3747);
#3219=AXIS2_PLACEMENT_3D('',#11560,#3749,#3750);
#3220=AXIS2_PLACEMENT_3D('',#11563,#3751,#3752);
#3221=AXIS2_PLACEMENT_3D('',#11567,#3754,#3755);
#3222=AXIS2_PLACEMENT_3D('',#11572,#3758,#3759);
#3223=AXIS2_PLACEMENT_3D('',#11576,#3761,#3762);
#3224=AXIS2_PLACEMENT_3D('',#11579,#3764,#3765);
#3225=AXIS2_PLACEMENT_3D('',#11583,#3767,#3768);
#3226=AXIS2_PLACEMENT_3D('',#11587,#3771,#3772);
#3227=AXIS2_PLACEMENT_3D('',#11589,#3773,#3774);
#3228=AXIS2_PLACEMENT_3D('',#11592,#3777,#3778);
#3229=AXIS2_PLACEMENT_3D('',#11595,#3781,#3782);
#3230=AXIS2_PLACEMENT_3D('',#11596,#3783,#3784);
#3231=AXIS2_PLACEMENT_3D('',#11599,#3787,#3788);
#3232=AXIS2_PLACEMENT_3D('',#11602,#3791,#3792);
#3233=AXIS2_PLACEMENT_3D('',#11604,#3794,#3795);
#3234=AXIS2_PLACEMENT_3D('',#11608,#3797,#3798);
#3235=AXIS2_PLACEMENT_3D('',#11610,#3800,#3801);
#3236=AXIS2_PLACEMENT_3D('',#11614,#3804,#3805);
#3237=AXIS2_PLACEMENT_3D('',#11622,#3810,#3811);
#3238=AXIS2_PLACEMENT_3D('',#11624,#3812,#3813);
#3239=AXIS2_PLACEMENT_3D('',#11628,#3816,#3817);
#3240=AXIS2_PLACEMENT_3D('',#11629,#3818,#3819);
#3241=AXIS2_PLACEMENT_3D('',#11630,#3820,#3821);
#3242=AXIS2_PLACEMENT_3D('',#11633,#3824,#3825);
#3243=AXIS2_PLACEMENT_3D('',#11636,#3828,#3829);
#3244=AXIS2_PLACEMENT_3D('',#11637,#3830,#3831);
#3245=AXIS2_PLACEMENT_3D('',#11639,#3833,#3834);
#3246=AXIS2_PLACEMENT_3D('',#11641,#3836,#3837);
#3247=AXIS2_PLACEMENT_3D('',#11643,#3839,#3840);
#3248=AXIS2_PLACEMENT_3D('',#11645,#3842,#3843);
#3249=AXIS2_PLACEMENT_3D('',#11647,#3845,#3846);
#3250=AXIS2_PLACEMENT_3D('',#11649,#3848,#3849);
#3251=AXIS2_PLACEMENT_3D('',#11651,#3851,#3852);
#3252=AXIS2_PLACEMENT_3D('',#11652,#3853,#3854);
#3253=AXIS2_PLACEMENT_3D('',#11653,#3855,#3856);
#3254=AXIS2_PLACEMENT_3D('',#11654,#3857,#3858);
#3255=AXIS2_PLACEMENT_3D('',#11656,#3860,#3861);
#3256=AXIS2_PLACEMENT_3D('',#11657,#3862,#3863);
#3257=AXIS2_PLACEMENT_3D('',#11658,#3864,#3865);
#3258=AXIS2_PLACEMENT_3D('',#11660,#3867,#3868);
#3259=DIRECTION('axis',(0.,0.,1.));
#3260=DIRECTION('refdir',(1.,0.,0.));
#3261=DIRECTION('center_axis',(0.,0.,-1.));
#3262=DIRECTION('ref_axis',(-0.348619552630671,0.93726432105548,0.));
#3263=DIRECTION('',(0.,0.,-1.));
#3264=DIRECTION('center_axis',(0.,0.,-1.));
#3265=DIRECTION('ref_axis',(1.,0.,0.));
#3266=DIRECTION('center_axis',(0.,0.,-1.));
#3267=DIRECTION('ref_axis',(1.,0.,0.));
#3268=DIRECTION('',(0.,0.,-1.));
#3269=DIRECTION('center_axis',(0.,0.,-1.));
#3270=DIRECTION('ref_axis',(1.,0.,0.));
#3271=DIRECTION('',(0.,0.,-1.));
#3272=DIRECTION('center_axis',(0.,0.,-1.));
#3273=DIRECTION('ref_axis',(1.,0.,0.));
#3274=DIRECTION('',(0.,0.,-1.));
#3275=DIRECTION('center_axis',(0.,0.,-1.));
#3276=DIRECTION('ref_axis',(1.,0.,0.));
#3277=DIRECTION('',(0.,0.,-1.));
#3278=DIRECTION('center_axis',(0.,0.,-1.));
#3279=DIRECTION('ref_axis',(1.,0.,0.));
#3280=DIRECTION('',(0.,0.,-1.));
#3281=DIRECTION('center_axis',(0.,0.,-1.));
#3282=DIRECTION('ref_axis',(1.,0.,0.));
#3283=DIRECTION('',(0.,0.,-1.));
#3284=DIRECTION('center_axis',(0.,0.,-1.));
#3285=DIRECTION('ref_axis',(1.,0.,0.));
#3286=DIRECTION('',(0.,0.,-1.));
#3287=DIRECTION('center_axis',(0.,0.,-1.));
#3288=DIRECTION('ref_axis',(1.,0.,0.));
#3289=DIRECTION('',(0.,0.,-1.));
#3290=DIRECTION('center_axis',(0.,0.,-1.));
#3291=DIRECTION('ref_axis',(1.,0.,0.));
#3292=DIRECTION('',(0.,0.,-1.));
#3293=DIRECTION('center_axis',(0.,0.,-1.));
#3294=DIRECTION('ref_axis',(1.,0.,0.));
#3295=DIRECTION('',(0.,0.,-1.));
#3296=DIRECTION('center_axis',(0.,0.,-1.));
#3297=DIRECTION('ref_axis',(0.937382419432673,-0.348301880182333,0.));
#3298=DIRECTION('',(0.,0.,-1.));
#3299=DIRECTION('center_axis',(0.,0.,-1.));
#3300=DIRECTION('ref_axis',(1.,0.,0.));
#3301=DIRECTION('center_axis',(0.,0.,-1.));
#3302=DIRECTION('ref_axis',(1.,3.45370740000046E-14,0.));
#3303=DIRECTION('',(1.22464679914735E-16,4.21457411477548E-30,-1.));
#3304=DIRECTION('center_axis',(0.,0.,1.));
#3305=DIRECTION('ref_axis',(1.,3.45370740000046E-14,0.));
#3306=DIRECTION('center_axis',(0.,0.,-1.));
#3307=DIRECTION('ref_axis',(1.,3.45370740000046E-14,0.));
#3308=DIRECTION('',(1.22464679914735E-16,4.21457411477548E-30,-1.));
#3309=DIRECTION('center_axis',(0.,0.,-1.));
#3310=DIRECTION('ref_axis',(1.,3.45370740000046E-14,0.));
#3311=DIRECTION('',(1.22464679914735E-16,4.21457411477548E-30,-1.));
#3312=DIRECTION('center_axis',(0.,0.,-1.));
#3313=DIRECTION('ref_axis',(1.,3.45370740000046E-14,0.));
#3314=DIRECTION('',(1.22464679914735E-16,4.21457411477548E-30,-1.));
#3315=DIRECTION('center_axis',(0.,0.,-1.));
#3316=DIRECTION('ref_axis',(1.,3.45370740000046E-14,0.));
#3317=DIRECTION('',(1.22464679914735E-16,4.21457411477548E-30,-1.));
#3318=DIRECTION('center_axis',(0.,0.,-1.));
#3319=DIRECTION('ref_axis',(1.,3.45370740000046E-14,0.));
#3320=DIRECTION('',(1.22464679914735E-16,4.21457411477548E-30,-1.));
#3321=DIRECTION('center_axis',(0.,0.,-1.));
#3322=DIRECTION('ref_axis',(1.,3.45370740000046E-14,0.));
#3323=DIRECTION('',(1.22464679914735E-16,4.21457411477548E-30,-1.));
#3324=DIRECTION('center_axis',(0.,0.,-1.));
#3325=DIRECTION('ref_axis',(1.,3.45370740000046E-14,0.));
#3326=DIRECTION('',(1.22464679914735E-16,4.21457411477548E-30,-1.));
#3327=DIRECTION('center_axis',(0.,0.,-1.));
#3328=DIRECTION('ref_axis',(1.,3.45370740000046E-14,0.));
#3329=DIRECTION('',(1.22464679914735E-16,4.21457411477548E-30,-1.));
#3330=DIRECTION('center_axis',(0.,0.,-1.));
#3331=DIRECTION('ref_axis',(1.,3.45370740000046E-14,0.));
#3332=DIRECTION('',(1.22464679914735E-16,4.21457411477548E-30,-1.));
#3333=DIRECTION('center_axis',(0.,0.,-1.));
#3334=DIRECTION('ref_axis',(1.,3.45370740000046E-14,0.));
#3335=DIRECTION('',(1.22464679914735E-16,4.21457411477548E-30,-1.));
#3336=DIRECTION('center_axis',(0.,0.,-1.));
#3337=DIRECTION('ref_axis',(-0.609153289156606,-0.79305250160988,0.));
#3338=DIRECTION('',(1.22464679914735E-16,4.21457411477548E-30,-1.));
#3339=DIRECTION('center_axis',(0.,0.,-1.));
#3340=DIRECTION('ref_axis',(1.,3.45370740000046E-14,0.));
#3341=DIRECTION('center_axis',(0.,0.,-1.));
#3342=DIRECTION('ref_axis',(-0.348638627736618,0.937257225765653,0.));
#3343=DIRECTION('',(0.,0.,-1.));
#3344=DIRECTION('center_axis',(0.,0.,-1.));
#3345=DIRECTION('ref_axis',(1.,0.,0.));
#3346=DIRECTION('center_axis',(0.,0.,-1.));
#3347=DIRECTION('ref_axis',(1.,0.,0.));
#3348=DIRECTION('',(0.,0.,-1.));
#3349=DIRECTION('center_axis',(0.,0.,-1.));
#3350=DIRECTION('ref_axis',(1.,0.,0.));
#3351=DIRECTION('',(0.,0.,-1.));
#3352=DIRECTION('center_axis',(0.,0.,-1.));
#3353=DIRECTION('ref_axis',(1.,0.,0.));
#3354=DIRECTION('',(0.,0.,-1.));
#3355=DIRECTION('center_axis',(0.,0.,-1.));
#3356=DIRECTION('ref_axis',(1.,0.,0.));
#3357=DIRECTION('',(0.,0.,-1.));
#3358=DIRECTION('center_axis',(0.,0.,-1.));
#3359=DIRECTION('ref_axis',(1.,0.,0.));
#3360=DIRECTION('',(0.,0.,-1.));
#3361=DIRECTION('center_axis',(0.,0.,-1.));
#3362=DIRECTION('ref_axis',(1.,0.,0.));
#3363=DIRECTION('',(0.,0.,-1.));
#3364=DIRECTION('center_axis',(0.,0.,-1.));
#3365=DIRECTION('ref_axis',(1.,0.,0.));
#3366=DIRECTION('',(0.,0.,-1.));
#3367=DIRECTION('center_axis',(0.,0.,-1.));
#3368=DIRECTION('ref_axis',(1.,0.,0.));
#3369=DIRECTION('',(0.,0.,-1.));
#3370=DIRECTION('center_axis',(0.,0.,-1.));
#3371=DIRECTION('ref_axis',(1.,0.,0.));
#3372=DIRECTION('',(0.,0.,-1.));
#3373=DIRECTION('center_axis',(0.,0.,-1.));
#3374=DIRECTION('ref_axis',(1.,0.,0.));
#3375=DIRECTION('',(0.,0.,-1.));
#3376=DIRECTION('center_axis',(0.,0.,-1.));
#3377=DIRECTION('ref_axis',(0.937383311958968,-0.348299478123118,0.));
#3378=DIRECTION('',(0.,0.,-1.));
#3379=DIRECTION('center_axis',(0.,0.,-1.));
#3380=DIRECTION('ref_axis',(1.,0.,0.));
#3381=DIRECTION('center_axis',(0.,0.,-1.));
#3382=DIRECTION('ref_axis',(1.,2.30247160000031E-14,0.));
#3383=DIRECTION('',(1.22464679914735E-16,2.80471687724145E-30,-1.));
#3384=DIRECTION('center_axis',(0.,0.,1.));
#3385=DIRECTION('ref_axis',(1.,2.30247160000031E-14,0.));
#3386=DIRECTION('center_axis',(0.,0.,-1.));
#3387=DIRECTION('ref_axis',(1.,2.30247160000031E-14,0.));
#3388=DIRECTION('',(1.22464679914735E-16,2.80471687724145E-30,-1.));
#3389=DIRECTION('center_axis',(0.,0.,-1.));
#3390=DIRECTION('ref_axis',(1.,2.30247160000031E-14,0.));
#3391=DIRECTION('',(1.22464679914735E-16,2.80471687724145E-30,-1.));
#3392=DIRECTION('center_axis',(0.,0.,-1.));
#3393=DIRECTION('ref_axis',(1.,2.30247160000031E-14,0.));
#3394=DIRECTION('',(1.22464679914735E-16,2.80471687724145E-30,-1.));
#3395=DIRECTION('center_axis',(0.,0.,-1.));
#3396=DIRECTION('ref_axis',(1.,2.30247160000031E-14,0.));
#3397=DIRECTION('',(1.22464679914735E-16,2.80471687724145E-30,-1.));
#3398=DIRECTION('center_axis',(0.,0.,-1.));
#3399=DIRECTION('ref_axis',(1.,2.30247160000031E-14,0.));
#3400=DIRECTION('',(1.22464679914735E-16,2.80471687724145E-30,-1.));
#3401=DIRECTION('center_axis',(0.,0.,-1.));
#3402=DIRECTION('ref_axis',(1.,2.30247160000031E-14,0.));
#3403=DIRECTION('',(1.22464679914735E-16,2.80471687724145E-30,-1.));
#3404=DIRECTION('center_axis',(0.,0.,-1.));
#3405=DIRECTION('ref_axis',(1.,2.30247160000031E-14,0.));
#3406=DIRECTION('',(1.22464679914735E-16,2.80471687724145E-30,-1.));
#3407=DIRECTION('center_axis',(0.,0.,-1.));
#3408=DIRECTION('ref_axis',(1.,2.30247160000031E-14,0.));
#3409=DIRECTION('',(1.22464679914735E-16,2.80471687724145E-30,-1.));
#3410=DIRECTION('center_axis',(0.,0.,-1.));
#3411=DIRECTION('ref_axis',(1.,2.30247160000031E-14,0.));
#3412=DIRECTION('',(1.22464679914735E-16,2.80471687724145E-30,-1.));
#3413=DIRECTION('center_axis',(0.,0.,-1.));
#3414=DIRECTION('ref_axis',(1.,2.30247160000031E-14,0.));
#3415=DIRECTION('',(1.22464679914735E-16,2.80471687724145E-30,-1.));
#3416=DIRECTION('center_axis',(0.,0.,-1.));
#3417=DIRECTION('ref_axis',(-0.60915237101764,-0.793053206842761,0.));
#3418=DIRECTION('',(1.22464679914735E-16,2.80471687724145E-30,-1.));
#3419=DIRECTION('center_axis',(0.,0.,-1.));
#3420=DIRECTION('ref_axis',(1.,2.30247160000031E-14,0.));
#3421=DIRECTION('center_axis',(0.,0.,-1.));
#3422=DIRECTION('ref_axis',(-0.348659531194517,0.937249449883658,0.));
#3423=DIRECTION('',(0.,0.,-1.));
#3424=DIRECTION('center_axis',(0.,0.,-1.));
#3425=DIRECTION('ref_axis',(1.,0.,0.));
#3426=DIRECTION('center_axis',(0.,0.,-1.));
#3427=DIRECTION('ref_axis',(1.,0.,0.));
#3428=DIRECTION('',(0.,0.,-1.));
#3429=DIRECTION('center_axis',(0.,0.,-1.));
#3430=DIRECTION('ref_axis',(1.,0.,0.));
#3431=DIRECTION('',(0.,0.,-1.));
#3432=DIRECTION('center_axis',(0.,0.,-1.));
#3433=DIRECTION('ref_axis',(1.,0.,0.));
#3434=DIRECTION('',(0.,0.,-1.));
#3435=DIRECTION('center_axis',(0.,0.,-1.));
#3436=DIRECTION('ref_axis',(1.,0.,0.));
#3437=DIRECTION('',(0.,0.,-1.));
#3438=DIRECTION('center_axis',(0.,0.,-1.));
#3439=DIRECTION('ref_axis',(1.,0.,0.));
#3440=DIRECTION('',(0.,0.,-1.));
#3441=DIRECTION('center_axis',(0.,0.,-1.));
#3442=DIRECTION('ref_axis',(1.,0.,0.));
#3443=DIRECTION('',(0.,0.,-1.));
#3444=DIRECTION('center_axis',(0.,0.,-1.));
#3445=DIRECTION('ref_axis',(1.,0.,0.));
#3446=DIRECTION('',(0.,0.,-1.));
#3447=DIRECTION('center_axis',(0.,0.,-1.));
#3448=DIRECTION('ref_axis',(1.,0.,0.));
#3449=DIRECTION('',(0.,0.,-1.));
#3450=DIRECTION('center_axis',(0.,0.,-1.));
#3451=DIRECTION('ref_axis',(1.,0.,0.));
#3452=DIRECTION('',(0.,0.,-1.));
#3453=DIRECTION('center_axis',(0.,0.,-1.));
#3454=DIRECTION('ref_axis',(1.,0.,0.));
#3455=DIRECTION('',(0.,0.,-1.));
#3456=DIRECTION('center_axis',(0.,0.,-1.));
#3457=DIRECTION('ref_axis',(0.937382933666528,-0.348300496225219,0.));
#3458=DIRECTION('',(0.,0.,-1.));
#3459=DIRECTION('center_axis',(0.,0.,-1.));
#3460=DIRECTION('ref_axis',(1.,0.,0.));
#3461=DIRECTION('center_axis',(0.,0.,-1.));
#3462=DIRECTION('ref_axis',(1.,2.30247160000028E-14,0.));
#3463=DIRECTION('',(1.22464679914735E-16,2.80471687724141E-30,-1.));
#3464=DIRECTION('center_axis',(0.,0.,1.));
#3465=DIRECTION('ref_axis',(1.,2.30247160000028E-14,0.));
#3466=DIRECTION('center_axis',(0.,0.,-1.));
#3467=DIRECTION('ref_axis',(1.,2.30247160000028E-14,0.));
#3468=DIRECTION('',(1.22464679914735E-16,2.80471687724141E-30,-1.));
#3469=DIRECTION('center_axis',(0.,0.,-1.));
#3470=DIRECTION('ref_axis',(1.,2.30247160000028E-14,0.));
#3471=DIRECTION('',(1.22464679914735E-16,2.80471687724141E-30,-1.));
#3472=DIRECTION('center_axis',(0.,0.,-1.));
#3473=DIRECTION('ref_axis',(1.,2.30247160000028E-14,0.));
#3474=DIRECTION('',(1.22464679914735E-16,2.80471687724141E-30,-1.));
#3475=DIRECTION('center_axis',(0.,0.,-1.));
#3476=DIRECTION('ref_axis',(1.,2.30247160000028E-14,0.));
#3477=DIRECTION('',(1.22464679914735E-16,2.80471687724141E-30,-1.));
#3478=DIRECTION('center_axis',(0.,0.,-1.));
#3479=DIRECTION('ref_axis',(1.,2.30247160000028E-14,0.));
#3480=DIRECTION('',(1.22464679914735E-16,2.80471687724141E-30,-1.));
#3481=DIRECTION('center_axis',(0.,0.,-1.));
#3482=DIRECTION('ref_axis',(1.,2.30247160000028E-14,0.));
#3483=DIRECTION('',(1.22464679914735E-16,2.80471687724141E-30,-1.));
#3484=DIRECTION('center_axis',(0.,0.,-1.));
#3485=DIRECTION('ref_axis',(1.,2.30247160000028E-14,0.));
#3486=DIRECTION('',(1.22464679914735E-16,2.80471687724141E-30,-1.));
#3487=DIRECTION('center_axis',(0.,0.,-1.));
#3488=DIRECTION('ref_axis',(1.,2.30247160000028E-14,0.));
#3489=DIRECTION('',(1.22464679914735E-16,2.80471687724141E-30,-1.));
#3490=DIRECTION('center_axis',(0.,0.,-1.));
#3491=DIRECTION('ref_axis',(1.,2.30247160000028E-14,0.));
#3492=DIRECTION('',(1.22464679914735E-16,2.80471687724141E-30,-1.));
#3493=DIRECTION('center_axis',(0.,0.,-1.));
#3494=DIRECTION('ref_axis',(1.,2.30247160000028E-14,0.));
#3495=DIRECTION('',(1.22464679914735E-16,2.80471687724141E-30,-1.));
#3496=DIRECTION('center_axis',(0.,0.,-1.));
#3497=DIRECTION('ref_axis',(-0.609153972027565,-0.793051977087908,0.));
#3498=DIRECTION('',(1.22464679914735E-16,2.80471687724141E-30,-1.));
#3499=DIRECTION('center_axis',(0.,0.,-1.));
#3500=DIRECTION('ref_axis',(1.,2.30247160000028E-14,0.));
#3501=DIRECTION('center_axis',(0.,0.,-1.));
#3502=DIRECTION('ref_axis',(-0.348641185716378,0.937256274250686,0.));
#3503=DIRECTION('',(0.,0.,-1.));
#3504=DIRECTION('center_axis',(0.,0.,-1.));
#3505=DIRECTION('ref_axis',(1.,0.,0.));
#3506=DIRECTION('center_axis',(0.,0.,-1.));
#3507=DIRECTION('ref_axis',(1.,0.,0.));
#3508=DIRECTION('',(0.,0.,-1.));
#3509=DIRECTION('center_axis',(0.,0.,-1.));
#3510=DIRECTION('ref_axis',(1.,0.,0.));
#3511=DIRECTION('',(0.,0.,-1.));
#3512=DIRECTION('center_axis',(0.,0.,-1.));
#3513=DIRECTION('ref_axis',(1.,0.,0.));
#3514=DIRECTION('',(0.,0.,-1.));
#3515=DIRECTION('center_axis',(0.,0.,-1.));
#3516=DIRECTION('ref_axis',(1.,0.,0.));
#3517=DIRECTION('',(0.,0.,-1.));
#3518=DIRECTION('center_axis',(0.,0.,-1.));
#3519=DIRECTION('ref_axis',(1.,0.,0.));
#3520=DIRECTION('',(0.,0.,-1.));
#3521=DIRECTION('center_axis',(0.,0.,-1.));
#3522=DIRECTION('ref_axis',(1.,0.,0.));
#3523=DIRECTION('',(0.,0.,-1.));
#3524=DIRECTION('center_axis',(0.,0.,-1.));
#3525=DIRECTION('ref_axis',(1.,0.,0.));
#3526=DIRECTION('',(0.,0.,-1.));
#3527=DIRECTION('center_axis',(0.,0.,-1.));
#3528=DIRECTION('ref_axis',(1.,0.,0.));
#3529=DIRECTION('',(0.,0.,-1.));
#3530=DIRECTION('center_axis',(0.,0.,-1.));
#3531=DIRECTION('ref_axis',(1.,0.,0.));
#3532=DIRECTION('',(0.,0.,-1.));
#3533=DIRECTION('center_axis',(0.,0.,-1.));
#3534=DIRECTION('ref_axis',(1.,0.,0.));
#3535=DIRECTION('',(0.,0.,-1.));
#3536=DIRECTION('center_axis',(0.,0.,-1.));
#3537=DIRECTION('ref_axis',(0.937383329472345,-0.348299430989114,0.));
#3538=DIRECTION('',(0.,0.,-1.));
#3539=DIRECTION('center_axis',(0.,0.,-1.));
#3540=DIRECTION('ref_axis',(1.,0.,0.));
#3541=DIRECTION('center_axis',(0.,0.,-1.));
#3542=DIRECTION('ref_axis',(1.,1.15123580000017E-14,0.));
#3543=DIRECTION('',(1.22464679914735E-16,1.39485963970744E-30,-1.));
#3544=DIRECTION('center_axis',(0.,0.,1.));
#3545=DIRECTION('ref_axis',(1.,1.15123580000017E-14,0.));
#3546=DIRECTION('center_axis',(0.,0.,-1.));
#3547=DIRECTION('ref_axis',(1.,1.15123580000017E-14,0.));
#3548=DIRECTION('',(1.22464679914735E-16,1.39485963970744E-30,-1.));
#3549=DIRECTION('center_axis',(0.,0.,-1.));
#3550=DIRECTION('ref_axis',(1.,1.15123580000017E-14,0.));
#3551=DIRECTION('',(1.22464679914735E-16,1.39485963970744E-30,-1.));
#3552=DIRECTION('center_axis',(0.,0.,-1.));
#3553=DIRECTION('ref_axis',(1.,1.15123580000017E-14,0.));
#3554=DIRECTION('',(1.22464679914735E-16,1.39485963970744E-30,-1.));
#3555=DIRECTION('center_axis',(0.,0.,-1.));
#3556=DIRECTION('ref_axis',(1.,1.15123580000017E-14,0.));
#3557=DIRECTION('',(1.22464679914735E-16,1.39485963970744E-30,-1.));
#3558=DIRECTION('center_axis',(0.,0.,-1.));
#3559=DIRECTION('ref_axis',(1.,1.15123580000017E-14,0.));
#3560=DIRECTION('',(1.22464679914735E-16,1.39485963970744E-30,-1.));
#3561=DIRECTION('center_axis',(0.,0.,-1.));
#3562=DIRECTION('ref_axis',(1.,1.15123580000017E-14,0.));
#3563=DIRECTION('',(1.22464679914735E-16,1.39485963970744E-30,-1.));
#3564=DIRECTION('center_axis',(0.,0.,-1.));
#3565=DIRECTION('ref_axis',(1.,1.15123580000017E-14,0.));
#3566=DIRECTION('',(1.22464679914735E-16,1.39485963970744E-30,-1.));
#3567=DIRECTION('center_axis',(0.,0.,-1.));
#3568=DIRECTION('ref_axis',(1.,1.15123580000017E-14,0.));
#3569=DIRECTION('',(1.22464679914735E-16,1.39485963970744E-30,-1.));
#3570=DIRECTION('center_axis',(0.,0.,-1.));
#3571=DIRECTION('ref_axis',(1.,1.15123580000017E-14,0.));
#3572=DIRECTION('',(1.22464679914735E-16,1.39485963970744E-30,-1.));
#3573=DIRECTION('center_axis',(0.,0.,-1.));
#3574=DIRECTION('ref_axis',(1.,1.15123580000017E-14,0.));
#3575=DIRECTION('',(1.22464679914735E-16,1.39485963970744E-30,-1.));
#3576=DIRECTION('center_axis',(0.,0.,-1.));
#3577=DIRECTION('ref_axis',(-0.609152443901628,-0.793053150859811,0.));
#3578=DIRECTION('',(1.22464679914735E-16,1.39485963970744E-30,-1.));
#3579=DIRECTION('center_axis',(0.,0.,-1.));
#3580=DIRECTION('ref_axis',(1.,1.15123580000017E-14,0.));
#3581=DIRECTION('center_axis',(0.,0.,-1.));
#3582=DIRECTION('ref_axis',(-0.707106781186548,-0.707106781186548,0.));
#3583=DIRECTION('center_axis',(0.,0.,1.));
#3584=DIRECTION('ref_axis',(-0.707106781186548,-0.707106781186548,0.));
#3585=DIRECTION('',(0.,0.,-1.));
#3586=DIRECTION('center_axis',(0.,0.,-1.));
#3587=DIRECTION('ref_axis',(-0.707106781186548,-0.707106781186548,0.));
#3588=DIRECTION('',(0.,0.,1.));
#3589=DIRECTION('center_axis',(0.,1.,0.));
#3590=DIRECTION('ref_axis',(1.,0.,0.));
#3591=DIRECTION('',(-1.,0.,0.));
#3592=DIRECTION('',(0.,0.,1.));
#3593=DIRECTION('',(1.,0.,0.));
#3594=DIRECTION('center_axis',(0.,0.,-1.));
#3595=DIRECTION('ref_axis',(-0.707106781186544,0.707106781186551,0.));
#3596=DIRECTION('center_axis',(0.,0.,1.));
#3597=DIRECTION('ref_axis',(-0.707106781186544,0.707106781186551,0.));
#3598=DIRECTION('',(0.,0.,-1.));
#3599=DIRECTION('center_axis',(0.,0.,-1.));
#3600=DIRECTION('ref_axis',(-0.707106781186544,0.707106781186551,0.));
#3601=DIRECTION('',(0.,0.,1.));
#3602=DIRECTION('center_axis',(1.,0.,0.));
#3603=DIRECTION('ref_axis',(0.,-1.,0.));
#3604=DIRECTION('',(0.,-1.,0.));
#3605=DIRECTION('',(0.,-1.,0.));
#3606=DIRECTION('center_axis',(0.,0.,-1.));
#3607=DIRECTION('ref_axis',(0.707106781186548,0.707106781186548,0.));
#3608=DIRECTION('center_axis',(0.,0.,1.));
#3609=DIRECTION('ref_axis',(0.707106781186548,0.707106781186548,0.));
#3610=DIRECTION('',(0.,0.,-1.));
#3611=DIRECTION('center_axis',(0.,0.,-1.));
#3612=DIRECTION('ref_axis',(0.707106781186548,0.707106781186548,0.));
#3613=DIRECTION('',(0.,0.,1.));
#3614=DIRECTION('center_axis',(-1.37123719973339E-16,-1.,0.));
#3615=DIRECTION('ref_axis',(-1.,1.37123719973339E-16,0.));
#3616=DIRECTION('',(-1.,1.37123719973339E-16,0.));
#3617=DIRECTION('',(-1.,1.37123719973339E-16,0.));
#3618=DIRECTION('center_axis',(0.,0.,-1.));
#3619=DIRECTION('ref_axis',(0.707106781186548,-0.707106781186548,0.));
#3620=DIRECTION('center_axis',(0.,0.,1.));
#3621=DIRECTION('ref_axis',(0.707106781186548,-0.707106781186548,0.));
#3622=DIRECTION('',(0.,0.,-1.));
#3623=DIRECTION('center_axis',(0.,0.,-1.));
#3624=DIRECTION('ref_axis',(0.707106781186548,-0.707106781186548,0.));
#3625=DIRECTION('center_axis',(-1.,0.,0.));
#3626=DIRECTION('ref_axis',(0.,1.,0.));
#3627=DIRECTION('',(0.,1.,0.));
#3628=DIRECTION('',(0.,1.,0.));
#3629=DIRECTION('center_axis',(0.,0.,-1.));
#3630=DIRECTION('ref_axis',(1.,1.15123580000017E-14,0.));
#3631=DIRECTION('center_axis',(0.,0.,-1.));
#3632=DIRECTION('ref_axis',(1.,0.,0.));
#3633=DIRECTION('center_axis',(0.,0.,-1.));
#3634=DIRECTION('ref_axis',(1.,0.,0.));
#3635=DIRECTION('center_axis',(0.,0.,-1.));
#3636=DIRECTION('ref_axis',(1.,2.30247160000028E-14,0.));
#3637=DIRECTION('center_axis',(0.,0.,-1.));
#3638=DIRECTION('ref_axis',(1.,0.,0.));
#3639=DIRECTION('center_axis',(0.,0.,-1.));
#3640=DIRECTION('ref_axis',(1.,0.,0.));
#3641=DIRECTION('center_axis',(0.,0.,-1.));
#3642=DIRECTION('ref_axis',(1.,2.30247160000031E-14,0.));
#3643=DIRECTION('center_axis',(0.,0.,-1.));
#3644=DIRECTION('ref_axis',(1.,0.,0.));
#3645=DIRECTION('center_axis',(0.,0.,-1.));
#3646=DIRECTION('ref_axis',(1.,0.,0.));
#3647=DIRECTION('center_axis',(0.,0.,-1.));
#3648=DIRECTION('ref_axis',(1.,3.45370740000046E-14,0.));
#3649=DIRECTION('center_axis',(0.,0.,-1.));
#3650=DIRECTION('ref_axis',(1.,0.,0.));
#3651=DIRECTION('center_axis',(0.,0.,-1.));
#3652=DIRECTION('ref_axis',(1.,0.,0.));
#3653=DIRECTION('center_axis',(0.,0.,-1.));
#3654=DIRECTION('ref_axis',(1.,0.,0.));
#3655=DIRECTION('center_axis',(0.,0.,-1.));
#3656=DIRECTION('ref_axis',(0.707106781186548,0.707106781186548,0.));
#3657=DIRECTION('',(-1.,0.,0.));
#3658=DIRECTION('center_axis',(0.,0.,1.));
#3659=DIRECTION('ref_axis',(-0.707106781186548,0.707106781186548,0.));
#3660=DIRECTION('',(0.,-1.,0.));
#3661=DIRECTION('center_axis',(0.,0.,1.));
#3662=DIRECTION('ref_axis',(-1.,8.88178419700132E-15,0.));
#3663=DIRECTION('',(1.,0.,0.));
#3664=DIRECTION('center_axis',(0.,0.,1.));
#3665=DIRECTION('ref_axis',(0.707106781186548,-0.707106781186548,0.));
#3666=DIRECTION('',(0.,1.,0.));
#3667=DIRECTION('center_axis',(0.,1.,0.));
#3668=DIRECTION('ref_axis',(1.,0.,0.));
#3669=DIRECTION('',(-1.,0.,0.));
#3670=DIRECTION('',(0.,0.,1.));
#3671=DIRECTION('',(1.,0.,0.));
#3672=DIRECTION('',(0.,0.,-1.));
#3673=DIRECTION('center_axis',(0.,0.,-1.));
#3674=DIRECTION('ref_axis',(1.,0.,0.));
#3675=DIRECTION('center_axis',(0.,0.,-1.));
#3676=DIRECTION('ref_axis',(-0.707106781186548,0.707106781186548,0.));
#3677=DIRECTION('',(0.,-1.,0.));
#3678=DIRECTION('center_axis',(0.,0.,1.));
#3679=DIRECTION('ref_axis',(-0.707106781186548,-0.707106781186548,0.));
#3680=DIRECTION('',(1.,0.,0.));
#3681=DIRECTION('center_axis',(0.,0.,1.));
#3682=DIRECTION('ref_axis',(0.707106781186548,-0.707106781186548,0.));
#3683=DIRECTION('',(0.,1.,0.));
#3684=DIRECTION('center_axis',(0.,0.,1.));
#3685=DIRECTION('ref_axis',(0.707106781186548,0.707106781186548,0.));
#3686=DIRECTION('center_axis',(0.,0.,-1.));
#3687=DIRECTION('ref_axis',(-0.707106781186548,0.707106781186548,0.));
#3688=DIRECTION('center_axis',(0.,0.,-1.));
#3689=DIRECTION('ref_axis',(-0.707106781186548,0.707106781186548,0.));
#3690=DIRECTION('',(0.,0.,1.));
#3691=DIRECTION('center_axis',(0.,0.,-1.));
#3692=DIRECTION('ref_axis',(0.707106781186548,0.707106781186548,0.));
#3693=DIRECTION('center_axis',(0.,0.,-1.));
#3694=DIRECTION('ref_axis',(0.707106781186548,0.707106781186548,0.));
#3695=DIRECTION('',(0.,0.,1.));
#3696=DIRECTION('',(0.,0.,-1.));
#3697=DIRECTION('center_axis',(0.,0.,-1.));
#3698=DIRECTION('ref_axis',(1.,0.,0.));
#3699=DIRECTION('center_axis',(0.,0.,-1.));
#3700=DIRECTION('ref_axis',(0.707106781186544,-0.707106781186551,0.));
#3701=DIRECTION('',(0.,1.,0.));
#3702=DIRECTION('center_axis',(0.,0.,1.));
#3703=DIRECTION('ref_axis',(0.707106781186548,0.707106781186548,0.));
#3704=DIRECTION('',(-1.,0.,0.));
#3705=DIRECTION('center_axis',(0.,0.,1.));
#3706=DIRECTION('ref_axis',(-4.44089209850058E-15,1.,0.));
#3707=DIRECTION('',(0.,-1.,0.));
#3708=DIRECTION('center_axis',(0.,0.,1.));
#3709=DIRECTION('ref_axis',(-0.707106781186544,-0.707106781186551,0.));
#3710=DIRECTION('',(1.,0.,0.));
#3711=DIRECTION('center_axis',(0.,0.,-1.));
#3712=DIRECTION('ref_axis',(0.707106781186544,-0.707106781186551,0.));
#3713=DIRECTION('',(0.,0.,-1.));
#3714=DIRECTION('center_axis',(0.,0.,-1.));
#3715=DIRECTION('ref_axis',(0.707106781186544,-0.707106781186551,0.));
#3716=DIRECTION('',(0.,0.,1.));
#3717=DIRECTION('center_axis',(0.,0.,-1.));
#3718=DIRECTION('ref_axis',(1.,0.,0.));
#3719=DIRECTION('center_axis',(0.,0.,-1.));
#3720=DIRECTION('ref_axis',(-0.707106781186548,-0.707106781186548,0.));
#3721=DIRECTION('',(1.,0.,0.));
#3722=DIRECTION('center_axis',(0.,0.,1.));
#3723=DIRECTION('ref_axis',(0.707106781186548,-0.707106781186548,0.));
#3724=DIRECTION('',(0.,1.,0.));
#3725=DIRECTION('center_axis',(0.,0.,1.));
#3726=DIRECTION('ref_axis',(1.,-4.44089209850056E-15,0.));
#3727=DIRECTION('',(-1.,0.,0.));
#3728=DIRECTION('center_axis',(0.,0.,1.));
#3729=DIRECTION('ref_axis',(-0.707106781186544,0.707106781186551,0.));
#3730=DIRECTION('',(0.,-1.,0.));
#3731=DIRECTION('center_axis',(0.,0.,-1.));
#3732=DIRECTION('ref_axis',(-0.707106781186548,-0.707106781186548,0.));
#3733=DIRECTION('',(0.,0.,-1.));
#3734=DIRECTION('center_axis',(0.,0.,-1.));
#3735=DIRECTION('ref_axis',(-0.707106781186548,-0.707106781186548,0.));
#3736=DIRECTION('',(0.,0.,1.));
#3737=DIRECTION('center_axis',(1.02357664514007E-16,1.,0.));
#3738=DIRECTION('ref_axis',(1.,-1.02357664514007E-16,0.));
#3739=DIRECTION('',(0.,0.,-1.));
#3740=DIRECTION('',(1.,-1.02357664514007E-16,0.));
#3741=DIRECTION('',(0.,0.,-1.));
#3742=DIRECTION('',(1.,0.,0.));
#3743=DIRECTION('center_axis',(0.,0.,1.));
#3744=DIRECTION('ref_axis',(0.707106781186548,0.707106781186548,0.));
#3745=DIRECTION('',(-1.,1.02357664514007E-16,0.));
#3746=DIRECTION('center_axis',(0.,0.,1.));
#3747=DIRECTION('ref_axis',(-0.707106781186544,0.707106781186551,0.));
#3748=DIRECTION('',(-1.,1.02357664514007E-16,0.));
#3749=DIRECTION('center_axis',(0.,0.,-1.));
#3750=DIRECTION('ref_axis',(1.,0.,0.));
#3751=DIRECTION('center_axis',(0.,0.,-1.));
#3752=DIRECTION('ref_axis',(-0.707106781186544,-0.707106781186551,0.));
#3753=DIRECTION('',(9.19906318905738E-17,-1.,0.));
#3754=DIRECTION('center_axis',(0.,0.,-1.));
#3755=DIRECTION('ref_axis',(-0.707106781186548,0.707106781186548,0.));
#3756=DIRECTION('',(-1.,0.,0.));
#3757=DIRECTION('',(0.,-1.,0.));
#3758=DIRECTION('center_axis',(0.,0.,-1.));
#3759=DIRECTION('ref_axis',(0.707106781186548,-0.707106781186548,0.));
#3760=DIRECTION('',(-1.,0.,0.));
#3761=DIRECTION('center_axis',(0.,0.,-1.));
#3762=DIRECTION('ref_axis',(-0.707106781186548,-0.707106781186548,0.));
#3763=DIRECTION('',(0.,1.,0.));
#3764=DIRECTION('center_axis',(0.,0.,-1.));
#3765=DIRECTION('ref_axis',(0.707106781186548,0.707106781186548,0.));
#3766=DIRECTION('',(0.,-1.,0.));
#3767=DIRECTION('center_axis',(0.,0.,-1.));
#3768=DIRECTION('ref_axis',(0.707106781186548,-0.707106781186548,0.));
#3769=DIRECTION('',(1.,0.,0.));
#3770=DIRECTION('',(0.,1.,0.));
#3771=DIRECTION('center_axis',(0.,0.,-1.));
#3772=DIRECTION('ref_axis',(-0.707106781186544,0.707106781186551,0.));
#3773=DIRECTION('center_axis',(0.,0.,-1.));
#3774=DIRECTION('ref_axis',(0.707106781186548,0.707106781186548,0.));
#3775=DIRECTION('',(0.,-1.,0.));
#3776=DIRECTION('',(-1.,0.,0.));
#3777=DIRECTION('center_axis',(0.,0.,1.));
#3778=DIRECTION('ref_axis',(0.707106781186548,-0.707106781186548,0.));
#3779=DIRECTION('',(0.,0.,-1.));
#3780=DIRECTION('',(0.,0.,1.));
#3781=DIRECTION('center_axis',(1.,0.,0.));
#3782=DIRECTION('ref_axis',(0.,-1.,0.));
#3783=DIRECTION('center_axis',(0.,0.,1.));
#3784=DIRECTION('ref_axis',(-0.707106781186544,0.707106781186551,0.));
#3785=DIRECTION('',(0.,0.,-1.));
#3786=DIRECTION('',(0.,0.,1.));
#3787=DIRECTION('center_axis',(0.,0.,1.));
#3788=DIRECTION('ref_axis',(-0.707106781186544,-0.707106781186551,0.));
#3789=DIRECTION('',(0.,0.,-1.));
#3790=DIRECTION('',(0.,0.,1.));
#3791=DIRECTION('center_axis',(0.,0.,1.));
#3792=DIRECTION('ref_axis',(0.707106781186548,0.707106781186548,0.));
#3793=DIRECTION('',(0.,0.,-1.));
#3794=DIRECTION('center_axis',(0.,0.,-1.));
#3795=DIRECTION('ref_axis',(0.707106781186548,-0.707106781186548,0.));
#3796=DIRECTION('',(0.,0.,-1.));
#3797=DIRECTION('center_axis',(0.,0.,1.));
#3798=DIRECTION('ref_axis',(0.707106781186548,-0.707106781186548,0.));
#3799=DIRECTION('',(0.,0.,1.));
#3800=DIRECTION('center_axis',(-1.,0.,0.));
#3801=DIRECTION('ref_axis',(0.,-1.,0.));
#3802=DIRECTION('',(0.,0.,-1.));
#3803=DIRECTION('',(0.,1.,0.));
#3804=DIRECTION('center_axis',(-1.,-9.19906318905738E-17,0.));
#3805=DIRECTION('ref_axis',(-9.19906318905738E-17,1.,0.));
#3806=DIRECTION('',(0.,0.,-1.));
#3807=DIRECTION('',(-9.19906318905738E-17,1.,0.));
#3808=DIRECTION('',(0.,0.,-1.));
#3809=DIRECTION('',(0.,-1.,0.));
#3810=DIRECTION('center_axis',(0.,0.,-1.));
#3811=DIRECTION('ref_axis',(-1.,0.,0.));
#3812=DIRECTION('center_axis',(0.,0.,-1.));
#3813=DIRECTION('ref_axis',(1.,-4.44089209850056E-15,0.));
#3814=DIRECTION('',(0.,-1.,0.));
#3815=DIRECTION('',(-1.,0.,0.));
#3816=DIRECTION('center_axis',(0.,0.,-1.));
#3817=DIRECTION('ref_axis',(-1.,8.88178419700132E-15,0.));
#3818=DIRECTION('center_axis',(0.,0.,-1.));
#3819=DIRECTION('ref_axis',(-4.44089209850058E-15,1.,0.));
#3820=DIRECTION('center_axis',(0.,1.,0.));
#3821=DIRECTION('ref_axis',(-1.,0.,0.));
#3822=DIRECTION('',(0.,0.,1.));
#3823=DIRECTION('',(0.,0.,-1.));
#3824=DIRECTION('center_axis',(1.,0.,0.));
#3825=DIRECTION('ref_axis',(0.,1.,0.));
#3826=DIRECTION('',(0.,0.,1.));
#3827=DIRECTION('',(0.,0.,-1.));
#3828=DIRECTION('center_axis',(0.,0.,-1.));
#3829=DIRECTION('ref_axis',(-4.44089209850058E-15,1.,0.));
#3830=DIRECTION('center_axis',(0.,0.,-1.));
#3831=DIRECTION('ref_axis',(1.,-4.44089209850056E-15,0.));
#3832=DIRECTION('',(0.,0.,-1.));
#3833=DIRECTION('center_axis',(-1.,0.,0.));
#3834=DIRECTION('ref_axis',(0.,1.,0.));
#3835=DIRECTION('',(0.,0.,-1.));
#3836=DIRECTION('center_axis',(0.,0.,1.));
#3837=DIRECTION('ref_axis',(-0.707106781186548,-0.707106781186548,0.));
#3838=DIRECTION('',(0.,0.,1.));
#3839=DIRECTION('center_axis',(0.,-1.,0.));
#3840=DIRECTION('ref_axis',(1.,0.,0.));
#3841=DIRECTION('',(0.,0.,-1.));
#3842=DIRECTION('center_axis',(0.,1.,0.));
#3843=DIRECTION('ref_axis',(1.,0.,0.));
#3844=DIRECTION('',(0.,0.,-1.));
#3845=DIRECTION('center_axis',(0.,0.,1.));
#3846=DIRECTION('ref_axis',(-0.707106781186548,0.707106781186548,0.));
#3847=DIRECTION('',(0.,0.,1.));
#3848=DIRECTION('center_axis',(-1.,0.,0.));
#3849=DIRECTION('ref_axis',(0.,-1.,0.));
#3850=DIRECTION('',(0.,0.,-1.));
#3851=DIRECTION('center_axis',(0.,0.,-1.));
#3852=DIRECTION('ref_axis',(-1.,8.88178419700132E-15,0.));
#3853=DIRECTION('center_axis',(-1.,0.,0.));
#3854=DIRECTION('ref_axis',(0.,1.,0.));
#3855=DIRECTION('center_axis',(0.,1.,0.));
#3856=DIRECTION('ref_axis',(-1.,0.,0.));
#3857=DIRECTION('center_axis',(0.,-1.,0.));
#3858=DIRECTION('ref_axis',(-1.,0.,0.));
#3859=DIRECTION('',(0.,0.,-1.));
#3860=DIRECTION('center_axis',(0.,0.,1.));
#3861=DIRECTION('ref_axis',(0.707106781186548,-0.707106781186548,0.));
#3862=DIRECTION('center_axis',(0.,-1.,0.));
#3863=DIRECTION('ref_axis',(-1.,0.,0.));
#3864=DIRECTION('center_axis',(1.,0.,0.));
#3865=DIRECTION('ref_axis',(0.,-1.,0.));
#3866=DIRECTION('',(0.,0.,-1.));
#3867=DIRECTION('center_axis',(0.,0.,1.));
#3868=DIRECTION('ref_axis',(0.707106781186548,0.707106781186548,0.));
#3869=CARTESIAN_POINT('',(0.,0.,0.));
#3870=CARTESIAN_POINT('Origin',(79.0179919316802,-48.6059364935562,0.));
#3871=CARTESIAN_POINT('',(77.7555109549534,-48.6057991347888,-5.8065803263806));
#3872=CARTESIAN_POINT('',(77.7543578228746,-48.6076743622896,-5.9434196736194));
#3873=CARTESIAN_POINT('',(77.7534919316802,-48.6059364935562,0.));
#3874=CARTESIAN_POINT('',(78.0598757789578,-47.7807251946197,-6.));
#3875=CARTESIAN_POINT('Ctrl Pts',(77.7543578228746,-48.6076743622896,-5.9434196736194));
#3876=CARTESIAN_POINT('Ctrl Pts',(77.756991828901,-48.3085227828255,-5.96227978241293));
#3877=CARTESIAN_POINT('Ctrl Pts',(77.8642981289868,-48.0078017091926,-5.98113989120647));
#3878=CARTESIAN_POINT('Ctrl Pts',(78.0598757789578,-47.7807251946197,-6.));
#3879=CARTESIAN_POINT('',(79.9779320128528,-47.7794692189504,-5.99999999999998));
#3880=CARTESIAN_POINT('Origin',(79.0179919316802,-48.6059364935562,-6.));
#3881=CARTESIAN_POINT('Ctrl Pts',(79.9779373293368,-47.7794655579656,-5.99999999999999));
#3882=CARTESIAN_POINT('Ctrl Pts',(79.7150272047366,-47.4757472052731,-5.97461283652862));
#3883=CARTESIAN_POINT('Ctrl Pts',(79.294682397347,-47.3063561783857,-5.94922567305725));
#3884=CARTESIAN_POINT('Ctrl Pts',(78.8948990432655,-47.3454443229276,-5.92383850958588));
#3885=CARTESIAN_POINT('Ctrl Pts',(78.480297207872,-47.3859813195377,-5.89751033843217));
#3886=CARTESIAN_POINT('Ctrl Pts',(78.08780934848,-47.6507390132304,-5.87118216727846));
#3887=CARTESIAN_POINT('Ctrl Pts',(77.8951577362761,-48.0199485027516,-5.84485399612474));
#3888=CARTESIAN_POINT('Ctrl Pts',(77.8018041931818,-48.1988570184734,-5.83209610621003));
#3889=CARTESIAN_POINT('Ctrl Pts',(77.7553741698088,-48.4022918449644,-5.81933821629531));
#3890=CARTESIAN_POINT('Ctrl Pts',(77.7555109549534,-48.6057991347888,-5.8065803263806));
#3891=CARTESIAN_POINT('Origin',(79.0179919316802,-48.6059364935562,0.));
#3892=CARTESIAN_POINT('',(77.7528677111225,-48.6069932560815,-5.3065803263806));
#3893=CARTESIAN_POINT('',(77.7515557620491,-48.6055808281152,-5.4434196736194));
#3894=CARTESIAN_POINT('',(77.7534919316802,-48.6059364935562,0.));
#3895=CARTESIAN_POINT('Ctrl Pts',(77.7515557620491,-48.6055808281152,-5.4434196736194));
#3896=CARTESIAN_POINT('Ctrl Pts',(77.7514838613883,-48.5861246449136,-5.44464925100359));
#3897=CARTESIAN_POINT('Ctrl Pts',(77.7518937997032,-48.566671593046,-5.44587882838778));
#3898=CARTESIAN_POINT('Ctrl Pts',(77.7527950905523,-48.5472413746523,-5.44710840577197));
#3899=CARTESIAN_POINT('Ctrl Pts',(77.7720938675466,-48.1311942661065,-5.47343657692568));
#3900=CARTESIAN_POINT('Ctrl Pts',(78.0166727560287,-47.7256160717726,-5.4997647480794));
#3901=CARTESIAN_POINT('Ctrl Pts',(78.3756348098131,-47.5143681054965,-5.52609291923311));
#3902=CARTESIAN_POINT('Ctrl Pts',(78.7345968635976,-47.3031201392204,-5.55242109038683));
#3903=CARTESIAN_POINT('Ctrl Pts',(79.2079420826845,-47.2862024010022,-5.57874926154055));
#3904=CARTESIAN_POINT('Ctrl Pts',(79.5810243081557,-47.4713774027499,-5.60507743269426));
#3905=CARTESIAN_POINT('Ctrl Pts',(79.9541065336269,-47.6565524044977,-5.63140560384797));
#3906=CARTESIAN_POINT('Ctrl Pts',(80.2269257654825,-48.0438201462114,-5.65773377500169));
#3907=CARTESIAN_POINT('Ctrl Pts',(80.2757968245927,-48.4573922743751,-5.6840619461554));
#3908=CARTESIAN_POINT('Ctrl Pts',(80.3246678837028,-48.8709644025388,-5.71039011730912));
#3909=CARTESIAN_POINT('Ctrl Pts',(80.1495907700675,-49.3108409171526,-5.73671828846283));
#3910=CARTESIAN_POINT('Ctrl Pts',(79.8299074150912,-49.5779373022798,-5.76304645961655));
#3911=CARTESIAN_POINT('Ctrl Pts',(79.5102240601149,-49.845033687407,-5.78937463077026));
#3912=CARTESIAN_POINT('Ctrl Pts',(79.0459344637975,-49.9393499430475,-5.81570280192398));
#3913=CARTESIAN_POINT('Ctrl Pts',(78.6476569392284,-49.8173519888834,-5.84203097307769));
#3914=CARTESIAN_POINT('Ctrl Pts',(78.2493794146592,-49.6953540347193,-5.86835914423141));
#3915=CARTESIAN_POINT('Ctrl Pts',(77.9171139618382,-49.3570418707505,-5.89468731538513));
#3916=CARTESIAN_POINT('Ctrl Pts',(77.8014828548829,-48.9576327367324,-5.92101548653884));
#3917=CARTESIAN_POINT('Ctrl Pts',(77.7686837549196,-48.8443391736262,-5.92848354889903));
#3918=CARTESIAN_POINT('Ctrl Pts',(77.7533148320055,-48.7261298110382,-5.93595161125921));
#3919=CARTESIAN_POINT('Ctrl Pts',(77.7543578228746,-48.6076743622896,-5.9434196736194));
#3920=CARTESIAN_POINT('Ctrl Pts',(77.7555109549534,-48.6057991347888,-5.8065803263806));
#3921=CARTESIAN_POINT('Ctrl Pts',(77.7556564502425,-48.8222652726505,-5.7930100451416));
#3922=CARTESIAN_POINT('Ctrl Pts',(77.8084880962896,-49.0388133962491,-5.7794397639026));
#3923=CARTESIAN_POINT('Ctrl Pts',(77.9135766070764,-49.2260143912518,-5.7658694826636));
#3924=CARTESIAN_POINT('Ctrl Pts',(78.1174624550965,-49.589209504881,-5.73954131150988));
#3925=CARTESIAN_POINT('Ctrl Pts',(78.5180495161526,-49.8419384467895,-5.71321314035617));
#3926=CARTESIAN_POINT('Ctrl Pts',(78.9336338043232,-49.8696722070301,-5.68688496920245));
#3927=CARTESIAN_POINT('Ctrl Pts',(79.3492180924938,-49.8974059672708,-5.66055679804874));
#3928=CARTESIAN_POINT('Ctrl Pts',(79.7797996077789,-49.7001445458436,-5.63422862689503));
#3929=CARTESIAN_POINT('Ctrl Pts',(80.0301643460168,-49.3673005276932,-5.60790045574131));
#3930=CARTESIAN_POINT('Ctrl Pts',(80.2805290842548,-49.0344565095428,-5.5815722845876));
#3931=CARTESIAN_POINT('Ctrl Pts',(80.3506770454457,-48.5660298946691,-5.55524411343388));
#3932=CARTESIAN_POINT('Ctrl Pts',(80.2087852992499,-48.1744421941834,-5.52891594228016));
#3933=CARTESIAN_POINT('Ctrl Pts',(80.0668935530541,-47.7828544936978,-5.50258777112645));
#3934=CARTESIAN_POINT('Ctrl Pts',(79.7129620994718,-47.4681057076001,-5.47625959997273));
#3935=CARTESIAN_POINT('Ctrl Pts',(79.3074859077526,-47.3729080109626,-5.44993142881902));
#3936=CARTESIAN_POINT('Ctrl Pts',(78.9020097160334,-47.2777103143251,-5.42360325766531));
#3937=CARTESIAN_POINT('Ctrl Pts',(78.4449887861775,-47.4020637071479,-5.39727508651159));
#3938=CARTESIAN_POINT('Ctrl Pts',(78.1436522774504,-47.6895851871105,-5.37094691535788));
#3939=CARTESIAN_POINT('Ctrl Pts',(77.898085110532,-47.923894118215,-5.34949138569878));
#3940=CARTESIAN_POINT('Ctrl Pts',(77.7559088282844,-48.2665638779567,-5.32803585603969));
#3941=CARTESIAN_POINT('Ctrl Pts',(77.7528677111225,-48.6069932560815,-5.3065803263806));
#3942=CARTESIAN_POINT('Origin',(79.0179919316802,-48.6059364935562,0.));
#3943=CARTESIAN_POINT('',(77.7523982102913,-48.6050118727054,-4.8065803263806));
#3944=CARTESIAN_POINT('',(77.7549983422092,-48.6051781018073,-4.9434196736194));
#3945=CARTESIAN_POINT('',(77.7534919316802,-48.6059364935562,0.));
#3946=CARTESIAN_POINT('Ctrl Pts',(77.7549983422092,-48.6051781018073,-4.9434196736194));
#3947=CARTESIAN_POINT('Ctrl Pts',(77.7541229505082,-48.4469883210874,-4.95334689074797));
#3948=CARTESIAN_POINT('Ctrl Pts',(77.7816900766618,-48.2890925413117,-4.96327410787653));
#3949=CARTESIAN_POINT('Ctrl Pts',(77.8391011386795,-48.1429182311311,-4.9732013250051));
#3950=CARTESIAN_POINT('Ctrl Pts',(77.9913621648405,-47.7552464186916,-4.99952949615881));
#3951=CARTESIAN_POINT('Ctrl Pts',(78.3535376922009,-47.4500203819902,-5.02585766731253));
#3952=CARTESIAN_POINT('Ctrl Pts',(78.761401963028,-47.3656419701415,-5.05218583846624));
#3953=CARTESIAN_POINT('Ctrl Pts',(79.169266233855,-47.2812635582927,-5.07851400961996));
#3954=CARTESIAN_POINT('Ctrl Pts',(79.6228192481486,-47.4177327712967,-5.10484218077367));
#3955=CARTESIAN_POINT('Ctrl Pts',(79.9164005504371,-47.7131699804155,-5.13117035192739));
#3956=CARTESIAN_POINT('Ctrl Pts',(80.2099818527256,-48.0086071895343,-5.15749852308111));
#3957=CARTESIAN_POINT('Ctrl Pts',(80.3435914430088,-48.4630123947679,-5.18382669423482));
#3958=CARTESIAN_POINT('Ctrl Pts',(80.2566453641724,-48.8703361842202,-5.21015486538854));
#3959=CARTESIAN_POINT('Ctrl Pts',(80.169699285336,-49.2776599736726,-5.23648303654225));
#3960=CARTESIAN_POINT('Ctrl Pts',(79.86219753738,-49.6379023473438,-5.26281120769596));
#3961=CARTESIAN_POINT('Ctrl Pts',(79.4735738622555,-49.7877195021291,-5.28913937884968));
#3962=CARTESIAN_POINT('Ctrl Pts',(79.084950187131,-49.9375366569144,-5.31546755000339));
#3963=CARTESIAN_POINT('Ctrl Pts',(78.6152045848379,-49.8769285928137,-5.34179572115711));
#3964=CARTESIAN_POINT('Ctrl Pts',(78.2773411164447,-49.6333665493846,-5.36812389231082));
#3965=CARTESIAN_POINT('Ctrl Pts',(77.9552565366516,-49.4011793325054,-5.39322248608035));
#3966=CARTESIAN_POINT('Ctrl Pts',(77.753023425248,-49.0027277216416,-5.41832107984988));
#3967=CARTESIAN_POINT('Ctrl Pts',(77.7515557620491,-48.6055808281152,-5.4434196736194));
#3968=CARTESIAN_POINT('Ctrl Pts',(77.7528677111225,-48.6069932560815,-5.3065803263806));
#3969=CARTESIAN_POINT('Ctrl Pts',(77.7521770605579,-48.6843062071108,-5.30170768488597));
#3970=CARTESIAN_POINT('Ctrl Pts',(77.75866249122,-48.7615036074778,-5.29683504339135));
#3971=CARTESIAN_POINT('Ctrl Pts',(77.7727426831093,-48.8372899627927,-5.29196240189673));
#3972=CARTESIAN_POINT('Ctrl Pts',(77.8488216850934,-49.24678369141,-5.26563423074301));
#3973=CARTESIAN_POINT('Ctrl Pts',(78.1466317766599,-49.615081581542,-5.2393060595893));
#3974=CARTESIAN_POINT('Ctrl Pts',(78.5311322654208,-49.775182664361,-5.21297788843558));
#3975=CARTESIAN_POINT('Ctrl Pts',(78.9156327541817,-49.9352837471799,-5.18664971728187));
#3976=CARTESIAN_POINT('Ctrl Pts',(79.386823640137,-49.8871880226857,-5.16032154612815));
#3977=CARTESIAN_POINT('Ctrl Pts',(79.7310473080821,-49.6527036448262,-5.13399337497444));
#3978=CARTESIAN_POINT('Ctrl Pts',(80.0752709760271,-49.4182192669667,-5.10766520382072));
#3979=CARTESIAN_POINT('Ctrl Pts',(80.2925274259618,-48.9973462357419,-5.08133703266701));
#3980=CARTESIAN_POINT('Ctrl Pts',(80.2843030952485,-48.5809265905067,-5.0550088615133));
#3981=CARTESIAN_POINT('Ctrl Pts',(80.2760787645351,-48.1645069452715,-5.02868069035958));
#3982=CARTESIAN_POINT('Ctrl Pts',(80.0423736531737,-47.7525406860259,-5.00235251920586));
#3983=CARTESIAN_POINT('Ctrl Pts',(79.6891597389532,-47.5318307721178,-4.97602434805215));
#3984=CARTESIAN_POINT('Ctrl Pts',(79.3359458247327,-47.3111208582097,-4.94969617689843));
#3985=CARTESIAN_POINT('Ctrl Pts',(78.8632231076532,-47.281667289639,-4.92336800574472));
#3986=CARTESIAN_POINT('Ctrl Pts',(78.4853441867995,-47.4568256317312,-4.897039834591));
#3987=CARTESIAN_POINT('Ctrl Pts',(78.1074652659459,-47.6319839738235,-4.87071166343729));
#3988=CARTESIAN_POINT('Ctrl Pts',(77.824430141318,-48.0117542265786,-4.84438349228357));
#3989=CARTESIAN_POINT('Ctrl Pts',(77.7645790425658,-48.4239323216941,-4.81805532112986));
#3990=CARTESIAN_POINT('Ctrl Pts',(77.755883780497,-48.483814205749,-4.81423032288011));
#3991=CARTESIAN_POINT('Ctrl Pts',(77.7518992049408,-48.5443801136058,-4.81040532463035));
#3992=CARTESIAN_POINT('Ctrl Pts',(77.7523982102913,-48.6050118727054,-4.8065803263806));
#3993=CARTESIAN_POINT('Origin',(79.0179919316802,-48.6059364935562,0.));
#3994=CARTESIAN_POINT('',(77.7554696582934,-48.6057726770142,-4.3065803263806));
#3995=CARTESIAN_POINT('',(77.7541792993343,-48.6070062774004,-4.4434196736194));
#3996=CARTESIAN_POINT('',(77.7534919316802,-48.6059364935562,0.));
#3997=CARTESIAN_POINT('Ctrl Pts',(77.7541792993343,-48.6070062774004,-4.4434196736194));
#3998=CARTESIAN_POINT('Ctrl Pts',(77.75660229113,-48.3107052477888,-4.46204453049235));
#3999=CARTESIAN_POINT('Ctrl Pts',(77.8607310005595,-48.012870066835,-4.48066938736529));
#4000=CARTESIAN_POINT('Ctrl Pts',(78.0510236703491,-47.7879256504419,-4.49929424423823));
#4001=CARTESIAN_POINT('Ctrl Pts',(78.3200221390994,-47.4699433359858,-4.52562241539195));
#4002=CARTESIAN_POINT('Ctrl Pts',(78.7611999917063,-47.2976168952668,-4.55195058654566));
#4003=CARTESIAN_POINT('Ctrl Pts',(79.1745083647701,-47.349086480459,-4.57827875769937));
#4004=CARTESIAN_POINT('Ctrl Pts',(79.5878167378339,-47.4005560656513,-4.60460692885309));
#4005=CARTESIAN_POINT('Ctrl Pts',(79.9732556313545,-47.6758216767548,-4.6309351000068));
#4006=CARTESIAN_POINT('Ctrl Pts',(80.156050600912,-48.05006615894,-4.65726327116052));
#4007=CARTESIAN_POINT('Ctrl Pts',(80.3388455704695,-48.4243106411253,-4.68359144231423));
#4008=CARTESIAN_POINT('Ctrl Pts',(80.318996616064,-48.8975339943922,-4.70991961346795));
#4009=CARTESIAN_POINT('Ctrl Pts',(80.1055041054973,-49.2551565171534,-4.73624778462166));
#4010=CARTESIAN_POINT('Ctrl Pts',(79.8920115949306,-49.6127790399145,-4.76257595577538));
#4011=CARTESIAN_POINT('Ctrl Pts',(79.4848755282028,-49.85480073217,-4.78890412692909));
#4012=CARTESIAN_POINT('Ctrl Pts',(79.0687087616923,-49.871478710881,-4.81523229808281));
#4013=CARTESIAN_POINT('Ctrl Pts',(78.6525419951819,-49.8881566895921,-4.84156046923652));
#4014=CARTESIAN_POINT('Ctrl Pts',(78.2273445288886,-49.6794909547587,-4.86788864039024));
#4015=CARTESIAN_POINT('Ctrl Pts',(77.9859190582228,-49.3400992932533,-4.89421681154395));
#4016=CARTESIAN_POINT('Ctrl Pts',(77.8355247136338,-49.1286775805802,-4.9106177655691));
#4017=CARTESIAN_POINT('Ctrl Pts',(77.7564445943517,-48.8665266033295,-4.92701871959425));
#4018=CARTESIAN_POINT('Ctrl Pts',(77.7549983422092,-48.6051781018073,-4.9434196736194));
#4019=CARTESIAN_POINT('Ctrl Pts',(77.7523982102913,-48.6050118727054,-4.8065803263806));
#4020=CARTESIAN_POINT('Ctrl Pts',(77.7553339511597,-48.9617197374939,-4.78407715347664));
#4021=CARTESIAN_POINT('Ctrl Pts',(77.913454800369,-49.3207068367733,-4.76157398057268));
#4022=CARTESIAN_POINT('Ctrl Pts',(78.1805156919304,-49.5560959132121,-4.73907080766871));
#4023=CARTESIAN_POINT('Ctrl Pts',(78.4929705129238,-49.8314954721385,-4.712742636515));
#4024=CARTESIAN_POINT('Ctrl Pts',(78.9545472277871,-49.9377086525154,-4.68641446536129));
#4025=CARTESIAN_POINT('Ctrl Pts',(79.3559472637408,-49.8265738586489,-4.66008629420757));
#4026=CARTESIAN_POINT('Ctrl Pts',(79.7573472996945,-49.7154390647823,-4.63375812305386));
#4027=CARTESIAN_POINT('Ctrl Pts',(80.0985706567385,-49.3869562966723,-4.60742995190014));
#4028=CARTESIAN_POINT('Ctrl Pts',(80.2248921007114,-48.9900736622207,-4.58110178074642));
#4029=CARTESIAN_POINT('Ctrl Pts',(80.3512135446843,-48.5931910277692,-4.55477360959271));
#4030=CARTESIAN_POINT('Ctrl Pts',(80.2626330755859,-48.1279085269761,-4.52844543843899));
#4031=CARTESIAN_POINT('Ctrl Pts',(79.99931685964,-47.8052050987388,-4.50211726728528));
#4032=CARTESIAN_POINT('Ctrl Pts',(79.736000643694,-47.4825016705014,-4.47578909613156));
#4033=CARTESIAN_POINT('Ctrl Pts',(79.2979486809004,-47.3023773148198,-4.44946092497785));
#4034=CARTESIAN_POINT('Ctrl Pts',(78.8837924232401,-47.3465081018244,-4.42313275382413));
#4035=CARTESIAN_POINT('Ctrl Pts',(78.4696361655799,-47.390638888829,-4.39680458267042));
#4036=CARTESIAN_POINT('Ctrl Pts',(78.0793756130531,-47.6590248185199,-4.3704764115167));
#4037=CARTESIAN_POINT('Ctrl Pts',(77.8899715540033,-48.0299682572046,-4.34414824036299));
#4038=CARTESIAN_POINT('Ctrl Pts',(77.7998840787946,-48.2064024793854,-4.33162560236886));
#4039=CARTESIAN_POINT('Ctrl Pts',(77.7552363756018,-48.4060382906535,-4.31910296437473));
#4040=CARTESIAN_POINT('Ctrl Pts',(77.7554696582934,-48.6057726770142,-4.3065803263806));
#4041=CARTESIAN_POINT('Origin',(79.0179919316802,-48.6059364935562,0.));
#4042=CARTESIAN_POINT('',(77.7529777125811,-48.6070135527401,-3.8065803263806));
#4043=CARTESIAN_POINT('',(77.7515143137437,-48.6056525447914,-3.9434196736194));
#4044=CARTESIAN_POINT('',(77.7534919316802,-48.6059364935562,0.));
#4045=CARTESIAN_POINT('Ctrl Pts',(77.7515143137437,-48.6056525447914,-3.9434196736194));
#4046=CARTESIAN_POINT('Ctrl Pts',(77.7514660474238,-48.5899200383645,-3.94441399908301));
#4047=CARTESIAN_POINT('Ctrl Pts',(77.7517341010993,-48.5741892143569,-3.94540832454661));
#4048=CARTESIAN_POINT('Ctrl Pts',(77.7523235982267,-48.5584704453639,-3.94640265001021));
#4049=CARTESIAN_POINT('Ctrl Pts',(77.7679325530722,-48.1422622162472,-3.97273082116393));
#4050=CARTESIAN_POINT('Ctrl Pts',(78.0089077408399,-47.7345058415029,-3.99905899231764));
#4051=CARTESIAN_POINT('Ctrl Pts',(78.3659807283426,-47.520095461546,-4.02538716347136));
#4052=CARTESIAN_POINT('Ctrl Pts',(78.7230537158454,-47.3056850815891,-4.05171533462507));
#4053=CARTESIAN_POINT('Ctrl Pts',(79.1962245030833,-47.2846206964197,-4.07804350577879));
#4054=CARTESIAN_POINT('Ctrl Pts',(79.5709372636992,-47.4664537970047,-4.1043716769325));
#4055=CARTESIAN_POINT('Ctrl Pts',(79.9456500243152,-47.6482868975896,-4.13069984808622));
#4056=CARTESIAN_POINT('Ctrl Pts',(80.2219047583092,-48.033017483929,-4.15702801923993));
#4057=CARTESIAN_POINT('Ctrl Pts',(80.2744357807377,-48.4461922909976,-4.18335619039365));
#4058=CARTESIAN_POINT('Ctrl Pts',(80.3269668031662,-48.8593670980662,-4.20968436154736));
#4059=CARTESIAN_POINT('Ctrl Pts',(80.1557741140292,-49.3009861258639,-4.23601253270108));
#4060=CARTESIAN_POINT('Ctrl Pts',(79.8384837838946,-49.5708004615645,-4.26234070385479));
#4061=CARTESIAN_POINT('Ctrl Pts',(79.52119345376,-49.840614797265,-4.28866887500851));
#4062=CARTESIAN_POINT('Ctrl Pts',(79.0578054826277,-49.9386244408683,-4.31499704616223));
#4063=CARTESIAN_POINT('Ctrl Pts',(78.6584397504475,-49.8203876388053,-4.34132521731594));
#4064=CARTESIAN_POINT('Ctrl Pts',(78.2590740182673,-49.7021508367424,-4.36765338846966));
#4065=CARTESIAN_POINT('Ctrl Pts',(77.9237305250392,-49.3676675890133,-4.39398155962337));
#4066=CARTESIAN_POINT('Ctrl Pts',(77.804468320872,-48.9686068710521,-4.42030973077708));
#4067=CARTESIAN_POINT('Ctrl Pts',(77.7695735978336,-48.851846382463,-4.42801304505786));
#4068=CARTESIAN_POINT('Ctrl Pts',(77.7531771403685,-48.729557552204,-4.43571635933863));
#4069=CARTESIAN_POINT('Ctrl Pts',(77.7541792993343,-48.6070062774004,-4.4434196736194));
#4070=CARTESIAN_POINT('Ctrl Pts',(77.7554696582934,-48.6057726770142,-4.3065803263806));
#4071=CARTESIAN_POINT('Ctrl Pts',(77.7557268398821,-48.8259690681664,-4.29277479322101));
#4072=CARTESIAN_POINT('Ctrl Pts',(77.8105318043224,-49.0462852662399,-4.27896926006143));
#4073=CARTESIAN_POINT('Ctrl Pts',(77.91913583462,-49.2357655652499,-4.26516372690184));
#4074=CARTESIAN_POINT('Ctrl Pts',(78.1262517398592,-49.5971184869317,-4.23883555574813));
#4075=CARTESIAN_POINT('Ctrl Pts',(78.5290311159105,-49.8463233826168,-4.21250738459441));
#4076=CARTESIAN_POINT('Ctrl Pts',(78.9448366061118,-49.8703801182666,-4.1861792134407));
#4077=CARTESIAN_POINT('Ctrl Pts',(79.3606420963132,-49.8944368539164,-4.15985104228698));
#4078=CARTESIAN_POINT('Ctrl Pts',(79.7894737006647,-49.693345429531,-4.13352287113327));
#4079=CARTESIAN_POINT('Ctrl Pts',(80.0368808703353,-49.3582892780791,-4.10719469997955));
#4080=CARTESIAN_POINT('Ctrl Pts',(80.284288040006,-49.0232331266273,-4.08086652882584));
#4081=CARTESIAN_POINT('Ctrl Pts',(80.3502707749958,-48.5542122481091,-4.05453835767212));
#4082=CARTESIAN_POINT('Ctrl Pts',(80.2049096876268,-48.1639007231717,-4.02821018651841));
#4083=CARTESIAN_POINT('Ctrl Pts',(80.0595486002577,-47.7735891982344,-4.00188201536469));
#4084=CARTESIAN_POINT('Ctrl Pts',(79.7028436905297,-47.4619870268779,-3.97555384421098));
#4085=CARTESIAN_POINT('Ctrl Pts',(79.296540186038,-47.3703879304918,-3.94922567305726));
#4086=CARTESIAN_POINT('Ctrl Pts',(78.8902366815463,-47.2787888341057,-3.92289750190355));
#4087=CARTESIAN_POINT('Ctrl Pts',(78.4343345822909,-47.4071928126899,-3.89656933074983));
#4088=CARTESIAN_POINT('Ctrl Pts',(78.1355593546203,-47.6973760230128,-3.87024115959612));
#4089=CARTESIAN_POINT('Ctrl Pts',(77.8947491108878,-47.9312611752382,-3.84902088185761));
#4090=CARTESIAN_POINT('Ctrl Pts',(77.7560119440226,-48.270241679966,-3.82780060411911));
#4091=CARTESIAN_POINT('Ctrl Pts',(77.7529777125811,-48.6070135527401,-3.8065803263806));
#4092=CARTESIAN_POINT('Origin',(79.0179919316802,-48.6059364935562,0.));
#4093=CARTESIAN_POINT('',(77.7522994416543,-48.6050504852025,-3.3065803263806));
#4094=CARTESIAN_POINT('',(77.754927245211,-48.6051343376314,-3.4434196736194));
#4095=CARTESIAN_POINT('',(77.7534919316802,-48.6059364935562,0.));
#4096=CARTESIAN_POINT('Ctrl Pts',(77.754927245211,-48.6051343376314,-3.4434196736194));
#4097=CARTESIAN_POINT('Ctrl Pts',(77.7540199326977,-48.45071514907,-3.45311163882738));
#4098=CARTESIAN_POINT('Ctrl Pts',(77.7802584318757,-48.2965935616038,-3.46280360403536));
#4099=CARTESIAN_POINT('Ctrl Pts',(77.8350411339841,-48.1533917264159,-3.47249556924334));
#4100=CARTESIAN_POINT('Ctrl Pts',(77.9838580484513,-47.764384714376,-3.49882374039706));
#4101=CARTESIAN_POINT('Ctrl Pts',(78.3433124245333,-47.4559582989278,-3.52515191155077));
#4102=CARTESIAN_POINT('Ctrl Pts',(78.7504123092518,-47.3679661782022,-3.55148008270449));
#4103=CARTESIAN_POINT('Ctrl Pts',(79.1575121939702,-47.2799740574766,-3.5778082538582));
#4104=CARTESIAN_POINT('Ctrl Pts',(79.6122575873251,-47.4124162314736,-3.60413642501192));
#4105=CARTESIAN_POINT('Ctrl Pts',(79.9084475227886,-47.7052377668453,-3.63046459616563));
#4106=CARTESIAN_POINT('Ctrl Pts',(80.2046374582522,-47.998059302217,-3.65679276731935));
#4107=CARTESIAN_POINT('Ctrl Pts',(80.3422719358244,-48.4512601989634,-3.68312093847307));
#4108=CARTESIAN_POINT('Ctrl Pts',(80.2589416101487,-48.8593398312308,-3.70944910962678));
#4109=CARTESIAN_POINT('Ctrl Pts',(80.1756112844731,-49.2674194634981,-3.73577728078049));
#4110=CARTESIAN_POINT('Ctrl Pts',(79.8713161555495,-49.6303778312863,-3.76210545193421));
#4111=CARTESIAN_POINT('Ctrl Pts',(79.4840366199058,-49.7836341222444,-3.78843362308792));
#4112=CARTESIAN_POINT('Ctrl Pts',(79.0967570842621,-49.9368904132026,-3.81476179424164));
#4113=CARTESIAN_POINT('Ctrl Pts',(78.6264931418982,-49.8804446273308,-3.84108996539535));
#4114=CARTESIAN_POINT('Ctrl Pts',(78.2864825316779,-49.6398916926503,-3.86741813654907));
#4115=CARTESIAN_POINT('Ctrl Pts',(77.9593129655873,-49.4084236240207,-3.89275198223918));
#4116=CARTESIAN_POINT('Ctrl Pts',(77.7527440635038,-49.0064920130821,-3.91808582792929));
#4117=CARTESIAN_POINT('Ctrl Pts',(77.7515143137437,-48.6056525447914,-3.9434196736194));
#4118=CARTESIAN_POINT('Ctrl Pts',(77.7529777125811,-48.6070135527401,-3.8065803263806));
#4119=CARTESIAN_POINT('Ctrl Pts',(77.7522473483987,-48.6880772811497,-3.80147243296539));
#4120=CARTESIAN_POINT('Ctrl Pts',(77.7593796672295,-48.7690130405298,-3.79636453955018));
#4121=CARTESIAN_POINT('Ctrl Pts',(77.7748436955169,-48.8483242915449,-3.79125664613497));
#4122=CARTESIAN_POINT('Ctrl Pts',(77.85455162017,-49.2571269076925,-3.76492847498126));
#4123=CARTESIAN_POINT('Ctrl Pts',(78.1556158255621,-49.6227696979262,-3.73860030382754));
#4124=CARTESIAN_POINT('Ctrl Pts',(78.5415209537689,-49.7794546182138,-3.71227213267383));
#4125=CARTESIAN_POINT('Ctrl Pts',(78.9274260819758,-49.9361395385014,-3.68594396152011));
#4126=CARTESIAN_POINT('Ctrl Pts',(79.3981721329974,-49.8838665888429,-3.6596157903664));
#4127=CARTESIAN_POINT('Ctrl Pts',(79.740302759329,-49.6463385552383,-3.63328761921268));
#4128=CARTESIAN_POINT('Ctrl Pts',(80.0824333856605,-49.4088105216337,-3.60695944805897));
#4129=CARTESIAN_POINT('Ctrl Pts',(80.2959485873019,-48.9860274040831,-3.58063127690525));
#4130=CARTESIAN_POINT('Ctrl Pts',(80.2840314605747,-48.5696971093501,-3.55430310575154));
#4131=CARTESIAN_POINT('Ctrl Pts',(80.2721143338474,-48.1533668146171,-3.52797493459782));
#4132=CARTESIAN_POINT('Ctrl Pts',(80.0347648787515,-47.7434893427017,-3.5016467634441));
#4133=CARTESIAN_POINT('Ctrl Pts',(79.679607466552,-47.5259206299193,-3.47531859229039));
#4134=CARTESIAN_POINT('Ctrl Pts',(79.3244500543527,-47.3083519171369,-3.44899042113667));
#4135=CARTESIAN_POINT('Ctrl Pts',(78.8514846850499,-47.2830919634875,-3.42266224998296));
#4136=CARTESIAN_POINT('Ctrl Pts',(78.4751740397608,-47.4615947098643,-3.39633407882925));
#4137=CARTESIAN_POINT('Ctrl Pts',(78.0988633944716,-47.6400974562411,-3.37000590767553));
#4138=CARTESIAN_POINT('Ctrl Pts',(77.8192074731962,-48.022362902644,-3.34367773652182));
#4139=CARTESIAN_POINT('Ctrl Pts',(77.7630142042937,-48.435055583403,-3.3173495653681));
#4140=CARTESIAN_POINT('Ctrl Pts',(77.7553524651023,-48.491324665945,-3.31375981903893));
#4141=CARTESIAN_POINT('Ctrl Pts',(77.7518449611398,-48.5481593995591,-3.31017007270977));
#4142=CARTESIAN_POINT('Ctrl Pts',(77.7522994416543,-48.6050504852025,-3.3065803263806));
#4143=CARTESIAN_POINT('Origin',(79.0179919316802,-48.6059364935562,0.));
#4144=CARTESIAN_POINT('',(77.7554524004394,-48.6057132657917,-2.8065803263806));
#4145=CARTESIAN_POINT('',(77.7542793662495,-48.6069853876621,-2.94341967361941));
#4146=CARTESIAN_POINT('',(77.7534919316802,-48.6059364935562,0.));
#4147=CARTESIAN_POINT('Ctrl Pts',(77.7542793662495,-48.6069853876621,-2.94341967361941));
#4148=CARTESIAN_POINT('Ctrl Pts',(77.7566111222598,-48.3143682289851,-2.96180927857176));
#4149=CARTESIAN_POINT('Ctrl Pts',(77.8578951082352,-48.0202942664635,-2.98019888352412));
#4150=CARTESIAN_POINT('Ctrl Pts',(78.0438070285656,-47.7965335465765,-2.99858848847647));
#4151=CARTESIAN_POINT('Ctrl Pts',(78.3099748375344,-47.4761780769551,-3.02491665963019));
#4152=CARTESIAN_POINT('Ctrl Pts',(78.7496070336404,-47.2999457462736,-3.0512448307839));
#4153=CARTESIAN_POINT('Ctrl Pts',(79.1633556189078,-47.3477478135596,-3.07757300193762));
#4154=CARTESIAN_POINT('Ctrl Pts',(79.5771042041753,-47.3955498808456,-3.10390117309133));
#4155=CARTESIAN_POINT('Ctrl Pts',(79.9649691786044,-47.6673863460992,-3.13022934424505));
#4156=CARTESIAN_POINT('Ctrl Pts',(80.1510760115711,-48.039994955998,-3.15655751539876));
#4157=CARTESIAN_POINT('Ctrl Pts',(80.3371828445379,-48.4126035658968,-3.18288568655248));
#4158=CARTESIAN_POINT('Ctrl Pts',(80.3215315360425,-48.8859843204408,-3.20921385770619));
#4159=CARTESIAN_POINT('Ctrl Pts',(80.1112190572391,-49.2454861851192,-3.23554202885991));
#4160=CARTESIAN_POINT('Ctrl Pts',(79.9009065784357,-49.6049880497976,-3.26187020001362));
#4161=CARTESIAN_POINT('Ctrl Pts',(79.4959329293244,-49.8506110246103,-3.28819837116734));
#4162=CARTESIAN_POINT('Ctrl Pts',(79.079930443702,-49.8709791713994,-3.31452654232105));
#4163=CARTESIAN_POINT('Ctrl Pts',(78.6639279580795,-49.8913473181884,-3.34085471347477));
#4164=CARTESIAN_POINT('Ctrl Pts',(78.236896635946,-49.6864606369538,-3.36718288462848));
#4165=CARTESIAN_POINT('Ctrl Pts',(77.9924707013054,-49.3492234920207,-3.3935110557822));
#4166=CARTESIAN_POINT('Ctrl Pts',(77.8380232023348,-49.1361305824181,-3.41014726172793));
#4167=CARTESIAN_POINT('Ctrl Pts',(77.7564846422408,-48.8701940409788,-3.42678346767367));
#4168=CARTESIAN_POINT('Ctrl Pts',(77.754927245211,-48.6051343376314,-3.4434196736194));
#4169=CARTESIAN_POINT('Ctrl Pts',(77.7522994416543,-48.6050504852025,-3.3065803263806));
#4170=CARTESIAN_POINT('Ctrl Pts',(77.7551782442394,-48.9654140194108,-3.28384190155605));
#4171=CARTESIAN_POINT('Ctrl Pts',(77.9170236893973,-49.3280385652314,-3.2611034767315));
#4172=CARTESIAN_POINT('Ctrl Pts',(78.1889752784155,-49.5634858501435,-3.23836505190696));
#4173=CARTESIAN_POINT('Ctrl Pts',(78.5038602379693,-49.8361035210102,-3.21203688075324));
#4174=CARTESIAN_POINT('Ctrl Pts',(78.9663607736065,-49.9382189476285,-3.18570870959952));
#4175=CARTESIAN_POINT('Ctrl Pts',(79.3667594063559,-49.8235286380362,-3.15938053844581));
#4176=CARTESIAN_POINT('Ctrl Pts',(79.7671580391053,-49.7088383284439,-3.13305236729209));
#4177=CARTESIAN_POINT('Ctrl Pts',(80.1054547689669,-49.3773422826409,-3.10672419613838));
#4178=CARTESIAN_POINT('Ctrl Pts',(80.2282514226111,-48.9793549536017,-3.08039602498466));
#4179=CARTESIAN_POINT('Ctrl Pts',(80.3510480762553,-48.5813676245626,-3.05406785383095));
#4180=CARTESIAN_POINT('Ctrl Pts',(80.2583446536821,-48.1168890122872,-3.02773968267723));
#4181=CARTESIAN_POINT('Ctrl Pts',(79.9921768425848,-47.7965335401042,-3.00141151152352));
#4182=CARTESIAN_POINT('Ctrl Pts',(79.7260090314875,-47.4761780679211,-2.9750833403698));
#4183=CARTESIAN_POINT('Ctrl Pts',(79.2863768318661,-47.2999457358304,-2.94875516921609));
#4184=CARTESIAN_POINT('Ctrl Pts',(78.8726282432901,-47.3477478034987,-2.92242699806237));
#4185=CARTESIAN_POINT('Ctrl Pts',(78.4588796547142,-47.3955498711669,-2.89609882690866));
#4186=CARTESIAN_POINT('Ctrl Pts',(78.0710146771837,-47.6673863385942,-2.86977065575494));
#4187=CARTESIAN_POINT('Ctrl Pts',(77.8849078427288,-48.0399949514725,-2.84344248460123));
#4188=CARTESIAN_POINT('Ctrl Pts',(77.7980515809504,-48.2138917958083,-2.83115509852769));
#4189=CARTESIAN_POINT('Ctrl Pts',(77.7551402409072,-48.409737811451,-2.81886771245414));
#4190=CARTESIAN_POINT('Ctrl Pts',(77.7554524004394,-48.6057132657917,-2.8065803263806));
#4191=CARTESIAN_POINT('Origin',(79.0179919316802,-48.6059364935562,0.));
#4192=CARTESIAN_POINT('',(77.7530885720411,-48.6070303952288,-2.3065803263806));
#4193=CARTESIAN_POINT('',(77.7514815013514,-48.6057185492126,-2.4434196736194));
#4194=CARTESIAN_POINT('',(77.7534919316802,-48.6059364935562,0.));
#4195=CARTESIAN_POINT('Ctrl Pts',(77.7514815013514,-48.6057185492126,-2.4434196736194));
#4196=CARTESIAN_POINT('Ctrl Pts',(77.7514526304052,-48.5937091017836,-2.44417874716242));
#4197=CARTESIAN_POINT('Ctrl Pts',(77.7516088274974,-48.5817004237902,-2.44493782070544));
#4198=CARTESIAN_POINT('Ctrl Pts',(77.7519524129094,-48.5696971096399,-2.44569689424846));
#4199=CARTESIAN_POINT('Ctrl Pts',(77.7638695395414,-48.153366818236,-2.47202506540218));
#4200=CARTESIAN_POINT('Ctrl Pts',(78.0012189927395,-47.7434893495981,-2.49835323655589));
#4201=CARTESIAN_POINT('Ctrl Pts',(78.3563764020989,-47.5259206385555,-2.5246814077096));
#4202=CARTESIAN_POINT('Ctrl Pts',(78.7115338114583,-47.3083519275129,-2.55100957886332));
#4203=CARTESIAN_POINT('Ctrl Pts',(79.1844991769791,-47.2830919740655,-2.57733775001704));
#4204=CARTESIAN_POINT('Ctrl Pts',(79.5608098192591,-47.4615947190149,-2.60366592117075));
#4205=CARTESIAN_POINT('Ctrl Pts',(79.9371204615391,-47.6400974639643,-2.62999409232447));
#4206=CARTESIAN_POINT('Ctrl Pts',(80.2167763805784,-48.0223629073105,-2.65632226347818));
#4207=CARTESIAN_POINT('Ctrl Pts',(80.2729696490315,-48.4350555847694,-2.68265043463189));
#4208=CARTESIAN_POINT('Ctrl Pts',(80.3291629174847,-48.8477482622283,-2.70897860578561));
#4209=CARTESIAN_POINT('Ctrl Pts',(80.1618935353517,-49.2908681737999,-2.73530677693933));
#4210=CARTESIAN_POINT('Ctrl Pts',(79.8470085783159,-49.5634858424866,-2.76163494809304));
#4211=CARTESIAN_POINT('Ctrl Pts',(79.53212362128,-49.8361035111733,-2.78796311924676));
#4212=CARTESIAN_POINT('Ctrl Pts',(79.0696230893412,-49.9382189369751,-2.81429129040047));
#4213=CARTESIAN_POINT('Ctrl Pts',(78.6692244597936,-49.8235286282999,-2.84061946155418));
#4214=CARTESIAN_POINT('Ctrl Pts',(78.2688258302459,-49.7088383196247,-2.8669476327079));
#4215=CARTESIAN_POINT('Ctrl Pts',(77.9305291030894,-49.3773422764726,-2.89327580386161));
#4216=CARTESIAN_POINT('Ctrl Pts',(77.8077324504271,-48.9793549506159,-2.91960397501533));
#4217=CARTESIAN_POINT('Ctrl Pts',(77.7707063558012,-48.8593523604181,-2.92754254121669));
#4218=CARTESIAN_POINT('Ctrl Pts',(77.7532727758686,-48.7333046148467,-2.93548110741805));
#4219=CARTESIAN_POINT('Ctrl Pts',(77.7542793662495,-48.6069853876621,-2.94341967361941));
#4220=CARTESIAN_POINT('Ctrl Pts',(77.7554524004394,-48.6057132657917,-2.8065803263806));
#4221=CARTESIAN_POINT('Ctrl Pts',(77.7558091048577,-48.8296542422465,-2.79253954130043));
#4222=CARTESIAN_POINT('Ctrl Pts',(77.8126053799658,-49.053764234737,-2.77849875622026));
#4223=CARTESIAN_POINT('Ctrl Pts',(77.9247647973796,-49.2454861902333,-2.76445797114008));
#4224=CARTESIAN_POINT('Ctrl Pts',(78.1350772778647,-49.6049880577864,-2.73812979998637));
#4225=CARTESIAN_POINT('Ctrl Pts',(78.5400509302144,-49.8506110345632,-2.71180162883265));
#4226=CARTESIAN_POINT('Ctrl Pts',(78.9560534191633,-49.8709791815151,-2.68547345767894));
#4227=CARTESIAN_POINT('Ctrl Pts',(79.3720559081122,-49.891347328467,-2.65914528652522));
#4228=CARTESIAN_POINT('Ctrl Pts',(79.7990872336603,-49.686460645594,-2.63281711537151));
#4229=CARTESIAN_POINT('Ctrl Pts',(80.0435131702555,-49.3492234979642,-2.60648894421779));
#4230=CARTESIAN_POINT('Ctrl Pts',(80.2879391068506,-49.0119863503344,-2.58016077306408));
#4231=CARTESIAN_POINT('Ctrl Pts',(80.3497596544928,-48.5423987379477,-2.55383260191036));
#4232=CARTESIAN_POINT('Ctrl Pts',(80.2009427388356,-48.1533917227971,-2.52750443075665));
#4233=CARTESIAN_POINT('Ctrl Pts',(80.0521258231785,-47.7643847076465,-2.50117625960293));
#4234=CARTESIAN_POINT('Ctrl Pts',(79.692671444222,-47.4559582897321,-2.47484808844922));
#4235=CARTESIAN_POINT('Ctrl Pts',(79.2855715562483,-47.3679661683029,-2.4485199172955));
#4236=CARTESIAN_POINT('Ctrl Pts',(78.8784716682745,-47.2799740468737,-2.42219174614179));
#4237=CARTESIAN_POINT('Ctrl Pts',(78.4237262712833,-47.4124162219298,-2.39586357498807));
#4238=CARTESIAN_POINT('Ctrl Pts',(78.1275363334513,-47.7052377596431,-2.36953540383436));
#4239=CARTESIAN_POINT('Ctrl Pts',(77.8914563772659,-47.9386329124275,-2.34855037801644));
#4240=CARTESIAN_POINT('Ctrl Pts',(77.756106420225,-48.273916786981,-2.32756535219852));
#4241=CARTESIAN_POINT('Ctrl Pts',(77.7530885720411,-48.6070303952288,-2.3065803263806));
#4242=CARTESIAN_POINT('Origin',(79.0179919316802,-48.6059364935562,0.));
#4243=CARTESIAN_POINT('',(77.7522039228296,-48.605092208483,-1.8065803263806));
#4244=CARTESIAN_POINT('',(77.7548520177978,-48.6050927603301,-1.9434196736194));
#4245=CARTESIAN_POINT('',(77.7534919316802,-48.6059364935562,0.));
#4246=CARTESIAN_POINT('Ctrl Pts',(77.7548520177978,-48.6050927603301,-1.9434196736194));
#4247=CARTESIAN_POINT('Ctrl Pts',(77.7539172710225,-48.4544443387139,-1.9528763869068));
#4248=CARTESIAN_POINT('Ctrl Pts',(77.7788625026368,-48.3040952025412,-1.96233310019419));
#4249=CARTESIAN_POINT('Ctrl Pts',(77.8310741852248,-48.1639007267064,-1.97178981348159));
#4250=CARTESIAN_POINT('Ctrl Pts',(77.9764352714315,-47.7735892048901,-1.9981179846353));
#4251=CARTESIAN_POINT('Ctrl Pts',(78.333140178307,-47.4619870360254,-2.02444615578902));
#4252=CARTESIAN_POINT('Ctrl Pts',(78.7394436795497,-47.3703879403717,-2.05077432694273));
#4253=CARTESIAN_POINT('Ctrl Pts',(79.1457471807925,-47.2787888447181,-2.07710249809645));
#4254=CARTESIAN_POINT('Ctrl Pts',(79.6016492764024,-47.4071928222755,-2.10343066925016));
#4255=CARTESIAN_POINT('Ctrl Pts',(79.900424501684,-47.697376030278,-2.12975884040388));
#4256=CARTESIAN_POINT('Ctrl Pts',(80.1991997269655,-47.9875592382804,-2.15608701155759));
#4257=CARTESIAN_POINT('Ctrl Pts',(80.3408480819187,-48.4395216767279,-2.18241518271131));
#4258=CARTESIAN_POINT('Ctrl Pts',(80.2611401579029,-48.8483242896066,-2.20874335386502));
#4259=CARTESIAN_POINT('Ctrl Pts',(80.1814322338872,-49.2571269024854,-2.23507152501874));
#4260=CARTESIAN_POINT('Ctrl Pts',(79.8803680309025,-49.6227696897952,-2.26139969617246));
#4261=CARTESIAN_POINT('Ctrl Pts',(79.4944629057815,-49.7794546088299,-2.28772786732617));
#4262=CARTESIAN_POINT('Ctrl Pts',(79.1085577806605,-49.9361395278646,-2.31405603847988));
#4263=CARTESIAN_POINT('Ctrl Pts',(78.6378117334032,-49.8838665786241,-2.3403842096336));
#4264=CARTESIAN_POINT('Ctrl Pts',(78.2956811098074,-49.6463385469189,-2.36671238078731));
#4265=CARTESIAN_POINT('Ctrl Pts',(77.9634145327157,-49.4156587403919,-2.39228147839801));
#4266=CARTESIAN_POINT('Ctrl Pts',(77.7524540079677,-49.0102521235758,-2.41785057600871));
#4267=CARTESIAN_POINT('Ctrl Pts',(77.7514815013514,-48.6057185492126,-2.4434196736194));
#4268=CARTESIAN_POINT('Ctrl Pts',(77.7530885720411,-48.6070303952288,-2.3065803263806));
#4269=CARTESIAN_POINT('Ctrl Pts',(77.7523201764438,-48.6918467989656,-2.3012371810448));
#4270=CARTESIAN_POINT('Ctrl Pts',(77.760130850472,-48.7765225046821,-2.29589403570901));
#4271=CARTESIAN_POINT('Ctrl Pts',(77.7770422432886,-48.8593398332571,-2.29055089037321));
#4272=CARTESIAN_POINT('Ctrl Pts',(77.8603725696307,-49.2674194687876,-2.2642227192195));
#4273=CARTESIAN_POINT('Ctrl Pts',(78.1646677009875,-49.6303778394782,-2.23789454806578));
#4274=CARTESIAN_POINT('Ctrl Pts',(78.5519472397281,-49.7836341316618,-2.21156637691207));
#4275=CARTESIAN_POINT('Ctrl Pts',(78.9392267784687,-49.9368904238454,-2.18523820575835));
#4276=CARTESIAN_POINT('Ctrl Pts',(79.409490724593,-49.8804446375221,-2.15891003460464));
#4277=CARTESIAN_POINT('Ctrl Pts',(79.7495013375321,-49.6398917009181,-2.13258186345092));
#4278=CARTESIAN_POINT('Ctrl Pts',(80.0895119504711,-49.399338764314,-2.10625369229721));
#4279=CARTESIAN_POINT('Ctrl Pts',(80.2992692302249,-48.9746786774292,-2.07992552114349));
#4280=CARTESIAN_POINT('Ctrl Pts',(80.2836602752545,-48.5584704449843,-2.05359734998978));
#4281=CARTESIAN_POINT('Ctrl Pts',(80.2680513202841,-48.1422622125395,-2.02726917883606));
#4282=CARTESIAN_POINT('Ctrl Pts',(80.0270761305896,-47.7345058345346,-2.00094100768235));
#4283=CARTESIAN_POINT('Ctrl Pts',(79.6700031402315,-47.5200954528632,-1.97461283652863));
#4284=CARTESIAN_POINT('Ctrl Pts',(79.3129301498734,-47.3056850711918,-1.94828466537492));
#4285=CARTESIAN_POINT('Ctrl Pts',(78.8397593588519,-47.284620685854,-1.9219564942212));
#4286=CARTESIAN_POINT('Ctrl Pts',(78.4650465952396,-47.466453787893,-1.89562832306749));
#4287=CARTESIAN_POINT('Ctrl Pts',(78.0903338316273,-47.648286889932,-1.86930015191377));
#4288=CARTESIAN_POINT('Ctrl Pts',(77.8140790954243,-48.0330174793478,-1.84297198076006));
#4289=CARTESIAN_POINT('Ctrl Pts',(77.7615480725757,-48.4461922897203,-1.81664380960634));
#4290=CARTESIAN_POINT('Ctrl Pts',(77.7548550508161,-48.4988352394743,-1.81328931519776));
#4291=CARTESIAN_POINT('Ctrl Pts',(77.7517938529261,-48.551939939121,-1.80993482078918));
#4292=CARTESIAN_POINT('Ctrl Pts',(77.7522039228296,-48.605092208483,-1.8065803263806));
#4293=CARTESIAN_POINT('Origin',(79.0179919316802,-48.6059364935562,0.));
#4294=CARTESIAN_POINT('',(77.7554298546133,-48.605654482556,-1.3065803263806));
#4295=CARTESIAN_POINT('',(77.7543767998069,-48.6069613973828,-1.4434196736194));
#4296=CARTESIAN_POINT('',(77.7534919316802,-48.6059364935562,0.));
#4297=CARTESIAN_POINT('Ctrl Pts',(77.7543767998069,-48.6069613973828,-1.4434196736194));
#4298=CARTESIAN_POINT('Ctrl Pts',(77.7566134095645,-48.3180311904359,-1.46157402665117));
#4299=CARTESIAN_POINT('Ctrl Pts',(77.8550996904977,-48.0277223426564,-1.47972837968295));
#4300=CARTESIAN_POINT('Ctrl Pts',(78.0366670115675,-47.8052051051418,-1.49788273271472));
#4301=CARTESIAN_POINT('Ctrl Pts',(78.2999832254079,-47.482501679485,-1.52421090386843));
#4302=CARTESIAN_POINT('Ctrl Pts',(78.7380351846987,-47.3023773252435,-1.55053907502215));
#4303=CARTESIAN_POINT('Ctrl Pts',(79.1521914390472,-47.3465081118952,-1.57686724617587));
#4304=CARTESIAN_POINT('Ctrl Pts',(79.5663476933956,-47.3906388985468,-1.60319541732958));
#4305=CARTESIAN_POINT('Ctrl Pts',(79.9566082428019,-47.6590248260917,-1.62952358848329));
#4306=CARTESIAN_POINT('Ctrl Pts',(80.1460123003372,-48.0299682618103,-1.65585175963701));
#4307=CARTESIAN_POINT('Ctrl Pts',(80.3354163578725,-48.4009116975288,-1.68217993079072));
#4308=CARTESIAN_POINT('Ctrl Pts',(80.3239639235368,-48.8744126414212,-1.70850810194444));
#4309=CARTESIAN_POINT('Ctrl Pts',(80.1168480199537,-49.2357655602135,-1.73483627309815));
#4310=CARTESIAN_POINT('Ctrl Pts',(79.9097321163706,-49.5971184790059,-1.76116444425187));
#4311=CARTESIAN_POINT('Ctrl Pts',(79.5069527435401,-49.8463233726982,-1.78749261540558));
#4312=CARTESIAN_POINT('Ctrl Pts',(79.0911472566637,-49.8703801081556,-1.8138207865593));
#4313=CARTESIAN_POINT('Ctrl Pts',(78.6753417697872,-49.8944368436131,-1.84014895771301));
#4314=CARTESIAN_POINT('Ctrl Pts',(78.2465101688648,-49.6933454208357,-1.86647712886673));
#4315=CARTESIAN_POINT('Ctrl Pts',(77.9991030011725,-49.3582892720631,-1.89280530002045));
#4316=CARTESIAN_POINT('Ctrl Pts',(77.8405610507585,-49.1435806368197,-1.90967675788676));
#4317=CARTESIAN_POINT('Ctrl Pts',(77.7565196733939,-48.8738603987984,-1.92654821575308));
#4318=CARTESIAN_POINT('Ctrl Pts',(77.7548520177978,-48.6050927603301,-1.9434196736194));
#4319=CARTESIAN_POINT('Ctrl Pts',(77.7522039228296,-48.605092208483,-1.8065803263806));
#4320=CARTESIAN_POINT('Ctrl Pts',(77.7550123381255,-48.9691122084775,-1.78360664963547));
#4321=CARTESIAN_POINT('Ctrl Pts',(77.9206359681178,-49.3353634029161,-1.76063297289033));
#4322=CARTESIAN_POINT('Ctrl Pts',(78.197500072905,-49.5708004692799,-1.7376592961452));
#4323=CARTESIAN_POINT('Ctrl Pts',(78.5147904055768,-49.840614807138,-1.71133112499148));
#4324=CARTESIAN_POINT('Ctrl Pts',(78.9781783804145,-49.9386244515251,-1.68500295383777));
#4325=CARTESIAN_POINT('Ctrl Pts',(79.3775441157881,-49.8203876485166,-1.65867478268405));
#4326=CARTESIAN_POINT('Ctrl Pts',(79.7769098511618,-49.702150845508,-1.63234661153034));
#4327=CARTESIAN_POINT('Ctrl Pts',(80.1122533470715,-49.3676675951039,-1.60601844037662));
#4328=CARTESIAN_POINT('Ctrl Pts',(80.2315155521922,-48.9686068739519,-1.57969026922291));
#4329=CARTESIAN_POINT('Ctrl Pts',(80.350777757313,-48.5695461527999,-1.55336209806919));
#4330=CARTESIAN_POINT('Ctrl Pts',(80.2539586716449,-48.1059079609002,-1.52703392691548));
#4331=CARTESIAN_POINT('Ctrl Pts',(79.9849602007435,-47.7879256439011,-1.50070575576176));
#4332=CARTESIAN_POINT('Ctrl Pts',(79.7159617298422,-47.469943326902,-1.47437758460805));
#4333=CARTESIAN_POINT('Ctrl Pts',(79.2747838737076,-47.2976168848036,-1.44804941345433));
#4334=CARTESIAN_POINT('Ctrl Pts',(78.8614754973388,-47.3490864704081,-1.42172124230062));
#4335=CARTESIAN_POINT('Ctrl Pts',(78.44816712097,-47.4005560560126,-1.3953930711469));
#4336=CARTESIAN_POINT('Ctrl Pts',(78.062728224367,-47.6758216693201,-1.36906489999319));
#4337=CARTESIAN_POINT('Ctrl Pts',(77.879933253348,-48.0500661544966,-1.34273672883947));
#4338=CARTESIAN_POINT('Ctrl Pts',(77.7962559823235,-48.2213824496931,-1.33068459468651));
#4339=CARTESIAN_POINT('Ctrl Pts',(77.7550426348402,-48.4134397132414,-1.31863246053356));
#4340=CARTESIAN_POINT('Ctrl Pts',(77.7554298546133,-48.605654482556,-1.3065803263806));
#4341=CARTESIAN_POINT('Origin',(79.0179919316802,-48.6059364935562,0.));
#4342=CARTESIAN_POINT('',(77.7532001106575,-48.6070446721199,-0.806580326380599));
#4343=CARTESIAN_POINT('',(77.7514568784621,-48.6057854576488,-0.943419673619401));
#4344=CARTESIAN_POINT('',(77.7534919316802,-48.6059364935562,0.));
#4345=CARTESIAN_POINT('Ctrl Pts',(77.7514568784621,-48.6057854576488,-0.943419673619401));
#4346=CARTESIAN_POINT('Ctrl Pts',(77.7514427734608,-48.5974984078209,-0.943943495241836));
#4347=CARTESIAN_POINT('Ctrl Pts',(77.7515171480972,-48.5892116178335,-0.94446731686427));
#4348=CARTESIAN_POINT('Ctrl Pts',(77.751680778233,-48.5809265906979,-0.944991138486704));
#4349=CARTESIAN_POINT('Ctrl Pts',(77.7599051088768,-48.1645069487847,-0.971319309640418));
#4350=CARTESIAN_POINT('Ctrl Pts',(77.9936102183786,-47.7525406928505,-0.997647480794134));
#4351=CARTESIAN_POINT('Ctrl Pts',(78.3468241297767,-47.5318307807114,-1.02397565194785));
#4352=CARTESIAN_POINT('Ctrl Pts',(78.7000380411749,-47.3111208685722,-1.05030382310156));
#4353=CARTESIAN_POINT('Ctrl Pts',(79.1727607544694,-47.2816673002281,-1.07663199425528));
#4354=CARTESIAN_POINT('Ctrl Pts',(79.5506396723003,-47.4568256409175,-1.10296016540899));
#4355=CARTESIAN_POINT('Ctrl Pts',(79.9285185901312,-47.631983981607,-1.12928833656271));
#4356=CARTESIAN_POINT('Ctrl Pts',(80.2115537124984,-48.01175423133,-1.15561650771642));
#4357=CARTESIAN_POINT('Ctrl Pts',(80.2714048107727,-48.4239323231508,-1.18194467887014));
#4358=CARTESIAN_POINT('Ctrl Pts',(80.331255909047,-48.8361104149715,-1.20827285002385));
#4359=CARTESIAN_POINT('Ctrl Pts',(80.1679229832283,-49.28069634889,-1.23460102117757));
#4360=CARTESIAN_POINT('Ctrl Pts',(79.855468164733,-49.5560959056136,-1.26092919233128));
#4361=CARTESIAN_POINT('Ctrl Pts',(79.5430133462378,-49.8314954623373,-1.287257363485));
#4362=CARTESIAN_POINT('Ctrl Pts',(79.081436635066,-49.9377086418662,-1.31358553463871));
#4363=CARTESIAN_POINT('Ctrl Pts',(78.6800366023222,-49.8265738488886,-1.33991370579243));
#4364=CARTESIAN_POINT('Ctrl Pts',(78.2786365695785,-49.715439055911,-1.36624187694614));
#4365=CARTESIAN_POINT('Ctrl Pts',(77.9374132152626,-49.3869562904269,-1.39257004809986));
#4366=CARTESIAN_POINT('Ctrl Pts',(77.8110917722998,-48.9900736591488,-1.41889821925357));
#4367=CARTESIAN_POINT('Ctrl Pts',(77.771874141358,-48.8668578677866,-1.42707203737552));
#4368=CARTESIAN_POINT('Ctrl Pts',(77.7533697883571,-48.7370493689776,-1.43524585549746));
#4369=CARTESIAN_POINT('Ctrl Pts',(77.7543767998069,-48.6069613973828,-1.4434196736194));
#4370=CARTESIAN_POINT('Ctrl Pts',(77.7554298546133,-48.605654482556,-1.3065803263806));
#4371=CARTESIAN_POINT('Ctrl Pts',(77.7558885255622,-48.8333374077542,-1.29230428937984));
#4372=CARTESIAN_POINT('Ctrl Pts',(77.8147167899095,-49.0612413286777,-1.27802825237908));
#4373=CARTESIAN_POINT('Ctrl Pts',(77.9304797491674,-49.2551565223421,-1.26375221537833));
#4374=CARTESIAN_POINT('Ctrl Pts',(78.143972261441,-49.6127790479654,-1.23742404422461));
#4375=CARTESIAN_POINT('Ctrl Pts',(78.5511083314234,-49.8548007421662,-1.2110958730709));
#4376=CARTESIAN_POINT('Ctrl Pts',(78.9672751012623,-49.871478721006,-1.18476770191718));
#4377=CARTESIAN_POINT('Ctrl Pts',(79.3834418711011,-49.8881566998458,-1.15843953076346));
#4378=CARTESIAN_POINT('Ctrl Pts',(79.8086393407964,-49.6794909633245,-1.13211135960975));
#4379=CARTESIAN_POINT('Ctrl Pts',(80.0500648133915,-49.3400992991138,-1.10578318845604));
#4380=CARTESIAN_POINT('Ctrl Pts',(80.2914902859866,-49.0007076349031,-1.07945501730232));
#4381=CARTESIAN_POINT('Ctrl Pts',(80.3491437614816,-48.530590043003,-1.05312684614861));
#4382=CARTESIAN_POINT('Ctrl Pts',(80.1968827341056,-48.1429182274475,-1.02679867499489));
#4383=CARTESIAN_POINT('Ctrl Pts',(80.0446217067297,-47.755246411892,-1.00047050384117));
#4384=CARTESIAN_POINT('Ctrl Pts',(79.6824461764828,-47.4500203726811,-0.97414233268746));
#4385=CARTESIAN_POINT('Ctrl Pts',(79.2745819023887,-47.3656419601877,-0.947814161533745));
#4386=CARTESIAN_POINT('Ctrl Pts',(78.8667176282947,-47.2812635476944,-0.92148599038003));
#4387=CARTESIAN_POINT('Ctrl Pts',(78.4131646103534,-47.4177327619185,-0.895157819226315));
#4388=CARTESIAN_POINT('Ctrl Pts',(78.1195833057293,-47.7131699733442,-0.8688296480726));
#4389=CARTESIAN_POINT('Ctrl Pts',(77.8882058334443,-47.9460101240007,-0.848079874175266));
#4390=CARTESIAN_POINT('Ctrl Pts',(77.7561922427304,-48.2775907139511,-0.827330100277933));
#4391=CARTESIAN_POINT('Ctrl Pts',(77.7532001106575,-48.6070446721199,-0.806580326380599));
#4392=CARTESIAN_POINT('Origin',(79.0179919316802,-48.6059364935562,0.));
#4393=CARTESIAN_POINT('',(77.7521153241947,-48.6051633171504,-0.306580326380597));
#4394=CARTESIAN_POINT('',(77.7547744470969,-48.605055452085,-0.4434196736194));
#4395=CARTESIAN_POINT('',(77.7534919316802,-48.6059364935562,0.));
#4396=CARTESIAN_POINT('',(79.9761080844025,-47.7807251946196,0.));
#4397=CARTESIAN_POINT('Ctrl Pts',(77.7521153241947,-48.6051633171504,-0.306580326380597));
#4398=CARTESIAN_POINT('Ctrl Pts',(77.7548304109395,-48.9727683440505,-0.283371397714876));
#4399=CARTESIAN_POINT('Ctrl Pts',(77.9242677123005,-49.3424853043265,-0.260162469049157));
#4400=CARTESIAN_POINT('Ctrl Pts',(78.2060764375708,-49.577937317537,-0.236953540383436));
#4401=CARTESIAN_POINT('Ctrl Pts',(78.5257597998834,-49.8450337006393,-0.21062536922972));
#4402=CARTESIAN_POINT('Ctrl Pts',(78.9900494181307,-49.9393499353467,-0.184297198076002));
#4403=CARTESIAN_POINT('Ctrl Pts',(79.3883269318516,-49.81735199166,-0.157969026922286));
#4404=CARTESIAN_POINT('Ctrl Pts',(79.7866044455726,-49.6953540479732,-0.131640855768569));
#4405=CARTESIAN_POINT('Ctrl Pts',(80.1188698547673,-49.3570419258923,-0.105312684614853));
#4406=CARTESIAN_POINT('Ctrl Pts',(80.2345009625048,-48.9576327885607,-0.0789845134611365));
#4407=CARTESIAN_POINT('Ctrl Pts',(80.3501320702423,-48.5582236512291,-0.0526563423074204));
#4408=CARTESIAN_POINT('Ctrl Pts',(80.2491288765226,-48.0977174986468,-0.0263281711537041));
#4409=CARTESIAN_POINT('Ctrl Pts',(79.9761080844025,-47.7807251946196,1.22124532708767E-14));
#4410=CARTESIAN_POINT('',(78.0580518583846,-47.7794692152588,-2.35179329071294E-14));
#4411=CARTESIAN_POINT('Origin',(79.0179919316802,-48.6059364935562,0.));
#4412=CARTESIAN_POINT('Ctrl Pts',(78.058046542258,-47.7794655544936,-1.56819002228303E-14));
#4413=CARTESIAN_POINT('Ctrl Pts',(78.3209566691743,-47.4757471905382,-0.0253871634713841));
#4414=CARTESIAN_POINT('Ctrl Pts',(78.7413014705156,-47.3063561914197,-0.0507743269427526));
#4415=CARTESIAN_POINT('Ctrl Pts',(79.141084819853,-47.3454443415604,-0.076161490414121));
#4416=CARTESIAN_POINT('Ctrl Pts',(79.5556866503266,-47.3859813439769,-0.102489661567835));
#4417=CARTESIAN_POINT('Ctrl Pts',(79.9481745062015,-47.6507390196321,-0.128817832721549));
#4418=CARTESIAN_POINT('Ctrl Pts',(80.1408261172332,-48.0199485026892,-0.155146003875263));
#4419=CARTESIAN_POINT('Ctrl Pts',(80.333477728265,-48.3891579857464,-0.181474175028977));
#4420=CARTESIAN_POINT('Ctrl Pts',(80.3262930944535,-48.8628192762054,-0.207802346182691));
#4421=CARTESIAN_POINT('Ctrl Pts',(80.1224072481149,-49.2260143889171,-0.234130517336406));
#4422=CARTESIAN_POINT('Ctrl Pts',(79.9185214017764,-49.5892095016288,-0.26045868849012));
#4423=CARTESIAN_POINT('Ctrl Pts',(79.5179343429108,-49.8419384365932,-0.286786859643834));
#4424=CARTESIAN_POINT('Ctrl Pts',(79.1023500579216,-49.8696721954977,-0.313115030797548));
#4425=CARTESIAN_POINT('Ctrl Pts',(78.6867657729325,-49.8974059544023,-0.339443201951262));
#4426=CARTESIAN_POINT('Ctrl Pts',(78.2561842618197,-49.7001445372469,-0.365771373104977));
#4427=CARTESIAN_POINT('Ctrl Pts',(78.0058195257115,-49.3673005223747,-0.392099544258691));
#4428=CARTESIAN_POINT('Ctrl Pts',(77.8431452230996,-49.1510353692244,-0.409206254045594));
#4429=CARTESIAN_POINT('Ctrl Pts',(77.7565537759942,-48.8775307543701,-0.426312963832497));
#4430=CARTESIAN_POINT('Ctrl Pts',(77.7547744470969,-48.605055452085,-0.4434196736194));
#4431=CARTESIAN_POINT('Origin',(79.0179919316802,-48.6059364935562,7.10421172358873));
#4432=CARTESIAN_POINT('',(77.4726293300662,-48.6055024945247,-5.60421172358873));
#4433=CARTESIAN_POINT('',(77.4774556350495,-48.6057688821856,-5.64578827641127));
#4434=CARTESIAN_POINT('',(77.4749919316802,-48.6059364935562,7.10421172358873));
#4435=CARTESIAN_POINT('',(79.4165057735374,-50.0965859217747,-6.));
#4436=CARTESIAN_POINT('Ctrl Pts',(77.4774556350495,-48.6057688821856,-5.64578827641127));
#4437=CARTESIAN_POINT('Ctrl Pts',(77.4772887236393,-48.3574400975284,-5.65854616632599));
#4438=CARTESIAN_POINT('Ctrl Pts',(77.6508644736605,-47.5969116716674,-5.69763222739442));
#4439=CARTESIAN_POINT('Ctrl Pts',(78.8408039587312,-46.7942228084012,-5.76304645961656));
#4440=CARTESIAN_POINT('Ctrl Pts',(80.4395050191873,-47.4666402457183,-5.84203097307771));
#4441=CARTESIAN_POINT('Ctrl Pts',(80.7465679952791,-49.1751471686456,-5.92101548653885));
#4442=CARTESIAN_POINT('Ctrl Pts',(79.909686475486,-49.9647377940106,-5.97367182884628));
#4443=CARTESIAN_POINT('Ctrl Pts',(79.4165057735374,-50.0965859217747,-6.));
#4444=CARTESIAN_POINT('',(78.619478089823,-50.0965859217747,-6.));
#4445=CARTESIAN_POINT('Origin',(79.0179919316802,-48.6059364935562,-6.));
#4446=CARTESIAN_POINT('Ctrl Pts',(77.4726293300662,-48.6055024945247,-5.60421172358873));
#4447=CARTESIAN_POINT('Ctrl Pts',(77.4725415936332,-48.581761181215,-5.60544130097292));
#4448=CARTESIAN_POINT('Ctrl Pts',(77.4837528290044,-48.0497476190471,-5.63299904951082));
#4449=CARTESIAN_POINT('Ctrl Pts',(78.0945832617692,-47.0368249358896,-5.68688496920244));
#4450=CARTESIAN_POINT('Ctrl Pts',(79.827374894156,-46.9748935715463,-5.76586948266359));
#4451=CARTESIAN_POINT('Ctrl Pts',(80.8260939327164,-48.3925783294686,-5.84485399612473));
#4452=CARTESIAN_POINT('Ctrl Pts',(80.1928186346789,-49.9836653945199,-5.92289750190354));
#4453=CARTESIAN_POINT('Ctrl Pts',(79.092361718804,-50.2245315677568,-5.97461283652863));
#4454=CARTESIAN_POINT('Ctrl Pts',(78.6185000824876,-50.0991134566215,-6.));
#4455=CARTESIAN_POINT('Origin',(79.0179919316802,-48.6059364935562,7.10421172358873));
#4456=CARTESIAN_POINT('',(77.4768301218314,-48.6050110696982,-5.10421172358872));
#4457=CARTESIAN_POINT('',(77.4742302295682,-48.607226002909,-5.14578827641127));
#4458=CARTESIAN_POINT('',(77.4749919316802,-48.6059364935562,7.10421172358873));
#4459=CARTESIAN_POINT('Ctrl Pts',(77.4742302295682,-48.607226002909,-5.14578827641127));
#4460=CARTESIAN_POINT('Ctrl Pts',(77.4779411380544,-48.1918187032281,-5.16724380607036));
#4461=CARTESIAN_POINT('Ctrl Pts',(77.8643212717772,-47.2605748593272,-5.21502750688317));
#4462=CARTESIAN_POINT('Ctrl Pts',(79.4341427707666,-46.8334333067796,-5.28913937884969));
#4463=CARTESIAN_POINT('Ctrl Pts',(80.7297921963363,-47.9856453517351,-5.36812389231084));
#4464=CARTESIAN_POINT('Ctrl Pts',(80.4729990667574,-49.7004312752227,-5.44710840577198));
#4465=CARTESIAN_POINT('Ctrl Pts',(78.896754041645,-50.4225531572208,-5.52609291923313));
#4466=CARTESIAN_POINT('Ctrl Pts',(77.6671764744438,-49.6468170744478,-5.59231954277955));
#4467=CARTESIAN_POINT('Ctrl Pts',(77.4776331749713,-48.8699106383901,-5.63221799517227));
#4468=CARTESIAN_POINT('Ctrl Pts',(77.4774556350495,-48.6057688821856,-5.64578827641127));
#4469=CARTESIAN_POINT('Ctrl Pts',(77.4768301218313,-48.6050110696982,-5.10421172358872));
#4470=CARTESIAN_POINT('Ctrl Pts',(77.4757619293485,-48.4119807560162,-5.11413894071729));
#4471=CARTESIAN_POINT('Ctrl Pts',(77.5986143238837,-47.7083210954343,-5.15039432899957));
#4472=CARTESIAN_POINT('Ctrl Pts',(78.6491377973984,-46.8229848646303,-5.21297788843557));
#4473=CARTESIAN_POINT('Ctrl Pts',(80.3094754036975,-47.3225625530413,-5.29196240189671));
#4474=CARTESIAN_POINT('Ctrl Pts',(80.798584769788,-48.98601980494,-5.37094691535786));
#4475=CARTESIAN_POINT('Ctrl Pts',(79.6729022143995,-50.3047718395182,-5.44993142881901));
#4476=CARTESIAN_POINT('Ctrl Pts',(77.9800576184255,-50.0863556728008,-5.52768636489596));
#4477=CARTESIAN_POINT('Ctrl Pts',(77.4744202389757,-49.0901190676455,-5.5791131298192));
#4478=CARTESIAN_POINT('Ctrl Pts',(77.4726293300662,-48.6055024945247,-5.60421172358873));
#4479=CARTESIAN_POINT('Origin',(79.0179919316802,-48.6059364935562,7.10421172358873));
#4480=CARTESIAN_POINT('',(77.4758306887306,-48.6072418921103,-4.60421172358873));
#4481=CARTESIAN_POINT('',(77.4736573234532,-48.6048082294418,-4.64578827641127));
#4482=CARTESIAN_POINT('',(77.4749919316802,-48.6059364935562,7.10421172358873));
#4483=CARTESIAN_POINT('Ctrl Pts',(77.4736573234532,-48.6048082294418,-4.64578827641127));
#4484=CARTESIAN_POINT('Ctrl Pts',(77.4730484145913,-48.5308226190893,-4.64961327466102));
#4485=CARTESIAN_POINT('Ctrl Pts',(77.5113777143925,-47.9482138048648,-4.67976644406449));
#4486=CARTESIAN_POINT('Ctrl Pts',(78.2522984180959,-46.9540628376061,-4.73624778462168));
#4487=CARTESIAN_POINT('Ctrl Pts',(79.9828112353051,-47.0618845607487,-4.81523229808282));
#4488=CARTESIAN_POINT('Ctrl Pts',(80.8383438256509,-48.5699840578208,-4.89421681154397));
#4489=CARTESIAN_POINT('Ctrl Pts',(80.0430254336002,-50.1106888909879,-4.97320132500511));
#4490=CARTESIAN_POINT('Ctrl Pts',(78.3181202449193,-50.2867546155301,-5.05218583846626));
#4491=CARTESIAN_POINT('Ctrl Pts',(77.5240617200202,-49.3047527034277,-5.10971482226831));
#4492=CARTESIAN_POINT('Ctrl Pts',(77.4733874665621,-48.7015667569131,-5.14091563491665));
#4493=CARTESIAN_POINT('Ctrl Pts',(77.4742302295682,-48.607226002909,-5.14578827641127));
#4494=CARTESIAN_POINT('Ctrl Pts',(77.4758306887306,-48.6072418921103,-4.60421172358873));
#4495=CARTESIAN_POINT('Ctrl Pts',(77.4787873327328,-48.2456819959532,-4.62283658046167));
#4496=CARTESIAN_POINT('Ctrl Pts',(77.785466012664,-47.3685012392494,-4.66778960848833));
#4497=CARTESIAN_POINT('Ctrl Pts',(79.24298794844,-46.7991853364268,-4.7390708076687));
#4498=CARTESIAN_POINT('Ctrl Pts',(80.6539777769154,-47.8068599222697,-4.81805532112985));
#4499=CARTESIAN_POINT('Ctrl Pts',(80.5813160055088,-49.539205436127,-4.89703983459099));
#4500=CARTESIAN_POINT('Ctrl Pts',(79.0908985655066,-50.4251828291286,-4.97602434805214));
#4501=CARTESIAN_POINT('Ctrl Pts',(77.7299972338842,-49.7573202501854,-5.04508164438471));
#4502=CARTESIAN_POINT('Ctrl Pts',(77.4785949040029,-48.9239203127576,-5.08781076956358));
#4503=CARTESIAN_POINT('Ctrl Pts',(77.4768301218313,-48.6050110696982,-5.10421172358872));
#4504=CARTESIAN_POINT('Origin',(79.0179919316802,-48.6059364935562,7.10421172358873));
#4505=CARTESIAN_POINT('',(77.4725787529723,-48.6055900064515,-4.10421172358873));
#4506=CARTESIAN_POINT('',(77.4774052430002,-48.6057365972144,-4.14578827641127));
#4507=CARTESIAN_POINT('',(77.4749919316802,-48.6059364935562,7.10421172358873));
#4508=CARTESIAN_POINT('Ctrl Pts',(77.4774052430002,-48.6057365972144,-4.14578827641127));
#4509=CARTESIAN_POINT('Ctrl Pts',(77.4771205809257,-48.3620116797335,-4.1583109144054));
#4510=CARTESIAN_POINT('Ctrl Pts',(77.6461453911486,-47.6062414452022,-4.19716172355324));
#4511=CARTESIAN_POINT('Ctrl Pts',(78.8250770131007,-46.7954788473662,-4.26234070385481));
#4512=CARTESIAN_POINT('Ctrl Pts',(80.4286693703737,-47.4548664649625,-4.34132521731594));
#4513=CARTESIAN_POINT('Ctrl Pts',(80.7529390354239,-49.158142618518,-4.4203097307771));
#4514=CARTESIAN_POINT('Ctrl Pts',(79.5038105895901,-50.3606311385509,-4.49929424423824));
#4515=CARTESIAN_POINT('Ctrl Pts',(77.8959282619016,-49.9906421633786,-4.57445375944963));
#4516=CARTESIAN_POINT('Ctrl Pts',(77.4772396470276,-49.0400792736242,-4.62328510350731));
#4517=CARTESIAN_POINT('Ctrl Pts',(77.4736573234532,-48.6048082294418,-4.64578827641127));
#4518=CARTESIAN_POINT('Ctrl Pts',(77.4725787529723,-48.6055900064515,-4.10421172358873));
#4519=CARTESIAN_POINT('Ctrl Pts',(77.4725198562293,-48.5863924916893,-4.10520604905233));
#4520=CARTESIAN_POINT('Ctrl Pts',(77.4815078068668,-48.05893145479,-4.13252854566965));
#4521=CARTESIAN_POINT('Ctrl Pts',(78.0807106412562,-47.0450147202475,-4.18617921344068));
#4522=CARTESIAN_POINT('Ctrl Pts',(79.8128637247866,-46.9679035783343,-4.26516372690183));
#4523=CARTESIAN_POINT('Ctrl Pts',(80.8241592278774,-48.3763004815886,-4.34414824036298));
#4524=CARTESIAN_POINT('Ctrl Pts',(80.1974680787946,-49.9929509202409,-4.42313275382412));
#4525=CARTESIAN_POINT('Ctrl Pts',(78.5011272971645,-50.3517382988408,-4.50211726728527));
#4526=CARTESIAN_POINT('Ctrl Pts',(77.5629972544099,-49.4160148098529,-4.56247692387347));
#4527=CARTESIAN_POINT('Ctrl Pts',(77.4746078091068,-48.7567844915741,-4.59650840930795));
#4528=CARTESIAN_POINT('Ctrl Pts',(77.4758306887306,-48.6072418921103,-4.60421172358873));
#4529=CARTESIAN_POINT('Origin',(79.0179919316802,-48.6059364935562,7.10421172358873));
#4530=CARTESIAN_POINT('',(77.4767433660637,-48.6049576666745,-3.60421172358873));
#4531=CARTESIAN_POINT('',(77.4743644583152,-48.6072507698083,-3.64578827641127));
#4532=CARTESIAN_POINT('',(77.4749919316802,-48.6059364935562,7.10421172358873));
#4533=CARTESIAN_POINT('Ctrl Pts',(77.4743644583152,-48.6072507698083,-3.64578827641127));
#4534=CARTESIAN_POINT('Ctrl Pts',(77.4780669645345,-48.1963065233153,-3.66700855414978));
#4535=CARTESIAN_POINT('Ctrl Pts',(77.8574039636842,-47.2694615376548,-3.714557003042));
#4536=CARTESIAN_POINT('Ctrl Pts',(79.4184115348393,-46.8298066576625,-3.78843362308793));
#4537=CARTESIAN_POINT('Ctrl Pts',(80.7242138496915,-47.9704997784288,-3.86741813654909));
#4538=CARTESIAN_POINT('Ctrl Pts',(80.4826685114013,-49.6874611439179,-3.94640265001022));
#4539=CARTESIAN_POINT('Ctrl Pts',(78.9128294473105,-50.4236036535898,-4.02538716347137));
#4540=CARTESIAN_POINT('Ctrl Pts',(77.6721310621481,-49.6559672500525,-4.09184903893839));
#4541=CARTESIAN_POINT('Ctrl Pts',(77.4777190675881,-48.874430176928,-4.13198274325168));
#4542=CARTESIAN_POINT('Ctrl Pts',(77.4774052430002,-48.6057365972144,-4.14578827641127));
#4543=CARTESIAN_POINT('Ctrl Pts',(77.4767433660637,-48.6049576666745,-3.60421172358873));
#4544=CARTESIAN_POINT('Ctrl Pts',(77.4756362223643,-48.4165283998099,-3.61390368879671));
#4545=CARTESIAN_POINT('Ctrl Pts',(77.5946287222567,-47.7175816782144,-3.64992382515841));
#4546=CARTESIAN_POINT('Ctrl Pts',(78.6333399923896,-46.8263253323476,-3.71227213267382));
#4547=CARTESIAN_POINT('Ctrl Pts',(80.2980425830101,-47.3111610962323,-3.79125664613496));
#4548=CARTESIAN_POINT('Ctrl Pts',(80.8018859967562,-48.9702096933372,-3.87024115959611));
#4549=CARTESIAN_POINT('Ctrl Pts',(79.6879420253941,-50.2989042639119,-3.94922567305725));
#4550=CARTESIAN_POINT('Ctrl Pts',(77.9881020147039,-50.0948724498256,-4.02721586105479));
#4551=CARTESIAN_POINT('Ctrl Pts',(77.4740793491604,-49.0947124260422,-4.07887787789862));
#4552=CARTESIAN_POINT('Ctrl Pts',(77.4725787529723,-48.6055900064515,-4.10421172358873));
#4553=CARTESIAN_POINT('Origin',(79.0179919316802,-48.6059364935562,7.10421172358873));
#4554=CARTESIAN_POINT('',(77.4759527948992,-48.6072164015082,-3.10421172358873));
#4555=CARTESIAN_POINT('',(77.4735368015022,-48.6048553461542,-3.14578827641128));
#4556=CARTESIAN_POINT('',(77.4749919316802,-48.6059364935562,7.10421172358873));
#4557=CARTESIAN_POINT('Ctrl Pts',(77.4735368015022,-48.6048553461542,-3.14578827641128));
#4558=CARTESIAN_POINT('Ctrl Pts',(77.4729822238559,-48.5354342744675,-3.14937802274044));
#4559=CARTESIAN_POINT('Ctrl Pts',(77.5086530249359,-47.9574333658867,-3.17929594022332));
#4560=CARTESIAN_POINT('Ctrl Pts',(78.2376785695727,-46.9609185272636,-3.23554202885992));
#4561=CARTESIAN_POINT('Ctrl Pts',(79.9690796723823,-47.0533885355222,-3.31452654232107));
#4562=CARTESIAN_POINT('Ctrl Pts',(80.8379532410966,-48.5538415347285,-3.39351105578221));
#4563=CARTESIAN_POINT('Ctrl Pts',(80.0563305693701,-50.1015386886564,-3.47249556924336));
#4564=CARTESIAN_POINT('Ctrl Pts',(78.3330538037084,-50.2928961295179,-3.5514800827045));
#4565=CARTESIAN_POINT('Ctrl Pts',(77.5270361478445,-49.3139868490742,-3.60924431842714));
#4566=CARTESIAN_POINT('Ctrl Pts',(77.4734732349594,-48.7061683917427,-3.64068038299606));
#4567=CARTESIAN_POINT('Ctrl Pts',(77.4743644583152,-48.6072507698083,-3.64578827641127));
#4568=CARTESIAN_POINT('Ctrl Pts',(77.4759527948992,-48.6072164015082,-3.10421172358873));
#4569=CARTESIAN_POINT('Ctrl Pts',(77.4787981088762,-48.2501517310151,-3.12260132854109));
#4570=CARTESIAN_POINT('Ctrl Pts',(77.7793335361537,-47.3775592562377,-3.16731910464716));
#4571=CARTESIAN_POINT('Ctrl Pts',(79.2269556176557,-46.79726096228,-3.23836505190694));
#4572=CARTESIAN_POINT('Ctrl Pts',(80.6468266865619,-47.792382352283,-3.31734956536809));
#4573=CARTESIAN_POINT('Ctrl Pts',(80.5895313864232,-49.5253040705782,-3.39633407882923));
#4574=CARTESIAN_POINT('Ctrl Pts',(79.1070299852872,-50.4244648063697,-3.47531859229038));
#4575=CARTESIAN_POINT('Ctrl Pts',(77.7356030849589,-49.7664636443932,-3.54461114054354));
#4576=CARTESIAN_POINT('Ctrl Pts',(77.4786437722456,-48.9283954857849,-3.58757551764299));
#4577=CARTESIAN_POINT('Ctrl Pts',(77.4767433660637,-48.6049576666745,-3.60421172358873));
#4578=CARTESIAN_POINT('Origin',(79.0179919316802,-48.6059364935562,7.10421172358873));
#4579=CARTESIAN_POINT('',(77.4725387138097,-48.6056705480265,-2.60421172358873));
#4580=CARTESIAN_POINT('',(77.4773841841875,-48.6056641009578,-2.64578827641128));
#4581=CARTESIAN_POINT('',(77.4749919316802,-48.6059364935562,7.10421172358873));
#4582=CARTESIAN_POINT('Ctrl Pts',(77.4773841841875,-48.6056641009578,-2.64578827641128));
#4583=CARTESIAN_POINT('Ctrl Pts',(77.4770032730303,-48.3665260020668,-2.65807566248482));
#4584=CARTESIAN_POINT('Ctrl Pts',(77.6415623987479,-47.6154832922142,-2.69669121971208));
#4585=CARTESIAN_POINT('Ctrl Pts',(78.8090282440338,-46.7972609478172,-2.76163494809305));
#4586=CARTESIAN_POINT('Ctrl Pts',(80.4184054303108,-47.4424008966096,-2.84061946155419));
#4587=CARTESIAN_POINT('Ctrl Pts',(80.7577681373819,-49.1427342269558,-2.91960397501534));
#4588=CARTESIAN_POINT('Ctrl Pts',(79.519353299478,-50.3562535595156,-2.99858848847648));
#4589=CARTESIAN_POINT('Ctrl Pts',(77.9032100816179,-49.9994255313258,-3.07398325560846));
#4590=CARTESIAN_POINT('Ctrl Pts',(77.4770496464123,-49.0445872032388,-3.12304985158673));
#4591=CARTESIAN_POINT('Ctrl Pts',(77.4735368015022,-48.6048553461542,-3.14578827641128));
#4592=CARTESIAN_POINT('Ctrl Pts',(77.4725387138097,-48.6056705480265,-2.60421172358873));
#4593=CARTESIAN_POINT('Ctrl Pts',(77.4725034841774,-48.5910160779728,-2.60497079713175));
#4594=CARTESIAN_POINT('Ctrl Pts',(77.4793049264038,-48.068110507517,-2.63205804182848));
#4595=CARTESIAN_POINT('Ctrl Pts',(78.0669041985834,-47.0533885479369,-2.68547345767893));
#4596=CARTESIAN_POINT('Ctrl Pts',(79.798305287548,-46.9609185404178,-2.76445797114008));
#4597=CARTESIAN_POINT('Ctrl Pts',(80.8220516293689,-48.3602912072817,-2.84344248460122));
#4598=CARTESIAN_POINT('Ctrl Pts',(80.2097226693901,-49.9824359843993,-2.92242699806237));
#4599=CARTESIAN_POINT('Ctrl Pts',(78.5166305678916,-50.3562535455194,-3.00141151152351));
#4600=CARTESIAN_POINT('Ctrl Pts',(77.5665502304901,-49.425272406055,-3.0620064200323));
#4601=CARTESIAN_POINT('Ctrl Pts',(77.4747245078626,-48.7613568266136,-3.09627315738737));
#4602=CARTESIAN_POINT('Ctrl Pts',(77.4759527948992,-48.6072164015082,-3.10421172358873));
#4603=CARTESIAN_POINT('Origin',(79.0179919316802,-48.6059364935562,7.10421172358873));
#4604=CARTESIAN_POINT('',(77.4766515701771,-48.6049069321739,-2.10421172358873));
#4605=CARTESIAN_POINT('',(77.4744997340344,-48.6072713217735,-2.14578827641128));
#4606=CARTESIAN_POINT('',(77.4749919316802,-48.6059364935562,7.10421172358873));
#4607=CARTESIAN_POINT('Ctrl Pts',(77.4744997340344,-48.6072713217735,-2.14578827641128));
#4608=CARTESIAN_POINT('Ctrl Pts',(77.4781822486629,-48.2007910548488,-2.16677330222919));
#4609=CARTESIAN_POINT('Ctrl Pts',(77.850555092292,-47.2783629099122,-2.21408649920083));
#4610=CARTESIAN_POINT('Ctrl Pts',(79.4026438740467,-46.8263253181172,-2.28772786732618));
#4611=CARTESIAN_POINT('Ctrl Pts',(80.7185112684232,-47.9553928456189,-2.36671238078732));
#4612=CARTESIAN_POINT('Ctrl Pts',(80.4922025969838,-49.6744288738816,-2.44569689424847));
#4613=CARTESIAN_POINT('Ctrl Pts',(78.9289538773612,-50.4244648209112,-2.52468140770961));
#4614=CARTESIAN_POINT('Ctrl Pts',(77.6770808042535,-49.6651838430515,-2.59137853509722));
#4615=CARTESIAN_POINT('Ctrl Pts',(77.4778194510261,-48.8789269927489,-2.6317474913311));
#4616=CARTESIAN_POINT('Ctrl Pts',(77.4773841841875,-48.6056641009578,-2.64578827641128));
#4617=CARTESIAN_POINT('Ctrl Pts',(77.4766515701771,-48.6049069321739,-2.10421172358873));
#4618=CARTESIAN_POINT('Ctrl Pts',(77.4755109499523,-48.4210789254094,-2.11366843687613));
#4619=CARTESIAN_POINT('Ctrl Pts',(77.5906954469323,-47.7268424521144,-2.14945332131723));
#4620=CARTESIAN_POINT('Ctrl Pts',(78.6175723317231,-46.829806671865,-2.21156637691206));
#4621=CARTESIAN_POINT('Ctrl Pts',(80.2865093033152,-47.2998596668144,-2.2905508903732));
#4622=CARTESIAN_POINT('Ctrl Pts',(80.8050464603562,-48.9543745956981,-2.36953540383435));
#4623=CARTESIAN_POINT('Ctrl Pts',(79.702930054175,-50.2928961160284,-2.44851991729549));
#4624=CARTESIAN_POINT('Ctrl Pts',(77.9962146980953,-50.1033777001093,-2.52674535721362));
#4625=CARTESIAN_POINT('Ctrl Pts',(77.4737254102975,-49.0993006826588,-2.57864262597804));
#4626=CARTESIAN_POINT('Ctrl Pts',(77.4725387138097,-48.6056705480265,-2.60421172358873));
#4627=CARTESIAN_POINT('Origin',(79.0179919316802,-48.6059364935562,7.10421172358873));
#4628=CARTESIAN_POINT('',(77.4760716877257,-48.607187127486,-1.60421172358873));
#4629=CARTESIAN_POINT('',(77.4734202451192,-48.6049062587852,-1.64578827641128));
#4630=CARTESIAN_POINT('',(77.4749919316802,-48.6059364935562,7.10421172358873));
#4631=CARTESIAN_POINT('Ctrl Pts',(77.4734202451192,-48.6049062587852,-1.64578827641128));
#4632=CARTESIAN_POINT('Ctrl Pts',(77.4729198593057,-48.5400474595558,-1.64914277081986));
#4633=CARTESIAN_POINT('Ctrl Pts',(77.505973121164,-47.9666498530019,-1.67882543638215));
#4634=CARTESIAN_POINT('Ctrl Pts',(78.2231201322176,-46.9679035652359,-1.73483627309816));
#4635=CARTESIAN_POINT('Ctrl Pts',(79.9552732295991,-47.0450147077659,-1.81382078655931));
#4636=CARTESIAN_POINT('Ctrl Pts',(80.8374196535581,-48.5377029432617,-1.89280530002045));
#4637=CARTESIAN_POINT('Ctrl Pts',(80.0695537397737,-50.0922711854049,-1.9717898134816));
#4638=CARTESIAN_POINT('Ctrl Pts',(78.3480418326093,-50.2989042774495,-2.05077432694274));
#4639=CARTESIAN_POINT('Ctrl Pts',(77.5300564163837,-49.3232243426506,-2.10877381458597));
#4640=CARTESIAN_POINT('Ctrl Pts',(77.4735621030287,-48.7107681275987,-2.14044513107548));
#4641=CARTESIAN_POINT('Ctrl Pts',(77.4744997340344,-48.6072713217735,-2.14578827641128));
#4642=CARTESIAN_POINT('Ctrl Pts',(77.4760716877257,-48.607187127486,-1.60421172358873));
#4643=CARTESIAN_POINT('Ctrl Pts',(77.4788008999486,-48.2546214419826,-1.6223660766205));
#4644=CARTESIAN_POINT('Ctrl Pts',(77.7732644049618,-47.3866288643016,-1.66684860080599));
#4645=CARTESIAN_POINT('Ctrl Pts',(79.210906848717,-46.7954788618431,-1.73765929614519));
#4646=CARTESIAN_POINT('Ctrl Pts',(80.6395474839101,-47.7779687460702,-1.81664380960634));
#4647=CARTESIAN_POINT('Ctrl Pts',(80.5976231513359,-49.5113304457757,-1.89562832306748));
#4648=CARTESIAN_POINT('Ctrl Pts',(79.1231544152092,-50.4236036390551,-1.97461283652862));
#4649=CARTESIAN_POINT('Ctrl Pts',(77.741270155911,-49.7755985218522,-2.04414063670238));
#4650=CARTESIAN_POINT('Ctrl Pts',(77.4786865188404,-48.932869341155,-2.08734026572241));
#4651=CARTESIAN_POINT('Ctrl Pts',(77.4766515701771,-48.6049069321739,-2.10421172358873));
#4652=CARTESIAN_POINT('Origin',(79.0179919316802,-48.6059364935562,7.10421172358873));
#4653=CARTESIAN_POINT('',(77.4725086678482,-48.6057521927217,-1.10421172358873));
#4654=CARTESIAN_POINT('',(77.4773566727523,-48.6055923709991,-1.14578827641128));
#4655=CARTESIAN_POINT('',(77.4749919316802,-48.6059364935562,7.10421172358873));
#4656=CARTESIAN_POINT('Ctrl Pts',(77.4773566727523,-48.6055923709991,-1.14578827641128));
#4657=CARTESIAN_POINT('Ctrl Pts',(77.4768841696999,-48.3710432297952,-1.15784041056423));
#4658=CARTESIAN_POINT('Ctrl Pts',(77.6370350945897,-47.62472801234,-1.1962207158709));
#4659=CARTESIAN_POINT('Ctrl Pts',(78.7929959131215,-46.7991853219759,-1.26092919233129));
#4660=CARTESIAN_POINT('Ctrl Pts',(80.4080313390187,-47.4300268407373,-1.33991370579244));
#4661=CARTESIAN_POINT('Ctrl Pts',(80.7624603999582,-49.1272836144058,-1.41889821925358));
#4662=CARTESIAN_POINT('Ctrl Pts',(79.5348565703291,-50.3517383128013,-1.49788273271473));
#4663=CARTESIAN_POINT('Ctrl Pts',(77.9105598438153,-50.0081887319115,-1.57351275176729));
#4664=CARTESIAN_POINT('Ctrl Pts',(77.4768472002804,-49.0490999005341,-1.62281459966614));
#4665=CARTESIAN_POINT('Ctrl Pts',(77.4734202451192,-48.6049062587852,-1.64578827641128));
#4666=CARTESIAN_POINT('Ctrl Pts',(77.4725086678482,-48.6057521927217,-1.10421172358873));
#4667=CARTESIAN_POINT('Ctrl Pts',(77.4724914562886,-48.5956399603102,-1.10473554521116));
#4668=CARTESIAN_POINT('Ctrl Pts',(77.4771437277573,-48.077285875445,-1.13158753798731));
#4669=CARTESIAN_POINT('Ctrl Pts',(78.0531726357821,-47.061884573117,-1.18476770191717));
#4670=CARTESIAN_POINT('Ctrl Pts',(79.7836854391354,-46.9540628508039,-1.26375221537832));
#4671=CARTESIAN_POINT('Ctrl Pts',(80.8198021504349,-48.3443012738707,-1.34273672883946));
#4672=CARTESIAN_POINT('Ctrl Pts',(80.2218835157056,-49.9718127709909,-1.42172124230061));
#4673=CARTESIAN_POINT('Ctrl Pts',(78.5321732776561,-50.3606311245214,-1.50070575576176));
#4674=CARTESIAN_POINT('Ctrl Pts',(77.5701532585439,-49.4345309841527,-1.56153591619113));
#4675=CARTESIAN_POINT('Ctrl Pts',(77.4748428868817,-48.765926344703,-1.59603790546679));
#4676=CARTESIAN_POINT('Ctrl Pts',(77.4760716877257,-48.607187127486,-1.60421172358873));
#4677=CARTESIAN_POINT('Origin',(79.0179919316802,-48.6059364935562,7.10421172358873));
#4678=CARTESIAN_POINT('',(77.4765569149051,-48.6048614069685,-0.604211723588731));
#4679=CARTESIAN_POINT('',(77.4746358384908,-48.6072887430806,-0.645788276411276));
#4680=CARTESIAN_POINT('',(77.4749919316802,-48.6059364935562,7.10421172358873));
#4681=CARTESIAN_POINT('Ctrl Pts',(77.4746358384907,-48.6072887430806,-0.645788276411276));
#4682=CARTESIAN_POINT('Ctrl Pts',(77.4782869731594,-48.2052741464381,-0.666538050308609));
#4683=CARTESIAN_POINT('Ctrl Pts',(77.8437722319704,-47.2872791348691,-0.713615995359657));
#4684=CARTESIAN_POINT('Ctrl Pts',(79.3868460689357,-46.8229848502088,-0.787022111564419));
#4685=CARTESIAN_POINT('Ctrl Pts',(80.7126748783566,-47.9403366378776,-0.866006625025565));
#4686=CARTESIAN_POINT('Ctrl Pts',(80.5016207557262,-49.6613127809428,-0.944991138486709));
#4687=CARTESIAN_POINT('Ctrl Pts',(78.9450852972686,-50.4251828437002,-1.02397565194785));
#4688=CARTESIAN_POINT('Ctrl Pts',(77.6820885166617,-49.6743954702654,-1.09090803125604));
#4689=CARTESIAN_POINT('Ctrl Pts',(77.477916363756,-48.883421357619,-1.13151223941052));
#4690=CARTESIAN_POINT('Ctrl Pts',(77.4773566727523,-48.6055923709991,-1.14578827641128));
#4691=CARTESIAN_POINT('Ctrl Pts',(77.4765569149051,-48.6048614069685,-0.604211723588731));
#4692=CARTESIAN_POINT('Ctrl Pts',(77.475386508775,-48.4256327300203,-0.61343318495554));
#4693=CARTESIAN_POINT('Ctrl Pts',(77.5868074308883,-47.7360957153353,-0.648982817476065));
#4694=CARTESIAN_POINT('Ctrl Pts',(78.6018410963184,-46.833433321957,-0.710860621150305));
#4695=CARTESIAN_POINT('Ctrl Pts',(80.2748738101137,-47.288658192521,-0.78984513461145));
#4696=CARTESIAN_POINT('Ctrl Pts',(80.8080675693513,-48.9385134637499,-0.868829648072594));
#4697=CARTESIAN_POINT('Ctrl Pts',(79.7178636127722,-50.2867546019403,-0.947814161533739));
#4698=CARTESIAN_POINT('Ctrl Pts',(78.0043979289501,-50.1118565387255,-1.02627485337245));
#4699=CARTESIAN_POINT('Ctrl Pts',(77.4733565387265,-49.1038980662699,-1.07840737405745));
#4700=CARTESIAN_POINT('Ctrl Pts',(77.4725086678482,-48.6057521927217,-1.10421172358873));
#4701=CARTESIAN_POINT('Origin',(79.0179919316802,-48.6059364935562,7.10421172358873));
#4702=CARTESIAN_POINT('',(77.4766004213656,-48.6075458962561,-0.104211723588728));
#4703=CARTESIAN_POINT('',(77.473312133064,-48.6049930287921,-0.145788276411273));
#4704=CARTESIAN_POINT('',(77.4749919316802,-48.6059364935562,7.10421172358873));
#4705=CARTESIAN_POINT('',(78.619478089823,-50.0965859217747,0.));
#4706=CARTESIAN_POINT('Ctrl Pts',(78.619478089823,-50.0965859217747,1.11022302462516E-15));
#4707=CARTESIAN_POINT('Ctrl Pts',(78.1262973878744,-49.9647377940105,-0.026328171153714));
#4708=CARTESIAN_POINT('Ctrl Pts',(77.5742089825756,-49.443847180626,-0.0610654123499571));
#4709=CARTESIAN_POINT('Ctrl Pts',(77.4754210453849,-48.7708913314745,-0.0958026535462));
#4710=CARTESIAN_POINT('Ctrl Pts',(77.4766004213656,-48.6075458962561,-0.104211723588728));
#4711=CARTESIAN_POINT('',(79.4174809490674,-50.0991061127956,1.90043150004751E-15));
#4712=CARTESIAN_POINT('Origin',(79.0179919316802,-48.6059364935562,0.));
#4713=CARTESIAN_POINT('Ctrl Pts',(79.4174837915611,-50.0991134587828,-3.91668034810388E-16));
#4714=CARTESIAN_POINT('Ctrl Pts',(78.9436221653234,-50.2245315601563,-0.0253871634713711));
#4715=CARTESIAN_POINT('Ctrl Pts',(77.9095399427474,-49.9981934251983,-0.0739832556084619));
#4716=CARTESIAN_POINT('Ctrl Pts',(77.476625204513,-49.0535612822574,-0.122579347745553));
#4717=CARTESIAN_POINT('Ctrl Pts',(77.473312133064,-48.6049930287921,-0.145788276411273));
#4718=CARTESIAN_POINT('Origin',(150.443597668578,-48.8471193473221,0.));
#4719=CARTESIAN_POINT('',(149.181101029072,-48.8469862651894,-5.80658032638058));
#4720=CARTESIAN_POINT('',(149.180015955591,-48.8489153254193,-5.94341967361941));
#4721=CARTESIAN_POINT('',(149.179097668578,-48.8471193473221,0.));
#4722=CARTESIAN_POINT('',(149.485481515856,-48.0219080483856,-6.));
#4723=CARTESIAN_POINT('Ctrl Pts',(149.180015955591,-48.8489153254193,-5.94341967361941));
#4724=CARTESIAN_POINT('Ctrl Pts',(149.18263051327,-48.5497413023278,-5.96227978241294));
#4725=CARTESIAN_POINT('Ctrl Pts',(149.289903865885,-48.2489845629586,-5.98113989120647));
#4726=CARTESIAN_POINT('Ctrl Pts',(149.485481515856,-48.0219080483856,-6.));
#4727=CARTESIAN_POINT('',(151.403548904914,-48.0206513246026,-5.99999999999999));
#4728=CARTESIAN_POINT('Origin',(150.443597668578,-48.8471193473221,-6.));
#4729=CARTESIAN_POINT('Ctrl Pts',(151.403554511817,-48.0206474848167,-6.));
#4730=CARTESIAN_POINT('Ctrl Pts',(151.140647648542,-47.7169458600337,-5.97461283652862));
#4731=CARTESIAN_POINT('Ctrl Pts',(150.720294533162,-47.54751896367,-5.94922567305725));
#4732=CARTESIAN_POINT('Ctrl Pts',(150.320504319653,-47.5866001317702,-5.92383850958587));
#4733=CARTESIAN_POINT('Ctrl Pts',(149.905895370579,-47.627129893348,-5.89751033843216));
#4734=CARTESIAN_POINT('Ctrl Pts',(149.513401955445,-47.8919114266539,-5.87118216727844));
#4735=CARTESIAN_POINT('Ctrl Pts',(149.32074839775,-48.2611300993368,-5.84485399612473));
#4736=CARTESIAN_POINT('Ctrl Pts',(149.227393911925,-48.44004306496,-5.83209610621001));
#4737=CARTESIAN_POINT('Ctrl Pts',(149.180963793544,-48.6434788998731,-5.8193382162953));
#4738=CARTESIAN_POINT('Ctrl Pts',(149.181101029072,-48.8469862651894,-5.80658032638058));
#4739=CARTESIAN_POINT('Origin',(150.443597668578,-48.8471193473221,0.));
#4740=CARTESIAN_POINT('',(149.178457849269,-48.8481761032799,-5.30658032638058));
#4741=CARTESIAN_POINT('',(149.177146140835,-48.8467647426392,-5.44341967361942));
#4742=CARTESIAN_POINT('',(149.179097668578,-48.8471193473221,0.));
#4743=CARTESIAN_POINT('Ctrl Pts',(149.177146140835,-48.8467647426392,-5.44341967361942));
#4744=CARTESIAN_POINT('Ctrl Pts',(149.177074228929,-48.8273082955866,-5.44464925100361));
#4745=CARTESIAN_POINT('Ctrl Pts',(149.177484160332,-48.8078549747041,-5.4458788283878));
#4746=CARTESIAN_POINT('Ctrl Pts',(149.178385448601,-48.7884244819685,-5.44710840577199));
#4747=CARTESIAN_POINT('Ctrl Pts',(149.197684170346,-48.3723714991139,-5.4734365769257));
#4748=CARTESIAN_POINT('Ctrl Pts',(149.442264989856,-47.9667849881532,-5.49976474807941));
#4749=CARTESIAN_POINT('Ctrl Pts',(149.801232107029,-47.7555357031539,-5.52609291923313));
#4750=CARTESIAN_POINT('Ctrl Pts',(150.160199224202,-47.5442864181545,-5.55242109038685));
#4751=CARTESIAN_POINT('Ctrl Pts',(150.633552639039,-47.5273743591166,-5.57874926154056));
#4752=CARTESIAN_POINT('Ctrl Pts',(151.006638107352,-47.7125494692407,-5.60507743269428));
#4753=CARTESIAN_POINT('Ctrl Pts',(151.379723575665,-47.8977245793648,-5.63140560384799));
#4754=CARTESIAN_POINT('Ctrl Pts',(151.652541097454,-48.284986858651,-5.65773377500171));
#4755=CARTESIAN_POINT('Ctrl Pts',(151.701415724348,-48.6985676707852,-5.68406194615542));
#4756=CARTESIAN_POINT('Ctrl Pts',(151.750290351243,-49.1121484829194,-5.71039011730913));
#4757=CARTESIAN_POINT('Ctrl Pts',(151.575222083242,-49.5520478279016,-5.73671828846285));
#4758=CARTESIAN_POINT('Ctrl Pts',(151.25552877259,-49.8191422425161,-5.76304645961657));
#4759=CARTESIAN_POINT('Ctrl Pts',(150.935835461938,-50.0862366571305,-5.78937463077028));
#4760=CARTESIAN_POINT('Ctrl Pts',(150.471517108634,-50.1805261413772,-5.81570280192399));
#4761=CARTESIAN_POINT('Ctrl Pts',(150.073255249053,-50.0585435403554,-5.84203097307771));
#4762=CARTESIAN_POINT('Ctrl Pts',(149.674993389473,-49.9365609393337,-5.86835914423142));
#4763=CARTESIAN_POINT('Ctrl Pts',(149.342788023615,-49.5983062530435,-5.89468731538514));
#4764=CARTESIAN_POINT('Ctrl Pts',(149.227154857181,-49.1988911063133,-5.92101548653886));
#4765=CARTESIAN_POINT('Ctrl Pts',(149.19435517304,-49.0855958376838,-5.92848354889904));
#4766=CARTESIAN_POINT('Ctrl Pts',(149.17898066571,-48.9673796612009,-5.93595161125923));
#4767=CARTESIAN_POINT('Ctrl Pts',(149.180015955591,-48.8489153254193,-5.94341967361941));
#4768=CARTESIAN_POINT('Ctrl Pts',(149.181101029072,-48.8469862651894,-5.80658032638058));
#4769=CARTESIAN_POINT('Ctrl Pts',(149.181247003423,-49.0634524833501,-5.79301004514159));
#4770=CARTESIAN_POINT('Ctrl Pts',(149.234079745593,-49.2799996317212,-5.77943976390259));
#4771=CARTESIAN_POINT('Ctrl Pts',(149.339169605721,-49.4672016148965,-5.76586948266359));
#4772=CARTESIAN_POINT('Ctrl Pts',(149.543058071645,-49.8303986457136,-5.73954131150987));
#4773=CARTESIAN_POINT('Ctrl Pts',(149.943648703748,-50.0831368952878,-5.71321314035615));
#4774=CARTESIAN_POINT('Ctrl Pts',(150.359237917845,-50.1108724185892,-5.68688496920244));
#4775=CARTESIAN_POINT('Ctrl Pts',(150.774827131941,-50.1386079418906,-5.66055679804872));
#4776=CARTESIAN_POINT('Ctrl Pts',(151.20541492803,-49.9413407389194,-5.63422862689501));
#4777=CARTESIAN_POINT('Ctrl Pts',(151.4557829303,-49.6084918370206,-5.6079004557413));
#4778=CARTESIAN_POINT('Ctrl Pts',(151.706150932569,-49.2756429351219,-5.58157228458759));
#4779=CARTESIAN_POINT('Ctrl Pts',(151.776299141019,-48.8072123342956,-5.55524411343387));
#4780=CARTESIAN_POINT('Ctrl Pts',(151.634405521529,-48.4156202211293,-5.52891594228015));
#4781=CARTESIAN_POINT('Ctrl Pts',(151.492511902039,-48.0240281079631,-5.50258777112643));
#4782=CARTESIAN_POINT('Ctrl Pts',(151.138576454611,-47.7092744824568,-5.47625959997273));
#4783=CARTESIAN_POINT('Ctrl Pts',(150.733095337051,-47.6140753860461,-5.44993142881901));
#4784=CARTESIAN_POINT('Ctrl Pts',(150.327614219491,-47.5188762896353,-5.4236032576653));
#4785=CARTESIAN_POINT('Ctrl Pts',(149.870587431801,-47.6432317223201,-5.39727508651158));
#4786=CARTESIAN_POINT('Ctrl Pts',(149.569247157355,-47.9307568701753,-5.37094691535786));
#4787=CARTESIAN_POINT('Ctrl Pts',(149.323676921652,-48.1650687903435,-5.34949138569877));
#4788=CARTESIAN_POINT('Ctrl Pts',(149.181498960007,-48.5077426203332,-5.32803585603967));
#4789=CARTESIAN_POINT('Ctrl Pts',(149.178457849269,-48.8481761032799,-5.30658032638058));
#4790=CARTESIAN_POINT('Origin',(150.443597668578,-48.8471193473221,0.));
#4791=CARTESIAN_POINT('',(149.177988330085,-48.8461947133772,-4.80658032638058));
#4792=CARTESIAN_POINT('',(149.180588494792,-48.846360968777,-4.94341967361942));
#4793=CARTESIAN_POINT('',(149.179097668578,-48.8471193473221,0.));
#4794=CARTESIAN_POINT('Ctrl Pts',(149.180588494792,-48.846360968777,-4.94341967361942));
#4795=CARTESIAN_POINT('Ctrl Pts',(149.179713092715,-48.6881692411102,-4.95334689074798));
#4796=CARTESIAN_POINT('Ctrl Pts',(149.207280559058,-48.530271514264,-4.96327410787655));
#4797=CARTESIAN_POINT('Ctrl Pts',(149.264692328591,-48.3840953928416,-4.97320132500511));
#4798=CARTESIAN_POINT('Ctrl Pts',(149.416955231167,-47.9964187767715,-4.99952949615883));
#4799=CARTESIAN_POINT('Ctrl Pts',(149.779135218617,-47.6911888918225,-5.02585766731255));
#4800=CARTESIAN_POINT('Ctrl Pts',(150.187004528896,-47.6068094749333,-5.05218583846626));
#4801=CARTESIAN_POINT('Ctrl Pts',(150.594873839174,-47.5224300580441,-5.07851400961998));
#4802=CARTESIAN_POINT('Ctrl Pts',(151.048432472282,-47.6589011092146,-5.10484218077369));
#4803=CARTESIAN_POINT('Ctrl Pts',(151.342017384672,-47.9543418966183,-5.13117035192741));
#4804=CARTESIAN_POINT('Ctrl Pts',(151.635602297062,-48.2497826840221,-5.15749852308112));
#4805=CARTESIAN_POINT('Ctrl Pts',(151.769213488734,-48.704193207659,-5.18382669423484));
#4806=CARTESIAN_POINT('Ctrl Pts',(151.682266365471,-49.1115221494327,-5.21015486538855));
#4807=CARTESIAN_POINT('Ctrl Pts',(151.595319242207,-49.5188510912064,-5.23648303654227));
#4808=CARTESIAN_POINT('Ctrl Pts',(151.287813804008,-49.8790984511169,-5.26281120769598));
#4809=CARTESIAN_POINT('Ctrl Pts',(150.899185270422,-50.0289172249543,-5.2891393788497));
#4810=CARTESIAN_POINT('Ctrl Pts',(150.510556736836,-50.1787359987917,-5.31546755000341));
#4811=CARTESIAN_POINT('Ctrl Pts',(150.040805107864,-50.118126186556,-5.34179572115712));
#4812=CARTESIAN_POINT('Ctrl Pts',(149.702937605368,-49.8745615530639,-5.36812389231084));
#4813=CARTESIAN_POINT('Ctrl Pts',(149.380849179874,-49.6423718670827,-5.39322248608036));
#4814=CARTESIAN_POINT('Ctrl Pts',(149.178614033577,-49.243917021992,-5.41832107984989));
#4815=CARTESIAN_POINT('Ctrl Pts',(149.177146140835,-48.8467647426392,-5.44341967361942));
#4816=CARTESIAN_POINT('Ctrl Pts',(149.178457849269,-48.8481761032799,-5.30658032638058));
#4817=CARTESIAN_POINT('Ctrl Pts',(149.177767200163,-48.9254899865315,-5.30170768488596));
#4818=CARTESIAN_POINT('Ctrl Pts',(149.184252719233,-49.0026883209042,-5.29683504339134));
#4819=CARTESIAN_POINT('Ctrl Pts',(149.19833308995,-49.0784755997488,-5.29196240189671));
#4820=CARTESIAN_POINT('Ctrl Pts',(149.27441305819,-49.4879743184412,-5.265634230743));
#4821=CARTESIAN_POINT('Ctrl Pts',(149.57222675587,-49.8562768928001,-5.23930605958928));
#4822=CARTESIAN_POINT('Ctrl Pts',(149.956731974031,-50.01637998466,-5.21297788843557));
#4823=CARTESIAN_POINT('Ctrl Pts',(150.341237192191,-50.1764830765198,-5.18664971728186));
#4824=CARTESIAN_POINT('Ctrl Pts',(150.812433930834,-50.1283866858806,-5.16032154612815));
#4825=CARTESIAN_POINT('Ctrl Pts',(151.156661855359,-49.8938993969131,-5.13399337497443));
#4826=CARTESIAN_POINT('Ctrl Pts',(151.500889779884,-49.6594121079456,-5.10766520382072));
#4827=CARTESIAN_POINT('Ctrl Pts',(151.718148890293,-49.23853392065,-5.081337032667));
#4828=CARTESIAN_POINT('Ctrl Pts',(151.709924453329,-48.8221091456547,-5.05500886151328));
#4829=CARTESIAN_POINT('Ctrl Pts',(151.701700016364,-48.4056843706595,-5.02868069035956));
#4830=CARTESIAN_POINT('Ctrl Pts',(151.467992032027,-47.9937130079646,-5.00235251920585));
#4831=CARTESIAN_POINT('Ctrl Pts',(151.114773761529,-47.7730003656453,-4.97602434805214));
#4832=CARTESIAN_POINT('Ctrl Pts',(150.761555491032,-47.5522877233261,-4.94969617689842));
#4833=CARTESIAN_POINT('Ctrl Pts',(150.288826934375,-47.5228338013825,-4.92336800574471));
#4834=CARTESIAN_POINT('Ctrl Pts',(149.910943348892,-47.6979943074758,-4.89703983459099));
#4835=CARTESIAN_POINT('Ctrl Pts',(149.53305976341,-47.8731548135692,-4.87071166343727));
#4836=CARTESIAN_POINT('Ctrl Pts',(149.250021149103,-48.2529297476995,-4.84438349228356));
#4837=CARTESIAN_POINT('Ctrl Pts',(149.190169312495,-48.6651129280616,-4.81805532112985));
#4838=CARTESIAN_POINT('Ctrl Pts',(149.18147394323,-48.7249955509091,-4.81423032288009));
#4839=CARTESIAN_POINT('Ctrl Pts',(149.177489318559,-48.785562206083,-4.81040532463034));
#4840=CARTESIAN_POINT('Ctrl Pts',(149.177988330085,-48.8461947133772,-4.80658032638058));
#4841=CARTESIAN_POINT('Origin',(150.443597668578,-48.8471193473221,0.));
#4842=CARTESIAN_POINT('',(149.181059814965,-48.8469555287382,-4.30658032638058));
#4843=CARTESIAN_POINT('',(149.179769439276,-48.848189144444,-4.44341967361942));
#4844=CARTESIAN_POINT('',(149.179097668578,-48.8471193473221,0.));
#4845=CARTESIAN_POINT('Ctrl Pts',(149.179769439276,-48.848189144444,-4.44341967361942));
#4846=CARTESIAN_POINT('Ctrl Pts',(149.182192460983,-48.5518844584158,-4.46204453049236));
#4847=CARTESIAN_POINT('Ctrl Pts',(149.286322455492,-48.2540456021562,-4.4806693873653));
#4848=CARTESIAN_POINT('Ctrl Pts',(149.476617473709,-48.0290984094011,-4.49929424423824));
#4849=CARTESIAN_POINT('Ctrl Pts',(149.745619262205,-47.711112170269,-4.52562241539196));
#4850=CARTESIAN_POINT('Ctrl Pts',(150.186802559417,-47.5387836012121,-4.55195058654567));
#4851=CARTESIAN_POINT('Ctrl Pts',(150.600116033244,-47.5902538223605,-4.57827875769939));
#4852=CARTESIAN_POINT('Ctrl Pts',(151.013429507071,-47.641724043509,-4.6046069288531));
#4853=CARTESIAN_POINT('Ctrl Pts',(151.398873157512,-47.9169930548628,-4.63093510000682));
#4854=CARTESIAN_POINT('Ctrl Pts',(151.581670382878,-48.2912421542104,-4.65726327116053));
#4855=CARTESIAN_POINT('Ctrl Pts',(151.764467608244,-48.6654912535579,-4.68359144231425));
#4856=CARTESIAN_POINT('Ctrl Pts',(151.744618408535,-49.1387204408992,-4.70991961346796));
#4857=CARTESIAN_POINT('Ctrl Pts',(151.531123263447,-49.4963473799568,-4.73624778462168));
#4858=CARTESIAN_POINT('Ctrl Pts',(151.317628118359,-49.8539743190143,-4.76257595577539));
#4859=CARTESIAN_POINT('Ctrl Pts',(150.910487027893,-50.0959990097881,-4.78890412692911));
#4860=CARTESIAN_POINT('Ctrl Pts',(150.494315124856,-50.1126771889637,-4.81523229808282));
#4861=CARTESIAN_POINT('Ctrl Pts',(150.07814322182,-50.1293553681394,-4.84156046923654));
#4862=CARTESIAN_POINT('Ctrl Pts',(149.652940506214,-49.9206870357169,-4.86788864039026));
#4863=CARTESIAN_POINT('Ctrl Pts',(149.411512057263,-49.58129119591,-4.89421681154397));
#4864=CARTESIAN_POINT('Ctrl Pts',(149.261115857371,-49.3698668803925,-4.91061776556912));
#4865=CARTESIAN_POINT('Ctrl Pts',(149.182034764077,-49.1077126868891,-4.92701871959427));
#4866=CARTESIAN_POINT('Ctrl Pts',(149.180588494792,-48.846360968777,-4.94341967361942));
#4867=CARTESIAN_POINT('Ctrl Pts',(149.177988330085,-48.8461947133772,-4.80658032638058));
#4868=CARTESIAN_POINT('Ctrl Pts',(149.180924107287,-49.2029069799328,-4.78407715347662));
#4869=CARTESIAN_POINT('Ctrl Pts',(149.339046906541,-49.5618985113518,-4.76157398057266));
#4870=CARTESIAN_POINT('Ctrl Pts',(149.606111093449,-49.7972904931819,-4.7390708076687));
#4871=CARTESIAN_POINT('Ctrl Pts',(149.918569769919,-50.0726934513463,-4.71274263651499));
#4872=CARTESIAN_POINT('Ctrl Pts',(150.380152181767,-50.1789079410814,-4.68641446536127));
#4873=CARTESIAN_POINT('Ctrl Pts',(150.781557171432,-50.0677717754137,-4.66008629420756));
#4874=CARTESIAN_POINT('Ctrl Pts',(151.182962161096,-49.9566356097459,-4.63375812305384));
#4875=CARTESIAN_POINT('Ctrl Pts',(151.524189728577,-49.6281487886754,-4.60742995190013));
#4876=CARTESIAN_POINT('Ctrl Pts',(151.650512731319,-49.2312612566392,-4.58110178074641));
#4877=CARTESIAN_POINT('Ctrl Pts',(151.776835734062,-48.8343737246031,-4.5547736095927));
#4878=CARTESIAN_POINT('Ctrl Pts',(151.688254172066,-48.3690854816014,-4.52844543843898));
#4879=CARTESIAN_POINT('Ctrl Pts',(151.424934706706,-48.0463780709331,-4.50211726728527));
#4880=CARTESIAN_POINT('Ctrl Pts',(151.161615241345,-47.7236706602648,-4.47578909613155));
#4881=CARTESIAN_POINT('Ctrl Pts',(150.72355787262,-47.5435440819299,-4.44946092497784));
#4882=CARTESIAN_POINT('Ctrl Pts',(150.309396504008,-47.5876754135783,-4.42313275382412));
#4883=CARTESIAN_POINT('Ctrl Pts',(149.895235135395,-47.6318067452267,-4.39680458267041));
#4884=CARTESIAN_POINT('Ctrl Pts',(149.504969766895,-47.9001959868584,-4.37047641151669));
#4885=CARTESIAN_POINT('Ctrl Pts',(149.315563370508,-48.2711440031723,-4.34414824036297));
#4886=CARTESIAN_POINT('Ctrl Pts',(149.225474783576,-48.4475804026403,-4.33162560236884));
#4887=CARTESIAN_POINT('Ctrl Pts',(149.180826529401,-48.6472186775325,-4.31910296437471));
#4888=CARTESIAN_POINT('Ctrl Pts',(149.181059814965,-48.8469555287382,-4.30658032638058));
#4889=CARTESIAN_POINT('Origin',(150.443597668578,-48.8471193473221,0.));
#4890=CARTESIAN_POINT('',(149.178567838487,-48.8481964197977,-3.80658032638058));
#4891=CARTESIAN_POINT('',(149.177104420791,-48.8468353950489,-3.94341967361942));
#4892=CARTESIAN_POINT('',(149.179097668578,-48.8471193473221,0.));
#4893=CARTESIAN_POINT('Ctrl Pts',(149.177104420791,-48.8468353950489,-3.94341967361942));
#4894=CARTESIAN_POINT('Ctrl Pts',(149.177056153875,-48.8311026944641,-3.94441399908302));
#4895=CARTESIAN_POINT('Ctrl Pts',(149.177324210859,-48.8153716763194,-3.94540832454663));
#4896=CARTESIAN_POINT('Ctrl Pts',(149.177913715261,-48.7996527133381,-3.94640265001023));
#4897=CARTESIAN_POINT('Ctrl Pts',(149.19352286274,-48.3834393477171,-3.97273082116394));
#4898=CARTESIAN_POINT('Ctrl Pts',(149.43450102443,-47.9756779407857,-3.99905899231766));
#4899=CARTESIAN_POINT('Ctrl Pts',(149.791578418641,-47.7612649147407,-4.02538716347137));
#4900=CARTESIAN_POINT('Ctrl Pts',(150.148655812852,-47.5468518886957,-4.05171533462509));
#4901=CARTESIAN_POINT('Ctrl Pts',(150.621832439584,-47.5257872435371,-4.0780435057788));
#4902=CARTESIAN_POINT('Ctrl Pts',(150.996549824605,-47.7076225881745,-4.10437167693252));
#4903=CARTESIAN_POINT('Ctrl Pts',(151.371267209625,-47.8894579328118,-4.13069984808623));
#4904=CARTESIAN_POINT('Ctrl Pts',(151.647525352933,-48.2741932672451,-4.15702801923995));
#4905=CARTESIAN_POINT('Ctrl Pts',(151.700057023657,-48.6873731733581,-4.18335619039367));
#4906=CARTESIAN_POINT('Ctrl Pts',(151.752588694381,-49.100553079471,-4.20968436154738));
#4907=CARTESIAN_POINT('Ctrl Pts',(151.581393892521,-49.5421775572637,-4.2360125327011));
#4908=CARTESIAN_POINT('Ctrl Pts',(151.264099646644,-49.81199522285,-4.26234070385481));
#4909=CARTESIAN_POINT('Ctrl Pts',(150.946805400768,-50.0818128884364,-4.28866887500852));
#4910=CARTESIAN_POINT('Ctrl Pts',(150.483411710876,-50.1798237418165,-4.31499704616224));
#4911=CARTESIAN_POINT('Ctrl Pts',(150.084041050041,-50.0615854804651,-4.34132521731595));
#4912=CARTESIAN_POINT('Ctrl Pts',(149.684670389207,-49.9433472191138,-4.36765338846967));
#4913=CARTESIAN_POINT('Ctrl Pts',(149.349322757431,-49.608859843031,-4.39398155962339));
#4914=CARTESIAN_POINT('Ctrl Pts',(149.230059081432,-49.2097942003858,-4.4203097307771));
#4915=CARTESIAN_POINT('Ctrl Pts',(149.195163927753,-49.0930322708919,-4.42801304505787));
#4916=CARTESIAN_POINT('Ctrl Pts',(149.17876726794,-48.9707419315559,-4.43571635933865));
#4917=CARTESIAN_POINT('Ctrl Pts',(149.179769439276,-48.848189144444,-4.44341967361942));
#4918=CARTESIAN_POINT('Ctrl Pts',(149.181059814965,-48.8469555287382,-4.30658032638058));
#4919=CARTESIAN_POINT('Ctrl Pts',(149.181316999721,-49.067154637249,-4.292774793221));
#4920=CARTESIAN_POINT('Ctrl Pts',(149.236122640474,-49.2874735541651,-4.27896926006142));
#4921=CARTESIAN_POINT('Ctrl Pts',(149.344728011003,-49.4769561914753,-4.26516372690183));
#4922=CARTESIAN_POINT('Ctrl Pts',(149.551846472162,-49.8383135724685,-4.23883555574812));
#4923=CARTESIAN_POINT('Ctrl Pts',(149.954630818755,-50.0875215434588,-4.2125073845944));
#4924=CARTESIAN_POINT('Ctrl Pts',(150.370441440236,-50.1115785759765,-4.18617921344069));
#4925=CARTESIAN_POINT('Ctrl Pts',(150.786252061716,-50.1356356084941,-4.15985104228697));
#4926=CARTESIAN_POINT('Ctrl Pts',(151.215088958084,-49.934541702539,-4.13352287113326));
#4927=CARTESIAN_POINT('Ctrl Pts',(151.462499180897,-49.5994814163076,-4.10719469997954));
#4928=CARTESIAN_POINT('Ctrl Pts',(151.70990940371,-49.2644211300762,-4.08086652882583));
#4929=CARTESIAN_POINT('Ctrl Pts',(151.775892952969,-48.7953944635685,-4.05453835767211));
#4930=CARTESIAN_POINT('Ctrl Pts',(151.630530071763,-48.4050781219644,-4.0282101865184));
#4931=CARTESIAN_POINT('Ctrl Pts',(151.485167190557,-48.0147617803604,-4.00188201536468));
#4932=CARTESIAN_POINT('Ctrl Pts',(151.128457878886,-47.7031557636599,-3.97555384421097));
#4933=CARTESIAN_POINT('Ctrl Pts',(150.722149360378,-47.6115555368899,-3.94922567305725));
#4934=CARTESIAN_POINT('Ctrl Pts',(150.315840841871,-47.5199553101198,-3.92289750190354));
#4935=CARTESIAN_POINT('Ctrl Pts',(149.859933116526,-47.6483608732801,-3.89656933074982));
#4936=CARTESIAN_POINT('Ctrl Pts',(149.561154201801,-47.9385476646277,-3.87024115959611));
#4937=CARTESIAN_POINT('Ctrl Pts',(149.320340986334,-48.172435703128,-3.8490208818576));
#4938=CARTESIAN_POINT('Ctrl Pts',(149.181602107373,-48.5114203910676,-3.82780060411909));
#4939=CARTESIAN_POINT('Ctrl Pts',(149.178567838487,-48.8481964197977,-3.80658032638058));
#4940=CARTESIAN_POINT('Origin',(150.443597668578,-48.8471193473221,0.));
#4941=CARTESIAN_POINT('',(149.17788955919,-48.8462333280346,-3.30658032638059));
#4942=CARTESIAN_POINT('',(149.180517394378,-48.8463171814977,-3.44341967361942));
#4943=CARTESIAN_POINT('',(149.179097668578,-48.8471193473221,0.));
#4944=CARTESIAN_POINT('Ctrl Pts',(149.180517394378,-48.8463171814977,-3.44341967361942));
#4945=CARTESIAN_POINT('Ctrl Pts',(149.179610070667,-48.6918960872185,-3.4531116388274));
#4946=CARTESIAN_POINT('Ctrl Pts',(149.20584889366,-48.5377725977073,-3.46280360403538));
#4947=CARTESIAN_POINT('Ctrl Pts',(149.260632271852,-48.3945689952373,-3.47249556924336));
#4948=CARTESIAN_POINT('Ctrl Pts',(149.409451022898,-48.005557182385,-3.49882374039707));
#4949=CARTESIAN_POINT('Ctrl Pts',(149.768909835078,-47.6971269605857,-3.52515191155079));
#4950=CARTESIAN_POINT('Ctrl Pts',(150.176014743897,-47.6091337539319,-3.5514800827045));
#4951=CARTESIAN_POINT('Ctrl Pts',(150.583119652715,-47.521140547278,-3.57780825385822));
#4952=CARTESIAN_POINT('Ctrl Pts',(151.037870658173,-47.6535843557695,-3.60413642501193));
#4953=CARTESIAN_POINT('Ctrl Pts',(151.334064248975,-47.9464095049099,-3.63046459616565));
#4954=CARTESIAN_POINT('Ctrl Pts',(151.630257839777,-48.2392346540503,-3.65679276731936));
#4955=CARTESIAN_POINT('Ctrl Pts',(151.767894015923,-48.6924411438397,-3.68312093847308));
#4956=CARTESIAN_POINT('Ctrl Pts',(151.684562661852,-49.1005258122979,-3.7094491096268));
#4957=CARTESIAN_POINT('Ctrl Pts',(151.60123130778,-49.5086104807562,-3.73577728078051));
#4958=CARTESIAN_POINT('Ctrl Pts',(151.29693242349,-49.8715733278833,-3.76210545193422));
#4959=CARTESIAN_POINT('Ctrl Pts',(150.909648108353,-50.0248315102086,-3.78843362308794));
#4960=CARTESIAN_POINT('Ctrl Pts',(150.522363793216,-50.1780896925339,-3.81476179424165));
#4961=CARTESIAN_POINT('Ctrl Pts',(150.052094047232,-50.1216432100573,-3.84108996539537));
#4962=CARTESIAN_POINT('Ctrl Pts',(149.712079240873,-49.8810873066637,-3.86741813654909));
#4963=CARTESIAN_POINT('Ctrl Pts',(149.384905637119,-49.6496163814391,-3.8927519822392));
#4964=CARTESIAN_POINT('Ctrl Pts',(149.178334185727,-49.247679810176,-3.91808582792931));
#4965=CARTESIAN_POINT('Ctrl Pts',(149.177104420791,-48.8468353950489,-3.94341967361942));
#4966=CARTESIAN_POINT('Ctrl Pts',(149.178567838487,-48.8481964197977,-3.80658032638058));
#4967=CARTESIAN_POINT('Ctrl Pts',(149.177837465292,-48.9292611485796,-3.80147243296537));
#4968=CARTESIAN_POINT('Ctrl Pts',(149.184969872139,-49.0101979067528,-3.79636453955017));
#4969=CARTESIAN_POINT('Ctrl Pts',(149.200434091261,-49.0895101365136,-3.79125664613496));
#4970=CARTESIAN_POINT('Ctrl Pts',(149.280142999555,-49.4983177975172,-3.76492847498125));
#4971=CARTESIAN_POINT('Ctrl Pts',(149.58121092025,-49.8639650999895,-3.73860030382753));
#4972=CARTESIAN_POINT('Ctrl Pts',(149.967120810745,-50.0206519538576,-3.71227213267381));
#4973=CARTESIAN_POINT('Ctrl Pts',(150.35303070124,-50.1773388077257,-3.6859439615201));
#4974=CARTESIAN_POINT('Ctrl Pts',(150.823782561534,-50.1250652129897,-3.65961579036639));
#4975=CARTESIAN_POINT('Ctrl Pts',(151.165917409951,-49.8875342481548,-3.63328761921267));
#4976=CARTESIAN_POINT('Ctrl Pts',(151.508052258368,-49.6500032833199,-3.60695944805896));
#4977=CARTESIAN_POINT('Ctrl Pts',(151.721570094908,-49.2272149483861,-3.58063127690524));
#4978=CARTESIAN_POINT('Ctrl Pts',(151.709652821117,-48.8108795159015,-3.55430310575152));
#4979=CARTESIAN_POINT('Ctrl Pts',(151.697735547326,-48.394544083417,-3.52797493459781));
#4980=CARTESIAN_POINT('Ctrl Pts',(151.460383163203,-47.9846615533816,-3.50164676344409));
#4981=CARTESIAN_POINT('Ctrl Pts',(151.10522136816,-47.7670901556781,-3.47531859229038));
#4982=CARTESIAN_POINT('Ctrl Pts',(150.750059573117,-47.5495187579746,-3.44899042113666));
#4983=CARTESIAN_POINT('Ctrl Pts',(150.277088367154,-47.5242584926031,-3.42266224998295));
#4984=CARTESIAN_POINT('Ctrl Pts',(149.900773077978,-47.7027634418048,-3.39633407882924));
#4985=CARTESIAN_POINT('Ctrl Pts',(149.524457788803,-47.8812683910065,-3.37000590767552));
#4986=CARTESIAN_POINT('Ctrl Pts',(149.244798416415,-48.2635385547815,-3.34367773652181));
#4987=CARTESIAN_POINT('Ctrl Pts',(149.188604454056,-48.6762363284017,-3.31734956536809));
#4988=CARTESIAN_POINT('Ctrl Pts',(149.180942620314,-48.7325061053361,-3.31375981903892));
#4989=CARTESIAN_POINT('Ctrl Pts',(149.177435073067,-48.789341540323,-3.31017007270975));
#4990=CARTESIAN_POINT('Ctrl Pts',(149.17788955919,-48.8462333280346,-3.30658032638059));
#4991=CARTESIAN_POINT('Origin',(150.443597668578,-48.8471193473221,0.));
#4992=CARTESIAN_POINT('',(149.181042556885,-48.8468961168029,-2.80658032638058));
#4993=CARTESIAN_POINT('',(149.179869507421,-48.8481682543727,-2.94341967361942));
#4994=CARTESIAN_POINT('',(149.179097668578,-48.8471193473221,0.));
#4995=CARTESIAN_POINT('Ctrl Pts',(149.179869507421,-48.8481682543727,-2.94341967361942));
#4996=CARTESIAN_POINT('Ctrl Pts',(149.182201292208,-48.5555474844494,-2.96180927857178));
#4997=CARTESIAN_POINT('Ctrl Pts',(149.283486528149,-48.2614698927029,-2.98019888352413));
#4998=CARTESIAN_POINT('Ctrl Pts',(149.469400742855,-48.0377064113406,-2.99858848847649));
#4999=CARTESIAN_POINT('Ctrl Pts',(149.735571836653,-47.7173469881491,-3.02491665963021));
#5000=CARTESIAN_POINT('Ctrl Pts',(150.175209458347,-47.5411124825495,-3.05124483078392));
#5001=CARTESIAN_POINT('Ctrl Pts',(150.588963149768,-47.5889151397703,-3.07757300193764));
#5002=CARTESIAN_POINT('Ctrl Pts',(151.002716841188,-47.6367177969911,-3.10390117309135));
#5003=CARTESIAN_POINT('Ctrl Pts',(151.390586602335,-47.9085576170322,-3.13022934424506));
#5004=CARTESIAN_POINT('Ctrl Pts',(151.576695732083,-48.2811708253675,-3.15655751539878));
#5005=CARTESIAN_POINT('Ctrl Pts',(151.762804861831,-48.6537840337028,-3.18288568655249));
#5006=CARTESIAN_POINT('Ctrl Pts',(151.74715336018,-49.1271706303324,-3.20921385770621));
#5007=CARTESIAN_POINT('Ctrl Pts',(151.536838285869,-49.4866769316944,-3.23554202885993));
#5008=CARTESIAN_POINT('Ctrl Pts',(151.326523211558,-49.8461832330563,-3.26187020001364));
#5009=CARTESIAN_POINT('Ctrl Pts',(150.921544564586,-50.0918092391506,-3.28819837116735));
#5010=CARTESIAN_POINT('Ctrl Pts',(150.505536944995,-50.112177637307,-3.31452654232107));
#5011=CARTESIAN_POINT('Ctrl Pts',(150.089529325404,-50.1325460354634,-3.34085471347478));
#5012=CARTESIAN_POINT('Ctrl Pts',(149.662492733192,-49.9276568256819,-3.3671828846285));
#5013=CARTESIAN_POINT('Ctrl Pts',(149.418063782043,-49.5904155188385,-3.39351105578221));
#5014=CARTESIAN_POINT('Ctrl Pts',(149.263614377005,-49.3773199794142,-3.41014726172795));
#5015=CARTESIAN_POINT('Ctrl Pts',(149.182074810628,-49.1113801559994,-3.42678346767368));
#5016=CARTESIAN_POINT('Ctrl Pts',(149.180517394378,-48.8463171814977,-3.44341967361942));
#5017=CARTESIAN_POINT('Ctrl Pts',(149.17788955919,-48.8462333280346,-3.30658032638059));
#5018=CARTESIAN_POINT('Ctrl Pts',(149.180768397301,-49.206601309333,-3.28384190155604));
#5019=CARTESIAN_POINT('Ctrl Pts',(149.342615839724,-49.5692303301456,-3.26110347673149));
#5020=CARTESIAN_POINT('Ctrl Pts',(149.614570784778,-49.8046805206106,-3.23836505190695));
#5021=CARTESIAN_POINT('Ctrl Pts',(149.929459630191,-50.0773015557336,-3.21203688075323));
#5022=CARTESIAN_POINT('Ctrl Pts',(150.391965873346,-50.1794182425142,-3.18570870959952));
#5023=CARTESIAN_POINT('Ctrl Pts',(150.792369447242,-50.0647265175785,-3.1593805384458));
#5024=CARTESIAN_POINT('Ctrl Pts',(151.192773021137,-49.9500347926429,-3.13305236729209));
#5025=CARTESIAN_POINT('Ctrl Pts',(151.531073925772,-49.6185346559911,-3.10672419613837));
#5026=CARTESIAN_POINT('Ctrl Pts',(151.653872094796,-49.220542415563,-3.08039602498466));
#5027=CARTESIAN_POINT('Ctrl Pts',(151.776670263821,-48.8225501751349,-3.05406785383094));
#5028=CARTESIAN_POINT('Ctrl Pts',(151.683965697235,-48.3580658309305,-3.02773968267723));
#5029=CARTESIAN_POINT('Ctrl Pts',(151.417794601476,-48.0377064053795,-3.00141151152351));
#5030=CARTESIAN_POINT('Ctrl Pts',(151.151623505717,-47.7173469798286,-2.97508334036979));
#5031=CARTESIAN_POINT('Ctrl Pts',(150.711985880786,-47.5411124729311,-2.94875516921608));
#5032=CARTESIAN_POINT('Ctrl Pts',(150.298232186318,-47.5889151305039,-2.92242699806237));
#5033=CARTESIAN_POINT('Ctrl Pts',(149.88447849185,-47.6367177880767,-2.89609882690865));
#5034=CARTESIAN_POINT('Ctrl Pts',(149.496608727846,-47.9085576101198,-2.86977065575494));
#5035=CARTESIAN_POINT('Ctrl Pts',(149.310499596727,-48.2811708211994,-2.84344248460122));
#5036=CARTESIAN_POINT('Ctrl Pts',(149.223642263094,-48.4550698115207,-2.83115509852767));
#5037=CARTESIAN_POINT('Ctrl Pts',(149.1807303935,-48.6509182440142,-2.81886771245413));
#5038=CARTESIAN_POINT('Ctrl Pts',(149.181042556885,-48.8468961168029,-2.80658032638058));
#5039=CARTESIAN_POINT('Origin',(150.443597668578,-48.8471193473221,0.));
#5040=CARTESIAN_POINT('',(149.178678699315,-48.8482132624948,-2.30658032638058));
#5041=CARTESIAN_POINT('',(149.177071607994,-48.8469014002888,-2.44341967361942));
#5042=CARTESIAN_POINT('',(149.179097668578,-48.8471193473221,0.));
#5043=CARTESIAN_POINT('Ctrl Pts',(149.177071607994,-48.8469014002888,-2.44341967361942));
#5044=CARTESIAN_POINT('Ctrl Pts',(149.177042736691,-48.8348918046489,-2.44417874716244));
#5045=CARTESIAN_POINT('Ctrl Pts',(149.177198935711,-48.822882978454,-2.44493782070546));
#5046=CARTESIAN_POINT('Ctrl Pts',(149.177542525363,-48.8108795161684,-2.44569689424847));
#5047=CARTESIAN_POINT('Ctrl Pts',(149.189459799067,-48.3945440867501,-2.47202506540219));
#5048=CARTESIAN_POINT('Ctrl Pts',(149.426812181441,-47.9846615597334,-2.49835323655591));
#5049=CARTESIAN_POINT('Ctrl Pts',(149.781973973869,-47.7670901636323,-2.52468140770962));
#5050=CARTESIAN_POINT('Ctrl Pts',(150.137135766296,-47.5495187675312,-2.55100957886334));
#5051=CARTESIAN_POINT('Ctrl Pts',(150.610106968776,-47.5242585023457,-2.57733775001705));
#5052=CARTESIAN_POINT('Ctrl Pts',(150.98642225518,-47.7027634502327,-2.60366592117076));
#5053=CARTESIAN_POINT('Ctrl Pts',(151.362737541584,-47.8812683981198,-2.62999409232448));
#5054=CARTESIAN_POINT('Ctrl Pts',(151.642396911912,-48.2635385590794,-2.6563222634782));
#5055=CARTESIAN_POINT('Ctrl Pts',(151.698590873857,-48.6762363296602,-2.68265043463191));
#5056=CARTESIAN_POINT('Ctrl Pts',(151.754784835803,-49.0889341002411,-2.70897860578563));
#5057=CARTESIAN_POINT('Ctrl Pts',(151.587513389365,-49.5320594804431,-2.73530677693934));
#5058=CARTESIAN_POINT('Ctrl Pts',(151.272624546272,-49.8046805135583,-2.76163494809305));
#5059=CARTESIAN_POINT('Ctrl Pts',(150.957735703179,-50.0773015466736,-2.78796311924677));
#5060=CARTESIAN_POINT('Ctrl Pts',(150.495229463429,-50.179418232702,-2.81429129040049));
#5061=CARTESIAN_POINT('Ctrl Pts',(150.094825892483,-50.0647265086111,-2.8406194615542));
#5062=CARTESIAN_POINT('Ctrl Pts',(149.694422321537,-49.9500347845201,-2.86694763270792));
#5063=CARTESIAN_POINT('Ctrl Pts',(149.356121419393,-49.6185346503098,-2.89327580386163));
#5064=CARTESIAN_POINT('Ctrl Pts',(149.233323251273,-49.2205424128128,-2.91960397501534));
#5065=CARTESIAN_POINT('Ctrl Pts',(149.196296699701,-49.1005383416394,-2.9275425412167));
#5066=CARTESIAN_POINT('Ctrl Pts',(149.178862904617,-48.9744890404877,-2.93548110741806));
#5067=CARTESIAN_POINT('Ctrl Pts',(149.179869507421,-48.8481682543727,-2.94341967361942));
#5068=CARTESIAN_POINT('Ctrl Pts',(149.181042556885,-48.8468961168029,-2.80658032638058));
#5069=CARTESIAN_POINT('Ctrl Pts',(149.181399265705,-49.0708398568161,-2.79253954130041));
#5070=CARTESIAN_POINT('Ctrl Pts',(149.238196241711,-49.2949526149507,-2.77849875622024));
#5071=CARTESIAN_POINT('Ctrl Pts',(149.350357043236,-49.4866769364045,-2.76445797114008));
#5072=CARTESIAN_POINT('Ctrl Pts',(149.560672119096,-49.8461832404142,-2.73812979998636));
#5073=CARTESIAN_POINT('Ctrl Pts',(149.965650769049,-50.0918092483175,-2.71180162883265));
#5074=CARTESIAN_POINT('Ctrl Pts',(150.381658391705,-50.112177646624,-2.68547345767893));
#5075=CARTESIAN_POINT('Ctrl Pts',(150.79766601436,-50.1325460449304,-2.65914528652522));
#5076=CARTESIAN_POINT('Ctrl Pts',(151.224702609716,-49.9276568336399,-2.6328171153715));
#5077=CARTESIAN_POINT('Ctrl Pts',(151.469131562666,-49.5904155243127,-2.60648894421779));
#5078=CARTESIAN_POINT('Ctrl Pts',(151.713560515615,-49.2531742149856,-2.58016077306407));
#5079=CARTESIAN_POINT('Ctrl Pts',(151.775381826158,-48.7835808076217,-2.55383260191036));
#5080=CARTESIAN_POINT('Ctrl Pts',(151.626563074016,-48.3945689919044,-2.52750443075664));
#5081=CARTESIAN_POINT('Ctrl Pts',(151.477744321874,-48.0055571761871,-2.50117625960292));
#5082=CARTESIAN_POINT('Ctrl Pts',(151.118285507047,-47.6971269521163,-2.47484808844921));
#5083=CARTESIAN_POINT('Ctrl Pts',(150.71118059523,-47.6091337448144,-2.4485199172955));
#5084=CARTESIAN_POINT('Ctrl Pts',(150.304075683413,-47.5211405375124,-2.42219174614178));
#5085=CARTESIAN_POINT('Ctrl Pts',(149.849324674606,-47.6535843469794,-2.39586357498807));
#5086=CARTESIAN_POINT('Ctrl Pts',(149.553131081623,-47.9464094982764,-2.36953540383435));
#5087=CARTESIAN_POINT('Ctrl Pts',(149.317048212077,-48.1798075312893,-2.34855037801643));
#5088=CARTESIAN_POINT('Ctrl Pts',(149.181696584741,-48.5150955434364,-2.3275653521985));
#5089=CARTESIAN_POINT('Ctrl Pts',(149.178678699315,-48.8482132624948,-2.30658032638058));
#5090=CARTESIAN_POINT('Origin',(150.443597668578,-48.8471193473221,0.));
#5091=CARTESIAN_POINT('',(149.177794039187,-48.8462750518452,-1.80658032638058));
#5092=CARTESIAN_POINT('',(149.180442166037,-48.8462756036847,-1.94341967361942));
#5093=CARTESIAN_POINT('',(149.179097668578,-48.8471193473221,0.));
#5094=CARTESIAN_POINT('Ctrl Pts',(149.180442166037,-48.8462756036847,-1.94341967361942));
#5095=CARTESIAN_POINT('Ctrl Pts',(149.179507407725,-48.6956253228854,-1.95287638690681));
#5096=CARTESIAN_POINT('Ctrl Pts',(149.204452947192,-48.5452743312231,-1.96233310019421));
#5097=CARTESIAN_POINT('Ctrl Pts',(149.256665274135,-48.40507812522,-1.9717898134816));
#5098=CARTESIAN_POINT('Ctrl Pts',(149.40202815427,-48.0147617864905,-1.99811798463532));
#5099=CARTESIAN_POINT('Ctrl Pts',(149.758737463314,-47.7031557720849,-2.02444615578903));
#5100=CARTESIAN_POINT('Ctrl Pts',(150.165045978829,-47.6115555459895,-2.05077432694275));
#5101=CARTESIAN_POINT('Ctrl Pts',(150.571354494344,-47.5199553198941,-2.07710249809646));
#5102=CARTESIAN_POINT('Ctrl Pts',(151.027262216331,-47.6483608821088,-2.10343066925018));
#5103=CARTESIAN_POINT('Ctrl Pts',(151.326041128856,-47.9385476713192,-2.1297588404039));
#5104=CARTESIAN_POINT('Ctrl Pts',(151.624820041382,-48.2287344605297,-2.15608701155761));
#5105=CARTESIAN_POINT('Ctrl Pts',(151.766470144446,-48.6807024767358,-2.18241518271133));
#5106=CARTESIAN_POINT('Ctrl Pts',(151.686761236739,-49.0895101347285,-2.20874335386504));
#5107=CARTESIAN_POINT('Ctrl Pts',(151.607052329032,-49.4983177927213,-2.23507152501876));
#5108=CARTESIAN_POINT('Ctrl Pts',(151.305984410554,-49.8639650925007,-2.26139969617247));
#5109=CARTESIAN_POINT('Ctrl Pts',(150.920074522902,-50.0206519452148,-2.28772786732618));
#5110=CARTESIAN_POINT('Ctrl Pts',(150.534164635249,-50.177338797929,-2.3140560384799));
#5111=CARTESIAN_POINT('Ctrl Pts',(150.063412778422,-50.1250652035779,-2.34038420963362));
#5112=CARTESIAN_POINT('Ctrl Pts',(149.721277932524,-49.8875342404923,-2.36671238078733));
#5113=CARTESIAN_POINT('Ctrl Pts',(149.389007254865,-49.6568515871003,-2.39228147839803));
#5114=CARTESIAN_POINT('Ctrl Pts',(149.178044126612,-49.2514399670809,-2.41785057600872));
#5115=CARTESIAN_POINT('Ctrl Pts',(149.177071607994,-48.8469014002888,-2.44341967361942));
#5116=CARTESIAN_POINT('Ctrl Pts',(149.178678699315,-48.8482132624948,-2.30658032638058));
#5117=CARTESIAN_POINT('Ctrl Pts',(149.177910294235,-48.933030712914,-2.30123718104479));
#5118=CARTESIAN_POINT('Ctrl Pts',(149.185721064652,-49.0177074635765,-2.295894035709));
#5119=CARTESIAN_POINT('Ctrl Pts',(149.202632666165,-49.1005258141641,-2.2905508903732));
#5120=CARTESIAN_POINT('Ctrl Pts',(149.28596402085,-49.5086104856278,-2.26422271921949));
#5121=CARTESIAN_POINT('Ctrl Pts',(149.590262907381,-49.8715733354282,-2.23789454806578));
#5122=CARTESIAN_POINT('Ctrl Pts',(149.97754722537,-50.0248315188822,-2.21156637691206));
#5123=CARTESIAN_POINT('Ctrl Pts',(150.36483154336,-50.1780897023363,-2.18523820575835));
#5124=CARTESIAN_POINT('Ctrl Pts',(150.835101292807,-50.121643219444,-2.15891003460463));
#5125=CARTESIAN_POINT('Ctrl Pts',(151.17511610167,-49.8810873142786,-2.13258186345091));
#5126=CARTESIAN_POINT('Ctrl Pts',(151.515130910532,-49.6405314091133,-2.1062536922972));
#5127=CARTESIAN_POINT('Ctrl Pts',(151.72489077881,-49.215866081675,-2.07992552114349));
#5128=CARTESIAN_POINT('Ctrl Pts',(151.709281631216,-48.7996527129886,-2.05359734998977));
#5129=CARTESIAN_POINT('Ctrl Pts',(151.693672483622,-48.3834393443022,-2.02726917883606));
#5130=CARTESIAN_POINT('Ctrl Pts',(151.452694320158,-47.9756779343678,-2.00094100768234));
#5131=CARTESIAN_POINT('Ctrl Pts',(151.095616923317,-47.7612649067436,-1.97461283652863));
#5132=CARTESIAN_POINT('Ctrl Pts',(150.738539526476,-47.5468518791195,-1.94828466537491));
#5133=CARTESIAN_POINT('Ctrl Pts',(150.265362896259,-47.5257872338058,-1.9219564942212));
#5134=CARTESIAN_POINT('Ctrl Pts',(149.890645508479,-47.7076225797823,-1.89562832306748));
#5135=CARTESIAN_POINT('Ctrl Pts',(149.515928120699,-47.8894579257588,-1.86930015191377));
#5136=CARTESIAN_POINT('Ctrl Pts',(149.239669975356,-48.2741932630256,-1.84297198076005));
#5137=CARTESIAN_POINT('Ctrl Pts',(149.187138304245,-48.6873731721815,-1.81664380960634));
#5138=CARTESIAN_POINT('Ctrl Pts',(149.18044519989,-48.7400167715759,-1.81328931519775));
#5139=CARTESIAN_POINT('Ctrl Pts',(149.177383964223,-48.7931221265598,-1.80993482078917));
#5140=CARTESIAN_POINT('Ctrl Pts',(149.177794039187,-48.8462750518452,-1.80658032638058));
#5141=CARTESIAN_POINT('Origin',(150.443597668578,-48.8471193473221,0.));
#5142=CARTESIAN_POINT('',(149.181020010931,-48.8468373308415,-1.30658032638058));
#5143=CARTESIAN_POINT('',(149.179966942319,-48.8481442640102,-1.44341967361942));
#5144=CARTESIAN_POINT('',(149.179097668578,-48.8471193473221,0.));
#5145=CARTESIAN_POINT('Ctrl Pts',(149.179966942319,-48.8481442640102,-1.44341967361942));
#5146=CARTESIAN_POINT('Ctrl Pts',(149.182203579641,-48.5592104912629,-1.46157402665119));
#5147=CARTESIAN_POINT('Ctrl Pts',(149.280691075889,-48.2688980605349,-1.47972837968296));
#5148=CARTESIAN_POINT('Ctrl Pts',(149.462260637678,-48.0463780768304,-1.49788273271473));
#5149=CARTESIAN_POINT('Ctrl Pts',(149.725580101099,-47.7236706685388,-1.52421090386845));
#5150=CARTESIAN_POINT('Ctrl Pts',(150.163637466598,-47.5435440915304,-1.55053907502216));
#5151=CARTESIAN_POINT('Ctrl Pts',(150.57779883216,-47.5876754228538,-1.57686724617588));
#5152=CARTESIAN_POINT('Ctrl Pts',(150.991960197722,-47.6318067541772,-1.60319541732959));
#5153=CARTESIAN_POINT('Ctrl Pts',(151.382225563348,-47.9001959938324,-1.62952358848331));
#5154=CARTESIAN_POINT('Ctrl Pts',(151.571631958341,-48.2711440074143,-1.65585175963702));
#5155=CARTESIAN_POINT('Ctrl Pts',(151.761038353333,-48.6420920209963,-1.68217993079074));
#5156=CARTESIAN_POINT('Ctrl Pts',(151.749585777694,-49.1155988085049,-1.70850810194445));
#5157=CARTESIAN_POINT('Ctrl Pts',(151.54246731806,-49.4769561868367,-1.73483627309817));
#5158=CARTESIAN_POINT('Ctrl Pts',(151.335348858427,-49.8383135651686,-1.76116444425188));
#5159=CARTESIAN_POINT('Ctrl Pts',(150.9325645148,-50.0875215343236,-1.7874926154056));
#5160=CARTESIAN_POINT('Ctrl Pts',(150.516753896381,-50.111578566664,-1.81382078655931));
#5161=CARTESIAN_POINT('Ctrl Pts',(150.100943277963,-50.1356355990044,-1.84014895771303));
#5162=CARTESIAN_POINT('Ctrl Pts',(149.672106384754,-49.9345416945302,-1.86647712886675));
#5163=CARTESIAN_POINT('Ctrl Pts',(149.424696163763,-49.5994814107665,-1.89280530002046));
#5164=CARTESIAN_POINT('Ctrl Pts',(149.266152256752,-49.3847701257634,-1.90967675788678));
#5165=CARTESIAN_POINT('Ctrl Pts',(149.182109842215,-49.1150465590695,-1.9265482157531));
#5166=CARTESIAN_POINT('Ctrl Pts',(149.180442166037,-48.8462756036847,-1.94341967361942));
#5167=CARTESIAN_POINT('Ctrl Pts',(149.177794039187,-48.8462750518452,-1.80658032638058));
#5168=CARTESIAN_POINT('Ctrl Pts',(149.18060248914,-49.2102995440131,-1.78360664963545));
#5169=CARTESIAN_POINT('Ctrl Pts',(149.346228163022,-49.5765552581187,-1.76063297289032));
#5170=CARTESIAN_POINT('Ctrl Pts',(149.623095684468,-49.8119952299561,-1.73765929614519));
#5171=CARTESIAN_POINT('Ctrl Pts',(149.940389932682,-50.0818128975296,-1.71133112499147));
#5172=CARTESIAN_POINT('Ctrl Pts',(150.403783625987,-50.1798237516317,-1.68500295383776));
#5173=CARTESIAN_POINT('Ctrl Pts',(150.803154289763,-50.0615854894095,-1.65867478268404));
#5174=CARTESIAN_POINT('Ctrl Pts',(151.202524953538,-49.9433472271873,-1.63234661153033));
#5175=CARTESIAN_POINT('Ctrl Pts',(151.537872587784,-49.6088598486409,-1.60601844037661));
#5176=CARTESIAN_POINT('Ctrl Pts',(151.657136264661,-49.2097942030568,-1.5796902692229));
#5177=CARTESIAN_POINT('Ctrl Pts',(151.776399941538,-48.8107285574728,-1.55336209806918));
#5178=CARTESIAN_POINT('Ctrl Pts',(151.679579661046,-48.3470846448511,-1.52703392691547));
#5179=CARTESIAN_POINT('Ctrl Pts',(151.410577870569,-48.0290984033768,-1.50070575576175));
#5180=CARTESIAN_POINT('Ctrl Pts',(151.141576080091,-47.7111121619025,-1.47437758460804));
#5181=CARTESIAN_POINT('Ctrl Pts',(150.70039277963,-47.5387835915757,-1.44804941345432));
#5182=CARTESIAN_POINT('Ctrl Pts',(150.287079302759,-47.5902538131036,-1.42172124230061));
#5183=CARTESIAN_POINT('Ctrl Pts',(149.873765825888,-47.6417240346314,-1.39539307114689));
#5184=CARTESIAN_POINT('Ctrl Pts',(149.488322172608,-47.9169930480139,-1.36906489999318));
#5185=CARTESIAN_POINT('Ctrl Pts',(149.305524945896,-48.2912421501171,-1.34273672883946));
#5186=CARTESIAN_POINT('Ctrl Pts',(149.221846642293,-48.4625605587843,-1.3306845946865));
#5187=CARTESIAN_POINT('Ctrl Pts',(149.18063278631,-48.654620190794,-1.31863246053354));
#5188=CARTESIAN_POINT('Ctrl Pts',(149.181020010931,-48.8468373308415,-1.30658032638058));
#5189=CARTESIAN_POINT('Origin',(150.443597668578,-48.8471193473221,0.));
#5190=CARTESIAN_POINT('',(149.178790270334,-48.8482273581485,-0.806580326380582));
#5191=CARTESIAN_POINT('',(149.177046990314,-48.8469683189972,-0.943419673619417));
#5192=CARTESIAN_POINT('',(149.179097668578,-48.8471193473221,0.));
#5193=CARTESIAN_POINT('Ctrl Pts',(149.177046990314,-48.8469683189972,-0.943419673619417));
#5194=CARTESIAN_POINT('Ctrl Pts',(149.177032885245,-48.8386811671002,-0.943943495241851));
#5195=CARTESIAN_POINT('Ctrl Pts',(149.177107260901,-48.8303942750363,-0.944467316864285));
#5196=CARTESIAN_POINT('Ctrl Pts',(149.177270893151,-48.8221091458345,-0.944991138486719));
#5197=CARTESIAN_POINT('Ctrl Pts',(149.185495330052,-48.405684373902,-0.971319309640434));
#5198=CARTESIAN_POINT('Ctrl Pts',(149.419203312674,-47.9937130142498,-0.997647480794149));
#5199=CARTESIAN_POINT('Ctrl Pts',(149.772421580571,-47.7730003735582,-1.02397565194786));
#5200=CARTESIAN_POINT('Ctrl Pts',(150.125639848468,-47.5522877328666,-1.05030382310158));
#5201=CARTESIAN_POINT('Ctrl Pts',(150.598368401641,-47.5228338111356,-1.07663199425529));
#5202=CARTESIAN_POINT('Ctrl Pts',(150.97625198434,-47.6979943159378,-1.10296016540901));
#5203=CARTESIAN_POINT('Ctrl Pts',(151.354135567038,-47.8731548207401,-1.12928833656272));
#5204=CARTESIAN_POINT('Ctrl Pts',(151.637174179263,-48.2529297520757,-1.15561650771644));
#5205=CARTESIAN_POINT('Ctrl Pts',(151.69702601543,-48.6651129294026,-1.18194467887015));
#5206=CARTESIAN_POINT('Ctrl Pts',(151.756877851597,-49.0772961067296,-1.20827285002387));
#5207=CARTESIAN_POINT('Ctrl Pts',(151.593542911707,-49.5218875300479,-1.23460102117758));
#5208=CARTESIAN_POINT('Ctrl Pts',(151.281084237538,-49.7972904861838,-1.2609291923313));
#5209=CARTESIAN_POINT('Ctrl Pts',(150.968625563369,-50.0726934423197,-1.28725736348501));
#5210=CARTESIAN_POINT('Ctrl Pts',(150.507043154921,-50.1789079312731,-1.31358553463873));
#5211=CARTESIAN_POINT('Ctrl Pts',(150.105638168213,-50.067771766424,-1.33991370579244));
#5212=CARTESIAN_POINT('Ctrl Pts',(149.704233181505,-49.9566356015749,-1.36624187694616));
#5213=CARTESIAN_POINT('Ctrl Pts',(149.363005616537,-49.6281487829232,-1.39257004809987));
#5214=CARTESIAN_POINT('Ctrl Pts',(149.236682614725,-49.23126125381,-1.41889821925359));
#5215=CARTESIAN_POINT('Ctrl Pts',(149.197464499825,-49.1080439418707,-1.42707203737553));
#5216=CARTESIAN_POINT('Ctrl Pts',(149.178959918458,-48.9782338410714,-1.43524585549747));
#5217=CARTESIAN_POINT('Ctrl Pts',(149.179966942319,-48.8481442640102,-1.44341967361942));
#5218=CARTESIAN_POINT('Ctrl Pts',(149.181020010931,-48.8468373308415,-1.30658032638058));
#5219=CARTESIAN_POINT('Ctrl Pts',(149.181478687622,-49.0745230642286,-1.29230428937983));
#5220=CARTESIAN_POINT('Ctrl Pts',(149.240307677987,-49.3024297965282,-1.27802825237908));
#5221=CARTESIAN_POINT('Ctrl Pts',(149.356072065699,-49.4963473847368,-1.26375221537832));
#5222=CARTESIAN_POINT('Ctrl Pts',(149.56956721236,-49.8539743264294,-1.2374240442246));
#5223=CARTESIAN_POINT('Ctrl Pts',(149.976708305824,-50.0959990189909,-1.21109587307089));
#5224=CARTESIAN_POINT('Ctrl Pts',(150.392880211926,-50.1126771982869,-1.18476770191717));
#5225=CARTESIAN_POINT('Ctrl Pts',(150.809052118027,-50.129355377583,-1.15843953076346));
#5226=CARTESIAN_POINT('Ctrl Pts',(151.234254836765,-49.9206870436137,-1.13211135960974));
#5227=CARTESIAN_POINT('Ctrl Pts',(151.475683287494,-49.5812912013119,-1.10578318845603));
#5228=CARTESIAN_POINT('Ctrl Pts',(151.717111738223,-49.24189535901,-1.07945501730231));
#5229=CARTESIAN_POINT('Ctrl Pts',(151.774765920944,-48.7717720083757,-1.0531268461486));
#5230=CARTESIAN_POINT('Ctrl Pts',(151.622503017247,-48.3840953894415,-1.02679867499488));
#5231=CARTESIAN_POINT('Ctrl Pts',(151.47024011355,-47.9964187705073,-1.00047050384117));
#5232=CARTESIAN_POINT('Ctrl Pts',(151.108060123436,-47.6911888832734,-0.974142332687454));
#5233=CARTESIAN_POINT('Ctrl Pts',(150.700190810152,-47.6068094657796,-0.947814161533739));
#5234=CARTESIAN_POINT('Ctrl Pts',(150.292321496867,-47.5224300482858,-0.921485990380024));
#5235=CARTESIAN_POINT('Ctrl Pts',(149.838762860411,-47.6589011005321,-0.895157819226309));
#5236=CARTESIAN_POINT('Ctrl Pts',(149.545177945864,-47.9543418900799,-0.868829648072595));
#5237=CARTESIAN_POINT('Ctrl Pts',(149.313797628524,-48.1871848607281,-0.848079874175257));
#5238=CARTESIAN_POINT('Ctrl Pts',(149.181782440361,-48.5187693515056,-0.82733010027792));
#5239=CARTESIAN_POINT('Ctrl Pts',(149.178790270334,-48.8482273581485,-0.806580326380582));
#5240=CARTESIAN_POINT('Origin',(150.443597668578,-48.8471193473221,0.));
#5241=CARTESIAN_POINT('',(149.177706448241,-48.846342332221,-0.30658032638058));
#5242=CARTESIAN_POINT('',(149.18036454837,-48.8462380154477,-0.443419673619416));
#5243=CARTESIAN_POINT('',(149.179097668578,-48.8471193473221,0.));
#5244=CARTESIAN_POINT('',(151.4017138213,-48.0219080483856,0.));
#5245=CARTESIAN_POINT('Ctrl Pts',(149.177706448241,-48.846342332221,-0.30658032638058));
#5246=CARTESIAN_POINT('Ctrl Pts',(149.180417586522,-49.2139574855784,-0.283371397714865));
#5247=CARTESIAN_POINT('Ctrl Pts',(149.349849056039,-49.5836919775759,-0.260162469049149));
#5248=CARTESIAN_POINT('Ctrl Pts',(149.631666555602,-49.8191422550288,-0.236953540383433));
#5249=CARTESIAN_POINT('Ctrl Pts',(149.951359871458,-50.0862366690906,-0.210625369229718));
#5250=CARTESIAN_POINT('Ctrl Pts',(150.415678239297,-50.1805261402153,-0.184297198076005));
#5251=CARTESIAN_POINT('Ctrl Pts',(150.813940090139,-50.0585435478878,-0.15796902692229));
#5252=CARTESIAN_POINT('Ctrl Pts',(151.212201940981,-49.9365609555602,-0.131640855768575));
#5253=CARTESIAN_POINT('Ctrl Pts',(151.544407274826,-49.5983062997804,-0.105312684614859));
#5254=CARTESIAN_POINT('Ctrl Pts',(151.660040442935,-49.1988911489935,-0.0789845134611436));
#5255=CARTESIAN_POINT('Ctrl Pts',(151.775673611045,-48.7994759982067,-0.0526563423074288));
#5256=CARTESIAN_POINT('Ctrl Pts',(151.67473461342,-48.3389003524129,-0.0263281711537139));
#5257=CARTESIAN_POINT('Ctrl Pts',(151.4017138213,-48.0219080483857,1.11022302462516E-15));
#5258=CARTESIAN_POINT('',(149.483646438361,-48.0206513284769,-2.07532724284973E-15));
#5259=CARTESIAN_POINT('Origin',(150.443597668578,-48.8471193473221,0.));
#5260=CARTESIAN_POINT('Ctrl Pts',(149.483640831488,-48.020647488711,-2.08166817117217E-15));
#5261=CARTESIAN_POINT('Ctrl Pts',(149.746547696533,-47.7169458543427,-0.0253871634713757));
#5262=CARTESIAN_POINT('Ctrl Pts',(150.166900807484,-47.5475189757905,-0.0507743269427493));
#5263=CARTESIAN_POINT('Ctrl Pts',(150.566691017148,-47.5866001471583,-0.0761614904141231));
#5264=CARTESIAN_POINT('Ctrl Pts',(150.981299962234,-47.6271299121248,-0.102489661567838));
#5265=CARTESIAN_POINT('Ctrl Pts',(151.373793374008,-47.8919114331773,-0.128817832721553));
#5266=CARTESIAN_POINT('Ctrl Pts',(151.566446930478,-48.2611301007702,-0.155146003875268));
#5267=CARTESIAN_POINT('Ctrl Pts',(151.759100486948,-48.630348768363,-0.181474175028983));
#5268=CARTESIAN_POINT('Ctrl Pts',(151.751914188115,-49.1040045824962,-0.207802346182698));
#5269=CARTESIAN_POINT('Ctrl Pts',(151.548025723763,-49.4672016119168,-0.234130517336413));
#5270=CARTESIAN_POINT('Ctrl Pts',(151.344137259411,-49.8303986413373,-0.260458688490128));
#5271=CARTESIAN_POINT('Ctrl Pts',(150.94354662954,-50.0831368860453,-0.286786859643843));
#5272=CARTESIAN_POINT('Ctrl Pts',(150.527957418393,-50.1108724084425,-0.313115030797558));
#5273=CARTESIAN_POINT('Ctrl Pts',(150.112368207246,-50.1386079308397,-0.339443201951273));
#5274=CARTESIAN_POINT('Ctrl Pts',(149.681780414823,-49.941340730926,-0.365771373104988));
#5275=CARTESIAN_POINT('Ctrl Pts',(149.43141241449,-49.6084918318558,-0.392099544258703));
#5276=CARTESIAN_POINT('Ctrl Pts',(149.26873599095,-49.3922235052015,-0.409206254045607));
#5277=CARTESIAN_POINT('Ctrl Pts',(149.182143696651,-49.1187160961922,-0.426312963832511));
#5278=CARTESIAN_POINT('Ctrl Pts',(149.18036454837,-48.8462380154477,-0.443419673619416));
#5279=CARTESIAN_POINT('Origin',(150.443597668578,-48.8471193473221,7.10421172358873));
#5280=CARTESIAN_POINT('',(148.898216326303,-48.8466866426755,-5.60421172358872));
#5281=CARTESIAN_POINT('',(148.903042259517,-48.8469569544944,-5.64578827641127));
#5282=CARTESIAN_POINT('',(148.900597668578,-48.8471193473222,7.10421172358873));
#5283=CARTESIAN_POINT('',(150.842111510435,-50.3377687755407,-6.));
#5284=CARTESIAN_POINT('Ctrl Pts',(148.903042259517,-48.8469569544944,-5.64578827641127));
#5285=CARTESIAN_POINT('Ctrl Pts',(148.902874798529,-48.5986280777185,-5.65854616632599));
#5286=CARTESIAN_POINT('Ctrl Pts',(149.076450903731,-47.8380958819341,-5.69763222739442));
#5287=CARTESIAN_POINT('Ctrl Pts',(150.266407232626,-47.0353347420449,-5.76304645961656));
#5288=CARTESIAN_POINT('Ctrl Pts',(151.865140037588,-47.7078924209585,-5.84203097307771));
#5289=CARTESIAN_POINT('Ctrl Pts',(152.172139858514,-49.41610163379,-5.92101548653886));
#5290=CARTESIAN_POINT('Ctrl Pts',(151.335292212384,-50.2059206477765,-5.97367182884629));
#5291=CARTESIAN_POINT('Ctrl Pts',(150.842111510435,-50.3377687755407,-6.));
#5292=CARTESIAN_POINT('',(150.045083826721,-50.3377687755406,-6.));
#5293=CARTESIAN_POINT('Origin',(150.443597668578,-48.8471193473221,-6.));
#5294=CARTESIAN_POINT('Ctrl Pts',(148.898216326303,-48.8466866426755,-5.60421172358873));
#5295=CARTESIAN_POINT('Ctrl Pts',(148.898128576148,-48.8229450074029,-5.60544130097292));
#5296=CARTESIAN_POINT('Ctrl Pts',(148.909339622474,-48.2909240880563,-5.63299904951082));
#5297=CARTESIAN_POINT('Ctrl Pts',(149.520174877937,-47.2779806343051,-5.68688496920245));
#5298=CARTESIAN_POINT('Ctrl Pts',(151.252996512797,-47.2160700599384,-5.76586948266359));
#5299=CARTESIAN_POINT('Ctrl Pts',(152.251709291256,-48.6337348213585,-5.84485399612473));
#5300=CARTESIAN_POINT('Ctrl Pts',(151.61846598896,-50.2249044666404,-5.92289750190354));
#5301=CARTESIAN_POINT('Ctrl Pts',(150.517941756796,-50.4657085967801,-5.97461283652863));
#5302=CARTESIAN_POINT('Ctrl Pts',(150.044094911141,-50.3403051081779,-6.));
#5303=CARTESIAN_POINT('Origin',(150.443597668578,-48.8471193473221,7.10421172358873));
#5304=CARTESIAN_POINT('',(148.902416842044,-48.8461939395759,-5.10421172358873));
#5305=CARTESIAN_POINT('',(148.899816932166,-48.8484088486609,-5.14578827641127));
#5306=CARTESIAN_POINT('',(148.900597668578,-48.8471193473222,7.10421172358873));
#5307=CARTESIAN_POINT('Ctrl Pts',(148.899816932166,-48.8484088486609,-5.14578827641127));
#5308=CARTESIAN_POINT('Ctrl Pts',(148.903527832813,-48.4329965400908,-5.16724380607036));
#5309=CARTESIAN_POINT('Ctrl Pts',(149.28991253049,-47.5017416348309,-5.21502750688317));
#5310=CARTESIAN_POINT('Ctrl Pts',(150.85975415056,-47.0745930755599,-5.2891393788497));
#5311=CARTESIAN_POINT('Ctrl Pts',(152.155418196544,-48.2268228363099,-5.36812389231084));
#5312=CARTESIAN_POINT('Ctrl Pts',(151.898624161817,-49.9416233513158,-5.44710840577199));
#5313=CARTESIAN_POINT('Ctrl Pts',(150.322356144342,-50.6637663980171,-5.52609291923313));
#5314=CARTESIAN_POINT('Ctrl Pts',(149.092767616028,-49.8880017459319,-5.59231954277956));
#5315=CARTESIAN_POINT('Ctrl Pts',(148.903220384012,-49.1110988086834,-5.63221799517227));
#5316=CARTESIAN_POINT('Ctrl Pts',(148.903042259517,-48.8469569544944,-5.64578827641127));
#5317=CARTESIAN_POINT('Ctrl Pts',(148.902416842044,-48.8461939395759,-5.10421172358873));
#5318=CARTESIAN_POINT('Ctrl Pts',(148.9013486369,-48.6531612501414,-5.11413894071729));
#5319=CARTESIAN_POINT('Ctrl Pts',(149.024202547484,-47.9494929124756,-5.15039432899957));
#5320=CARTESIAN_POINT('Ctrl Pts',(150.074738957898,-47.0641455194755,-5.21297788843558));
#5321=CARTESIAN_POINT('Ctrl Pts',(151.735097133188,-47.5637299369276,-5.29196240189671));
#5322=CARTESIAN_POINT('Ctrl Pts',(152.224212361541,-49.2272066580945,-5.37094691535787));
#5323=CARTESIAN_POINT('Ctrl Pts',(151.098516297148,-50.5459769459755,-5.449931428819));
#5324=CARTESIAN_POINT('Ctrl Pts',(149.405649982542,-50.3275544794206,-5.52768636489596));
#5325=CARTESIAN_POINT('Ctrl Pts',(148.900007515311,-49.3313097878248,-5.5791131298192));
#5326=CARTESIAN_POINT('Ctrl Pts',(148.898216326303,-48.8466866426755,-5.60421172358873));
#5327=CARTESIAN_POINT('Origin',(150.443597668578,-48.8471193473221,7.10421172358873));
#5328=CARTESIAN_POINT('',(148.901417393519,-48.8484247620782,-4.60421172358873));
#5329=CARTESIAN_POINT('',(148.899244003655,-48.8459910672296,-4.64578827641127));
#5330=CARTESIAN_POINT('',(148.900597668578,-48.8471193473222,7.10421172358873));
#5331=CARTESIAN_POINT('Ctrl Pts',(148.899244003655,-48.8459910672296,-4.64578827641127));
#5332=CARTESIAN_POINT('Ctrl Pts',(148.898635087257,-48.7720045438963,-4.64961327466102));
#5333=CARTESIAN_POINT('Ctrl Pts',(148.936964859514,-48.1893885409163,-4.67976644406449));
#5334=CARTESIAN_POINT('Ctrl Pts',(149.677894698394,-47.1952253188968,-4.73624778462168));
#5335=CARTESIAN_POINT('Ctrl Pts',(151.408428892753,-47.3030483356441,-4.81523229808283));
#5336=CARTESIAN_POINT('Ctrl Pts',(152.263972000303,-48.8111665150941,-4.89421681154396));
#5337=CARTESIAN_POINT('Ctrl Pts',(151.468643868962,-50.3518902232725,-4.97320132500512));
#5338=CARTESIAN_POINT('Ctrl Pts',(149.743717255142,-50.5279583863957,-5.05218583846626));
#5339=CARTESIAN_POINT('Ctrl Pts',(148.949649115174,-49.5459439846214,-5.10971482226831));
#5340=CARTESIAN_POINT('Ctrl Pts',(148.89897417094,-48.9427507402048,-5.14091563491665));
#5341=CARTESIAN_POINT('Ctrl Pts',(148.899816932166,-48.8484088486609,-5.14578827641127));
#5342=CARTESIAN_POINT('Ctrl Pts',(148.901417393519,-48.8484247620782,-4.60421172358873));
#5343=CARTESIAN_POINT('Ctrl Pts',(148.904374074019,-48.4868604041965,-4.62283658046167));
#5344=CARTESIAN_POINT('Ctrl Pts',(149.211056538754,-47.6096688230241,-4.66778960848833));
#5345=CARTESIAN_POINT('Ctrl Pts',(150.668596461907,-47.0403458887988,-4.73907080766871));
#5346=CARTESIAN_POINT('Ctrl Pts',(152.079603704209,-48.0480329220585,-4.81805532112984));
#5347=CARTESIAN_POINT('Ctrl Pts',(152.006941034811,-49.7803997929188,-4.897039834591));
#5348=CARTESIAN_POINT('Ctrl Pts',(150.516505204231,-50.6663881627029,-4.97602434805213));
#5349=CARTESIAN_POINT('Ctrl Pts',(149.155587071481,-49.9985172698284,-5.04508164438472));
#5350=CARTESIAN_POINT('Ctrl Pts',(148.904181645134,-49.1651071076636,-5.08781076956358));
#5351=CARTESIAN_POINT('Ctrl Pts',(148.902416842044,-48.8461939395759,-5.10421172358873));
#5352=CARTESIAN_POINT('Origin',(150.443597668578,-48.8471193473221,7.10421172358873));
#5353=CARTESIAN_POINT('',(148.898165417621,-48.8467728559361,-4.10421172358873));
#5354=CARTESIAN_POINT('',(148.902991968203,-48.8469194484886,-4.14578827641127));
#5355=CARTESIAN_POINT('',(148.900597668578,-48.8471193473222,7.10421172358873));
#5356=CARTESIAN_POINT('Ctrl Pts',(148.902991968203,-48.8469194484886,-4.14578827641127));
#5357=CARTESIAN_POINT('Ctrl Pts',(148.902707302623,-48.6031915232925,-4.1583109144054));
#5358=CARTESIAN_POINT('Ctrl Pts',(149.071734198722,-47.8474119621096,-4.19716172355325));
#5359=CARTESIAN_POINT('Ctrl Pts',(150.250680369167,-47.0366393592866,-4.26234070385481));
#5360=CARTESIAN_POINT('Ctrl Pts',(151.854292516124,-47.6960351134283,-4.34132521731595));
#5361=CARTESIAN_POINT('Ctrl Pts',(152.178566181983,-49.3993322876908,-4.4203097307771));
#5362=CARTESIAN_POINT('Ctrl Pts',(150.929422322855,-50.6018356445398,-4.49929424423825));
#5363=CARTESIAN_POINT('Ctrl Pts',(149.321520149969,-50.2318421082757,-4.57445375944963));
#5364=CARTESIAN_POINT('Ctrl Pts',(148.902826371566,-49.2812674826469,-4.62328510350731));
#5365=CARTESIAN_POINT('Ctrl Pts',(148.899244003655,-48.8459910672296,-4.64578827641127));
#5366=CARTESIAN_POINT('Ctrl Pts',(148.898165417621,-48.8467728559361,-4.10421172358873));
#5367=CARTESIAN_POINT('Ctrl Pts',(148.898106520151,-48.8275751042538,-4.10520604905233));
#5368=CARTESIAN_POINT('Ctrl Pts',(148.90709458171,-48.3001075578577,-4.13252854566965));
#5369=CARTESIAN_POINT('Ctrl Pts',(149.50630481098,-47.2861783104058,-4.18617921344069));
#5370=CARTESIAN_POINT('Ctrl Pts',(151.238479271354,-47.2090662167408,-4.26516372690183));
#5371=CARTESIAN_POINT('Ctrl Pts',(152.249787255043,-48.6174805015109,-4.34414824036298));
#5372=CARTESIAN_POINT('Ctrl Pts',(151.623088371839,-50.2341508911527,-4.42313275382412));
#5373=CARTESIAN_POINT('Ctrl Pts',(149.92672665534,-50.5929426984256,-4.50211726728527));
#5374=CARTESIAN_POINT('Ctrl Pts',(148.988585034916,-49.6572076602868,-4.56247692387347));
#5375=CARTESIAN_POINT('Ctrl Pts',(148.900194498799,-48.9979692069289,-4.59650840930796));
#5376=CARTESIAN_POINT('Ctrl Pts',(148.901417393519,-48.8484247620782,-4.60421172358873));
#5377=CARTESIAN_POINT('Origin',(150.443597668578,-48.8471193473221,7.10421172358873));
#5378=CARTESIAN_POINT('',(148.902330082108,-48.8461405083604,-3.60421172358873));
#5379=CARTESIAN_POINT('',(148.899951145976,-48.8484336397932,-3.64578827641127));
#5380=CARTESIAN_POINT('',(148.900597668578,-48.8471193473222,7.10421172358873));
#5381=CARTESIAN_POINT('Ctrl Pts',(148.899951145976,-48.8484336397932,-3.64578827641127));
#5382=CARTESIAN_POINT('Ctrl Pts',(148.903653697887,-48.4374843220151,-3.66700855414978));
#5383=CARTESIAN_POINT('Ctrl Pts',(149.28299537827,-47.5106278985615,-3.714557003042));
#5384=CARTESIAN_POINT('Ctrl Pts',(150.844022213139,-47.0709675929847,-3.78843362308794));
#5385=CARTESIAN_POINT('Ctrl Pts',(152.149840642339,-48.2116747905383,-3.86741813654908));
#5386=CARTESIAN_POINT('Ctrl Pts',(151.908292323227,-49.9286573443256,-3.94640265001024));
#5387=CARTESIAN_POINT('Ctrl Pts',(150.338433886464,-50.6648089383676,-4.02538716347137));
#5388=CARTESIAN_POINT('Ctrl Pts',(149.09772019033,-49.897163061837,-4.09184903893839));
#5389=CARTESIAN_POINT('Ctrl Pts',(148.903305796655,-49.1156163440459,-4.13198274325169));
#5390=CARTESIAN_POINT('Ctrl Pts',(148.902991968203,-48.8469194484886,-4.14578827641127));
#5391=CARTESIAN_POINT('Ctrl Pts',(148.902330082108,-48.8461405083604,-3.60421172358873));
#5392=CARTESIAN_POINT('Ctrl Pts',(148.901222924745,-48.6577089160529,-3.61390368879671));
#5393=CARTESIAN_POINT('Ctrl Pts',(149.020216893148,-47.9587535686178,-3.6499238251584));
#5394=CARTESIAN_POINT('Ctrl Pts',(150.058940982222,-47.0674862235811,-3.71227213267382));
#5395=CARTESIAN_POINT('Ctrl Pts',(151.723664117266,-47.5523279709179,-3.79125664613495));
#5396=CARTESIAN_POINT('Ctrl Pts',(152.227513749043,-49.2113970426732,-3.87024115959611));
#5397=CARTESIAN_POINT('Ctrl Pts',(151.113556030278,-50.5401080109229,-3.94922567305725));
#5398=CARTESIAN_POINT('Ctrl Pts',(149.413695041526,-50.3360736788538,-4.0272158610548));
#5399=CARTESIAN_POINT('Ctrl Pts',(148.899666032328,-49.33590131188,-4.07887787789862));
#5400=CARTESIAN_POINT('Ctrl Pts',(148.898165417621,-48.8467728559361,-4.10421172358873));
#5401=CARTESIAN_POINT('Origin',(150.443597668578,-48.8471193473221,7.10421172358873));
#5402=CARTESIAN_POINT('',(148.901539501187,-48.8483992710697,-3.10421172358873));
#5403=CARTESIAN_POINT('',(148.899123478949,-48.8460381865782,-3.14578827641128));
#5404=CARTESIAN_POINT('',(148.900597668578,-48.8471193473222,7.10421172358873));
#5405=CARTESIAN_POINT('Ctrl Pts',(148.899123478949,-48.8460381865782,-3.14578827641128));
#5406=CARTESIAN_POINT('Ctrl Pts',(148.898568894459,-48.7766162581961,-3.14937802274044));
#5407=CARTESIAN_POINT('Ctrl Pts',(148.934240135737,-48.1986082167569,-3.17929594022333));
#5408=CARTESIAN_POINT('Ctrl Pts',(149.663274676962,-47.2020810805766,-3.23554202885993));
#5409=CARTESIAN_POINT('Ctrl Pts',(151.394697146241,-47.2945522299675,-3.31452654232107));
#5410=CARTESIAN_POINT('Ctrl Pts',(152.263581437347,-48.7950237456131,-3.39351105578222));
#5411=CARTESIAN_POINT('Ctrl Pts',(151.481949119954,-50.3427399990005,-3.47249556924336));
#5412=CARTESIAN_POINT('Ctrl Pts',(149.758651088082,-50.5340998013202,-3.5514800827045));
#5413=CARTESIAN_POINT('Ctrl Pts',(148.952623485503,-49.5551784405829,-3.60924431842714));
#5414=CARTESIAN_POINT('Ctrl Pts',(148.899059911622,-48.9473524824271,-3.64068038299606));
#5415=CARTESIAN_POINT('Ctrl Pts',(148.899951145976,-48.8484336397932,-3.64578827641127));
#5416=CARTESIAN_POINT('Ctrl Pts',(148.901539501187,-48.8483992710697,-3.10421172358873));
#5417=CARTESIAN_POINT('Ctrl Pts',(148.904384850279,-48.4913301939709,-3.12260132854109));
#5418=CARTESIAN_POINT('Ctrl Pts',(149.204923986523,-47.6187269503573,-3.16731910464716));
#5419=CARTESIAN_POINT('Ctrl Pts',(150.652563933415,-47.0384214948238,-3.23836505190695));
#5420=CARTESIAN_POINT('Ctrl Pts',(152.072452525231,-48.0335551658164,-3.31734956536809));
#5421=CARTESIAN_POINT('Ctrl Pts',(152.015156518,-49.7664982704413,-3.39633407882924));
#5422=CARTESIAN_POINT('Ctrl Pts',(150.532636821021,-50.6656701029529,-3.47531859229038));
#5423=CARTESIAN_POINT('Ctrl Pts',(149.161192995642,-50.0076608204543,-3.54461114054355));
#5424=CARTESIAN_POINT('Ctrl Pts',(148.904230511743,-49.1695823190809,-3.58757551764299));
#5425=CARTESIAN_POINT('Ctrl Pts',(148.902330082108,-48.8461405083604,-3.60421172358873));
#5426=CARTESIAN_POINT('Origin',(150.443597668578,-48.8471193473221,7.10421172358873));
#5427=CARTESIAN_POINT('',(148.898125377964,-48.8468533985103,-2.60421172358874));
#5428=CARTESIAN_POINT('',(148.902970909113,-48.8468469513623,-2.64578827641128));
#5429=CARTESIAN_POINT('',(148.900597668578,-48.8471193473222,7.10421172358873));
#5430=CARTESIAN_POINT('Ctrl Pts',(148.902970909113,-48.8468469513623,-2.64578827641128));
#5431=CARTESIAN_POINT('Ctrl Pts',(148.902589993256,-48.6077059013717,-2.65807566248482));
#5432=CARTESIAN_POINT('Ctrl Pts',(149.067151149726,-47.8566539232268,-2.69669121971208));
#5433=CARTESIAN_POINT('Ctrl Pts',(150.234631402201,-47.0384214815031,-2.76163494809306));
#5434=CARTESIAN_POINT('Ctrl Pts',(151.844028449104,-47.6835693916877,-2.8406194615542));
#5435=CARTESIAN_POINT('Ctrl Pts',(152.183395344103,-49.3839237051099,-2.91960397501535));
#5436=CARTESIAN_POINT('Ctrl Pts',(150.944965223459,-50.5974580131851,-2.99858848847649));
#5437=CARTESIAN_POINT('Ctrl Pts',(149.328802061476,-50.2406255815353,-3.07398325560847));
#5438=CARTESIAN_POINT('Ctrl Pts',(148.90263636721,-49.2857754702028,-3.12304985158673));
#5439=CARTESIAN_POINT('Ctrl Pts',(148.899123478949,-48.8460381865782,-3.14578827641128));
#5440=CARTESIAN_POINT('Ctrl Pts',(148.898125377964,-48.8468533985103,-2.60421172358874));
#5441=CARTESIAN_POINT('Ctrl Pts',(148.898090147897,-48.8321987476029,-2.60497079713175));
#5442=CARTESIAN_POINT('Ctrl Pts',(148.904891674061,-48.3092867238661,-2.63205804182848));
#5443=CARTESIAN_POINT('Ctrl Pts',(149.492498197919,-47.2945522414019,-2.68547345767893));
#5444=CARTESIAN_POINT('Ctrl Pts',(151.223920654447,-47.2020810926919,-2.76445797114008));
#5445=CARTESIAN_POINT('Ctrl Pts',(152.247679630524,-48.6014710294907,-2.84344248460122));
#5446=CARTESIAN_POINT('Ctrl Pts',(151.635343113672,-50.2236358258175,-2.92242699806237));
#5447=CARTESIAN_POINT('Ctrl Pts',(149.94223011739,-50.5974580002942,-3.00141151152351));
#5448=CARTESIAN_POINT('Ctrl Pts',(148.992138054859,-49.6664653714074,-3.0620064200323));
#5449=CARTESIAN_POINT('Ctrl Pts',(148.900311198992,-49.0025415984526,-3.09627315738737));
#5450=CARTESIAN_POINT('Ctrl Pts',(148.901539501187,-48.8483992710697,-3.10421172358873));
#5451=CARTESIAN_POINT('Origin',(150.443597668578,-48.8471193473221,7.10421172358873));
#5452=CARTESIAN_POINT('',(148.90223828509,-48.8460897732353,-2.10421172358873));
#5453=CARTESIAN_POINT('',(148.900086423365,-48.8484541920128,-2.14578827641127));
#5454=CARTESIAN_POINT('',(148.900597668578,-48.8471193473222,7.10421172358873));
#5455=CARTESIAN_POINT('Ctrl Pts',(148.900086423365,-48.8484541920128,-2.14578827641127));
#5456=CARTESIAN_POINT('Ctrl Pts',(148.903768983437,-48.4419689088914,-2.1667733022292));
#5457=CARTESIAN_POINT('Ctrl Pts',(149.276146422358,-47.5195293806674,-2.21408649920083));
#5458=CARTESIAN_POINT('Ctrl Pts',(150.828254357767,-47.0674862104744,-2.28772786732619));
#5459=CARTESIAN_POINT('Ctrl Pts',(152.144137990692,-48.1965676713079,-2.36671238078733));
#5460=CARTESIAN_POINT('Ctrl Pts',(151.917826526476,-49.9156249134487,-2.44569689424848));
#5461=CARTESIAN_POINT('Ctrl Pts',(150.354558515479,-50.6656701163461,-2.52468140770962));
#5462=CARTESIAN_POINT('Ctrl Pts',(149.102669993549,-49.9063797685293,-2.59137853509722));
#5463=CARTESIAN_POINT('Ctrl Pts',(148.903406181324,-49.1201132153721,-2.63174749133111));
#5464=CARTESIAN_POINT('Ctrl Pts',(148.902970909113,-48.8468469513623,-2.64578827641128));
#5465=CARTESIAN_POINT('Ctrl Pts',(148.90223828509,-48.8460897732353,-2.10421172358873));
#5466=CARTESIAN_POINT('Ctrl Pts',(148.901097650787,-48.6622594978117,-2.11366843687613));
#5467=CARTESIAN_POINT('Ctrl Pts',(149.016283569278,-47.9680144568018,-2.14945332131724));
#5468=CARTESIAN_POINT('Ctrl Pts',(150.043173126966,-47.0709676060657,-2.21156637691206));
#5469=CARTESIAN_POINT('Ctrl Pts',(151.712130695235,-47.5410264020261,-2.2905508903732));
#5470=CARTESIAN_POINT('Ctrl Pts',(152.230674251648,-49.1955617496086,-2.36953540383435));
#5471=CARTESIAN_POINT('Ctrl Pts',(151.128544244029,-50.5340997888959,-2.44851991729549));
#5472=CARTESIAN_POINT('Ctrl Pts',(149.421807825038,-50.3445790340935,-2.52674535721362));
#5473=CARTESIAN_POINT('Ctrl Pts',(148.899312089097,-49.3404896251297,-2.57864262597804));
#5474=CARTESIAN_POINT('Ctrl Pts',(148.898125377964,-48.8468533985103,-2.60421172358874));
#5475=CARTESIAN_POINT('Origin',(150.443597668578,-48.8471193473221,7.10421172358873));
#5476=CARTESIAN_POINT('',(148.90165839565,-48.8483699969462,-1.60421172358873));
#5477=CARTESIAN_POINT('',(148.899006921128,-48.8460890998559,-1.64578827641128));
#5478=CARTESIAN_POINT('',(148.900597668578,-48.8471193473222,7.10421172358873));
#5479=CARTESIAN_POINT('Ctrl Pts',(148.899006921128,-48.8460890998559,-1.64578827641128));
#5480=CARTESIAN_POINT('Ctrl Pts',(148.89850652914,-48.7812295002392,-1.64914277081986));
#5481=CARTESIAN_POINT('Ctrl Pts',(148.931560198894,-48.2078248176871,-1.67882543638216));
#5482=CARTESIAN_POINT('Ctrl Pts',(149.648716059947,-47.2090662046769,-1.73483627309817));
#5483=CARTESIAN_POINT('Ctrl Pts',(151.380890533079,-47.2861782989097,-1.81382078655931));
#5484=CARTESIAN_POINT('Ctrl Pts',(152.263047843224,-48.7788849549687,-1.89280530002046));
#5485=CARTESIAN_POINT('Ctrl Pts',(151.495172453539,-50.3334723813919,-1.9717898134816));
#5486=CARTESIAN_POINT('Ctrl Pts',(149.773639301943,-50.5401080233915,-2.05077432694275));
#5487=CARTESIAN_POINT('Ctrl Pts',(148.955643791315,-49.5644160481551,-2.10877381458597));
#5488=CARTESIAN_POINT('Ctrl Pts',(148.899148780788,-48.9519522750471,-2.14044513107548));
#5489=CARTESIAN_POINT('Ctrl Pts',(148.900086423365,-48.8484541920128,-2.14578827641127));
#5490=CARTESIAN_POINT('Ctrl Pts',(148.90165839565,-48.8483699969462,-1.60421172358873));
#5491=CARTESIAN_POINT('Ctrl Pts',(148.904387641508,-48.4957999602921,-1.6223660766205));
#5492=CARTESIAN_POINT('Ctrl Pts',(149.198854780182,-47.6277966699758,-1.66684860080599));
#5493=CARTESIAN_POINT('Ctrl Pts',(150.636514966568,-47.0366393726202,-1.73765929614519));
#5494=CARTESIAN_POINT('Ctrl Pts',(152.065173232667,-48.0191413816071,-1.81664380960634));
#5495=CARTESIAN_POINT('Ctrl Pts',(152.023248382815,-49.7525244732461,-1.89562832306748));
#5496=CARTESIAN_POINT('Ctrl Pts',(150.548761449917,-50.6648089249808,-1.97461283652862));
#5497=CARTESIAN_POINT('Ctrl Pts',(149.16686013654,-50.0167958106583,-2.04414063670238));
#5498=CARTESIAN_POINT('Ctrl Pts',(148.904273258868,-49.1740562296678,-2.08734026572241));
#5499=CARTESIAN_POINT('Ctrl Pts',(148.90223828509,-48.8460897732353,-2.10421172358873));
#5500=CARTESIAN_POINT('Origin',(150.443597668578,-48.8471193473221,7.10421172358873));
#5501=CARTESIAN_POINT('',(148.898095338359,-48.8469350557402,-1.10421172358873));
#5502=CARTESIAN_POINT('',(148.902943397523,-48.8467752180776,-1.14578827641127));
#5503=CARTESIAN_POINT('',(148.900597668578,-48.8471193473222,7.10421172358873));
#5504=CARTESIAN_POINT('Ctrl Pts',(148.902943397523,-48.8467752180776,-1.14578827641127));
#5505=CARTESIAN_POINT('Ctrl Pts',(148.902470888555,-48.6122231839983,-1.15784041056423));
#5506=CARTESIAN_POINT('Ctrl Pts',(149.062623789422,-47.8658987629405,-1.19622071587091));
#5507=CARTESIAN_POINT('Ctrl Pts',(150.218598873592,-47.0403458754907,-1.2609291923313));
#5508=CARTESIAN_POINT('Ctrl Pts',(151.833654229731,-47.6711951851329,-1.33991370579244));
#5509=CARTESIAN_POINT('Ctrl Pts',(152.188087664606,-49.3684729008515,-1.41889821925359));
#5510=CARTESIAN_POINT('Ctrl Pts',(150.960468685622,-50.5929427112834,-1.49788273271473));
#5511=CARTESIAN_POINT('Ctrl Pts',(149.336151914375,-50.2493888900249,-1.5735127517673));
#5512=CARTESIAN_POINT('Ctrl Pts',(148.90243391858,-49.2902882231577,-1.62281459966614));
#5513=CARTESIAN_POINT('Ctrl Pts',(148.899006921128,-48.8460890998559,-1.64578827641128));
#5514=CARTESIAN_POINT('Ctrl Pts',(148.898095338359,-48.8469350557402,-1.10421172358873));
#5515=CARTESIAN_POINT('Ctrl Pts',(148.898078126718,-48.8368226987793,-1.10473554521116));
#5516=CARTESIAN_POINT('Ctrl Pts',(148.902730461917,-48.318462228836,-1.13158753798731));
#5517=CARTESIAN_POINT('Ctrl Pts',(149.478766451516,-47.3030483470264,-1.18476770191717));
#5518=CARTESIAN_POINT('Ctrl Pts',(151.209300633119,-47.1952253310573,-1.26375221537832));
#5519=CARTESIAN_POINT('Ctrl Pts',(152.245430119862,-48.5854808922692,-1.34273672883946));
#5520=CARTESIAN_POINT('Ctrl Pts',(151.647504112152,-50.2130124846302,-1.42172124230061));
#5521=CARTESIAN_POINT('Ctrl Pts',(149.957773017879,-50.6018356316175,-1.50070575576175));
#5522=CARTESIAN_POINT('Ctrl Pts',(148.995741127565,-49.6757240640464,-1.56153591619113));
#5523=CARTESIAN_POINT('Ctrl Pts',(148.900429579662,-49.0071111732257,-1.59603790546679));
#5524=CARTESIAN_POINT('Ctrl Pts',(148.90165839565,-48.8483699969462,-1.60421172358873));
#5525=CARTESIAN_POINT('Origin',(150.443597668578,-48.8471193473221,7.10421172358873));
#5526=CARTESIAN_POINT('',(148.902143572508,-48.8460439063712,-0.604211723588732));
#5527=CARTESIAN_POINT('',(148.900222567359,-48.848471392166,-0.645788276411274));
#5528=CARTESIAN_POINT('',(148.900597668578,-48.8471193473222,7.10421172358873));
#5529=CARTESIAN_POINT('Ctrl Pts',(148.900222567359,-48.848471392166,-0.645788276411274));
#5530=CARTESIAN_POINT('Ctrl Pts',(148.903873748342,-48.4464518553925,-0.666538050308611));
#5531=CARTESIAN_POINT('Ctrl Pts',(149.26936342976,-47.5284460442173,-0.713615995359663));
#5532=CARTESIAN_POINT('Ctrl Pts',(150.812456381983,-47.0641455062551,-0.787022111564428));
#5533=CARTESIAN_POINT('Ctrl Pts',(152.138301517797,-48.1815113805185,-0.866006625025574));
#5534=CARTESIAN_POINT('Ctrl Pts',(151.927244806202,-49.9025086047862,-0.944991138486718));
#5535=CARTESIAN_POINT('Ctrl Pts',(150.370690132387,-50.6663881761139,-1.02397565194786));
#5536=CARTESIAN_POINT('Ctrl Pts',(149.10767776819,-49.9155915013175,-1.09090803125605));
#5537=CARTESIAN_POINT('Ctrl Pts',(148.903503095534,-49.1246076313764,-1.13151223941052));
#5538=CARTESIAN_POINT('Ctrl Pts',(148.902943397523,-48.8467752180776,-1.14578827641127));
#5539=CARTESIAN_POINT('Ctrl Pts',(148.902143572508,-48.8460439063712,-0.604211723588732));
#5540=CARTESIAN_POINT('Ctrl Pts',(148.900973285184,-48.6668134018093,-0.613433184955541));
#5541=CARTESIAN_POINT('Ctrl Pts',(149.012396070259,-47.9772693629503,-0.648982817476065));
#5542=CARTESIAN_POINT('Ctrl Pts',(150.027441189911,-47.0745930891772,-0.710860621150304));
#5543=CARTESIAN_POINT('Ctrl Pts',(151.700495348981,-47.5298254281059,-0.789845134611449));
#5544=CARTESIAN_POINT('Ctrl Pts',(152.233695235028,-49.1797000869789,-0.868829648072594));
#5545=CARTESIAN_POINT('Ctrl Pts',(151.143478076816,-50.5279583739381,-0.947814161533739));
#5546=CARTESIAN_POINT('Ctrl Pts',(149.429991108818,-50.3530578880961,-1.02627485337245));
#5547=CARTESIAN_POINT('Ctrl Pts',(148.898943213276,-49.3450870648001,-1.07840737405745));
#5548=CARTESIAN_POINT('Ctrl Pts',(148.898095338359,-48.8469350557402,-1.10421172358873));
#5549=CARTESIAN_POINT('Origin',(150.443597668578,-48.8471193473221,7.10421172358873));
#5550=CARTESIAN_POINT('',(148.902214388967,-48.8486267049506,-0.104211723588729));
#5551=CARTESIAN_POINT('',(148.898900038701,-48.8461711984087,-0.145788276411272));
#5552=CARTESIAN_POINT('',(148.900597668578,-48.8471193473222,7.10421172358873));
#5553=CARTESIAN_POINT('',(150.045083826721,-50.3377687755407,0.));
#5554=CARTESIAN_POINT('Ctrl Pts',(150.045083826721,-50.3377687755407,2.22044604925031E-15));
#5555=CARTESIAN_POINT('Ctrl Pts',(149.551903124772,-50.2059206477765,-0.0263281711537129));
#5556=CARTESIAN_POINT('Ctrl Pts',(148.999837069931,-49.684879344989,-0.0610654123499566));
#5557=CARTESIAN_POINT('Ctrl Pts',(148.901038411848,-49.0119586084429,-0.0958026535462004));
#5558=CARTESIAN_POINT('Ctrl Pts',(148.902214388967,-48.8486267049506,-0.104211723588729));
#5559=CARTESIAN_POINT('',(150.843097417203,-50.3402973904178,1.22531272621446E-15));
#5560=CARTESIAN_POINT('Origin',(150.443597668578,-48.8471193473221,0.));
#5561=CARTESIAN_POINT('Ctrl Pts',(150.843100429537,-50.3403051163317,-1.91497208715252E-16));
#5562=CARTESIAN_POINT('Ctrl Pts',(150.369253592255,-50.4657085964873,-0.0253871634713747));
#5563=CARTESIAN_POINT('Ctrl Pts',(149.335108129844,-50.2394287453755,-0.0739832556084652));
#5564=CARTESIAN_POINT('Ctrl Pts',(148.902208292056,-49.2947518086344,-0.122579347745556));
#5565=CARTESIAN_POINT('Ctrl Pts',(148.898900038701,-48.8461711984087,-0.145788276411272));
#5566=CARTESIAN_POINT('Origin',(150.623343898743,-130.031246592388,0.));
#5567=CARTESIAN_POINT('',(149.360830868011,-130.03111664474,-5.80658032638059));
#5568=CARTESIAN_POINT('',(149.359809686596,-130.033096318739,-5.9434196736194));
#5569=CARTESIAN_POINT('',(149.358843898743,-130.031246592388,0.));
#5570=CARTESIAN_POINT('',(149.665227746021,-129.206035293451,-6.));
#5571=CARTESIAN_POINT('Ctrl Pts',(149.359809686596,-130.033096318739,-5.9434196736194));
#5572=CARTESIAN_POINT('Ctrl Pts',(149.362406215522,-129.733901025072,-5.96227978241294));
#5573=CARTESIAN_POINT('Ctrl Pts',(149.46965009605,-129.433111808024,-5.98113989120647));
#5574=CARTESIAN_POINT('Ctrl Pts',(149.665227746021,-129.206035293451,-6.));
#5575=CARTESIAN_POINT('',(151.583304994793,-129.204766756777,-5.99999999999998));
#5576=CARTESIAN_POINT('Origin',(150.623343898743,-130.031246592388,-6.));
#5577=CARTESIAN_POINT('Ctrl Pts',(151.583310442785,-129.204763010875,-5.99999999999999));
#5578=CARTESIAN_POINT('Ctrl Pts',(151.32040637739,-128.901077395094,-5.97461283652862));
#5579=CARTESIAN_POINT('Ctrl Pts',(150.900046261147,-128.731624343727,-5.94922567305725));
#5580=CARTESIAN_POINT('Ctrl Pts',(150.500249706123,-128.770701145558,-5.92383850958588));
#5581=CARTESIAN_POINT('Ctrl Pts',(150.085634180477,-128.811226379026,-5.89751033843216));
#5582=CARTESIAN_POINT('Ctrl Pts',(149.693134897905,-129.076026818148,-5.87118216727846));
#5583=CARTESIAN_POINT('Ctrl Pts',(149.500479134015,-129.445253900347,-5.84485399612474));
#5584=CARTESIAN_POINT('Ctrl Pts',(149.407123579131,-129.624170940984,-5.83209610621003));
#5585=CARTESIAN_POINT('Ctrl Pts',(149.360693251386,-129.827608386277,-5.81933821629531));
#5586=CARTESIAN_POINT('Ctrl Pts',(149.360830868011,-130.03111664474,-5.80658032638059));
#5587=CARTESIAN_POINT('Origin',(150.623343898743,-130.031246592388,0.));
#5588=CARTESIAN_POINT('',(149.358187821751,-130.03230335113,-5.30658032638059));
#5589=CARTESIAN_POINT('',(149.356876245273,-130.030892718387,-5.44341967361941));
#5590=CARTESIAN_POINT('',(149.358843898743,-130.031246592388,0.));
#5591=CARTESIAN_POINT('Ctrl Pts',(149.356876245273,-130.030892718387,-5.44341967361941));
#5592=CARTESIAN_POINT('Ctrl Pts',(149.356804325507,-130.011436003764,-5.4446492510036));
#5593=CARTESIAN_POINT('Ctrl Pts',(149.357214254243,-129.9919824117,-5.44587882838779));
#5594=CARTESIAN_POINT('Ctrl Pts',(149.358115545088,-129.972551644141,-5.44710840577198));
#5595=CARTESIAN_POINT('Ctrl Pts',(149.377414321998,-129.556492776663,-5.47343657692569));
#5596=CARTESIAN_POINT('Ctrl Pts',(149.621997600571,-129.150898711411,-5.4997647480794));
#5597=CARTESIAN_POINT('Ctrl Pts',(149.980969769655,-128.939647664193,-5.52609291923312));
#5598=CARTESIAN_POINT('Ctrl Pts',(150.339941938739,-128.728396616974,-5.55242109038683));
#5599=CARTESIAN_POINT('Ctrl Pts',(150.813302998335,-128.711488587789,-5.57874926154055));
#5600=CARTESIAN_POINT('Ctrl Pts',(151.186392301795,-128.896664440169,-5.60507743269427));
#5601=CARTESIAN_POINT('Ctrl Pts',(151.559481605255,-129.08184029255,-5.63140560384798));
#5602=CARTESIAN_POINT('Ctrl Pts',(151.83229915258,-129.469100026498,-5.65773377500169));
#5603=CARTESIAN_POINT('Ctrl Pts',(151.881176695614,-129.882689029998,-5.68406194615541));
#5604=CARTESIAN_POINT('Ctrl Pts',(151.930054238648,-130.296278033499,-5.71039011730912));
#5605=CARTESIAN_POINT('Ctrl Pts',(151.754991777392,-130.736196306553,-5.73671828846284));
#5606=CARTESIAN_POINT('Ctrl Pts',(151.435290480596,-131.003290684846,-5.76304645961656));
#5607=CARTESIAN_POINT('Ctrl Pts',(151.1155891838,-131.270385063139,-5.78937463077027));
#5608=CARTESIAN_POINT('Ctrl Pts',(150.651249051465,-131.36465554667,-5.81570280192398));
#5609=CARTESIAN_POINT('Ctrl Pts',(150.253001457868,-131.242687348845,-5.8420309730777));
#5610=CARTESIAN_POINT('Ctrl Pts',(149.854753864271,-131.12071915102,-5.86835914423141));
#5611=CARTESIAN_POINT('Ctrl Pts',(149.522598809412,-130.782512271839,-5.89468731538513));
#5612=CARTESIAN_POINT('Ctrl Pts',(149.406962081819,-130.383089383453,-5.92101548653885));
#5613=CARTESIAN_POINT('Ctrl Pts',(149.374161387546,-130.269791918881,-5.92848354889903));
#5614=CARTESIAN_POINT('Ctrl Pts',(149.358781535584,-130.151569077058,-5.93595161125922));
#5615=CARTESIAN_POINT('Ctrl Pts',(149.359809686596,-130.033096318739,-5.9434196736194));
#5616=CARTESIAN_POINT('Ctrl Pts',(149.360830868011,-130.03111664474,-5.80658032638059));
#5617=CARTESIAN_POINT('Ctrl Pts',(149.360977247727,-130.24758381292,-5.79301004514159));
#5618=CARTESIAN_POINT('Ctrl Pts',(149.413811063315,-130.464131099826,-5.77943976390259));
#5619=CARTESIAN_POINT('Ctrl Pts',(149.518902340902,-130.651334512971,-5.76586948266359));
#5620=CARTESIAN_POINT('Ctrl Pts',(149.722793556885,-131.014534318121,-5.73954131150988));
#5621=CARTESIAN_POINT('Ctrl Pts',(150.123388234059,-131.267280203147,-5.71321314035617));
#5622=CARTESIAN_POINT('Ctrl Pts',(150.538982614483,-131.29501711682,-5.68688496920245));
#5623=CARTESIAN_POINT('Ctrl Pts',(150.954576994906,-131.322754030493,-5.66055679804874));
#5624=CARTESIAN_POINT('Ctrl Pts',(151.385171078581,-131.125481972815,-5.63422862689502));
#5625=CARTESIAN_POINT('Ctrl Pts',(151.635542441922,-130.792628240755,-5.6079004557413));
#5626=CARTESIAN_POINT('Ctrl Pts',(151.885913805263,-130.459774508694,-5.58157228458759));
#5627=CARTESIAN_POINT('Ctrl Pts',(151.956062448271,-129.991339102253,-5.55524411343388));
#5628=CARTESIAN_POINT('Ctrl Pts',(151.814166908742,-129.599742245464,-5.52891594228016));
#5629=CARTESIAN_POINT('Ctrl Pts',(151.672271369214,-129.208145388675,-5.50258777112645));
#5630=CARTESIAN_POINT('Ctrl Pts',(151.31833164715,-128.893387081539,-5.47625959997273));
#5631=CARTESIAN_POINT('Ctrl Pts',(150.912845375403,-128.798186608321,-5.44993142881901));
#5632=CARTESIAN_POINT('Ctrl Pts',(150.507359103656,-128.702986135103,-5.4236032576653));
#5633=CARTESIAN_POINT('Ctrl Pts',(150.050326282225,-128.827343495804,-5.39727508651159));
#5634=CARTESIAN_POINT('Ctrl Pts',(149.74898209843,-129.114872420133,-5.37094691535787));
#5635=CARTESIAN_POINT('Ctrl Pts',(149.503408676892,-129.34918741785,-5.34949138569878));
#5636=CARTESIAN_POINT('Ctrl Pts',(149.361228940231,-129.69186555296,-5.32803585603969));
#5637=CARTESIAN_POINT('Ctrl Pts',(149.358187821751,-130.03230335113,-5.30658032638059));
#5638=CARTESIAN_POINT('Origin',(150.623343898743,-130.031246592388,0.));
#5639=CARTESIAN_POINT('',(149.35771828845,-130.030321945607,-4.80658032638059));
#5640=CARTESIAN_POINT('',(149.360318486099,-130.030488218322,-4.94341967361941));
#5641=CARTESIAN_POINT('',(149.358843898743,-130.031246592388,0.));
#5642=CARTESIAN_POINT('Ctrl Pts',(149.360318486099,-130.030488218322,-4.94341967361941));
#5643=CARTESIAN_POINT('Ctrl Pts',(149.359443072873,-129.87229445986,-4.95334689074797));
#5644=CARTESIAN_POINT('Ctrl Pts',(149.387010893608,-129.71439470362,-4.96327410787654));
#5645=CARTESIAN_POINT('Ctrl Pts',(149.444423400901,-129.568216697967,-4.9732013250051));
#5646=CARTESIAN_POINT('Ctrl Pts',(149.596688260106,-129.180535084691,-4.99952949615882));
#5647=CARTESIAN_POINT('Ctrl Pts',(149.958872900699,-128.875301223576,-5.02585766731254));
#5648=CARTESIAN_POINT('Ctrl Pts',(150.366747458241,-128.790920745565,-5.05218583846625));
#5649=CARTESIAN_POINT('Ctrl Pts',(150.774622015784,-128.706540267554,-5.07851400961997));
#5650=CARTESIAN_POINT('Ctrl Pts',(151.228186490276,-128.843013172648,-5.10484218077368));
#5651=CARTESIAN_POINT('Ctrl Pts',(151.521775170749,-129.138457713519,-5.13117035192739));
#5652=CARTESIAN_POINT('Ctrl Pts',(151.815363851223,-129.433902254389,-5.15749852308111));
#5653=CARTESIAN_POINT('Ctrl Pts',(151.948976737678,-129.888318431037,-5.18382669423482));
#5654=CARTESIAN_POINT('Ctrl Pts',(151.862028512498,-130.295652695746,-5.21015486538854));
#5655=CARTESIAN_POINT('Ctrl Pts',(151.775080287318,-130.702986960455,-5.23648303654225));
#5656=CARTESIAN_POINT('Ctrl Pts',(151.467570950503,-131.063239313225,-5.26281120769597));
#5657=CARTESIAN_POINT('Ctrl Pts',(151.078937382761,-131.213059853783,-5.28913937884969));
#5658=CARTESIAN_POINT('Ctrl Pts',(150.690303815019,-131.362880394341,-5.3154675500034));
#5659=CARTESIAN_POINT('Ctrl Pts',(150.22054601635,-131.302269122686,-5.34179572115711));
#5660=CARTESIAN_POINT('Ctrl Pts',(149.88267425464,-131.058701652005,-5.36812389231083));
#5661=CARTESIAN_POINT('Ctrl Pts',(149.560581768844,-130.826509261338,-5.39322248608035));
#5662=CARTESIAN_POINT('Ctrl Pts',(149.358344298448,-130.428050459477,-5.41832107984988));
#5663=CARTESIAN_POINT('Ctrl Pts',(149.356876245273,-130.030892718387,-5.44341967361941));
#5664=CARTESIAN_POINT('Ctrl Pts',(149.358187821751,-130.03230335113,-5.30658032638059));
#5665=CARTESIAN_POINT('Ctrl Pts',(149.357497170887,-130.109618214387,-5.30170768488597));
#5666=CARTESIAN_POINT('Ctrl Pts',(149.363982779348,-130.186817529286,-5.29683504339135));
#5667=CARTESIAN_POINT('Ctrl Pts',(149.378063334782,-130.262605774917,-5.29196240189672));
#5668=CARTESIAN_POINT('Ctrl Pts',(149.454144301092,-130.672109717416,-5.26563423074301));
#5669=CARTESIAN_POINT('Ctrl Pts',(149.751961779874,-131.040417114455,-5.2393060595893));
#5670=CARTESIAN_POINT('Ctrl Pts',(150.136471930716,-131.200522286122,-5.21297788843558));
#5671=CARTESIAN_POINT('Ctrl Pts',(150.520982081559,-131.360627457789,-5.18664971728187));
#5672=CARTESIAN_POINT('Ctrl Pts',(150.992184904461,-131.312530404084,-5.16032154612815));
#5673=CARTESIAN_POINT('Ctrl Pts',(151.336417260907,-131.078040089279,-5.13399337497443));
#5674=CARTESIAN_POINT('Ctrl Pts',(151.680649617352,-130.843549774474,-5.10766520382072));
#5675=CARTESIAN_POINT('Ctrl Pts',(151.89791150734,-130.422666198568,-5.08133703266701));
#5676=CARTESIAN_POINT('Ctrl Pts',(151.889686961374,-130.006236075029,-5.05500886151329));
#5677=CARTESIAN_POINT('Ctrl Pts',(151.881462415409,-129.589805951491,-5.02868069035958));
#5678=CARTESIAN_POINT('Ctrl Pts',(151.647751433491,-129.17782928032,-5.00235251920586));
#5679=CARTESIAN_POINT('Ctrl Pts',(151.294528623258,-128.957113797353,-4.97602434805214));
#5680=CARTESIAN_POINT('Ctrl Pts',(150.941305813026,-128.736398314386,-4.94969617689843));
#5681=CARTESIAN_POINT('Ctrl Pts',(150.468571174479,-128.706944019623,-4.92336800574472));
#5682=CARTESIAN_POINT('Ctrl Pts',(150.090682729478,-128.882106779278,-4.897039834591));
#5683=CARTESIAN_POINT('Ctrl Pts',(149.712794284477,-129.057269538934,-4.87071166343729));
#5684=CARTESIAN_POINT('Ctrl Pts',(149.429752033022,-129.437049353007,-4.84438349228357));
#5685=CARTESIAN_POINT('Ctrl Pts',(149.369899427355,-129.849237832239,-4.81805532112985));
#5686=CARTESIAN_POINT('Ctrl Pts',(149.361203946359,-129.909121224914,-4.8142303228801));
#5687=CARTESIAN_POINT('Ctrl Pts',(149.357219270494,-129.969688658759,-4.81040532463035));
#5688=CARTESIAN_POINT('Ctrl Pts',(149.35771828845,-130.030321945607,-4.80658032638059));
#5689=CARTESIAN_POINT('Origin',(150.623343898743,-130.031246592388,0.));
#5690=CARTESIAN_POINT('',(149.360789812178,-130.031082771687,-4.30658032638059));
#5691=CARTESIAN_POINT('',(149.359499419095,-130.032316403311,-4.44341967361941));
#5692=CARTESIAN_POINT('',(149.358843898743,-130.031246592388,0.));
#5693=CARTESIAN_POINT('Ctrl Pts',(149.359499419095,-130.032316403311,-4.44341967361941));
#5694=CARTESIAN_POINT('Ctrl Pts',(149.361922471953,-129.736007907552,-4.46204453049235));
#5695=CARTESIAN_POINT('Ctrl Pts',(149.466053805364,-129.438165221857,-4.48066938736529));
#5696=CARTESIAN_POINT('Ctrl Pts',(149.656351270402,-129.213215136561,-4.49929424423823));
#5697=CARTESIAN_POINT('Ctrl Pts',(149.925356517733,-128.895224808522,-4.52562241539195));
#5698=CARTESIAN_POINT('Ctrl Pts',(150.366545487709,-128.722894022732,-4.55195058654566));
#5699=CARTESIAN_POINT('Ctrl Pts',(150.779864275939,-128.774364906136,-4.57827875769938));
#5700=CARTESIAN_POINT('Ctrl Pts',(151.193183064168,-128.825835789539,-4.60460692885309));
#5701=CARTESIAN_POINT('Ctrl Pts',(151.578631670651,-129.101108342136,-4.63093510000681));
#5702=CARTESIAN_POINT('Ctrl Pts',(151.761431246412,-129.475362252712,-4.65726327116052));
#5703=CARTESIAN_POINT('Ctrl Pts',(151.944230822172,-129.849616163288,-4.68359144231424));
#5704=CARTESIAN_POINT('Ctrl Pts',(151.924381367211,-130.322851431843,-4.70991961346795));
#5705=CARTESIAN_POINT('Ctrl Pts',(151.710883477057,-130.680482970998,-4.73624778462167));
#5706=CARTESIAN_POINT('Ctrl Pts',(151.497385586902,-131.038114510152,-4.76257595577539));
#5707=CARTESIAN_POINT('Ctrl Pts',(151.090239261554,-131.280142319905,-4.7889041269291));
#5708=CARTESIAN_POINT('Ctrl Pts',(150.674062007189,-131.296820710192,-4.81523229808281));
#5709=CARTESIAN_POINT('Ctrl Pts',(150.257884752824,-131.313499100478,-4.84156046923653));
#5710=CARTESIAN_POINT('Ctrl Pts',(149.832676569442,-131.104828071296,-4.86788864039025));
#5711=CARTESIAN_POINT('Ctrl Pts',(149.59124501666,-130.765427873988,-4.89421681154396));
#5712=CARTESIAN_POINT('Ctrl Pts',(149.440846883259,-130.554000843994,-4.91061776556911));
#5713=CARTESIAN_POINT('Ctrl Pts',(149.361764773803,-130.29184329155,-4.92701871959426));
#5714=CARTESIAN_POINT('Ctrl Pts',(149.360318486099,-130.030488218322,-4.94341967361941));
#5715=CARTESIAN_POINT('Ctrl Pts',(149.35771828845,-130.030321945607,-4.80658032638059));
#5716=CARTESIAN_POINT('Ctrl Pts',(149.360654103474,-130.387038798422,-4.78407715347663));
#5717=CARTESIAN_POINT('Ctrl Pts',(149.518778934991,-130.746034946685,-4.76157398057267));
#5718=CARTESIAN_POINT('Ctrl Pts',(149.785846555438,-130.981429955364,-4.73907080766871));
#5719=CARTESIAN_POINT('Ctrl Pts',(150.098309249066,-131.256836454869,-4.712742636515));
#5720=CARTESIAN_POINT('Ctrl Pts',(150.559897596199,-131.363052309489,-4.68641446536128));
#5721=CARTESIAN_POINT('Ctrl Pts',(150.961307747019,-131.25191471471,-4.66008629420756));
#5722=CARTESIAN_POINT('Ctrl Pts',(151.36271789784,-131.140777119931,-4.63375812305385));
#5723=CARTESIAN_POINT('Ctrl Pts',(151.703949852348,-130.812286075754,-4.60742995190013));
#5724=CARTESIAN_POINT('Ctrl Pts',(151.830274479209,-130.415393440869,-4.58110178074642));
#5725=CARTESIAN_POINT('Ctrl Pts',(151.956599106071,-130.018500805984,-4.5547736095927));
#5726=CARTESIAN_POINT('Ctrl Pts',(151.868016405286,-129.553206580391,-4.52844543843899));
#5727=CARTESIAN_POINT('Ctrl Pts',(151.604693554355,-129.230495020495,-4.50211726728527));
#5728=CARTESIAN_POINT('Ctrl Pts',(151.341370703424,-128.907783460599,-4.47578909613156));
#5729=CARTESIAN_POINT('Ctrl Pts',(150.903307702346,-128.7276545664,-4.44946092497784));
#5730=CARTESIAN_POINT('Ctrl Pts',(150.489141008676,-128.771786465487,-4.42313275382413));
#5731=CARTESIAN_POINT('Ctrl Pts',(150.074974315006,-128.815918364574,-4.39680458267041));
#5732=CARTESIAN_POINT('Ctrl Pts',(149.684703928742,-129.084311056947,-4.3704764115167));
#5733=CARTESIAN_POINT('Ctrl Pts',(149.495295097089,-129.455263842677,-4.34414824036298));
#5734=CARTESIAN_POINT('Ctrl Pts',(149.405205351855,-129.631702510654,-4.33162560236885));
#5735=CARTESIAN_POINT('Ctrl Pts',(149.360556523619,-129.831343352379,-4.31910296437472));
#5736=CARTESIAN_POINT('Ctrl Pts',(149.360789812178,-130.031082771687,-4.30658032638059));
#5737=CARTESIAN_POINT('Origin',(150.623343898743,-130.031246592388,0.));
#5738=CARTESIAN_POINT('',(149.358297803652,-130.032323678711,-3.8065803263806));
#5739=CARTESIAN_POINT('',(149.356834366341,-130.030962636461,-3.94341967361941));
#5740=CARTESIAN_POINT('',(149.358843898743,-130.031246592388,0.));
#5741=CARTESIAN_POINT('Ctrl Pts',(149.356834366341,-130.030962636461,-3.94341967361941));
#5742=CARTESIAN_POINT('Ctrl Pts',(149.356786098805,-130.015229733585,-3.94441399908301));
#5743=CARTESIAN_POINT('Ctrl Pts',(149.357054159236,-129.99949851317,-3.94540832454662));
#5744=CARTESIAN_POINT('Ctrl Pts',(149.357643671218,-129.983779348074,-3.94640265001022));
#5745=CARTESIAN_POINT('Ctrl Pts',(149.373253019399,-129.567560630769,-3.97273082116393));
#5746=CARTESIAN_POINT('Ctrl Pts',(149.614234279595,-129.159793980834,-3.99905899231765));
#5747=CARTESIAN_POINT('Ctrl Pts',(149.97131626512,-128.945378197855,-4.02538716347136));
#5748=CARTESIAN_POINT('Ctrl Pts',(150.328398250645,-128.730962414876,-4.05171533462508));
#5749=CARTESIAN_POINT('Ctrl Pts',(150.8015809615,-128.709897498852,-4.07804350577879));
#5750=CARTESIAN_POINT('Ctrl Pts',(151.176303164649,-128.891735181543,-4.10437167693251));
#5751=CARTESIAN_POINT('Ctrl Pts',(151.551025367798,-129.073572864233,-4.13069984808623));
#5752=CARTESIAN_POINT('Ctrl Pts',(151.827287063242,-129.458313145637,-4.15702801923994));
#5753=CARTESIAN_POINT('Ctrl Pts',(151.879819409421,-129.871498364417,-4.18335619039366));
#5754=CARTESIAN_POINT('Ctrl Pts',(151.932351755599,-130.284683583197,-4.20968436154737));
#5755=CARTESIAN_POINT('Ctrl Pts',(151.761154752513,-130.726313739352,-4.23601253270109));
#5756=CARTESIAN_POINT('Ctrl Pts',(151.443856426855,-130.996134874293,-4.2623407038548));
#5757=CARTESIAN_POINT('Ctrl Pts',(151.126558101197,-131.265956009234,-4.28866887500851));
#5758=CARTESIAN_POINT('Ctrl Pts',(150.663158452967,-131.363968122961,-4.31499704616223));
#5759=CARTESIAN_POINT('Ctrl Pts',(150.263782657012,-131.245728341239,-4.34132521731594));
#5760=CARTESIAN_POINT('Ctrl Pts',(149.864406861057,-131.127488559517,-4.36765338846966));
#5761=CARTESIAN_POINT('Ctrl Pts',(149.529054917377,-130.792996882347,-4.39398155962338));
#5762=CARTESIAN_POINT('Ctrl Pts',(149.40978970788,-130.393926108618,-4.42030973077709));
#5763=CARTESIAN_POINT('Ctrl Pts',(149.374894105518,-130.277162677829,-4.42801304505786));
#5764=CARTESIAN_POINT('Ctrl Pts',(149.358497234874,-130.154870766143,-4.43571635933864));
#5765=CARTESIAN_POINT('Ctrl Pts',(149.359499419095,-130.032316403311,-4.44341967361941));
#5766=CARTESIAN_POINT('Ctrl Pts',(149.360789812178,-130.031082771687,-4.30658032638059));
#5767=CARTESIAN_POINT('Ctrl Pts',(149.361047000236,-130.251284711392,-4.29277479322101));
#5768=CARTESIAN_POINT('Ctrl Pts',(149.415853345642,-130.471606461046,-4.27896926006142));
#5769=CARTESIAN_POINT('Ctrl Pts',(149.524460112551,-130.661091534614,-4.26516372690184));
#5770=CARTESIAN_POINT('Ctrl Pts',(149.731581236712,-131.022453561731,-4.23883555574812));
#5771=CARTESIAN_POINT('Ctrl Pts',(150.134370762076,-131.271664736878,-4.21250738459441));
#5772=CARTESIAN_POINT('Ctrl Pts',(150.550186729804,-131.295722078703,-4.18617921344069));
#5773=CARTESIAN_POINT('Ctrl Pts',(150.966002697533,-131.319779420529,-4.15985104228698));
#5774=CARTESIAN_POINT('Ctrl Pts',(151.394845107625,-131.118682929034,-4.13352287113326));
#5775=CARTESIAN_POINT('Ctrl Pts',(151.642258511491,-130.783618334798,-4.10719469997955));
#5776=CARTESIAN_POINT('Ctrl Pts',(151.889671915356,-130.448553740563,-4.08086652882583));
#5777=CARTESIAN_POINT('Ctrl Pts',(151.955656312994,-129.979521043586,-4.05453835767212));
#5778=CARTESIAN_POINT('Ctrl Pts',(151.810291562799,-129.589199683526,-4.02821018651841));
#5779=CARTESIAN_POINT('Ctrl Pts',(151.664926812604,-129.198878323466,-4.00188201536469));
#5780=CARTESIAN_POINT('Ctrl Pts',(151.308212914576,-128.887268300322,-3.97555384421097));
#5781=CARTESIAN_POINT('Ctrl Pts',(150.901899171995,-128.795666895811,-3.94922567305726));
#5782=CARTESIAN_POINT('Ctrl Pts',(150.495585429414,-128.7040654913,-3.92289750190354));
#5783=CARTESIAN_POINT('Ctrl Pts',(150.03967184228,-128.832472705422,-3.89656933074983));
#5784=CARTESIAN_POINT('Ctrl Pts',(149.740889086033,-129.122663227819,-3.87024115959611));
#5785=CARTESIAN_POINT('Ctrl Pts',(149.500072774333,-129.356554273512,-3.84902088185761));
#5786=CARTESIAN_POINT('Ctrl Pts',(149.361332111551,-129.695543319915,-3.8278006041191));
#5787=CARTESIAN_POINT('Ctrl Pts',(149.358297803652,-130.032323678711,-3.8065803263806));
#5788=CARTESIAN_POINT('Origin',(150.623343898743,-130.031246592388,0.));
#5789=CARTESIAN_POINT('',(149.357619515634,-130.030360561708,-3.3065803263806));
#5790=CARTESIAN_POINT('',(149.360247383812,-130.030444416249,-3.44341967361941));
#5791=CARTESIAN_POINT('',(149.358843898743,-130.031246592388,0.));
#5792=CARTESIAN_POINT('Ctrl Pts',(149.360247383812,-130.030444416249,-3.44341967361941));
#5793=CARTESIAN_POINT('Ctrl Pts',(149.359340048435,-129.876021336418,-3.45311163882739));
#5794=CARTESIAN_POINT('Ctrl Pts',(149.385579208808,-129.721895865181,-3.46280360403537));
#5795=CARTESIAN_POINT('Ctrl Pts',(149.440363291407,-129.578690421394,-3.47249556924335));
#5796=CARTESIAN_POINT('Ctrl Pts',(149.58918395597,-129.189673606614,-3.49882374039706));
#5797=CARTESIAN_POINT('Ctrl Pts',(149.948647390083,-128.881239419008,-3.52515191155078));
#5798=CARTESIAN_POINT('Ctrl Pts',(150.355757533471,-128.793245080935,-3.55148008270449));
#5799=CARTESIAN_POINT('Ctrl Pts',(150.762867676859,-128.705250742861,-3.57780825385821));
#5800=CARTESIAN_POINT('Ctrl Pts',(151.217624529521,-128.83769625432,-3.60413642501192));
#5801=CARTESIAN_POINT('Ctrl Pts',(151.513821928791,-129.130525168616,-3.63046459616564));
#5802=CARTESIAN_POINT('Ctrl Pts',(151.810019328061,-129.423354082913,-3.65679276731935));
#5803=CARTESIAN_POINT('Ctrl Pts',(151.947657273938,-129.876566400048,-3.68312093847307));
#5804=CARTESIAN_POINT('Ctrl Pts',(151.864324848389,-130.284656315673,-3.70944910962679));
#5805=CARTESIAN_POINT('Ctrl Pts',(151.78099242284,-130.692746231298,-3.7357772807805));
#5806=CARTESIAN_POINT('Ctrl Pts',(151.476689625864,-131.055713745413,-3.76210545193421));
#5807=CARTESIAN_POINT('Ctrl Pts',(151.089400331012,-131.208973898338,-3.78843362308793));
#5808=CARTESIAN_POINT('Ctrl Pts',(150.702111036159,-131.362234051263,-3.81476179424164));
#5809=CARTESIAN_POINT('Ctrl Pts',(150.23183524343,-131.305786842998,-3.84108996539536));
#5810=CARTESIAN_POINT('Ctrl Pts',(149.891816065149,-131.065227846527,-3.86741813654908));
#5811=CARTESIAN_POINT('Ctrl Pts',(149.564638254585,-130.83375394504,-3.89275198223919));
#5812=CARTESIAN_POINT('Ctrl Pts',(149.358064147091,-130.431812205658,-3.9180858279293));
#5813=CARTESIAN_POINT('Ctrl Pts',(149.356834366341,-130.030962636461,-3.94341967361941));
#5814=CARTESIAN_POINT('Ctrl Pts',(149.358297803652,-130.032323678711,-3.8065803263806));
#5815=CARTESIAN_POINT('Ctrl Pts',(149.357567421066,-130.113389449775,-3.80147243296539));
#5816=CARTESIAN_POINT('Ctrl Pts',(149.364699919617,-130.194327248585,-3.79636453955018));
#5817=CARTESIAN_POINT('Ctrl Pts',(149.380164337569,-130.273640498096,-3.79125664613497));
#5818=CARTESIAN_POINT('Ctrl Pts',(149.459874270713,-130.682453415305,-3.76492847498125));
#5819=CARTESIAN_POINT('Ctrl Pts',(149.76094606236,-131.048105419053,-3.73860030382753));
#5820=CARTESIAN_POINT('Ctrl Pts',(150.146860914655,-131.204794287507,-3.71227213267382));
#5821=CARTESIAN_POINT('Ctrl Pts',(150.532775766949,-131.361483155961,-3.6859439615201));
#5822=CARTESIAN_POINT('Ctrl Pts',(151.003533679891,-131.309208889123,-3.65961579036639));
#5823=CARTESIAN_POINT('Ctrl Pts',(151.345672927274,-131.071674870256,-3.63328761921268));
#5824=CARTESIAN_POINT('Ctrl Pts',(151.687812174657,-130.834140851389,-3.60695944805896));
#5825=CARTESIAN_POINT('Ctrl Pts',(151.901332756483,-130.411347080494,-3.58063127690525));
#5826=CARTESIAN_POINT('Ctrl Pts',(151.889415329466,-129.995006295017,-3.55430310575153));
#5827=CARTESIAN_POINT('Ctrl Pts',(151.87749790245,-129.578665509539,-3.52797493459782));
#5828=CARTESIAN_POINT('Ctrl Pts',(151.640142466591,-129.168777709478,-3.5016467634441));
#5829=CARTESIAN_POINT('Ctrl Pts',(151.284976105089,-128.951203514371,-3.47531859229039));
#5830=CARTESIAN_POINT('Ctrl Pts',(150.929809743587,-128.733629319264,-3.44899042113667));
#5831=CARTESIAN_POINT('Ctrl Pts',(150.456832456442,-128.708368729111,-3.42266224998295));
#5832=CARTESIAN_POINT('Ctrl Pts',(150.080512328828,-128.886875973423,-3.39633407882924));
#5833=CARTESIAN_POINT('Ctrl Pts',(149.704192201215,-129.065383217735,-3.37000590767552));
#5834=CARTESIAN_POINT('Ctrl Pts',(149.424529233133,-129.447658296512,-3.34367773652181));
#5835=CARTESIAN_POINT('Ctrl Pts',(149.368334548265,-129.860361376355,-3.3173495653681));
#5836=CARTESIAN_POINT('Ctrl Pts',(149.360672616012,-129.916631876773,-3.31375981903893));
#5837=CARTESIAN_POINT('Ctrl Pts',(149.357165023667,-129.973468042516,-3.31017007270976));
#5838=CARTESIAN_POINT('Ctrl Pts',(149.357619515634,-130.030360561708,-3.3065803263806));
#5839=CARTESIAN_POINT('Origin',(150.623343898743,-130.031246592388,0.));
#5840=CARTESIAN_POINT('',(149.360772553868,-130.031023358998,-2.80658032638059));
#5841=CARTESIAN_POINT('',(149.359599488525,-130.032295512925,-2.94341967361941));
#5842=CARTESIAN_POINT('',(149.358843898743,-130.031246592388,0.));
#5843=CARTESIAN_POINT('Ctrl Pts',(149.359599488525,-130.032295512925,-2.94341967361941));
#5844=CARTESIAN_POINT('Ctrl Pts',(149.361931303294,-129.739670980474,-2.96180927857177));
#5845=CARTESIAN_POINT('Ctrl Pts',(149.463217841564,-129.445589607467,-2.98019888352412));
#5846=CARTESIAN_POINT('Ctrl Pts',(149.649134446762,-129.221823248946,-2.99858848847648));
#5847=CARTESIAN_POINT('Ctrl Pts',(149.915308962998,-128.901459706562,-3.0249166596302));
#5848=CARTESIAN_POINT('Ctrl Pts',(150.354952237567,-128.725222934932,-3.05124483078391));
#5849=CARTESIAN_POINT('Ctrl Pts',(150.768711249048,-128.773026206801,-3.07757300193762));
#5850=CARTESIAN_POINT('Ctrl Pts',(151.182470260528,-128.820829478671,-3.10390117309134));
#5851=CARTESIAN_POINT('Ctrl Pts',(151.570345008918,-129.092672794038,-3.13022934424506));
#5852=CARTESIAN_POINT('Ctrl Pts',(151.756456531664,-129.465290793447,-3.15655751539877));
#5853=CARTESIAN_POINT('Ctrl Pts',(151.94256805441,-129.837908792856,-3.18288568655249));
#5854=CARTESIAN_POINT('Ctrl Pts',(151.926916351511,-130.311301476307,-3.2092138577062));
#5855=CARTESIAN_POINT('Ctrl Pts',(151.716598572961,-130.670812400214,-3.23554202885992));
#5856=CARTESIAN_POINT('Ctrl Pts',(151.506280794411,-131.03032332412,-3.26187020001363));
#5857=CARTESIAN_POINT('Ctrl Pts',(151.10129694021,-131.275952488483,-3.28819837116734));
#5858=CARTESIAN_POINT('Ctrl Pts',(150.685283971578,-131.296321148537,-3.31452654232106));
#5859=CARTESIAN_POINT('Ctrl Pts',(150.269271002946,-131.316689808591,-3.34085471347477));
#5860=CARTESIAN_POINT('Ctrl Pts',(149.842228919883,-131.111797964336,-3.36718288462849));
#5861=CARTESIAN_POINT('Ctrl Pts',(149.597796825857,-130.774552321232,-3.3935110557822));
#5862=CARTESIAN_POINT('Ctrl Pts',(149.443345434904,-130.561454041818,-3.41014726172794));
#5863=CARTESIAN_POINT('Ctrl Pts',(149.361804820088,-130.29551079894,-3.42678346767367));
#5864=CARTESIAN_POINT('Ctrl Pts',(149.360247383812,-130.030444416249,-3.44341967361941));
#5865=CARTESIAN_POINT('Ctrl Pts',(149.357619515634,-130.030360561708,-3.3065803263806));
#5866=CARTESIAN_POINT('Ctrl Pts',(149.36049839076,-130.390733176404,-3.28384190155605));
#5867=CARTESIAN_POINT('Ctrl Pts',(149.52234791412,-130.753366859684,-3.2611034767315));
#5868=CARTESIAN_POINT('Ctrl Pts',(149.79430635581,-130.988820077428,-3.23836505190695));
#5869=CARTESIAN_POINT('Ctrl Pts',(150.109199249875,-131.26144461775,-3.21203688075323));
#5870=CARTESIAN_POINT('Ctrl Pts',(150.571711439661,-131.363562617486,-3.18570870959952));
#5871=CARTESIAN_POINT('Ctrl Pts',(150.972120161707,-131.248869417912,-3.1593805384458));
#5872=CARTESIAN_POINT('Ctrl Pts',(151.372528883753,-131.134176218339,-3.13305236729209));
#5873=CARTESIAN_POINT('Ctrl Pts',(151.71083413806,-130.802671819455,-3.10672419613837));
#5874=CARTESIAN_POINT('Ctrl Pts',(151.83363388595,-130.40467446188,-3.08039602498466));
#5875=CARTESIAN_POINT('Ctrl Pts',(151.95643363384,-130.006677104304,-3.05406785383094));
#5876=CARTESIAN_POINT('Ctrl Pts',(151.863727875314,-129.542186788037,-3.02773968267723));
#5877=CARTESIAN_POINT('Ctrl Pts',(151.597553357286,-129.221823243495,-3.00141151152352));
#5878=CARTESIAN_POINT('Ctrl Pts',(151.331378839257,-128.901459698953,-2.9750833403698));
#5879=CARTESIAN_POINT('Ctrl Pts',(150.891735561727,-128.725222926137,-2.94875516921608));
#5880=CARTESIAN_POINT('Ctrl Pts',(150.47797654746,-128.773026198328,-2.92242699806237));
#5881=CARTESIAN_POINT('Ctrl Pts',(150.064217533194,-128.820829470519,-2.89609882690865));
#5882=CARTESIAN_POINT('Ctrl Pts',(149.676342782191,-129.092672787717,-2.86977065575494));
#5883=CARTESIAN_POINT('Ctrl Pts',(149.490231258192,-129.465290789635,-2.84344248460122));
#5884=CARTESIAN_POINT('Ctrl Pts',(149.403372807798,-129.639192015846,-2.83115509852768));
#5885=CARTESIAN_POINT('Ctrl Pts',(149.36046038647,-129.835042966442,-2.81886771245414));
#5886=CARTESIAN_POINT('Ctrl Pts',(149.360772553868,-130.031023358998,-2.80658032638059));
#5887=CARTESIAN_POINT('Origin',(150.623343898743,-130.031246592388,0.));
#5888=CARTESIAN_POINT('',(149.358408665905,-130.032340521625,-2.30658032638059));
#5889=CARTESIAN_POINT('',(149.356801553122,-130.031028642552,-2.44341967361941));
#5890=CARTESIAN_POINT('',(149.358843898743,-130.031246592388,0.));
#5891=CARTESIAN_POINT('Ctrl Pts',(149.356801553122,-130.031028642552,-2.44341967361941));
#5892=CARTESIAN_POINT('Ctrl Pts',(149.356772681448,-130.019018892492,-2.44417874716243));
#5893=CARTESIAN_POINT('Ctrl Pts',(149.356928882477,-130.007009911887,-2.44493782070545));
#5894=CARTESIAN_POINT('Ctrl Pts',(149.357272476547,-129.995006295261,-2.44569689424846));
#5895=CARTESIAN_POINT('Ctrl Pts',(149.369189903483,-129.578665512587,-2.47202506540218));
#5896=CARTESIAN_POINT('Ctrl Pts',(149.606545337743,-129.168777715286,-2.4983532365559));
#5897=CARTESIAN_POINT('Ctrl Pts',(149.961711696853,-128.951203521644,-2.52468140770961));
#5898=CARTESIAN_POINT('Ctrl Pts',(150.316878055963,-128.733629328002,-2.55100957886333));
#5899=CARTESIAN_POINT('Ctrl Pts',(150.789855339924,-128.708368738019,-2.57733775001704));
#5900=CARTESIAN_POINT('Ctrl Pts',(151.166175465003,-128.886875981129,-2.60366592117075));
#5901=CARTESIAN_POINT('Ctrl Pts',(151.542495590082,-129.065383224239,-2.62999409232447));
#5902=CARTESIAN_POINT('Ctrl Pts',(151.82215855628,-129.447658300442,-2.65632226347818));
#5903=CARTESIAN_POINT('Ctrl Pts',(151.87835324077,-129.860361377506,-2.6826504346319));
#5904=CARTESIAN_POINT('Ctrl Pts',(151.934547925259,-130.273064454569,-2.70897860578561));
#5905=CARTESIAN_POINT('Ctrl Pts',(151.767274328039,-130.716195532493,-2.73530677693933));
#5906=CARTESIAN_POINT('Ctrl Pts',(151.452381436094,-130.988820070979,-2.76163494809304));
#5907=CARTESIAN_POINT('Ctrl Pts',(151.137488544149,-131.261444609465,-2.78796311924676));
#5908=CARTESIAN_POINT('Ctrl Pts',(150.674976357478,-131.363562608514,-2.81429129040048));
#5909=CARTESIAN_POINT('Ctrl Pts',(150.274567638129,-131.248869409712,-2.84061946155419));
#5910=CARTESIAN_POINT('Ctrl Pts',(149.874158918779,-131.134176210911,-2.8669476327079));
#5911=CARTESIAN_POINT('Ctrl Pts',(149.535853666751,-130.80267181426,-2.89327580386162));
#5912=CARTESIAN_POINT('Ctrl Pts',(149.413053919687,-130.404674459365,-2.91960397501533));
#5913=CARTESIAN_POINT('Ctrl Pts',(149.376026892026,-130.284668845175,-2.92754254121669));
#5914=CARTESIAN_POINT('Ctrl Pts',(149.358592872778,-130.158617923277,-2.93548110741805));
#5915=CARTESIAN_POINT('Ctrl Pts',(149.359599488525,-130.032295512925,-2.94341967361941));
#5916=CARTESIAN_POINT('Ctrl Pts',(149.360772553868,-130.031023358998,-2.80658032638059));
#5917=CARTESIAN_POINT('Ctrl Pts',(149.361129267274,-130.254969978347,-2.79253954130042));
#5918=CARTESIAN_POINT('Ctrl Pts',(149.417926973542,-130.47908561799,-2.77849875622025));
#5919=CARTESIAN_POINT('Ctrl Pts',(149.530089217164,-130.670812404521,-2.76445797114008));
#5920=CARTESIAN_POINT('Ctrl Pts',(149.74040699713,-131.030323330849,-2.73812979998636));
#5921=CARTESIAN_POINT('Ctrl Pts',(150.145390854058,-131.275952496865,-2.71180162883265));
#5922=CARTESIAN_POINT('Ctrl Pts',(150.561403825492,-131.296321157056,-2.68547345767893));
#5923=CARTESIAN_POINT('Ctrl Pts',(150.977416796925,-131.316689817247,-2.65914528652522));
#5924=CARTESIAN_POINT('Ctrl Pts',(151.404458882864,-131.111797971613,-2.6328171153715));
#5925=CARTESIAN_POINT('Ctrl Pts',(151.648890978536,-130.774552326238,-2.60648894421779));
#5926=CARTESIAN_POINT('Ctrl Pts',(151.893323074208,-130.437306680863,-2.58016077306407));
#5927=CARTESIAN_POINT('Ctrl Pts',(151.955145179612,-129.967707235746,-2.55383260191036));
#5928=CARTESIAN_POINT('Ctrl Pts',(151.806324514047,-129.578690418346,-2.52750443075664));
#5929=CARTESIAN_POINT('Ctrl Pts',(151.657503848482,-129.189673600947,-2.50117625960293));
#5930=CARTESIAN_POINT('Ctrl Pts',(151.298040411947,-128.881239411264,-2.47484808844921));
#5931=CARTESIAN_POINT('Ctrl Pts',(150.890930265818,-128.793245072598,-2.4485199172955));
#5932=CARTESIAN_POINT('Ctrl Pts',(150.483820119688,-128.705250733931,-2.42219174614178));
#5933=CARTESIAN_POINT('Ctrl Pts',(150.029063263963,-128.837696246282,-2.39586357498807));
#5934=CARTESIAN_POINT('Ctrl Pts',(149.732865862699,-129.13052516255,-2.36953540383435));
#5935=CARTESIAN_POINT('Ctrl Pts',(149.49677995774,-129.363926196456,-2.34855037801643));
#5936=CARTESIAN_POINT('Ctrl Pts',(149.361426590133,-129.699218519538,-2.32756535219851));
#5937=CARTESIAN_POINT('Ctrl Pts',(149.358408665905,-130.032340521625,-2.30658032638059));
#5938=CARTESIAN_POINT('Origin',(150.623343898743,-130.031246592388,0.));
#5939=CARTESIAN_POINT('',(149.357523994403,-130.030402286063,-1.80658032638059));
#5940=CARTESIAN_POINT('',(149.360172154505,-130.030402837902,-1.94341967361941));
#5941=CARTESIAN_POINT('',(149.358843898743,-130.031246592388,0.));
#5942=CARTESIAN_POINT('Ctrl Pts',(149.360172154505,-130.030402837902,-1.94341967361941));
#5943=CARTESIAN_POINT('Ctrl Pts',(149.359237384173,-129.879750620035,-1.9528763869068));
#5944=CARTESIAN_POINT('Ctrl Pts',(149.384183244391,-129.729397695154,-1.9623331001942));
#5945=CARTESIAN_POINT('Ctrl Pts',(149.436396242681,-129.589199686503,-1.97178981348159));
#5946=CARTESIAN_POINT('Ctrl Pts',(149.581760991897,-129.198878329071,-1.99811798463531));
#5947=CARTESIAN_POINT('Ctrl Pts',(149.938474887523,-128.887268308026,-2.02444615578903));
#5948=CARTESIAN_POINT('Ctrl Pts',(150.344788627367,-128.795666904132,-2.05077432694274));
#5949=CARTESIAN_POINT('Ctrl Pts',(150.751102367212,-128.704065500238,-2.07710249809646));
#5950=CARTESIAN_POINT('Ctrl Pts',(151.207015951276,-128.832472713495,-2.10343066925017));
#5951=CARTESIAN_POINT('Ctrl Pts',(151.505798705511,-129.122663233938,-2.12975884040389));
#5952=CARTESIAN_POINT('Ctrl Pts',(151.804581459746,-129.41285375438,-2.1560870115576));
#5953=CARTESIAN_POINT('Ctrl Pts',(151.946233384152,-129.864827582007,-2.18241518271132));
#5954=CARTESIAN_POINT('Ctrl Pts',(151.866523451546,-130.273640496463,-2.20874335386503));
#5955=CARTESIAN_POINT('Ctrl Pts',(151.786813518939,-130.682453410919,-2.23507152501875));
#5956=CARTESIAN_POINT('Ctrl Pts',(151.485741729319,-131.048105412205,-2.26139969617246));
#5957=CARTESIAN_POINT('Ctrl Pts',(151.099826879623,-131.204794279604,-2.28772786732618));
#5958=CARTESIAN_POINT('Ctrl Pts',(150.713912029928,-131.361483147003,-2.31405603847989));
#5959=CARTESIAN_POINT('Ctrl Pts',(150.243154120157,-131.309208880516,-2.34038420963361));
#5960=CARTESIAN_POINT('Ctrl Pts',(149.901014875077,-131.071674863249,-2.36671238078732));
#5961=CARTESIAN_POINT('Ctrl Pts',(149.56873992507,-130.840989243732,-2.39228147839802));
#5962=CARTESIAN_POINT('Ctrl Pts',(149.357774084245,-130.435572410915,-2.41785057600871));
#5963=CARTESIAN_POINT('Ctrl Pts',(149.356801553122,-130.031028642552,-2.44341967361941));
#5964=CARTESIAN_POINT('Ctrl Pts',(149.358408665905,-130.032340521625,-2.30658032638059));
#5965=CARTESIAN_POINT('Ctrl Pts',(149.357640250946,-130.117159062577,-2.3012371810448));
#5966=CARTESIAN_POINT('Ctrl Pts',(149.365451121788,-130.201836901963,-2.295894035709));
#5967=CARTESIAN_POINT('Ctrl Pts',(149.382362940741,-130.284656317379,-2.29055089037321));
#5968=CARTESIAN_POINT('Ctrl Pts',(149.465695366851,-130.692746235753,-2.26422271921949));
#5969=CARTESIAN_POINT('Ctrl Pts',(149.769998165876,-131.055713752312,-2.23789454806578));
#5970=CARTESIAN_POINT('Ctrl Pts',(150.157287463337,-131.20897390627,-2.21156637691206));
#5971=CARTESIAN_POINT('Ctrl Pts',(150.544576760797,-131.362234060227,-2.18523820575835));
#5972=CARTESIAN_POINT('Ctrl Pts',(151.014852556694,-131.305786851581,-2.15891003460463));
#5973=CARTESIAN_POINT('Ctrl Pts',(151.354871737264,-131.06522785349,-2.13258186345092));
#5974=CARTESIAN_POINT('Ctrl Pts',(151.694890917835,-130.824668855399,-2.1062536922972));
#5975=CARTESIAN_POINT('Ctrl Pts',(151.904653483079,-130.399998067863,-2.07992552114349));
#5976=CARTESIAN_POINT('Ctrl Pts',(151.889044134793,-129.983779347754,-2.05359734998977));
#5977=CARTESIAN_POINT('Ctrl Pts',(151.873434786506,-129.567560627646,-2.02726917883606));
#5978=CARTESIAN_POINT('Ctrl Pts',(151.632453524688,-129.159793974966,-2.00094100768234));
#5979=CARTESIAN_POINT('Ctrl Pts',(151.275371536758,-128.945378190543,-1.97461283652863));
#5980=CARTESIAN_POINT('Ctrl Pts',(150.918289548828,-128.73096240612,-1.94828466537491));
#5981=CARTESIAN_POINT('Ctrl Pts',(150.445106834787,-128.709897489954,-1.9219564942212));
#5982=CARTESIAN_POINT('Ctrl Pts',(150.070384629114,-128.891735173869,-1.89562832306748));
#5983=CARTESIAN_POINT('Ctrl Pts',(149.695662423441,-129.073572857783,-1.86930015191377));
#5984=CARTESIAN_POINT('Ctrl Pts',(149.419400726137,-129.458313141779,-1.84297198076005));
#5985=CARTESIAN_POINT('Ctrl Pts',(149.366868379605,-129.871498363341,-1.81664380960634));
#5986=CARTESIAN_POINT('Ctrl Pts',(149.360175189193,-129.924142639593,-1.81328931519776));
#5987=CARTESIAN_POINT('Ctrl Pts',(149.357113914167,-129.977248677372,-1.80993482078917));
#5988=CARTESIAN_POINT('Ctrl Pts',(149.357523994403,-130.030402286063,-1.80658032638059));
#5989=CARTESIAN_POINT('Origin',(150.623343898743,-130.031246592388,0.));
#5990=CARTESIAN_POINT('',(149.360750007658,-130.030964571066,-1.30658032638059));
#5991=CARTESIAN_POINT('',(149.359696924759,-130.032271522369,-1.44341967361941));
#5992=CARTESIAN_POINT('',(149.358843898743,-130.031246592388,0.));
#5993=CARTESIAN_POINT('Ctrl Pts',(149.359696924759,-130.032271522369,-1.44341967361941));
#5994=CARTESIAN_POINT('Ctrl Pts',(149.361933590818,-129.743334034472,-1.46157402665118));
#5995=CARTESIAN_POINT('Ctrl Pts',(149.460422353348,-129.453017870795,-1.47972837968295));
#5996=CARTESIAN_POINT('Ctrl Pts',(149.641994249741,-129.230495025888,-1.49788273271472));
#5997=CARTESIAN_POINT('Ctrl Pts',(149.905317098898,-128.907783468165,-1.52421090386844));
#5998=CARTESIAN_POINT('Ctrl Pts',(150.343380097026,-128.727654575179,-1.55053907502215));
#5999=CARTESIAN_POINT('Ctrl Pts',(150.757546787907,-128.771786473969,-1.57686724617587));
#6000=CARTESIAN_POINT('Ctrl Pts',(151.171713478788,-128.815918372758,-1.60319541732958));
#6001=CARTESIAN_POINT('Ctrl Pts',(151.561983862423,-129.084311063324,-1.6295235884833));
#6002=CARTESIAN_POINT('Ctrl Pts',(151.751392692801,-129.455263846556,-1.65585175963701));
#6003=CARTESIAN_POINT('Ctrl Pts',(151.94080152318,-129.826216629789,-1.68217993079073));
#6004=CARTESIAN_POINT('Ctrl Pts',(151.929348800301,-130.299729505689,-1.70850810194444));
#6005=CARTESIAN_POINT('Ctrl Pts',(151.722227677535,-130.661091530372,-1.73483627309816));
#6006=CARTESIAN_POINT('Ctrl Pts',(151.51510655477,-131.022453555056,-1.76116444425187));
#6007=CARTESIAN_POINT('Ctrl Pts',(151.112317032118,-131.271664728524,-1.78749261540559));
#6008=CARTESIAN_POINT('Ctrl Pts',(150.69650106719,-131.295722070188,-1.8138207865593));
#6009=CARTESIAN_POINT('Ctrl Pts',(150.280685102262,-131.319779411851,-1.84014895771302));
#6010=CARTESIAN_POINT('Ctrl Pts',(149.851842695057,-131.118682921711,-1.86647712886673));
#6011=CARTESIAN_POINT('Ctrl Pts',(149.604429292858,-130.783618329731,-1.89280530002045));
#6012=CARTESIAN_POINT('Ctrl Pts',(149.445883347285,-130.568904283964,-1.90967675788677));
#6013=CARTESIAN_POINT('Ctrl Pts',(149.361839852127,-130.299177249154,-1.92654821575309));
#6014=CARTESIAN_POINT('Ctrl Pts',(149.360172154505,-130.030402837902,-1.94341967361941));
#6015=CARTESIAN_POINT('Ctrl Pts',(149.357523994403,-130.030402286063,-1.80658032638059));
#6016=CARTESIAN_POINT('Ctrl Pts',(149.360332480465,-130.39443145862,-1.78360664963546));
#6017=CARTESIAN_POINT('Ctrl Pts',(149.525960283861,-130.760691881781,-1.76063297289032));
#6018=CARTESIAN_POINT('Ctrl Pts',(149.802831365106,-130.996134880791,-1.73765929614519));
#6019=CARTESIAN_POINT('Ctrl Pts',(150.120129692901,-131.26595601755,-1.71133112499147));
#6020=CARTESIAN_POINT('Ctrl Pts',(150.583529344252,-131.363968131936,-1.68500295383776));
#6021=CARTESIAN_POINT('Ctrl Pts',(150.982905142896,-131.245728349418,-1.65867478268405));
#6022=CARTESIAN_POINT('Ctrl Pts',(151.382280941541,-131.1274885669,-1.63234661153033));
#6023=CARTESIAN_POINT('Ctrl Pts',(151.717632887479,-130.792996887477,-1.60601844037661));
#6024=CARTESIAN_POINT('Ctrl Pts',(151.836898097779,-130.39392611106,-1.5796902692229));
#6025=CARTESIAN_POINT('Ctrl Pts',(151.956163308079,-129.994855334643,-1.55336209806918));
#6026=CARTESIAN_POINT('Ctrl Pts',(151.85934178274,-129.531205461233,-1.52703392691547));
#6027=CARTESIAN_POINT('Ctrl Pts',(151.590336533597,-129.213215131052,-1.50070575576175));
#6028=CARTESIAN_POINT('Ctrl Pts',(151.321331284454,-128.895224800872,-1.47437758460804));
#6029=CARTESIAN_POINT('Ctrl Pts',(150.880142311507,-128.722894013921,-1.44804941345432));
#6030=CARTESIAN_POINT('Ctrl Pts',(150.466823520494,-128.774364897671,-1.42172124230061));
#6031=CARTESIAN_POINT('Ctrl Pts',(150.053504729481,-128.825835781421,-1.39539307114689));
#6032=CARTESIAN_POINT('Ctrl Pts',(149.668056120403,-129.101108335873,-1.36906489999318));
#6033=CARTESIAN_POINT('Ctrl Pts',(149.485256543411,-129.475362248969,-1.34273672883946));
#6034=CARTESIAN_POINT('Ctrl Pts',(149.40157716393,-129.646682859944,-1.33068459468651));
#6035=CARTESIAN_POINT('Ctrl Pts',(149.360362778055,-129.838744960373,-1.31863246053355));
#6036=CARTESIAN_POINT('Ctrl Pts',(149.360750007658,-130.030964571066,-1.30658032638059));
#6037=CARTESIAN_POINT('Origin',(150.623343898743,-130.031246592388,0.));
#6038=CARTESIAN_POINT('',(149.358520253782,-130.032354497788,-0.806580326380593));
#6039=CARTESIAN_POINT('',(149.356776938717,-130.031095567644,-0.943419673619406));
#6040=CARTESIAN_POINT('',(149.358843898743,-130.031246592388,0.));
#6041=CARTESIAN_POINT('Ctrl Pts',(149.356776938717,-130.031095567644,-0.943419673619406));
#6042=CARTESIAN_POINT('Ctrl Pts',(149.35676283354,-130.022808309315,-0.943943495241841));
#6043=CARTESIAN_POINT('Ctrl Pts',(149.35683721022,-130.014521310816,-0.944467316864275));
#6044=CARTESIAN_POINT('Ctrl Pts',(149.357000844639,-130.006236075195,-0.94499113848671));
#6045=CARTESIAN_POINT('Ctrl Pts',(149.365225390547,-129.589805954459,-0.971319309640425));
#6046=CARTESIAN_POINT('Ctrl Pts',(149.598936370895,-129.177829286067,-0.99764748079414));
#6047=CARTESIAN_POINT('Ctrl Pts',(149.95215917875,-128.957113804588,-1.02397565194785));
#6048=CARTESIAN_POINT('Ctrl Pts',(150.305381986604,-128.736398323108,-1.05030382310157));
#6049=CARTESIAN_POINT('Ctrl Pts',(150.778116621965,-128.706944028541,-1.07663199425528));
#6050=CARTESIAN_POINT('Ctrl Pts',(151.156005064421,-128.882106787017,-1.102960165409));
#6051=CARTESIAN_POINT('Ctrl Pts',(151.533893506877,-129.057269545492,-1.12928833656271));
#6052=CARTESIAN_POINT('Ctrl Pts',(151.816935756427,-129.437049357009,-1.15561650771643));
#6053=CARTESIAN_POINT('Ctrl Pts',(151.876788361691,-129.849237833465,-1.18194467887014));
#6054=CARTESIAN_POINT('Ctrl Pts',(151.936640966955,-130.261426309921,-1.20827285002386));
#6055=CARTESIAN_POINT('Ctrl Pts',(151.773303927932,-130.706023451315,-1.23460102117757));
#6056=CARTESIAN_POINT('Ctrl Pts',(151.460841236408,-130.981429948965,-1.26092919233129));
#6057=CARTESIAN_POINT('Ctrl Pts',(151.148378544885,-131.256836446615,-1.287257363485));
#6058=CARTESIAN_POINT('Ctrl Pts',(150.686790200861,-131.36305230052,-1.31358553463872));
#6059=CARTESIAN_POINT('Ctrl Pts',(150.285380052744,-131.25191470649,-1.33991370579243));
#6060=CARTESIAN_POINT('Ctrl Pts',(149.883969904627,-131.140777112459,-1.36624187694615));
#6061=CARTESIAN_POINT('Ctrl Pts',(149.542737952416,-130.812286070494,-1.39257004809986));
#6062=CARTESIAN_POINT('Ctrl Pts',(149.416413326405,-130.415393438282,-1.41889821925358));
#6063=CARTESIAN_POINT('Ctrl Pts',(149.377194707258,-130.292174542039,-1.42707203737552));
#6064=CARTESIAN_POINT('Ctrl Pts',(149.35868988796,-130.162362772139,-1.43524585549746));
#6065=CARTESIAN_POINT('Ctrl Pts',(149.359696924759,-130.032271522369,-1.44341967361941));
#6066=CARTESIAN_POINT('Ctrl Pts',(149.360750007658,-130.030964571066,-1.30658032638059));
#6067=CARTESIAN_POINT('Ctrl Pts',(149.361208690251,-130.258653230992,-1.29230428937984));
#6068=CARTESIAN_POINT('Ctrl Pts',(149.420038436997,-130.486562892953,-1.27802825237908));
#6069=CARTESIAN_POINT('Ctrl Pts',(149.535804313106,-130.680482975369,-1.26375221537832));
#6070=CARTESIAN_POINT('Ctrl Pts',(149.749302204699,-131.038114516933,-1.2374240442246));
#6071=CARTESIAN_POINT('Ctrl Pts',(150.156448532789,-131.280142328319,-1.21109587307089));
#6072=CARTESIAN_POINT('Ctrl Pts',(150.572625789956,-131.296820718716,-1.18476770191717));
#6073=CARTESIAN_POINT('Ctrl Pts',(150.988803047124,-131.313499109113,-1.15843953076346));
#6074=CARTESIAN_POINT('Ctrl Pts',(151.414011233369,-131.104828078521,-1.13211135960974));
#6075=CARTESIAN_POINT('Ctrl Pts',(151.655442787777,-130.765427878929,-1.10578318845603));
#6076=CARTESIAN_POINT('Ctrl Pts',(151.896874342185,-130.426027679337,-1.07945501730231));
#6077=CARTESIAN_POINT('Ctrl Pts',(151.954529264755,-129.955898310746,-1.0531268461486));
#6078=CARTESIAN_POINT('Ctrl Pts',(151.802264404525,-129.568216694854,-1.02679867499488));
#6079=CARTESIAN_POINT('Ctrl Pts',(151.649999544295,-129.180535078963,-1.00047050384117));
#6080=CARTESIAN_POINT('Ctrl Pts',(151.287814901264,-128.87530121577,-0.974142332687454));
#6081=CARTESIAN_POINT('Ctrl Pts',(150.879940340974,-128.790920737201,-0.947814161533739));
#6082=CARTESIAN_POINT('Ctrl Pts',(150.472065780684,-128.706540258632,-0.921485990380023));
#6083=CARTESIAN_POINT('Ctrl Pts',(150.018501303134,-128.843013164687,-0.895157819226308));
#6084=CARTESIAN_POINT('Ctrl Pts',(149.724912620686,-129.138457707528,-0.868829648072593));
#6085=CARTESIAN_POINT('Ctrl Pts',(149.493529333786,-129.371303636224,-0.848079874175259));
#6086=CARTESIAN_POINT('Ctrl Pts',(149.361512463792,-129.702892264884,-0.827330100277926));
#6087=CARTESIAN_POINT('Ctrl Pts',(149.358520253782,-130.032354497788,-0.806580326380593));
#6088=CARTESIAN_POINT('Origin',(150.623343898743,-130.031246592388,0.));
#6089=CARTESIAN_POINT('',(149.357436807312,-130.030467006384,-0.306580326380592));
#6090=CARTESIAN_POINT('',(149.360094494329,-130.030365045312,-0.443419673619405));
#6091=CARTESIAN_POINT('',(149.358843898743,-130.031246592388,0.));
#6092=CARTESIAN_POINT('',(151.581460051466,-129.206035293451,0.));
#6093=CARTESIAN_POINT('Ctrl Pts',(149.357436807312,-130.030467006384,-0.306580326380592));
#6094=CARTESIAN_POINT('Ctrl Pts',(149.360144978202,-130.398091254728,-0.283371397714871));
#6095=CARTESIAN_POINT('Ctrl Pts',(149.529572770597,-130.767840449426,-0.26016246904915));
#6096=CARTESIAN_POINT('Ctrl Pts',(149.81139730878,-131.003290695721,-0.236953540383429));
#6097=CARTESIAN_POINT('Ctrl Pts',(150.131098609235,-131.270385074436,-0.210625369229712));
#6098=CARTESIAN_POINT('Ctrl Pts',(150.595438751329,-131.364655549805,-0.184297198075996));
#6099=CARTESIAN_POINT('Ctrl Pts',(150.993686337946,-131.242687359137,-0.15796902692228));
#6100=CARTESIAN_POINT('Ctrl Pts',(151.391933924562,-131.120719168468,-0.131640855768564));
#6101=CARTESIAN_POINT('Ctrl Pts',(151.724088955701,-130.782512311761,-0.105312684614849));
#6102=CARTESIAN_POINT('Ctrl Pts',(151.839725685457,-130.383089419014,-0.078984513461133));
#6103=CARTESIAN_POINT('Ctrl Pts',(151.955362415213,-129.983666526266,-0.0526563423074173));
#6104=CARTESIAN_POINT('Ctrl Pts',(151.854480843586,-129.523027597478,-0.0263281711537014));
#6105=CARTESIAN_POINT('Ctrl Pts',(151.581460051466,-129.206035293451,1.4432899320127E-14));
#6106=CARTESIAN_POINT('',(149.663382807459,-129.20476676536,-3.78617320453741E-15));
#6107=CARTESIAN_POINT('Origin',(150.623343898743,-130.031246592388,0.));
#6108=CARTESIAN_POINT('Ctrl Pts',(149.663377359284,-129.204763019348,-3.22658566531686E-15));
#6109=CARTESIAN_POINT('Ctrl Pts',(149.926281426001,-128.901077395555,-0.0253871634713763));
#6110=CARTESIAN_POINT('Ctrl Pts',(150.346641538911,-128.73162435563,-0.0507743269427498));
#6111=CARTESIAN_POINT('Ctrl Pts',(150.74643809079,-128.770701159113,-0.0761614904141229));
#6112=CARTESIAN_POINT('Ctrl Pts',(151.161053613174,-128.811226394293,-0.102489661567837));
#6113=CARTESIAN_POINT('Ctrl Pts',(151.553552892687,-129.076026824598,-0.128817832721551));
#6114=CARTESIAN_POINT('Ctrl Pts',(151.746208655396,-129.445253902593,-0.155146003875265));
#6115=CARTESIAN_POINT('Ctrl Pts',(151.938864418105,-129.814480980588,-0.181474175028979));
#6116=CARTESIAN_POINT('Ctrl Pts',(151.931676664009,-130.288134706274,-0.207802346182693));
#6117=CARTESIAN_POINT('Ctrl Pts',(151.727785449469,-130.651334509818,-0.234130517336407));
#6118=CARTESIAN_POINT('Ctrl Pts',(151.523894234928,-131.014534313362,-0.260458688490122));
#6119=CARTESIAN_POINT('Ctrl Pts',(151.123299559942,-131.267280194764,-0.286786859643837));
#6120=CARTESIAN_POINT('Ctrl Pts',(150.707705182233,-131.295017107792,-0.313115030797552));
#6121=CARTESIAN_POINT('Ctrl Pts',(150.292110804523,-131.32275402082,-0.339443201951266));
#6122=CARTESIAN_POINT('Ctrl Pts',(149.86151672409,-131.125481965474,-0.365771373104981));
#6123=CARTESIAN_POINT('Ctrl Pts',(149.611145362501,-130.792628235896,-0.392099544258695));
#6124=CARTESIAN_POINT('Ctrl Pts',(149.448466754988,-130.576356770623,-0.409206254045599));
#6125=CARTESIAN_POINT('Ctrl Pts',(149.361873512316,-130.302846233518,-0.426312963832502));
#6126=CARTESIAN_POINT('Ctrl Pts',(149.360094494329,-130.030365045312,-0.443419673619405));
#6127=CARTESIAN_POINT('Origin',(150.623343898743,-130.031246592388,7.10421172358873));
#6128=CARTESIAN_POINT('',(149.077942879127,-130.030814779352,-5.60421172358873));
#6129=CARTESIAN_POINT('',(149.082768488368,-130.0310880244,-5.64578827641127));
#6130=CARTESIAN_POINT('',(149.080343898743,-130.031246592388,7.10421172358873));
#6131=CARTESIAN_POINT('',(151.021857740601,-131.521896020606,-6.));
#6132=CARTESIAN_POINT('Ctrl Pts',(149.082768488368,-130.0310880244,-5.64578827641127));
#6133=CARTESIAN_POINT('Ctrl Pts',(149.082600562348,-129.782758057766,-5.65854616632599));
#6134=CARTESIAN_POINT('Ctrl Pts',(149.256177450242,-129.022219841678,-5.69763222739442));
#6135=CARTESIAN_POINT('Ctrl Pts',(150.446151567961,-128.219401383387,-5.76304645961656));
#6136=CARTESIAN_POINT('Ctrl Pts',(152.044911043959,-128.892061423916,-5.84203097307771));
#6137=CARTESIAN_POINT('Ctrl Pts',(152.351857325374,-130.600022320855,-5.92101548653886));
#6138=CARTESIAN_POINT('Ctrl Pts',(151.515038442549,-131.390047892842,-5.97367182884629));
#6139=CARTESIAN_POINT('Ctrl Pts',(151.021857740601,-131.521896020606,-6.));
#6140=CARTESIAN_POINT('',(150.224830056886,-131.521896020606,-6.));
#6141=CARTESIAN_POINT('Origin',(150.623343898743,-130.031246592388,-6.));
#6142=CARTESIAN_POINT('Ctrl Pts',(149.077942879127,-130.030814779352,-5.60421172358873));
#6143=CARTESIAN_POINT('Ctrl Pts',(149.077855119381,-130.007072817579,-5.60544130097292));
#6144=CARTESIAN_POINT('Ctrl Pts',(149.089066092774,-129.475044481791,-5.63299904951082));
#6145=CARTESIAN_POINT('Ctrl Pts',(149.699907489694,-128.462082161364,-5.68688496920244));
#6146=CARTESIAN_POINT('Ctrl Pts',(151.432757109995,-128.400186339221,-5.76586948266359));
#6147=CARTESIAN_POINT('Ctrl Pts',(152.431469981931,-129.817841782828,-5.84485399612473));
#6148=CARTESIAN_POINT('Ctrl Pts',(151.798247683338,-131.409079893258,-5.92289750190354));
#6149=CARTESIAN_POINT('Ctrl Pts',(150.697672431124,-131.649840105661,-5.97461283652863));
#6150=CARTESIAN_POINT('Ctrl Pts',(150.223839414475,-131.524450833459,-6.));
#6151=CARTESIAN_POINT('Origin',(150.623343898743,-130.031246592388,7.10421172358873));
#6152=CARTESIAN_POINT('',(149.082143256821,-130.030321190107,-5.10421172358873));
#6153=CARTESIAN_POINT('',(149.079543323972,-130.032536097124,-5.14578827641127));
#6154=CARTESIAN_POINT('',(149.080343898743,-130.031246592388,7.10421172358873));
#6155=CARTESIAN_POINT('Ctrl Pts',(149.079543323972,-130.032536097124,-5.14578827641127));
#6156=CARTESIAN_POINT('Ctrl Pts',(149.083254234066,-129.617118522924,-5.16724380607036));
#6157=CARTESIAN_POINT('Ctrl Pts',(149.46964375555,-128.685851918013,-5.21502750688318));
#6158=CARTESIAN_POINT('Ctrl Pts',(151.039506100915,-128.258696736199,-5.28913937884969));
#6159=CARTESIAN_POINT('Ctrl Pts',(152.33518579521,-129.410943635158,-5.36812389231085));
#6160=CARTESIAN_POINT('Ctrl Pts',(152.07839016968,-131.12576174225,-5.44710840577198));
#6161=CARTESIAN_POINT('Ctrl Pts',(150.502099135019,-131.847922560751,-5.52609291923313));
#6162=CARTESIAN_POINT('Ctrl Pts',(149.272498190609,-131.072134472113,-5.59231954277955));
#6163=CARTESIAN_POINT('Ctrl Pts',(149.082947107508,-130.295231037846,-5.63221799517227));
#6164=CARTESIAN_POINT('Ctrl Pts',(149.082768488368,-130.0310880244,-5.64578827641127));
#6165=CARTESIAN_POINT('Ctrl Pts',(149.082143256821,-130.030321190107,-5.10421172358873));
#6166=CARTESIAN_POINT('Ctrl Pts',(149.081075038073,-129.837286022605,-5.11413894071729));
#6167=CARTESIAN_POINT('Ctrl Pts',(149.203930527997,-129.133608640984,-5.15039432899957));
#6168=CARTESIAN_POINT('Ctrl Pts',(150.254480435281,-128.248249714746,-5.21297788843558));
#6169=CARTESIAN_POINT('Ctrl Pts',(151.914859994335,-128.747840918921,-5.29196240189671));
#6170=CARTESIAN_POINT('Ctrl Pts',(152.403981426839,-130.411338334265,-5.37094691535786));
#6171=CARTESIAN_POINT('Ctrl Pts',(151.278271090644,-131.730126899685,-5.44993142881901));
#6172=CARTESIAN_POINT('Ctrl Pts',(149.585382542011,-131.511699173751,-5.52768636489596));
#6173=CARTESIAN_POINT('Ctrl Pts',(149.079734263903,-130.51544458916,-5.5791131298192));
#6174=CARTESIAN_POINT('Ctrl Pts',(149.077942879127,-130.030814779352,-5.60421172358873));
#6175=CARTESIAN_POINT('Origin',(150.623343898743,-130.031246592388,7.10421172358873));
#6176=CARTESIAN_POINT('',(149.081143794277,-130.032552023986,-4.60421172358873));
#6177=CARTESIAN_POINT('',(149.078970378234,-130.030118296632,-4.64578827641127));
#6178=CARTESIAN_POINT('',(149.080343898743,-130.031246592388,7.10421172358873));
#6179=CARTESIAN_POINT('Ctrl Pts',(149.078970378234,-130.030118296632,-4.64578827641127));
#6180=CARTESIAN_POINT('Ctrl Pts',(149.078361453992,-129.956130822052,-4.64961327466102));
#6181=CARTESIAN_POINT('Ctrl Pts',(149.116691718706,-129.373507328717,-4.67976644406449));
#6182=CARTESIAN_POINT('Ctrl Pts',(149.857631078801,-128.379331332131,-4.73624778462168));
#6183=CARTESIAN_POINT('Ctrl Pts',(151.588187537347,-128.487155713671,-4.81523229808282));
#6184=CARTESIAN_POINT('Ctrl Pts',(152.44374161825,-129.995293326048,-4.89421681154397));
#6185=CARTESIAN_POINT('Ctrl Pts',(151.648403311604,-131.536036760503,-4.97320132500511));
#6186=CARTESIAN_POINT('Ctrl Pts',(149.923454424916,-131.712107350934,-5.05218583846626));
#6187=CARTESIAN_POINT('Ctrl Pts',(149.129376203299,-130.730080090326,-5.10971482226831));
#6188=CARTESIAN_POINT('Ctrl Pts',(149.0787005606,-130.126879184515,-5.14091563491665));
#6189=CARTESIAN_POINT('Ctrl Pts',(149.079543323972,-130.032536097124,-5.14578827641127));
#6190=CARTESIAN_POINT('Ctrl Pts',(149.081143794277,-130.032552023986,-4.60421172358873));
#6191=CARTESIAN_POINT('Ctrl Pts',(149.08410051279,-129.670983017297,-4.62283658046167));
#6192=CARTESIAN_POINT('Ctrl Pts',(149.390786920843,-128.793780157717,-4.66778960848833));
#6193=CARTESIAN_POINT('Ctrl Pts',(150.848345585139,-128.224449900056,-4.7390708076687));
#6194=CARTESIAN_POINT('Ctrl Pts',(152.259370970199,-129.232149896871,-4.81805532112985));
#6195=CARTESIAN_POINT('Ctrl Pts',(152.186707366392,-130.964539029446,-4.89703983459099));
#6196=CARTESIAN_POINT('Ctrl Pts',(150.696252372294,-131.85053881699,-4.97602434805214));
#6197=CARTESIAN_POINT('Ctrl Pts',(149.335316739197,-131.182659292779,-5.04508164438472));
#6198=CARTESIAN_POINT('Ctrl Pts',(149.083908082387,-130.349238452259,-5.08781076956358));
#6199=CARTESIAN_POINT('Ctrl Pts',(149.082143256821,-130.030321190107,-5.10421172358873));
#6200=CARTESIAN_POINT('Origin',(150.623343898743,-130.031246592388,7.10421172358873));
#6201=CARTESIAN_POINT('',(149.077891776564,-130.030900096544,-4.10421172358873));
#6202=CARTESIAN_POINT('',(149.082718390187,-130.031046690971,-4.14578827641127));
#6203=CARTESIAN_POINT('',(149.080343898743,-130.031246592388,7.10421172358873));
#6204=CARTESIAN_POINT('Ctrl Pts',(149.082718390187,-130.031046690971,-4.14578827641128));
#6205=CARTESIAN_POINT('Ctrl Pts',(149.082433720952,-129.78731563206,-4.1583109144054));
#6206=CARTESIAN_POINT('Ctrl Pts',(149.251462790304,-129.031526353504,-4.19716172355325));
#6207=CARTESIAN_POINT('Ctrl Pts',(150.430424118828,-128.220743326395,-4.26234070385481));
#6208=CARTESIAN_POINT('Ctrl Pts',(152.034056884338,-128.880147558303,-4.34132521731595));
#6209=CARTESIAN_POINT('Ctrl Pts',(152.358334719002,-130.583466633248,-4.4203097307771));
#6210=CARTESIAN_POINT('Ctrl Pts',(151.109174800127,-131.785985449774,-4.49929424423824));
#6211=CARTESIAN_POINT('Ctrl Pts',(149.501251951936,-131.415987158993,-4.57445375944964));
#6212=CARTESIAN_POINT('Ctrl Pts',(149.082552792298,-130.465400308411,-4.62328510350731));
#6213=CARTESIAN_POINT('Ctrl Pts',(149.078970378234,-130.030118296632,-4.64578827641127));
#6214=CARTESIAN_POINT('Ctrl Pts',(149.077891776564,-130.030900096544,-4.10421172358873));
#6215=CARTESIAN_POINT('Ctrl Pts',(149.077832878337,-130.011702098016,-4.10520604905233));
#6216=CARTESIAN_POINT('Ctrl Pts',(149.086821055465,-129.484227769426,-4.13252854566965));
#6217=CARTESIAN_POINT('Ctrl Pts',(149.686038989399,-128.470285484855,-4.18617921344069));
#6218=CARTESIAN_POINT('Ctrl Pts',(151.418235722138,-128.393172399624,-4.26516372690183));
#6219=CARTESIAN_POINT('Ctrl Pts',(152.429556709254,-129.801604793946,-4.34414824036298));
#6220=CARTESIAN_POINT('Ctrl Pts',(151.802849767944,-131.418295970572,-4.42313275382412));
#6221=CARTESIAN_POINT('Ctrl Pts',(150.106466239549,-131.77709239164,-4.50211726728527));
#6222=CARTESIAN_POINT('Ctrl Pts',(149.168312556488,-130.841345321124,-4.56247692387347));
#6223=CARTESIAN_POINT('Ctrl Pts',(149.079920883836,-130.182098391601,-4.59650840930796));
#6224=CARTESIAN_POINT('Ctrl Pts',(149.081143794277,-130.032552023986,-4.60421172358873));
#6225=CARTESIAN_POINT('Origin',(150.623343898743,-130.031246592388,7.10421172358873));
#6226=CARTESIAN_POINT('',(149.082056494601,-130.03026774084,-3.60421172358873));
#6227=CARTESIAN_POINT('',(149.079677528853,-130.032560901757,-3.64578827641127));
#6228=CARTESIAN_POINT('',(149.080343898743,-130.031246592388,7.10421172358873));
#6229=CARTESIAN_POINT('Ctrl Pts',(149.079677528853,-130.032560901757,-3.64578827641127));
#6230=CARTESIAN_POINT('Ctrl Pts',(149.083380128369,-129.621606300237,-3.66700855414978));
#6231=CARTESIAN_POINT('Ctrl Pts',(149.462726686103,-128.694737959814,-3.714557003042));
#6232=CARTESIAN_POINT('Ctrl Pts',(151.023773591724,-128.25507200135,-3.78843362308794));
#6233=CARTESIAN_POINT('Ctrl Pts',(152.329608810364,-129.395793865432,-3.86741813654908));
#6234=CARTESIAN_POINT('Ctrl Pts',(152.088057385559,-131.11279849517,-3.94640265001023));
#6235=CARTESIAN_POINT('Ctrl Pts',(150.518178764508,-131.848959554189,-4.02538716347137));
#6236=CARTESIAN_POINT('Ctrl Pts',(149.277449115986,-131.081303807762,-4.09184903893839));
#6237=CARTESIAN_POINT('Ctrl Pts',(149.083032222669,-130.299747041279,-4.13198274325169));
#6238=CARTESIAN_POINT('Ctrl Pts',(149.082718390187,-130.031046690971,-4.14578827641128));
#6239=CARTESIAN_POINT('Ctrl Pts',(149.082056494601,-130.03026774084,-3.60421172358873));
#6240=CARTESIAN_POINT('Ctrl Pts',(149.080949323002,-129.841833725672,-3.61390368879671));
#6241=CARTESIAN_POINT('Ctrl Pts',(149.199944821433,-129.142869391045,-3.64992382515841));
#6242=CARTESIAN_POINT('Ctrl Pts',(150.238682266458,-128.251590586061,-3.71227213267381));
#6243=CARTESIAN_POINT('Ctrl Pts',(151.903426806571,-128.736438567509,-3.79125664613496));
#6244=CARTESIAN_POINT('Ctrl Pts',(152.407282916864,-130.395528971635,-3.8702411595961));
#6245=CARTESIAN_POINT('Ctrl Pts',(151.293310874792,-131.724257024494,-3.94922567305725));
#6246=CARTESIAN_POINT('Ctrl Pts',(149.593428029167,-131.520220068951,-4.02721586105479));
#6247=CARTESIAN_POINT('Ctrl Pts',(149.079392410566,-130.520034841717,-4.07887787789862));
#6248=CARTESIAN_POINT('Ctrl Pts',(149.077891776564,-130.030900096544,-4.10421172358873));
#6249=CARTESIAN_POINT('Origin',(150.623343898743,-130.031246592388,7.10421172358873));
#6250=CARTESIAN_POINT('',(149.081265903514,-130.032526532592,-3.10421172358873));
#6251=CARTESIAN_POINT('',(149.078849851185,-130.030165417743,-3.14578827641128));
#6252=CARTESIAN_POINT('',(149.080343898743,-130.031246592388,7.10421172358873));
#6253=CARTESIAN_POINT('Ctrl Pts',(149.078849851185,-130.030165417743,-3.14578827641128));
#6254=CARTESIAN_POINT('Ctrl Pts',(149.078295259564,-129.960742596775,-3.14937802274044));
#6255=CARTESIAN_POINT('Ctrl Pts',(149.113966959481,-129.382727123652,-3.17929594022332));
#6256=CARTESIAN_POINT('Ctrl Pts',(149.843010874198,-128.386187174719,-3.23554202885992));
#6257=CARTESIAN_POINT('Ctrl Pts',(151.574455605078,-128.478659513049,-3.31452654232107));
#6258=CARTESIAN_POINT('Ctrl Pts',(152.443351067781,-129.979150320864,-3.39351105578221));
#6259=CARTESIAN_POINT('Ctrl Pts',(151.661708700625,-131.526886473866,-3.47249556924336));
#6260=CARTESIAN_POINT('Ctrl Pts',(149.938388511612,-131.718248736576,-3.5514800827045));
#6261=CARTESIAN_POINT('Ctrl Pts',(149.13235054561,-130.739314789451,-3.60924431842714));
#6262=CARTESIAN_POINT('Ctrl Pts',(149.07878628304,-130.131481016231,-3.64068038299606));
#6263=CARTESIAN_POINT('Ctrl Pts',(149.079677528853,-130.032560901757,-3.64578827641127));
#6264=CARTESIAN_POINT('Ctrl Pts',(149.081265903514,-130.032526532592,-3.10421172358873));
#6265=CARTESIAN_POINT('Ctrl Pts',(149.084111289191,-129.675452864287,-3.12260132854109));
#6266=CARTESIAN_POINT('Ctrl Pts',(149.384654289779,-128.80283840071,-3.16731910464716));
#6267=CARTESIAN_POINT('Ctrl Pts',(150.832312850477,-128.222525483588,-3.23836505190694));
#6268=CARTESIAN_POINT('Ctrl Pts',(152.25221969927,-129.217671950045,-3.31734956536809));
#6269=CARTESIAN_POINT('Ctrl Pts',(152.194922955325,-130.950637336913,-3.39633407882924));
#6270=CARTESIAN_POINT('Ctrl Pts',(150.712384196055,-131.849820731008,-3.47531859229038));
#6271=CARTESIAN_POINT('Ctrl Pts',(149.340922736603,-131.191802987803,-3.54461114054355));
#6272=CARTESIAN_POINT('Ctrl Pts',(149.083956948672,-130.353713710387,-3.587575517643));
#6273=CARTESIAN_POINT('Ctrl Pts',(149.082056494601,-130.03026774084,-3.60421172358873));
#6274=CARTESIAN_POINT('Origin',(150.623343898743,-130.031246592388,7.10421172358873));
#6275=CARTESIAN_POINT('',(149.077851736392,-130.030980640156,-2.60421172358873));
#6276=CARTESIAN_POINT('',(149.082697330817,-130.030974192925,-2.64578827641128));
#6277=CARTESIAN_POINT('',(149.080343898743,-130.031246592388,7.10421172358873));
#6278=CARTESIAN_POINT('Ctrl Pts',(149.082697330817,-130.030974192925,-2.64578827641128));
#6279=CARTESIAN_POINT('Ctrl Pts',(149.082316410061,-129.791830068202,-2.65807566248482));
#6280=CARTESIAN_POINT('Ctrl Pts',(149.246879682361,-129.040768433477,-2.69669121971208));
#6281=CARTESIAN_POINT('Ctrl Pts',(150.414374945603,-128.222525471407,-2.76163494809305));
#6282=CARTESIAN_POINT('Ctrl Pts',(152.023792685175,-128.86768167652,-2.84061946155419));
#6283=CARTESIAN_POINT('Ctrl Pts',(152.363163943552,-130.568057852086,-2.91960397501534));
#6284=CARTESIAN_POINT('Ctrl Pts',(151.12471789991,-131.781607763064,-2.99858848847648));
#6285=CARTESIAN_POINT('Ctrl Pts',(149.508533958264,-131.424770743475,-3.07398325560847));
#6286=CARTESIAN_POINT('Ctrl Pts',(149.082362784612,-130.469908355248,-3.12304985158673));
#6287=CARTESIAN_POINT('Ctrl Pts',(149.078849851185,-130.030165417743,-3.14578827641128));
#6288=CARTESIAN_POINT('Ctrl Pts',(149.077851736392,-130.030980640156,-2.60421172358873));
#6289=CARTESIAN_POINT('Ctrl Pts',(149.077816505872,-130.016325800819,-2.60497079713175));
#6290=CARTESIAN_POINT('Ctrl Pts',(149.08461811949,-129.493407053461,-2.63205804182848));
#6291=CARTESIAN_POINT('Ctrl Pts',(149.672232198814,-128.478659523505,-2.68547345767893));
#6292=CARTESIAN_POINT('Ctrl Pts',(151.403676918033,-128.386187185797,-2.76445797114007));
#6293=CARTESIAN_POINT('Ctrl Pts',(152.427449057639,-129.785595116001,-2.84344248460122));
#6294=CARTESIAN_POINT('Ctrl Pts',(151.815104667343,-131.40778077018,-2.92242699806236));
#6295=CARTESIAN_POINT('Ctrl Pts',(150.121969900954,-131.781607751276,-3.00141151152351));
#6296=CARTESIAN_POINT('Ctrl Pts',(149.171865622105,-130.850603151653,-3.0620064200323));
#6297=CARTESIAN_POINT('Ctrl Pts',(149.080037585525,-130.186670841943,-3.09627315738737));
#6298=CARTESIAN_POINT('Ctrl Pts',(149.081265903514,-130.032526532592,-3.10421172358873));
#6299=CARTESIAN_POINT('Origin',(150.623343898743,-130.031246592388,7.10421172358873));
#6300=CARTESIAN_POINT('',(149.081964696402,-130.030217005063,-2.10421172358873));
#6301=CARTESIAN_POINT('',(149.079812807981,-130.032581454241,-2.14578827641128));
#6302=CARTESIAN_POINT('',(149.080343898743,-130.031246592388,7.10421172358873));
#6303=CARTESIAN_POINT('Ctrl Pts',(149.079812807981,-130.032581454241,-2.14578827641128));
#6304=CARTESIAN_POINT('Ctrl Pts',(149.083495415402,-129.626090944774,-2.1667733022292));
#6305=CARTESIAN_POINT('Ctrl Pts',(149.45587764213,-128.70363955637,-2.21408649920083));
#6306=CARTESIAN_POINT('Ctrl Pts',(151.008005533619,-128.251590574076,-2.28772786732618));
#6307=CARTESIAN_POINT('Ctrl Pts',(152.323906085393,-129.380686551967,-2.36671238078732));
#6308=CARTESIAN_POINT('Ctrl Pts',(152.097591711399,-131.099765896723,-2.44569689424847));
#6309=CARTESIAN_POINT('Ctrl Pts',(150.534303600832,-131.849820743255,-2.52468140770961));
#6310=CARTESIAN_POINT('Ctrl Pts',(149.282398982864,-131.090520632935,-2.59137853509722));
#6311=CARTESIAN_POINT('Ctrl Pts',(149.083132608623,-130.30424397043,-2.63174749133111));
#6312=CARTESIAN_POINT('Ctrl Pts',(149.082697330817,-130.030974192925,-2.64578827641128));
#6313=CARTESIAN_POINT('Ctrl Pts',(149.081964696402,-130.030217005063,-2.10421172358873));
#6314=CARTESIAN_POINT('Ctrl Pts',(149.080824047433,-129.846384365943,-2.11366843687613));
#6315=CARTESIAN_POINT('Ctrl Pts',(149.196011446987,-129.152130398303,-2.14945332131724));
#6316=CARTESIAN_POINT('Ctrl Pts',(150.22291420846,-128.255072013311,-2.21156637691206));
#6317=CARTESIAN_POINT('Ctrl Pts',(151.891893236242,-128.725136853301,-2.2905508903732));
#6318=CARTESIAN_POINT('Ctrl Pts',(152.410443460108,-130.379693474959,-2.36953540383435));
#6319=CARTESIAN_POINT('Ctrl Pts',(151.308299281262,-131.718248725215,-2.44851991729549));
#6320=CARTESIAN_POINT('Ctrl Pts',(149.601540916994,-131.528725533549,-2.52674535721362));
#6321=CARTESIAN_POINT('Ctrl Pts',(149.079038462784,-130.524623213968,-2.57864262597804));
#6322=CARTESIAN_POINT('Ctrl Pts',(149.077851736392,-130.030980640156,-2.60421172358873));
#6323=CARTESIAN_POINT('Origin',(150.623343898743,-130.031246592388,7.10421172358873));
#6324=CARTESIAN_POINT('',(149.081384799607,-130.032497258232,-1.60421172358873));
#6325=CARTESIAN_POINT('',(149.078733291866,-130.030216331684,-1.64578827641128));
#6326=CARTESIAN_POINT('',(149.080343898743,-130.031246592388,7.10421172358873));
#6327=CARTESIAN_POINT('Ctrl Pts',(149.078733291866,-130.030216331684,-1.64578827641128));
#6328=CARTESIAN_POINT('Ctrl Pts',(149.078232893444,-129.965355898145,-1.64914277081986));
#6329=CARTESIAN_POINT('Ctrl Pts',(149.111286988183,-129.391943843125,-1.67882543638215));
#6330=CARTESIAN_POINT('Ctrl Pts',(149.828452069995,-128.393172388593,-1.73483627309816));
#6331=CARTESIAN_POINT('Ctrl Pts',(151.5606488144,-128.470285474342,-1.81382078655931));
#6332=CARTESIAN_POINT('Ctrl Pts',(152.442817466796,-129.963011322708,-1.89280530002045));
#6333=CARTESIAN_POINT('Ctrl Pts',(151.674932204228,-131.517618737105,-1.9717898134816));
#6334=CARTESIAN_POINT('Ctrl Pts',(149.953376918183,-131.724257035896,-2.05077432694274));
#6335=CARTESIAN_POINT('Ctrl Pts',(149.135370890255,-130.748552515795,-2.10877381458597));
#6336=CARTESIAN_POINT('Ctrl Pts',(149.078875153349,-130.136080867992,-2.14044513107548));
#6337=CARTESIAN_POINT('Ctrl Pts',(149.079812807981,-130.032581454241,-2.14578827641128));
#6338=CARTESIAN_POINT('Ctrl Pts',(149.081384799607,-130.032497258232,-1.60421172358873));
#6339=CARTESIAN_POINT('Ctrl Pts',(149.084114080532,-129.679922688185,-1.6223660766205));
#6340=CARTESIAN_POINT('Ctrl Pts',(149.378585005253,-128.811908236749,-1.66684860080599));
#6341=CARTESIAN_POINT('Ctrl Pts',(150.81626367736,-128.220743338587,-1.73765929614519));
#6342=CARTESIAN_POINT('Ctrl Pts',(152.244940313063,-129.203257980444,-1.81664380960633));
#6343=CARTESIAN_POINT('Ctrl Pts',(152.203014924208,-130.936663360072,-1.89562832306748));
#6344=CARTESIAN_POINT('Ctrl Pts',(150.728509032271,-131.848959541948,-1.97461283652863));
#6345=CARTESIAN_POINT('Ctrl Pts',(149.346589950373,-131.20093809547,-2.04414063670238));
#6346=CARTESIAN_POINT('Ctrl Pts',(149.083999696348,-130.358187678501,-2.08734026572241));
#6347=CARTESIAN_POINT('Ctrl Pts',(149.081964696402,-130.030217005063,-2.10421172358873));
#6348=CARTESIAN_POINT('Origin',(150.623343898743,-130.031246592388,7.10421172358873));
#6349=CARTESIAN_POINT('',(149.077821700783,-130.031062305175,-1.10421172358873));
#6350=CARTESIAN_POINT('',(149.082669818914,-130.030902457236,-1.14578827641128));
#6351=CARTESIAN_POINT('',(149.080343898743,-130.031246592388,7.10421172358873));
#6352=CARTESIAN_POINT('Ctrl Pts',(149.082669818914,-130.030902457236,-1.14578827641128));
#6353=CARTESIAN_POINT('Ctrl Pts',(149.082197303866,-129.796347408364,-1.15784041056423));
#6354=CARTESIAN_POINT('Ctrl Pts',(149.242352263842,-129.050013395276,-1.1962207158709));
#6355=CARTESIAN_POINT('Ctrl Pts',(150.398342210832,-128.224449887888,-1.26092919233129));
#6356=CARTESIAN_POINT('Ctrl Pts',(152.01341833244,-128.855307312005,-1.33991370579243));
#6357=CARTESIAN_POINT('Ctrl Pts',(152.367856324368,-130.552606848594,-1.41889821925358));
#6358=CARTESIAN_POINT('Ctrl Pts',(151.140221561419,-131.777092403398,-1.49788273271472));
#6359=CARTESIAN_POINT('Ctrl Pts',(149.515883905656,-131.43353416451,-1.57351275176729));
#6360=CARTESIAN_POINT('Ctrl Pts',(149.082160333379,-130.474421166208,-1.62281459966614));
#6361=CARTESIAN_POINT('Ctrl Pts',(149.078733291866,-130.030216331684,-1.64578827641128));
#6362=CARTESIAN_POINT('Ctrl Pts',(149.077821700783,-130.031062305175,-1.10421172358873));
#6363=CARTESIAN_POINT('Ctrl Pts',(149.077804489009,-130.020949818342,-1.10473554521117));
#6364=CARTESIAN_POINT('Ctrl Pts',(149.082456888342,-129.502582690697,-1.13158753798731));
#6365=CARTESIAN_POINT('Ctrl Pts',(149.658500266641,-128.487155724075,-1.18476770191718));
#6366=CARTESIAN_POINT('Ctrl Pts',(151.389056713527,-128.379331343252,-1.26375221537832));
#6367=CARTESIAN_POINT('Ctrl Pts',(152.425199515558,-129.769604769519,-1.34273672883946));
#6368=CARTESIAN_POINT('Ctrl Pts',(151.827265823477,-131.397157294243,-1.42172124230061));
#6369=CARTESIAN_POINT('Ctrl Pts',(150.137513000632,-131.785985437958,-1.50070575576175));
#6370=CARTESIAN_POINT('Ctrl Pts',(149.175468741249,-130.859861963486,-1.56153591619113));
#6371=CARTESIAN_POINT('Ctrl Pts',(149.08015596783,-130.191240475627,-1.59603790546679));
#6372=CARTESIAN_POINT('Ctrl Pts',(149.081384799607,-130.032497258232,-1.60421172358873));
#6373=CARTESIAN_POINT('Origin',(150.623343898743,-130.031246592388,7.10421172358873));
#6374=CARTESIAN_POINT('',(149.081869931949,-130.030170888839,-0.604211723588732));
#6375=CARTESIAN_POINT('',(149.079948972547,-130.032598508585,-0.645788276411278));
#6376=CARTESIAN_POINT('',(149.080343898743,-130.031246592388,7.10421172358873));
#6377=CARTESIAN_POINT('Ctrl Pts',(149.079948972547,-130.032598508586,-0.645788276411278));
#6378=CARTESIAN_POINT('Ctrl Pts',(149.083600202318,-129.630573814738,-0.666538050308609));
#6379=CARTESIAN_POINT('Ctrl Pts',(149.449094539955,-128.712556547658,-0.713615995359655));
#6380=CARTESIAN_POINT('Ctrl Pts',(150.992207364693,-128.248249702686,-0.787022111564418));
#6381=CARTESIAN_POINT('Ctrl Pts',(152.318069533604,-129.365630131883,-0.866006625025562));
#6382=CARTESIAN_POINT('Ctrl Pts',(152.107010113614,-131.086649386298,-0.944991138486707));
#6383=CARTESIAN_POINT('Ctrl Pts',(150.550435424702,-131.850538829249,-1.02397565194785));
#6384=CARTESIAN_POINT('Ctrl Pts',(149.287406821916,-131.099732479393,-1.09090803125604));
#6385=CARTESIAN_POINT('Ctrl Pts',(149.083229524125,-130.308738441629,-1.13151223941052));
#6386=CARTESIAN_POINT('Ctrl Pts',(149.082669818914,-130.030902457236,-1.14578827641128));
#6387=CARTESIAN_POINT('Ctrl Pts',(149.081869931949,-130.030170888839,-0.604211723588732));
#6388=CARTESIAN_POINT('Ctrl Pts',(149.08069973033,-129.850938340252,-0.613433184955541));
#6389=CARTESIAN_POINT('Ctrl Pts',(149.192124320276,-129.161386449686,-0.648982817476065));
#6390=CARTESIAN_POINT('Ctrl Pts',(150.207181699537,-128.258696748472,-0.710860621150304));
#6391=CARTESIAN_POINT('Ctrl Pts',(151.880257947724,-128.713936145992,-0.78984513461145));
#6392=CARTESIAN_POINT('Ctrl Pts',(152.413464368301,-130.363831397105,-0.868829648072594));
#6393=CARTESIAN_POINT('Ctrl Pts',(151.323233367831,-131.71210733957,-0.94781416153374));
#6394=CARTESIAN_POINT('Ctrl Pts',(149.609724273572,-131.537204442356,-1.02627485337245));
#6395=CARTESIAN_POINT('Ctrl Pts',(149.078669582219,-130.529220711999,-1.07840737405745));
#6396=CARTESIAN_POINT('Ctrl Pts',(149.077821700783,-130.031062305175,-1.10421172358873));
#6397=CARTESIAN_POINT('Origin',(150.623343898743,-130.031246592388,7.10421172358873));
#6398=CARTESIAN_POINT('',(149.081967638551,-130.032654118795,-0.104211723588729));
#6399=CARTESIAN_POINT('',(149.078626902239,-130.030295306342,-0.145788276411274));
#6400=CARTESIAN_POINT('',(149.080343898743,-130.031246592388,7.10421172358873));
#6401=CARTESIAN_POINT('',(150.224830056886,-131.521896020606,0.));
#6402=CARTESIAN_POINT('Ctrl Pts',(150.224830056886,-131.521896020606,1.11022302462516E-15));
#6403=CARTESIAN_POINT('Ctrl Pts',(149.731649354938,-131.390047892842,-0.026328171153714));
#6404=CARTESIAN_POINT('Ctrl Pts',(149.179602278164,-130.868870307808,-0.0610654123499574));
#6405=CARTESIAN_POINT('Ctrl Pts',(149.080794542293,-130.195975250826,-0.0958026535462007));
#6406=CARTESIAN_POINT('Ctrl Pts',(149.081967638551,-130.032654118795,-0.104211723588729));
#6407=CARTESIAN_POINT('',(151.022845465123,-131.52444332314,4.35280993356154E-15));
#6408=CARTESIAN_POINT('Origin',(150.623343898743,-130.031246592388,0.));
#6409=CARTESIAN_POINT('Ctrl Pts',(151.022848381806,-131.524450845151,-4.36526899696976E-16));
#6410=CARTESIAN_POINT('Ctrl Pts',(150.549015371997,-131.649840110185,-0.0253871634713704));
#6411=CARTESIAN_POINT('Ctrl Pts',(149.51482197734,-131.423601517034,-0.0739832556084616));
#6412=CARTESIAN_POINT('Ctrl Pts',(149.08193153465,-130.478887014681,-0.122579347745553));
#6413=CARTESIAN_POINT('Ctrl Pts',(149.078626902239,-130.030295306342,-0.145788276411274));
#6414=CARTESIAN_POINT('Origin',(78.8682076614499,-130.190548761755,0.));
#6415=CARTESIAN_POINT('',(77.6057089783401,-130.190416133752,-5.80658032638057));
#6416=CARTESIAN_POINT('',(77.6046322279379,-130.192351783912,-5.94341967361942));
#6417=CARTESIAN_POINT('',(77.6037076614499,-130.190548761755,0.));
#6418=CARTESIAN_POINT('',(77.9100915087275,-129.365337462819,-6.));
#6419=CARTESIAN_POINT('Ctrl Pts',(77.6046322279379,-130.192351783912,-5.94341967361942));
#6420=CARTESIAN_POINT('Ctrl Pts',(77.6072444244604,-129.893175001065,-5.96227978241295));
#6421=CARTESIAN_POINT('Ctrl Pts',(77.7145138587565,-129.592413977392,-5.98113989120648));
#6422=CARTESIAN_POINT('Ctrl Pts',(77.9100915087275,-129.365337462819,-6.00000000000001));
#6423=CARTESIAN_POINT('',(79.8281602177546,-129.364079808289,-5.99999999999999));
#6424=CARTESIAN_POINT('Origin',(78.8682076614499,-130.190548761755,-6.));
#6425=CARTESIAN_POINT('Ctrl Pts',(79.828165827673,-129.364075966356,-6.));
#6426=CARTESIAN_POINT('Ctrl Pts',(79.565259345267,-129.060376419534,-5.97461283652862));
#6427=CARTESIAN_POINT('Ctrl Pts',(79.1449052774019,-128.890945727522,-5.94922567305724));
#6428=CARTESIAN_POINT('Ctrl Pts',(78.7451142320404,-128.930026206137,-5.92383850958586));
#6429=CARTESIAN_POINT('Ctrl Pts',(78.33050442028,-128.970555252673,-5.89751033843215));
#6430=CARTESIAN_POINT('Ctrl Pts',(77.9380102722009,-129.235339411636,-5.87118216727843));
#6431=CARTESIAN_POINT('Ctrl Pts',(77.7453564461174,-129.604559184984,-5.84485399612472));
#6432=CARTESIAN_POINT('Ctrl Pts',(77.6520018302395,-129.783472683959,-5.83209610621));
#6433=CARTESIAN_POINT('Ctrl Pts',(77.6055716908877,-129.98690869414,-5.81933821629528));
#6434=CARTESIAN_POINT('Ctrl Pts',(77.6057089783401,-130.190416133752,-5.80658032638057));
#6435=CARTESIAN_POINT('Origin',(78.8682076614499,-130.190548761755,0.));
#6436=CARTESIAN_POINT('',(77.6030658124347,-130.191605517677,-5.30658032638057));
#6437=CARTESIAN_POINT('',(77.6017541253558,-130.190194264764,-5.44341967361943));
#6438=CARTESIAN_POINT('',(77.6037076614499,-130.190548761755,0.));
#6439=CARTESIAN_POINT('Ctrl Pts',(77.6017541253558,-130.190194264764,-5.44341967361943));
#6440=CARTESIAN_POINT('Ctrl Pts',(77.6016822122998,-130.170737783969,-5.44464925100361));
#6441=CARTESIAN_POINT('Ctrl Pts',(77.6020921431722,-130.151284428814,-5.4458788283878));
#6442=CARTESIAN_POINT('Ctrl Pts',(77.6029934315349,-130.131853901268,-5.44710840577199));
#6443=CARTESIAN_POINT('Ctrl Pts',(77.6222921552896,-129.715800173024,-5.47343657692571));
#6444=CARTESIAN_POINT('Ctrl Pts',(77.8668732628732,-129.310212669429,-5.49976474807942));
#6445=CARTESIAN_POINT('Ctrl Pts',(78.2258410206319,-129.09896318205,-5.52609291923314));
#6446=CARTESIAN_POINT('Ctrl Pts',(78.5848087783906,-128.88771369467,-5.55242109038685));
#6447=CARTESIAN_POINT('Ctrl Pts',(79.0581631863244,-128.870802223508,-5.57874926154057));
#6448=CARTESIAN_POINT('Ctrl Pts',(79.4312491126118,-129.055977396906,-5.60507743269428));
#6449=CARTESIAN_POINT('Ctrl Pts',(79.8043350388993,-129.241152570303,-5.631405603848));
#6450=CARTESIAN_POINT('Ctrl Pts',(80.0771524835404,-129.628414388261,-5.65773377500172));
#6451=CARTESIAN_POINT('Ctrl Pts',(80.126027508948,-130.041996261046,-5.68406194615543));
#6452=CARTESIAN_POINT('Ctrl Pts',(80.1749025343556,-130.455578133831,-5.71039011730915));
#6453=CARTESIAN_POINT('Ctrl Pts',(79.9998351405297,-130.895480061444,-5.73671828846285));
#6454=CARTESIAN_POINT('Ctrl Pts',(79.6801407140543,-131.162574371256,-5.76304645961657));
#6455=CARTESIAN_POINT('Ctrl Pts',(79.3604462875791,-131.429668681069,-5.78937463077028));
#6456=CARTESIAN_POINT('Ctrl Pts',(78.8961248284544,-131.523955373082,-5.815702801924));
#6457=CARTESIAN_POINT('Ctrl Pts',(78.4978648576982,-131.401974654764,-5.84203097307772));
#6458=CARTESIAN_POINT('Ctrl Pts',(78.0996048869421,-131.279993936445,-5.86835914423144));
#6459=CARTESIAN_POINT('Ctrl Pts',(77.7674064045545,-130.941745807793,-5.89468731538515));
#6460=CARTESIAN_POINT('Ctrl Pts',(77.6517728619709,-130.542329765394,-5.92101548653886));
#6461=CARTESIAN_POINT('Ctrl Pts',(77.6189730711346,-130.429034242705,-5.92848354889905));
#6462=CARTESIAN_POINT('Ctrl Pts',(77.603597873007,-130.310817212477,-5.93595161125924));
#6463=CARTESIAN_POINT('Ctrl Pts',(77.6046322279379,-130.192351783912,-5.94341967361942));
#6464=CARTESIAN_POINT('Ctrl Pts',(77.6057089783401,-130.190416133752,-5.80658032638057));
#6465=CARTESIAN_POINT('Ctrl Pts',(77.6058550079228,-130.40688243094,-5.79301004514157));
#6466=CARTESIAN_POINT('Ctrl Pts',(77.6586878877989,-130.623429544097,-5.77943976390257));
#6467=CARTESIAN_POINT('Ctrl Pts',(77.7637779245585,-130.810631687239,-5.76586948266357));
#6468=CARTESIAN_POINT('Ctrl Pts',(77.9676667331711,-131.173829028413,-5.73954131150985));
#6469=CARTESIAN_POINT('Ctrl Pts',(78.3682578544842,-131.426568323027,-5.71321314035614));
#6470=CARTESIAN_POINT('Ctrl Pts',(78.7838477118021,-131.454304040028,-5.68688496920243));
#6471=CARTESIAN_POINT('Ctrl Pts',(79.1994375691201,-131.48203975703,-5.66055679804871));
#6472=CARTESIAN_POINT('Ctrl Pts',(79.6300261624428,-131.284771896419,-5.634228626895));
#6473=CARTESIAN_POINT('Ctrl Pts',(79.8803945863358,-130.951922379897,-5.60790045574128));
#6474=CARTESIAN_POINT('Ctrl Pts',(80.1307630102289,-130.619072863375,-5.58157228458756));
#6475=CARTESIAN_POINT('Ctrl Pts',(80.2009112646922,-130.150641690941,-5.55524411343385));
#6476=CARTESIAN_POINT('Ctrl Pts',(80.0590174039489,-129.759048991926,-5.52891594228013));
#6477=CARTESIAN_POINT('Ctrl Pts',(79.9171235432057,-129.367456292912,-5.50258777112642));
#6478=CARTESIAN_POINT('Ctrl Pts',(79.5631875672558,-129.052702067316,-5.4762595999727));
#6479=CARTESIAN_POINT('Ctrl Pts',(79.1577058071722,-128.957502795437,-5.44993142881899));
#6480=CARTESIAN_POINT('Ctrl Pts',(78.7522240470887,-128.862303523557,-5.42360325766527));
#6481=CARTESIAN_POINT('Ctrl Pts',(78.2951965028715,-128.986659205394,-5.39727508651156));
#6482=CARTESIAN_POINT('Ctrl Pts',(77.9938557396522,-129.274184826727,-5.37094691535785));
#6483=CARTESIAN_POINT('Ctrl Pts',(77.7482851056345,-129.508497132744,-5.34949138569875));
#6484=CARTESIAN_POINT('Ctrl Pts',(77.6061069234896,-129.85117149756,-5.32803585603966));
#6485=CARTESIAN_POINT('Ctrl Pts',(77.6030658124347,-130.191605517677,-5.30658032638057));
#6486=CARTESIAN_POINT('Origin',(78.8682076614499,-130.190548761755,0.));
#6487=CARTESIAN_POINT('',(77.6025962912732,-130.189624126175,-4.80658032638057));
#6488=CARTESIAN_POINT('',(77.6051964601354,-130.189790384159,-4.94341967361943));
#6489=CARTESIAN_POINT('',(77.6037076614499,-130.190548761755,0.));
#6490=CARTESIAN_POINT('Ctrl Pts',(77.6051964601354,-130.189790384159,-4.94341967361943));
#6491=CARTESIAN_POINT('Ctrl Pts',(77.604321056678,-130.03159840302,-4.95334689074799));
#6492=CARTESIAN_POINT('Ctrl Pts',(77.6318885672717,-129.873700422813,-4.96327410787655));
#6493=CARTESIAN_POINT('Ctrl Pts',(77.6893004288987,-129.727524066002,-4.97320132500512));
#6494=CARTESIAN_POINT('Ctrl Pts',(77.8415635757195,-129.339846825654,-4.99952949615884));
#6495=CARTESIAN_POINT('Ctrl Pts',(78.2037441439325,-129.034616442841,-5.02585766731255));
#6496=CARTESIAN_POINT('Ctrl Pts',(78.611614109515,-128.950236894058,-5.05218583846627));
#6497=CARTESIAN_POINT('Ctrl Pts',(79.0194840750974,-128.865857345276,-5.07851400961998));
#6498=CARTESIAN_POINT('Ctrl Pts',(79.4730434380492,-129.002328630525,-5.1048421807737));
#6499=CARTESIAN_POINT('Ctrl Pts',(79.7666288206552,-129.297769885494,-5.13117035192741));
#6500=CARTESIAN_POINT('Ctrl Pts',(80.0602142032612,-129.593211140464,-5.15749852308113));
#6501=CARTESIAN_POINT('Ctrl Pts',(80.1938256055213,-130.047622365154,-5.18382669423484));
#6502=CARTESIAN_POINT('Ctrl Pts',(80.1068783452307,-130.454951973527,-5.21015486538856));
#6503=CARTESIAN_POINT('Ctrl Pts',(80.0199310849401,-130.8622815819,-5.23648303654228));
#6504=CARTESIAN_POINT('Ctrl Pts',(79.7124251620989,-131.222529573957,-5.26281120769599));
#6505=CARTESIAN_POINT('Ctrl Pts',(79.3237959987901,-131.372348564865,-5.2891393788497));
#6506=CARTESIAN_POINT('Ctrl Pts',(78.9351668354813,-131.522167555773,-5.31546755000342));
#6507=CARTESIAN_POINT('Ctrl Pts',(78.4654144317051,-131.461557545532,-5.34179572115713));
#6508=CARTESIAN_POINT('Ctrl Pts',(78.1275463997798,-131.217992563967,-5.36812389231085));
#6509=CARTESIAN_POINT('Ctrl Pts',(77.8054574695806,-130.985802546168,-5.39322248608037));
#6510=CARTESIAN_POINT('Ctrl Pts',(77.6032220415698,-130.587347232881,-5.4183210798499));
#6511=CARTESIAN_POINT('Ctrl Pts',(77.6017541253558,-130.190194264764,-5.44341967361943));
#6512=CARTESIAN_POINT('Ctrl Pts',(77.6030658124347,-130.191605517677,-5.30658032638057));
#6513=CARTESIAN_POINT('Ctrl Pts',(77.6023751632571,-130.268919522923,-5.30170768488594));
#6514=CARTESIAN_POINT('Ctrl Pts',(77.6088606936109,-130.34611797941,-5.29683504339132));
#6515=CARTESIAN_POINT('Ctrl Pts',(77.6229410874649,-130.421905378773,-5.2919624018967));
#6516=CARTESIAN_POINT('Ctrl Pts',(77.6990211807184,-130.831404748657,-5.26563423074298));
#6517=CARTESIAN_POINT('Ctrl Pts',(77.9968353494469,-131.199707927595,-5.23930605958927));
#6518=CARTESIAN_POINT('Ctrl Pts',(78.3813411832724,-131.359811279707,-5.21297788843555));
#6519=CARTESIAN_POINT('Ctrl Pts',(78.7658470170979,-131.519914631819,-5.18664971728184));
#6520=CARTESIAN_POINT('Ctrl Pts',(79.2370445160204,-131.471818157105,-5.16032154612812));
#6521=CARTESIAN_POINT('Ctrl Pts',(79.5812729940494,-131.237330490028,-5.13399337497441));
#6522=CARTESIAN_POINT('Ctrl Pts',(79.9255014720783,-131.00284282295,-5.10766520382069));
#6523=CARTESIAN_POINT('Ctrl Pts',(80.1427609292138,-130.58196396351,-5.08133703266698));
#6524=CARTESIAN_POINT('Ctrl Pts',(80.1345364785646,-130.165538520855,-5.05500886151327));
#6525=CARTESIAN_POINT('Ctrl Pts',(80.1263120279154,-129.7491130782,-5.02868069035955));
#6526=CARTESIAN_POINT('Ctrl Pts',(79.8926036694817,-129.33714105233,-5.00235251920583));
#6527=CARTESIAN_POINT('Ctrl Pts',(79.5393848321932,-129.116428055242,-4.97602434805212));
#6528=CARTESIAN_POINT('Ctrl Pts',(79.1861659949048,-128.895715058154,-4.9496961768984));
#6529=CARTESIAN_POINT('Ctrl Pts',(78.7134366787617,-128.866261089847,-4.92336800574469));
#6530=CARTESIAN_POINT('Ctrl Pts',(78.3355524864957,-129.041421877365,-4.89703983459098));
#6531=CARTESIAN_POINT('Ctrl Pts',(77.9576682942296,-129.216582664884,-4.87071166343726));
#6532=CARTESIAN_POINT('Ctrl Pts',(77.6746292258406,-129.596358208228,-4.84438349228355));
#6533=CARTESIAN_POINT('Ctrl Pts',(77.6147772932204,-130.008542050184,-4.81805532112983));
#6534=CARTESIAN_POINT('Ctrl Pts',(77.606081910006,-130.06842476915,-4.81423032288008));
#6535=CARTESIAN_POINT('Ctrl Pts',(77.6020972789439,-130.128991521547,-4.81040532463032));
#6536=CARTESIAN_POINT('Ctrl Pts',(77.6025962912732,-130.189624126175,-4.80658032638057));
#6537=CARTESIAN_POINT('Origin',(78.8682076614499,-130.190548761755,0.));
#6538=CARTESIAN_POINT('',(77.6056677809864,-130.190384942907,-4.30658032638057));
#6539=CARTESIAN_POINT('',(77.6043774031237,-130.191618560602,-4.44341967361943));
#6540=CARTESIAN_POINT('',(77.6037076614499,-130.190548761755,0.));
#6541=CARTESIAN_POINT('Ctrl Pts',(77.6043774031237,-130.191618560602,-4.44341967361943));
#6542=CARTESIAN_POINT('Ctrl Pts',(77.6068004287198,-129.895313398894,-4.46204453049237));
#6543=CARTESIAN_POINT('Ctrl Pts',(77.7109305904058,-129.597474064496,-4.48066938736531));
#6544=CARTESIAN_POINT('Ctrl Pts',(77.9012259141329,-129.372526510572,-4.49929424423826));
#6545=CARTESIAN_POINT('Ctrl Pts',(78.1702281344998,-129.05453976089,-4.52562241539197));
#6546=CARTESIAN_POINT('Ctrl Pts',(78.6114121400138,-128.882210915021,-4.55195058654568));
#6547=CARTESIAN_POINT('Ctrl Pts',(79.0247262774003,-128.933681218873,-4.5782787576994));
#6548=CARTESIAN_POINT('Ctrl Pts',(79.438040414787,-128.985151522724,-4.60460692885311));
#6549=CARTESIAN_POINT('Ctrl Pts',(79.8234846840462,-129.260420976298,-4.63093510000683));
#6550=CARTESIAN_POINT('Ctrl Pts',(80.0062822028805,-129.634670676351,-4.65726327116054));
#6551=CARTESIAN_POINT('Ctrl Pts',(80.1890797217147,-130.008920376404,-4.68359144231426));
#6552=CARTESIAN_POINT('Ctrl Pts',(80.1692304901241,-130.482150322937,-4.70991961346797));
#6553=CARTESIAN_POINT('Ctrl Pts',(79.9557350022924,-130.839777836414,-4.73624778462169));
#6554=CARTESIAN_POINT('Ctrl Pts',(79.7422395144608,-131.197405349892,-4.7625759557754));
#6555=CARTESIAN_POINT('Ctrl Pts',(79.3350977703882,-131.439430430313,-4.78890412692912));
#6556=CARTESIAN_POINT('Ctrl Pts',(78.9189251991694,-131.456108635755,-4.81523229808283));
#6557=CARTESIAN_POINT('Ctrl Pts',(78.5027526279506,-131.472786841196,-4.84156046923655));
#6558=CARTESIAN_POINT('Ctrl Pts',(78.0775492295855,-131.264118171657,-4.86788864039026));
#6559=CARTESIAN_POINT('Ctrl Pts',(77.8361203931173,-130.924721787945,-4.89421681154398));
#6560=CARTESIAN_POINT('Ctrl Pts',(77.6857239518248,-130.713297133607,-4.91061776556913));
#6561=CARTESIAN_POINT('Ctrl Pts',(77.606642731701,-130.451142521036,-4.92701871959428));
#6562=CARTESIAN_POINT('Ctrl Pts',(77.6051964601354,-130.189790384159,-4.94341967361943));
#6563=CARTESIAN_POINT('Ctrl Pts',(77.6025962912732,-130.189624126175,-4.80658032638057));
#6564=CARTESIAN_POINT('Ctrl Pts',(77.6055320731992,-130.546336965369,-4.78407715347661));
#6565=CARTESIAN_POINT('Ctrl Pts',(77.7636551261806,-130.905329073287,-4.76157398057264));
#6566=CARTESIAN_POINT('Ctrl Pts',(78.0307197417957,-131.140721433061,-4.73907080766868));
#6567=CARTESIAN_POINT('Ctrl Pts',(78.3431789198424,-131.416124833411,-4.71274263651497));
#6568=CARTESIAN_POINT('Ctrl Pts',(78.8047620727872,-131.522339493539,-4.68641446536125));
#6569=CARTESIAN_POINT('Ctrl Pts',(79.2061677068786,-131.411203149426,-4.66008629420754));
#6570=CARTESIAN_POINT('Ctrl Pts',(79.6075733409701,-131.300066805313,-4.63375812305383));
#6571=CARTESIAN_POINT('Ctrl Pts',(79.9488014562081,-130.971579456957,-4.60742995190011));
#6572=CARTESIAN_POINT('Ctrl Pts',(80.0751246617366,-130.574691287781,-4.5811017807464));
#6573=CARTESIAN_POINT('Ctrl Pts',(80.2014478672651,-130.177803118605,-4.55477360959268));
#6574=CARTESIAN_POINT('Ctrl Pts',(80.1128661630841,-129.712514128609,-4.52844543843896));
#6575=CARTESIAN_POINT('Ctrl Pts',(79.8495462750014,-129.389806199865,-4.50211726728525));
#6576=CARTESIAN_POINT('Ctrl Pts',(79.5862263869186,-129.067098271121,-4.47578909613154));
#6577=CARTESIAN_POINT('Ctrl Pts',(79.1481683149342,-128.88697140363,-4.44946092497782));
#6578=CARTESIAN_POINT('Ctrl Pts',(78.734006281433,-128.93110280613,-4.42313275382411));
#6579=CARTESIAN_POINT('Ctrl Pts',(78.3198442479317,-128.97523420863,-4.39680458267039));
#6580=CARTESIAN_POINT('Ctrl Pts',(77.9295782529137,-129.24362388112,-4.37047641151667));
#6581=CARTESIAN_POINT('Ctrl Pts',(77.7401715524581,-129.614572492945,-4.34414824036296));
#6582=CARTESIAN_POINT('Ctrl Pts',(77.6500828209006,-129.791009175659,-4.33162560236883));
#6583=CARTESIAN_POINT('Ctrl Pts',(77.6054344950486,-129.990647771047,-4.3191029643747));
#6584=CARTESIAN_POINT('Ctrl Pts',(77.6056677809864,-130.190384942907,-4.30658032638057));
#6585=CARTESIAN_POINT('Origin',(78.8682076614499,-130.190548761755,0.));
#6586=CARTESIAN_POINT('',(77.6031758005064,-130.19162583596,-3.80658032638057));
#6587=CARTESIAN_POINT('',(77.6017123803591,-130.190264809026,-3.94341967361943));
#6588=CARTESIAN_POINT('',(77.6037076614499,-130.190548761755,0.));
#6589=CARTESIAN_POINT('Ctrl Pts',(77.6017123803591,-130.190264809026,-3.94341967361943));
#6590=CARTESIAN_POINT('Ctrl Pts',(77.6016641133661,-130.174532083183,-3.94441399908303));
#6591=CARTESIAN_POINT('Ctrl Pts',(77.6019321707801,-130.158801039783,-3.94540832454663));
#6592=CARTESIAN_POINT('Ctrl Pts',(77.602521676129,-130.143082051565,-3.94640265001024));
#6593=CARTESIAN_POINT('Ctrl Pts',(77.6181308486675,-129.726868017731,-3.97273082116395));
#6594=CARTESIAN_POINT('Ctrl Pts',(77.859109397238,-129.319105956156,-3.99905899231767));
#6595=CARTESIAN_POINT('Ctrl Pts',(78.2161873647225,-129.104692585879,-4.02538716347138));
#6596=CARTESIAN_POINT('Ctrl Pts',(78.5732653322069,-128.890279215602,-4.0517153346251));
#6597=CARTESIAN_POINT('Ctrl Pts',(79.0464427186053,-128.869214536622,-4.07804350577881));
#6598=CARTESIAN_POINT('Ctrl Pts',(79.4211607052191,-129.05105017319,-4.10437167693253));
#6599=CARTESIAN_POINT('Ctrl Pts',(79.7958786918329,-129.232885809758,-4.13069984808624));
#6600=CARTESIAN_POINT('Ctrl Pts',(80.0721372786622,-129.617621761873,-4.15702801923996));
#6601=CARTESIAN_POINT('Ctrl Pts',(80.1246690337237,-130.030802331328,-4.18335619039367));
#6602=CARTESIAN_POINT('Ctrl Pts',(80.1772007887851,-130.443982900782,-4.20968436154739));
#6603=CARTESIAN_POINT('Ctrl Pts',(80.0060057120788,-130.885608087575,-4.2360125327011));
#6604=CARTESIAN_POINT('Ctrl Pts',(79.6887109567993,-131.155426186347,-4.26234070385482));
#6605=CARTESIAN_POINT('Ctrl Pts',(79.3714162015198,-131.42524428512,-4.28866887500853));
#6606=CARTESIAN_POINT('Ctrl Pts',(78.9080217676671,-131.523255295872,-4.31499704616225));
#6607=CARTESIAN_POINT('Ctrl Pts',(78.5086504656593,-131.405016844684,-4.34132521731596));
#6608=CARTESIAN_POINT('Ctrl Pts',(78.1092791636516,-131.286778393497,-4.36765338846968));
#6609=CARTESIAN_POINT('Ctrl Pts',(77.7739309934888,-130.95229048037,-4.39398155962339));
#6610=CARTESIAN_POINT('Ctrl Pts',(77.6546671260174,-130.55322419706,-4.42030973077711));
#6611=CARTESIAN_POINT('Ctrl Pts',(77.6197719163157,-130.436462080114,-4.42801304505788));
#6612=CARTESIAN_POINT('Ctrl Pts',(77.6033752301778,-130.314171544456,-4.43571635933865));
#6613=CARTESIAN_POINT('Ctrl Pts',(77.6043774031237,-130.191618560602,-4.44341967361943));
#6614=CARTESIAN_POINT('Ctrl Pts',(77.6056677809864,-130.190384942907,-4.30658032638057));
#6615=CARTESIAN_POINT('Ctrl Pts',(77.6059249661539,-130.410584404921,-4.29277479322098));
#6616=CARTESIAN_POINT('Ctrl Pts',(77.6607306948903,-130.630903675534,-4.2789692600614));
#6617=CARTESIAN_POINT('Ctrl Pts',(77.7693362397714,-130.820386617036,-4.26516372690181));
#6618=CARTESIAN_POINT('Ctrl Pts',(77.9764550334332,-131.181744578146,-4.2388355557481));
#6619=CARTESIAN_POINT('Ctrl Pts',(78.3792400266499,-131.430952949208,-4.21250738459438));
#6620=CARTESIAN_POINT('Ctrl Pts',(78.7950513156646,-131.455010020346,-4.18617921344067));
#6621=CARTESIAN_POINT('Ctrl Pts',(79.2108626046793,-131.479067091483,-4.15985104228695));
#6622=CARTESIAN_POINT('Ctrl Pts',(79.639700189492,-131.277972862697,-4.13352287113324));
#6623=CARTESIAN_POINT('Ctrl Pts',(79.8871108094922,-130.942912038567,-4.10719469997952));
#6624=CARTESIAN_POINT('Ctrl Pts',(80.1345214294923,-130.607851214437,-4.08086652882581));
#6625=CARTESIAN_POINT('Ctrl Pts',(80.2005050846799,-130.138823794964,-4.0545383576721));
#6626=CARTESIAN_POINT('Ctrl Pts',(80.0551419701114,-129.748506826754,-4.02821018651838));
#6627=CARTESIAN_POINT('Ctrl Pts',(79.9097788555429,-129.358189858544,-4.00188201536467));
#6628=CARTESIAN_POINT('Ctrl Pts',(79.5530689712183,-129.046583341598,-3.97555384421095));
#6629=CARTESIAN_POINT('Ctrl Pts',(79.1467598004314,-128.954982967774,-3.94922567305723));
#6630=CARTESIAN_POINT('Ctrl Pts',(78.7404506296446,-128.863382593951,-3.92289750190352));
#6631=CARTESIAN_POINT('Ctrl Pts',(78.2845421723955,-128.991788363251,-3.89656933074981));
#6632=CARTESIAN_POINT('Ctrl Pts',(77.9857627780162,-129.281975620459,-3.87024115959609));
#6633=CARTESIAN_POINT('Ctrl Pts',(77.7449491759527,-129.515864034438,-3.84902088185758));
#6634=CARTESIAN_POINT('Ctrl Pts',(77.6062100742635,-129.854849266577,-3.82780060411908));
#6635=CARTESIAN_POINT('Ctrl Pts',(77.6031758005064,-130.19162583596,-3.80658032638057));
#6636=CARTESIAN_POINT('Origin',(78.8682076614499,-130.190548761755,0.));
#6637=CARTESIAN_POINT('',(77.6024975201205,-130.189662741045,-3.30658032638057));
#6638=CARTESIAN_POINT('',(77.6051253594254,-130.189746594643,-3.44341967361943));
#6639=CARTESIAN_POINT('',(77.6037076614499,-130.190548761755,0.));
#6640=CARTESIAN_POINT('Ctrl Pts',(77.6051253594254,-130.189746594643,-3.44341967361943));
#6641=CARTESIAN_POINT('Ctrl Pts',(77.6042180342582,-130.035325252447,-3.45311163882741));
#6642=CARTESIAN_POINT('Ctrl Pts',(77.630456899376,-129.881201515497,-3.46280360403539));
#6643=CARTESIAN_POINT('Ctrl Pts',(77.6852403655211,-129.737997683119,-3.47249556924337));
#6644=CARTESIAN_POINT('Ctrl Pts',(77.8340593554897,-129.348985245724,-3.49882374039709));
#6645=CARTESIAN_POINT('Ctrl Pts',(78.1935187447658,-129.040554528753,-3.5251519115508));
#6646=CARTESIAN_POINT('Ctrl Pts',(78.6006243071749,-128.952561180829,-3.55148008270451));
#6647=CARTESIAN_POINT('Ctrl Pts',(79.007729869584,-128.864567832906,-3.57780825385823));
#6648=CARTESIAN_POINT('Ctrl Pts',(79.462481605126,-128.99701185403,-3.60413642501194));
#6649=CARTESIAN_POINT('Ctrl Pts',(79.7586756714549,-129.28983747329,-3.63046459616566));
#6650=CARTESIAN_POINT('Ctrl Pts',(80.0548697377838,-129.582663092549,-3.65679276731937));
#6651=CARTESIAN_POINT('Ctrl Pts',(80.1925061348996,-130.035870309943,-3.68312093847309));
#6652=CARTESIAN_POINT('Ctrl Pts',(80.1091746470428,-130.443955633565,-3.7094491096268));
#6653=CARTESIAN_POINT('Ctrl Pts',(80.025843159186,-130.852040957186,-3.73577728078052));
#6654=CARTESIAN_POINT('Ctrl Pts',(79.7215437863565,-131.215004387036,-3.76210545193423));
#6655=CARTESIAN_POINT('Ctrl Pts',(79.3342588494502,-131.368262815411,-3.78843362308795));
#6656=CARTESIAN_POINT('Ctrl Pts',(78.9469739125438,-131.521521243786,-3.81476179424166));
#6657=CARTESIAN_POINT('Ctrl Pts',(78.4767034115605,-131.465074670687,-3.84108996539538));
#6658=CARTESIAN_POINT('Ctrl Pts',(78.1366880593222,-131.224518381091,-3.86741813654909));
#6659=CARTESIAN_POINT('Ctrl Pts',(77.8095139303033,-130.993047084249,-3.8927519822392));
#6660=CARTESIAN_POINT('Ctrl Pts',(77.6029421472702,-130.591109867692,-3.91808582792931));
#6661=CARTESIAN_POINT('Ctrl Pts',(77.6017123803591,-130.190264809026,-3.94341967361943));
#6662=CARTESIAN_POINT('Ctrl Pts',(77.6031758005064,-130.19162583596,-3.80658032638057));
#6663=CARTESIAN_POINT('Ctrl Pts',(77.6024454261383,-130.272690694881,-3.80147243296536));
#6664=CARTESIAN_POINT('Ctrl Pts',(77.6095778444362,-130.353627582989,-3.79636453955015));
#6665=CARTESIAN_POINT('Ctrl Pts',(77.6250420883843,-130.432939940076,-3.79125664613495));
#6666=CARTESIAN_POINT('Ctrl Pts',(77.7047511246412,-130.841748257371,-3.76492847498123));
#6667=CARTESIAN_POINT('Ctrl Pts',(78.0058195286645,-131.207396146846,-3.73860030382751));
#6668=CARTESIAN_POINT('Ctrl Pts',(78.3917300386909,-131.364083252256,-3.7122721326738));
#6669=CARTESIAN_POINT('Ctrl Pts',(78.7776405487173,-131.520770357666,-3.68594396152009));
#6670=CARTESIAN_POINT('Ctrl Pts',(79.2483931647469,-131.468496679011,-3.65961579036637));
#6671=CARTESIAN_POINT('Ctrl Pts',(79.5905285624202,-131.230965332848,-3.63328761921266));
#6672=CARTESIAN_POINT('Ctrl Pts',(79.9326639600935,-130.993433986686,-3.60695944805894));
#6673=CARTESIAN_POINT('Ctrl Pts',(80.1461821394106,-130.570644973017,-3.58063127690522));
#6674=CARTESIAN_POINT('Ctrl Pts',(80.1342648464875,-130.154308872156,-3.55430310575151));
#6675=CARTESIAN_POINT('Ctrl Pts',(80.1223475535645,-129.737972771295,-3.52797493459779));
#6676=CARTESIAN_POINT('Ctrl Pts',(79.8849947884013,-129.328089583243,-3.50164676344408));
#6677=CARTESIAN_POINT('Ctrl Pts',(79.529832423189,-129.110517836255,-3.47531859229036));
#6678=CARTESIAN_POINT('Ctrl Pts',(79.1746700579768,-128.892946089267,-3.44899042113665));
#6679=CARTESIAN_POINT('Ctrl Pts',(78.7016980927153,-128.867685783343,-3.42266224998293));
#6680=CARTESIAN_POINT('Ctrl Pts',(78.325382199411,-129.046191019113,-3.39633407882922));
#6681=CARTESIAN_POINT('Ctrl Pts',(77.9490663061067,-129.224696254882,-3.3700059076755));
#6682=CARTESIAN_POINT('Ctrl Pts',(77.6694064847595,-129.606967032346,-3.34367773652179));
#6683=CARTESIAN_POINT('Ctrl Pts',(77.6132124321877,-130.019665468503,-3.31734956536807));
#6684=CARTESIAN_POINT('Ctrl Pts',(77.6055505861459,-130.075935335771,-3.31375981903891));
#6685=CARTESIAN_POINT('Ctrl Pts',(77.6020430332679,-130.132770862001,-3.31017007270974));
#6686=CARTESIAN_POINT('Ctrl Pts',(77.6024975201205,-130.189662741045,-3.30658032638057));
#6687=CARTESIAN_POINT('Origin',(78.8682076614499,-130.190548761755,0.));
#6688=CARTESIAN_POINT('',(77.6056505228767,-130.190325530878,-2.80658032638057));
#6689=CARTESIAN_POINT('',(77.6044774714281,-130.19159767049,-2.94341967361943));
#6690=CARTESIAN_POINT('',(77.6037076614499,-130.190548761755,0.));
#6691=CARTESIAN_POINT('Ctrl Pts',(77.6044774714281,-130.19159767049,-2.94341967361943));
#6692=CARTESIAN_POINT('Ctrl Pts',(77.6068092599587,-129.898976430776,-2.96180927857179));
#6693=CARTESIAN_POINT('Ctrl Pts',(77.7080946585092,-129.604898366899,-2.98019888352414));
#6694=CARTESIAN_POINT('Ctrl Pts',(77.894009171693,-129.381134526294,-2.9985884884765));
#6695=CARTESIAN_POINT('Ctrl Pts',(78.1601806928184,-129.060774588778,-3.02491665963021));
#6696=CARTESIAN_POINT('Ctrl Pts',(78.5998190203326,-128.884539800241,-3.05124483078393));
#6697=CARTESIAN_POINT('Ctrl Pts',(79.0135733760179,-128.932342534207,-3.07757300193764));
#6698=CARTESIAN_POINT('Ctrl Pts',(79.4273277317033,-128.980145268173,-3.10390117309136));
#6699=CARTESIAN_POINT('Ctrl Pts',(79.8151981155599,-129.251985524642,-3.13022934424507));
#6700=CARTESIAN_POINT('Ctrl Pts',(80.0013075440985,-129.624599331193,-3.15655751539879));
#6701=CARTESIAN_POINT('Ctrl Pts',(80.1874169726372,-129.997213137744,-3.1828856865525));
#6702=CARTESIAN_POINT('Ctrl Pts',(80.1717654458579,-130.470600494376,-3.20921385770622));
#6703=CARTESIAN_POINT('Ctrl Pts',(79.9614500338943,-130.830107372911,-3.23554202885993));
#6704=CARTESIAN_POINT('Ctrl Pts',(79.7511346219307,-131.189614251446,-3.26187020001365));
#6705=CARTESIAN_POINT('Ctrl Pts',(79.3461553247827,-131.435240651883,-3.28819837116736));
#6706=CARTESIAN_POINT('Ctrl Pts',(78.930147037308,-131.45560908274,-3.31452654232108));
#6707=CARTESIAN_POINT('Ctrl Pts',(78.5141387498333,-131.475977513597,-3.34085471347479));
#6708=CARTESIAN_POINT('Ctrl Pts',(78.0871014720318,-131.271087974874,-3.36718288462851));
#6709=CARTESIAN_POINT('Ctrl Pts',(77.8426721284616,-130.933846126603,-3.39351105578222));
#6710=CARTESIAN_POINT('Ctrl Pts',(77.6882224754617,-130.720750245063,-3.41014726172796));
#6711=CARTESIAN_POINT('Ctrl Pts',(77.6066827781757,-130.454809994692,-3.42678346767369));
#6712=CARTESIAN_POINT('Ctrl Pts',(77.6051253594254,-130.189746594643,-3.44341967361943));
#6713=CARTESIAN_POINT('Ctrl Pts',(77.6024975201205,-130.189662741045,-3.30658032638057));
#6714=CARTESIAN_POINT('Ctrl Pts',(77.6053763628533,-130.550031300871,-3.28384190155602));
#6715=CARTESIAN_POINT('Ctrl Pts',(77.7672240651022,-130.912660903841,-3.26110347673148));
#6716=CARTESIAN_POINT('Ctrl Pts',(78.0391794467477,-131.148111472292,-3.23836505190693));
#6717=CARTESIAN_POINT('Ctrl Pts',(78.3540687976762,-131.420732945076,-3.21203688075321));
#6718=CARTESIAN_POINT('Ctrl Pts',(78.8165757833297,-131.522849795792,-3.1857087095995));
#6719=CARTESIAN_POINT('Ctrl Pts',(79.2169800000245,-131.408157886733,-3.15938053844578));
#6720=CARTESIAN_POINT('Ctrl Pts',(79.6173842167193,-131.293465977674,-3.13305236729207));
#6721=CARTESIAN_POINT('Ctrl Pts',(79.9556856644554,-130.961965308838,-3.10672419613835));
#6722=CARTESIAN_POINT('Ctrl Pts',(80.0784840306175,-130.563972429482,-3.08039602498464));
#6723=CARTESIAN_POINT('Ctrl Pts',(80.2012823967796,-130.165979550125,-3.05406785383092));
#6724=CARTESIAN_POINT('Ctrl Pts',(80.1085776813677,-129.701494460247,-3.02773968267721));
#6725=CARTESIAN_POINT('Ctrl Pts',(79.8424061583034,-129.381134520398,-3.00141151152349));
#6726=CARTESIAN_POINT('Ctrl Pts',(79.5762346352391,-129.060774580548,-2.97508334036978));
#6727=CARTESIAN_POINT('Ctrl Pts',(79.1365963045224,-128.884539790728,-2.94875516921607));
#6728=CARTESIAN_POINT('Ctrl Pts',(78.722841945823,-128.932342525042,-2.92242699806235));
#6729=CARTESIAN_POINT('Ctrl Pts',(78.3090875871237,-128.980145259356,-2.89609882690864));
#6730=CARTESIAN_POINT('Ctrl Pts',(77.9212172004416,-129.251985517805,-2.86977065575492));
#6731=CARTESIAN_POINT('Ctrl Pts',(77.7351077705472,-129.62459932707,-2.84344248460121));
#6732=CARTESIAN_POINT('Ctrl Pts',(77.6482502974743,-129.798498596566,-2.83115509852766));
#6733=CARTESIAN_POINT('Ctrl Pts',(77.6053383589911,-129.99434734347,-2.81886771245412));
#6734=CARTESIAN_POINT('Ctrl Pts',(77.6056505228767,-130.190325530878,-2.80658032638057));
#6735=CARTESIAN_POINT('Origin',(78.8682076614499,-130.190548761755,0.));
#6736=CARTESIAN_POINT('',(77.6032866615125,-130.191642678684,-2.30658032638057));
#6737=CARTESIAN_POINT('',(77.6016795675092,-130.190330814372,-2.44341967361943));
#6738=CARTESIAN_POINT('',(77.6037076614499,-130.190548761755,0.));
#6739=CARTESIAN_POINT('Ctrl Pts',(77.6016795675092,-130.190330814372,-2.44341967361943));
#6740=CARTESIAN_POINT('Ctrl Pts',(77.6016506961603,-130.178321199451,-2.44417874716245));
#6741=CARTESIAN_POINT('Ctrl Pts',(77.6018068954309,-130.166312353977,-2.44493782070547));
#6742=CARTESIAN_POINT('Ctrl Pts',(77.6021504856349,-130.15430887242,-2.44569689424848));
#6743=CARTESIAN_POINT('Ctrl Pts',(77.6140677784711,-129.737972774592,-2.4720250654022));
#6744=CARTESIAN_POINT('Ctrl Pts',(77.8514205419054,-129.328089589525,-2.49835323655591));
#6745=CARTESIAN_POINT('Ctrl Pts',(78.2065829045305,-129.110517844122,-2.52468140770963));
#6746=CARTESIAN_POINT('Ctrl Pts',(78.5617452671556,-128.892946098719,-2.55100957886334));
#6747=CARTESIAN_POINT('Ctrl Pts',(79.0347172289716,-128.867685792979,-2.57733775001706));
#6748=CARTESIAN_POINT('Ctrl Pts',(79.4110331195346,-129.046191027449,-2.60366592117077));
#6749=CARTESIAN_POINT('Ctrl Pts',(79.7873490100976,-129.224696261918,-2.62999409232449));
#6750=CARTESIAN_POINT('Ctrl Pts',(80.0670088294075,-129.606967036597,-2.6563222634782));
#6751=CARTESIAN_POINT('Ctrl Pts',(80.12320288157,-130.019665469748,-2.68265043463192));
#6752=CARTESIAN_POINT('Ctrl Pts',(80.1793969337325,-130.432363902898,-2.70897860578563));
#6753=CARTESIAN_POINT('Ctrl Pts',(80.0121252187476,-130.87548999452,-2.73530677693935));
#6754=CARTESIAN_POINT('Ctrl Pts',(79.6972358701129,-131.148111465317,-2.76163494809307));
#6755=CARTESIAN_POINT('Ctrl Pts',(79.3823465214783,-131.420732936114,-2.78796311924678));
#6756=CARTESIAN_POINT('Ctrl Pts',(78.9198395391939,-131.522849786087,-2.81429129040049));
#6757=CARTESIAN_POINT('Ctrl Pts',(78.5194353254159,-131.408157877863,-2.84061946155421));
#6758=CARTESIAN_POINT('Ctrl Pts',(78.1190311116379,-131.293465969639,-2.86694763270792));
#6759=CARTESIAN_POINT('Ctrl Pts',(77.7807296663662,-130.961965303219,-2.89327580386164));
#6760=CARTESIAN_POINT('Ctrl Pts',(77.6579313010986,-130.563972426761,-2.91960397501535));
#6761=CARTESIAN_POINT('Ctrl Pts',(77.6209046900817,-130.443968162926,-2.92754254121671));
#6762=CARTESIAN_POINT('Ctrl Pts',(77.6034708670087,-130.317918659408,-2.93548110741807));
#6763=CARTESIAN_POINT('Ctrl Pts',(77.6044774714281,-130.19159767049,-2.94341967361943));
#6764=CARTESIAN_POINT('Ctrl Pts',(77.6056505228767,-130.190325530878,-2.80658032638057));
#6765=CARTESIAN_POINT('Ctrl Pts',(77.6060072322697,-130.414269630405,-2.7925395413004));
#6766=CARTESIAN_POINT('Ctrl Pts',(77.6628042994566,-130.638382748326,-2.77849875622023));
#6767=CARTESIAN_POINT('Ctrl Pts',(77.7749652810417,-130.83010737757,-2.76445797114006));
#6768=CARTESIAN_POINT('Ctrl Pts',(77.9852806945373,-131.189614258724,-2.73812979998635));
#6769=CARTESIAN_POINT('Ctrl Pts',(78.3902599946354,-131.43524066095,-2.71180162883263));
#6770=CARTESIAN_POINT('Ctrl Pts',(78.8062682851405,-131.455609091955,-2.68547345767891));
#6771=CARTESIAN_POINT('Ctrl Pts',(79.2222765756456,-131.475977522961,-2.6591452865252));
#6772=CARTESIAN_POINT('Ctrl Pts',(79.6493138565579,-131.271087982745,-2.63281711537148));
#6773=CARTESIAN_POINT('Ctrl Pts',(79.8937432019086,-130.933846132018,-2.60648894421777));
#6774=CARTESIAN_POINT('Ctrl Pts',(80.1381725472594,-130.596604281291,-2.58016077306406));
#6775=CARTESIAN_POINT('Ctrl Pts',(80.1999939570487,-130.127010120051,-2.55383260191034));
#6776=CARTESIAN_POINT('Ctrl Pts',(80.0511749659961,-129.737997679822,-2.52750443075662));
#6777=CARTESIAN_POINT('Ctrl Pts',(79.9023559749435,-129.348985239594,-2.50117625960291));
#6778=CARTESIAN_POINT('Ctrl Pts',(79.5428965830489,-129.040554520375,-2.47484808844919));
#6779=CARTESIAN_POINT('Ctrl Pts',(79.1357910176742,-128.952561171811,-2.44851991729548));
#6780=CARTESIAN_POINT('Ctrl Pts',(78.7286854522996,-128.864567823247,-2.42219174614177));
#6781=CARTESIAN_POINT('Ctrl Pts',(78.2739337134449,-128.997011845336,-2.39586357498805));
#6782=CARTESIAN_POINT('Ctrl Pts',(77.9777396449583,-129.289837466728,-2.36953540383433));
#6783=CARTESIAN_POINT('Ctrl Pts',(77.7416563964099,-129.523235874434,-2.34855037801641));
#6784=CARTESIAN_POINT('Ctrl Pts',(77.6063045517832,-129.858524424845,-2.32756535219849));
#6785=CARTESIAN_POINT('Ctrl Pts',(77.6032866615125,-130.191642678684,-2.30658032638057));
#6786=CARTESIAN_POINT('Origin',(78.8682076614499,-130.190548761755,0.));
#6787=CARTESIAN_POINT('',(77.6024019999642,-130.189704464924,-1.80658032638057));
#6788=CARTESIAN_POINT('',(77.6050501309639,-130.189705016763,-1.94341967361943));
#6789=CARTESIAN_POINT('',(77.6037076614499,-130.190548761755,0.));
#6790=CARTESIAN_POINT('Ctrl Pts',(77.6050501309639,-130.189705016763,-1.94341967361943));
#6791=CARTESIAN_POINT('Ctrl Pts',(77.6041153711512,-130.039054494101,-1.95287638690682));
#6792=CARTESIAN_POINT('Ctrl Pts',(77.6290609506677,-129.888703261056,-1.96233310019422));
#6793=CARTESIAN_POINT('Ctrl Pts',(77.6812733614347,-129.748506829974,-1.97178981348161));
#6794=CARTESIAN_POINT('Ctrl Pts',(77.8266364749444,-129.358189864607,-1.99811798463533));
#6795=CARTESIAN_POINT('Ctrl Pts',(78.1833463566705,-129.046583349931,-2.02444615578904));
#6796=CARTESIAN_POINT('Ctrl Pts',(78.5896555244976,-128.954982976775,-2.05077432694276));
#6797=CARTESIAN_POINT('Ctrl Pts',(78.9959646923246,-128.863382603619,-2.07710249809647));
#6798=CARTESIAN_POINT('Ctrl Pts',(79.4518731462526,-128.991788371984,-2.10343066925019));
#6799=CARTESIAN_POINT('Ctrl Pts',(79.7506525384554,-129.281975627077,-2.1297588404039));
#6800=CARTESIAN_POINT('Ctrl Pts',(80.0494319306582,-129.572162882171,-2.15608701155762));
#6801=CARTESIAN_POINT('Ctrl Pts',(80.1910822611358,-130.024131623993,-2.18241518271134));
#6802=CARTESIAN_POINT('Ctrl Pts',(80.1113732254596,-130.43293993831,-2.20874335386505));
#6803=CARTESIAN_POINT('Ctrl Pts',(80.0316641897833,-130.841748252627,-2.23507152501876));
#6804=CARTESIAN_POINT('Ctrl Pts',(79.7305957879531,-131.207396139438,-2.26139969617248));
#6805=CARTESIAN_POINT('Ctrl Pts',(79.3446852807379,-131.364083243707,-2.28772786732619));
#6806=CARTESIAN_POINT('Ctrl Pts',(78.9587747735226,-131.520770347976,-2.31405603847991));
#6807=CARTESIAN_POINT('Ctrl Pts',(78.4880221609224,-131.468496669701,-2.34038420963362));
#6808=CARTESIAN_POINT('Ctrl Pts',(78.1458867657414,-131.230965325269,-2.36671238078734));
#6809=CARTESIAN_POINT('Ctrl Pts',(77.8136155546351,-131.000282301526,-2.39228147839804));
#6810=CARTESIAN_POINT('Ctrl Pts',(77.6026520876887,-130.594870030634,-2.41785057600873));
#6811=CARTESIAN_POINT('Ctrl Pts',(77.6016795675092,-130.190330814372,-2.44341967361943));
#6812=CARTESIAN_POINT('Ctrl Pts',(77.6032866615125,-130.191642678684,-2.30658032638057));
#6813=CARTESIAN_POINT('Ctrl Pts',(77.6025182551992,-130.276460265267,-2.30123718104478));
#6814=CARTESIAN_POINT('Ctrl Pts',(77.6103290381548,-130.361137151868,-2.29589403570898));
#6815=CARTESIAN_POINT('Ctrl Pts',(77.6272406668171,-130.443955635411,-2.29055089037319));
#6816=CARTESIAN_POINT('Ctrl Pts',(77.7105721552809,-130.852040962005,-2.26422271921947));
#6817=CARTESIAN_POINT('Ctrl Pts',(78.014871530327,-131.215004394498,-2.23789454806576));
#6818=CARTESIAN_POINT('Ctrl Pts',(78.4021564700546,-131.36826282399,-2.21156637691204));
#6819=CARTESIAN_POINT('Ctrl Pts',(78.7894414097822,-131.521521253482,-2.18523820575833));
#6820=CARTESIAN_POINT('Ctrl Pts',(79.2597119141912,-131.465074679972,-2.15891003460461));
#6821=CARTESIAN_POINT('Ctrl Pts',(79.5997272689064,-131.224518388623,-2.1325818634509));
#6822=CARTESIAN_POINT('Ctrl Pts',(79.9397426236216,-130.983962097274,-2.10625369229718));
#6823=CARTESIAN_POINT('Ctrl Pts',(80.149502828643,-130.559296088086,-2.07992552114347));
#6824=CARTESIAN_POINT('Ctrl Pts',(80.1338936559907,-130.143082051219,-2.05359734998975));
#6825=CARTESIAN_POINT('Ctrl Pts',(80.1182844833385,-129.726868014353,-2.02726917883604));
#6826=CARTESIAN_POINT('Ctrl Pts',(79.8773059330126,-129.319105949808,-2.00094100768232));
#6827=CARTESIAN_POINT('Ctrl Pts',(79.5202279629271,-129.104692577969,-1.97461283652861));
#6828=CARTESIAN_POINT('Ctrl Pts',(79.1631499928415,-128.89027920613,-1.94828466537489));
#6829=CARTESIAN_POINT('Ctrl Pts',(78.6899726029962,-128.869214526997,-1.92195649422118));
#6830=CARTESIAN_POINT('Ctrl Pts',(78.3152546136527,-129.05105016489,-1.89562832306746));
#6831=CARTESIAN_POINT('Ctrl Pts',(77.9405366243092,-129.232885802782,-1.86930015191375));
#6832=CARTESIAN_POINT('Ctrl Pts',(77.6642780354675,-129.6176217577,-1.84297198076003));
#6833=CARTESIAN_POINT('Ctrl Pts',(77.6117462800234,-130.030802330164,-1.81664380960632));
#6834=CARTESIAN_POINT('Ctrl Pts',(77.6050531649231,-130.083446014071,-1.81328931519774));
#6835=CARTESIAN_POINT('Ctrl Pts',(77.6019919243418,-130.136551454309,-1.80993482078915));
#6836=CARTESIAN_POINT('Ctrl Pts',(77.6024019999642,-130.189704464924,-1.80658032638057));
#6837=CARTESIAN_POINT('Origin',(78.8682076614499,-130.190548761755,0.));
#6838=CARTESIAN_POINT('',(77.6056279768955,-130.190266744634,-1.30658032638057));
#6839=CARTESIAN_POINT('',(77.6045749064957,-130.191573680107,-1.44341967361943));
#6840=CARTESIAN_POINT('',(77.6037076614499,-130.190548761755,0.));
#6841=CARTESIAN_POINT('Ctrl Pts',(77.6045749064957,-130.191573680107,-1.44341967361943));
#6842=CARTESIAN_POINT('Ctrl Pts',(77.6068115474054,-129.902639443484,-1.4615740266512));
#6843=CARTESIAN_POINT('Ctrl Pts',(77.7052992017592,-129.612326546654,-1.47972837968297));
#6844=CARTESIAN_POINT('Ctrl Pts',(77.8868690550471,-129.389806205698,-1.49788273271474));
#6845=CARTESIAN_POINT('Ctrl Pts',(78.1501889412117,-129.067098279305,-1.52421090386846));
#6846=CARTESIAN_POINT('Ctrl Pts',(78.588247010005,-128.886971413126,-1.55053907502217));
#6847=CARTESIAN_POINT('Ctrl Pts',(79.0024090404893,-128.931102815305,-1.57686724617589));
#6848=CARTESIAN_POINT('Ctrl Pts',(79.4165710709736,-128.975234217483,-1.6031954173296));
#6849=CARTESIAN_POINT('Ctrl Pts',(79.8068370631487,-129.243623888018,-1.62952358848332));
#6850=CARTESIAN_POINT('Ctrl Pts',(79.9962437622245,-129.61457249714,-1.65585175963704));
#6851=CARTESIAN_POINT('Ctrl Pts',(80.1856504613002,-129.985521106262,-1.68217993079075));
#6852=CARTESIAN_POINT('Ctrl Pts',(80.1741978672766,-130.459028653971,-1.70850810194446));
#6853=CARTESIAN_POINT('Ctrl Pts',(79.9670790751236,-130.820386612448,-1.73483627309818));
#6854=CARTESIAN_POINT('Ctrl Pts',(79.7599602829705,-131.181744570926,-1.7611644442519));
#6855=CARTESIAN_POINT('Ctrl Pts',(79.3571752926879,-131.430952940172,-1.78749261540561));
#6856=CARTESIAN_POINT('Ctrl Pts',(78.9413640067022,-131.455010011135,-1.81382078655933));
#6857=CARTESIAN_POINT('Ctrl Pts',(78.5255527207165,-131.479067082097,-1.84014895771304));
#6858=CARTESIAN_POINT('Ctrl Pts',(78.0967151390277,-131.277972854776,-1.86647712886676));
#6859=CARTESIAN_POINT('Ctrl Pts',(77.8493045208298,-130.942912033087,-1.89280530002047));
#6860=CARTESIAN_POINT('Ctrl Pts',(77.6907603592838,-130.728200403373,-1.90967675788679));
#6861=CARTESIAN_POINT('Ctrl Pts',(77.6067178098198,-130.458476403649,-1.92654821575311));
#6862=CARTESIAN_POINT('Ctrl Pts',(77.6050501309639,-130.189705016763,-1.94341967361943));
#6863=CARTESIAN_POINT('Ctrl Pts',(77.6024019999642,-130.189704464924,-1.80658032638057));
#6864=CARTESIAN_POINT('Ctrl Pts',(77.6052104544262,-130.553729541486,-1.78360664963544));
#6865=CARTESIAN_POINT('Ctrl Pts',(77.7708363941999,-130.919985843564,-1.7606329728903));
#6866=CARTESIAN_POINT('Ctrl Pts',(78.0477043601234,-131.155426193376,-1.73765929614517));
#6867=CARTESIAN_POINT('Ctrl Pts',(78.3649991177143,-131.425244294114,-1.71133112499146));
#6868=CARTESIAN_POINT('Ctrl Pts',(78.8283935549426,-131.52325530558,-1.68500295383774));
#6869=CARTESIAN_POINT('Ctrl Pts',(79.2277648598596,-131.405016853531,-1.65867478268403));
#6870=CARTESIAN_POINT('Ctrl Pts',(79.6271361647766,-131.286778401482,-1.63234661153031));
#6871=CARTESIAN_POINT('Ctrl Pts',(79.9624843373822,-130.952290485919,-1.6060184403766));
#6872=CARTESIAN_POINT('Ctrl Pts',(80.0817482057224,-130.553224199701,-1.57969026922288));
#6873=CARTESIAN_POINT('Ctrl Pts',(80.2010120740626,-130.154157913484,-1.55336209806917));
#6874=CARTESIAN_POINT('Ctrl Pts',(80.1041916381374,-129.690513256612,-1.52703392691545));
#6875=CARTESIAN_POINT('Ctrl Pts',(79.835189415811,-129.372526504614,-1.50070575576174));
#6876=CARTESIAN_POINT('Ctrl Pts',(79.5661871934845,-129.054539752615,-1.47437758460802));
#6877=CARTESIAN_POINT('Ctrl Pts',(79.1250031847567,-128.88221090549,-1.44804941345431));
#6878=CARTESIAN_POINT('Ctrl Pts',(78.7116890443593,-128.933681209717,-1.42172124230059));
#6879=CARTESIAN_POINT('Ctrl Pts',(78.2983749039619,-128.985151513944,-1.39539307114688));
#6880=CARTESIAN_POINT('Ctrl Pts',(77.9129306318948,-129.260420969523,-1.36906489999316));
#6881=CARTESIAN_POINT('Ctrl Pts',(77.730133111729,-129.634670672302,-1.34273672883945));
#6882=CARTESIAN_POINT('Ctrl Pts',(77.6464546737925,-129.805989355938,-1.33068459468649));
#6883=CARTESIAN_POINT('Ctrl Pts',(77.6052407516504,-129.998049296125,-1.31863246053353));
#6884=CARTESIAN_POINT('Ctrl Pts',(77.6056279768955,-130.190266744634,-1.30658032638057));
#6885=CARTESIAN_POINT('Origin',(78.8682076614499,-130.190548761755,0.));
#6886=CARTESIAN_POINT('',(77.6033982352978,-130.191656756441,-0.806580326380564));
#6887=CARTESIAN_POINT('',(77.6016549503306,-130.190397734052,-0.943419673619425));
#6888=CARTESIAN_POINT('',(77.6037076614499,-130.190548761755,0.));
#6889=CARTESIAN_POINT('Ctrl Pts',(77.6016549503306,-130.190397734052,-0.943419673619425));
#6890=CARTESIAN_POINT('Ctrl Pts',(77.6016408452503,-130.18211056887,-0.94394349524186));
#6891=CARTESIAN_POINT('Ctrl Pts',(77.6017152210352,-130.173823663519,-0.944467316864295));
#6892=CARTESIAN_POINT('Ctrl Pts',(77.6018788535574,-130.165538521033,-0.94499113848673));
#6893=CARTESIAN_POINT('Ctrl Pts',(77.6101033041445,-129.749113081408,-0.971319309640445));
#6894=CARTESIAN_POINT('Ctrl Pts',(77.8438116608806,-129.337141058547,-0.997647480794159));
#6895=CARTESIAN_POINT('Ctrl Pts',(78.1970304955971,-129.116428063068,-1.02397565194787));
#6896=CARTESIAN_POINT('Ctrl Pts',(78.5502493303136,-128.89571506759,-1.05030382310159));
#6897=CARTESIAN_POINT('Ctrl Pts',(79.0229786430106,-128.866261099494,-1.0766319942553));
#6898=CARTESIAN_POINT('Ctrl Pts',(79.4008628325233,-129.041421885735,-1.10296016540902));
#6899=CARTESIAN_POINT('Ctrl Pts',(79.7787470220361,-129.216582671977,-1.12928833656273));
#6900=CARTESIAN_POINT('Ctrl Pts',(80.0617860883646,-129.596358212556,-1.15561650771645));
#6901=CARTESIAN_POINT('Ctrl Pts',(80.1216380205491,-130.008542051511,-1.18194467887016));
#6902=CARTESIAN_POINT('Ctrl Pts',(80.1814899527336,-130.420725890466,-1.20827285002388));
#6903=CARTESIAN_POINT('Ctrl Pts',(80.018154750774,-130.865318027796,-1.2346010211776));
#6904=CARTESIAN_POINT('Ctrl Pts',(79.7056955750032,-131.140721426139,-1.26092919233131));
#6905=CARTESIAN_POINT('Ctrl Pts',(79.3932363992324,-131.416124824482,-1.28725736348503));
#6906=CARTESIAN_POINT('Ctrl Pts',(78.9316532496503,-131.522339483838,-1.31358553463874));
#6907=CARTESIAN_POINT('Ctrl Pts',(78.5302476184831,-131.411203140534,-1.33991370579245));
#6908=CARTESIAN_POINT('Ctrl Pts',(78.1288419873158,-131.300066797231,-1.36624187694617));
#6909=CARTESIAN_POINT('Ctrl Pts',(77.7876138745633,-130.971579451268,-1.39257004809988));
#6910=CARTESIAN_POINT('Ctrl Pts',(77.661290669955,-130.574691284983,-1.4188982192536));
#6911=CARTESIAN_POINT('Ctrl Pts',(77.6220724920944,-130.451473775228,-1.42707203737554));
#6912=CARTESIAN_POINT('Ctrl Pts',(77.60356788102,-130.321663466024,-1.43524585549748));
#6913=CARTESIAN_POINT('Ctrl Pts',(77.6045749064957,-130.191573680107,-1.44341967361943));
#6914=CARTESIAN_POINT('Ctrl Pts',(77.6056279768955,-130.190266744634,-1.30658032638057));
#6915=CARTESIAN_POINT('Ctrl Pts',(77.6060866543262,-130.417952843401,-1.29230428937981));
#6916=CARTESIAN_POINT('Ctrl Pts',(77.6649157391345,-130.645859941479,-1.27802825237906));
#6917=CARTESIAN_POINT('Ctrl Pts',(77.7806803126852,-130.839777841142,-1.2637522153783));
#6918=CARTESIAN_POINT('Ctrl Pts',(77.994175802072,-131.197405357226,-1.23742404422459));
#6919=CARTESIAN_POINT('Ctrl Pts',(78.4013175491102,-131.439430439415,-1.21109587307087));
#6920=CARTESIAN_POINT('Ctrl Pts',(78.8174901233609,-131.456108644976,-1.18476770191716));
#6921=CARTESIAN_POINT('Ctrl Pts',(79.2336626976115,-131.472786850537,-1.15843953076344));
#6922=CARTESIAN_POINT('Ctrl Pts',(79.6588660990744,-131.264118179468,-1.13211135960973));
#6923=CARTESIAN_POINT('Ctrl Pts',(79.9002949373009,-130.924721793289,-1.10578318845601));
#6924=CARTESIAN_POINT('Ctrl Pts',(80.1417237755274,-130.58532540711,-1.0794550173023));
#6925=CARTESIAN_POINT('Ctrl Pts',(80.1993780505175,-130.11520130582,-1.05312684614858));
#6926=CARTESIAN_POINT('Ctrl Pts',(80.0471149025884,-129.727524062639,-1.02679867499487));
#6927=CARTESIAN_POINT('Ctrl Pts',(79.8948517546593,-129.339846819458,-1.00047050384115));
#6928=CARTESIAN_POINT('Ctrl Pts',(79.532671183811,-129.034616434387,-0.974142332687438));
#6929=CARTESIAN_POINT('Ctrl Pts',(79.1248012152554,-128.950236885005,-0.947814161533723));
#6930=CARTESIAN_POINT('Ctrl Pts',(78.7169312466997,-128.865857335624,-0.921485990380008));
#6931=CARTESIAN_POINT('Ctrl Pts',(78.2633718804367,-129.002328621933,-0.895157819226293));
#6932=CARTESIAN_POINT('Ctrl Pts',(77.9697864956969,-129.297769879025,-0.868829648072578));
#6933=CARTESIAN_POINT('Ctrl Pts',(77.7384058077887,-129.530613218154,-0.84807987417524));
#6934=CARTESIAN_POINT('Ctrl Pts',(77.6063904103116,-129.862198222436,-0.827330100277902));
#6935=CARTESIAN_POINT('Ctrl Pts',(77.6033982352978,-130.191656756441,-0.806580326380564));
#6936=CARTESIAN_POINT('Origin',(78.8682076614499,-130.190548761755,0.));
#6937=CARTESIAN_POINT('',(77.6023144918669,-130.189771356673,-0.306580326380565));
#6938=CARTESIAN_POINT('',(77.6049725076124,-130.189667399038,-0.443419673619425));
#6939=CARTESIAN_POINT('',(77.6037076614499,-130.190548761755,0.));
#6940=CARTESIAN_POINT('',(79.8263238141725,-129.365337462819,0.));
#6941=CARTESIAN_POINT('Ctrl Pts',(77.6023144918669,-130.189771356673,-0.306580326380565));
#6942=CARTESIAN_POINT('Ctrl Pts',(77.6050252101014,-130.557387710683,-0.283371397714849));
#6943=CARTESIAN_POINT('Ctrl Pts',(77.7744561170365,-130.927124198315,-0.260162469049132));
#6944=CARTESIAN_POINT('Ctrl Pts',(78.0562746000268,-131.162574383514,-0.236953540383416));
#6945=CARTESIAN_POINT('Ctrl Pts',(78.3759690314811,-131.429668692922,-0.210625369229701));
#6946=CARTESIAN_POINT('Ctrl Pts',(78.8402905044156,-131.523955372572,-0.184297198075986));
#6947=CARTESIAN_POINT('Ctrl Pts',(79.2385504666749,-131.401974662739,-0.157969026922271));
#6948=CARTESIAN_POINT('Ctrl Pts',(79.6368104289342,-131.279993952905,-0.131640855768556));
#6949=CARTESIAN_POINT('Ctrl Pts',(79.9690088805183,-130.941745853587,-0.105312684614841));
#6950=CARTESIAN_POINT('Ctrl Pts',(80.0846424248578,-130.542329807073,-0.0789845134611256));
#6951=CARTESIAN_POINT('Ctrl Pts',(80.2002759691973,-130.142913760558,-0.0526563423074149));
#6952=CARTESIAN_POINT('Ctrl Pts',(80.0993446062923,-129.682329766846,-0.0263281711537043));
#6953=CARTESIAN_POINT('Ctrl Pts',(79.8263238141725,-129.365337462819,6.50622965578352E-15));
#6954=CARTESIAN_POINT('',(77.9082551110734,-129.364079812895,4.87226676420636E-15));
#6955=CARTESIAN_POINT('Origin',(78.8682076614499,-130.190548761755,0.));
#6956=CARTESIAN_POINT('Ctrl Pts',(77.9082495011524,-129.364075970961,3.33066907387547E-15));
#6957=CARTESIAN_POINT('Ctrl Pts',(78.1711559852654,-129.060376414762,-0.0253871634713753));
#6958=CARTESIAN_POINT('Ctrl Pts',(78.5915100488652,-128.890945739589,-0.0507743269427539));
#6959=CARTESIAN_POINT('Ctrl Pts',(78.9913010904801,-128.930026221232,-0.0761614904141326));
#6960=CARTESIAN_POINT('Ctrl Pts',(79.4059108983552,-128.970555270908,-0.102489661567848));
#6961=CARTESIAN_POINT('Ctrl Pts',(79.7984050431068,-129.235339418156,-0.128817832721564));
#6962=CARTESIAN_POINT('Ctrl Pts',(79.9910588679666,-129.604559186548,-0.155146003875279));
#6963=CARTESIAN_POINT('Ctrl Pts',(80.1837126928264,-129.973778954941,-0.181474175028995));
#6964=CARTESIAN_POINT('Ctrl Pts',(80.1765261977944,-130.447434344478,-0.20780234618271));
#6965=CARTESIAN_POINT('Ctrl Pts',(79.9726373907374,-130.810631684217,-0.234130517336425));
#6966=CARTESIAN_POINT('Ctrl Pts',(79.7687485836805,-131.173829023956,-0.260458688490139));
#6967=CARTESIAN_POINT('Ctrl Pts',(79.3681574645984,-131.426568313897,-0.286786859643853));
#6968=CARTESIAN_POINT('Ctrl Pts',(78.9525676102004,-131.454304030035,-0.313115030797568));
#6969=CARTESIAN_POINT('Ctrl Pts',(78.5369777558024,-131.482039746172,-0.339443201951283));
#6970=CARTESIAN_POINT('Ctrl Pts',(78.1063891660884,-131.284771888507,-0.365771373104999));
#6971=CARTESIAN_POINT('Ctrl Pts',(77.8560207441071,-130.951922374765,-0.392099544258714));
#6972=CARTESIAN_POINT('Ctrl Pts',(77.6933440466019,-130.735653648728,-0.409206254045618));
#6973=CARTESIAN_POINT('Ctrl Pts',(77.6067516369251,-130.462145858523,-0.426312963832521));
#6974=CARTESIAN_POINT('Ctrl Pts',(77.6049725076124,-130.189667399038,-0.443419673619425));
#6975=CARTESIAN_POINT('Origin',(78.8682076614499,-130.190548761755,7.10421172358873));
#6976=CARTESIAN_POINT('',(77.3228238684937,-130.190116188518,-5.60421172358872));
#6977=CARTESIAN_POINT('',(77.3276497586912,-130.190386923077,-5.64578827641127));
#6978=CARTESIAN_POINT('',(77.3252076614499,-130.190548761755,7.10421172358873));
#6979=CARTESIAN_POINT('',(79.2667215033071,-131.681198189974,-6.));
#6980=CARTESIAN_POINT('Ctrl Pts',(77.3276497586912,-130.190386923077,-5.64578827641127));
#6981=CARTESIAN_POINT('Ctrl Pts',(77.3274822343424,-129.942057955642,-5.65854616632599));
#6982=CARTESIAN_POINT('Ctrl Pts',(77.5010584179428,-129.181525104628,-5.69763222739442));
#6983=CARTESIAN_POINT('Ctrl Pts',(78.6910169689714,-128.378756004306,-5.76304645961656));
#6984=CARTESIAN_POINT('Ctrl Pts',(80.2897534069467,-129.051328530213,-5.84203097307771));
#6985=CARTESIAN_POINT('Ctrl Pts',(80.5967459372927,-130.759503718604,-5.92101548653885));
#6986=CARTESIAN_POINT('Ctrl Pts',(79.7599022052557,-131.54935006221,-5.97367182884628));
#6987=CARTESIAN_POINT('Ctrl Pts',(79.2667215033071,-131.681198189974,-6.));
#6988=CARTESIAN_POINT('',(78.4696938195926,-131.681198189974,-6.));
#6989=CARTESIAN_POINT('Origin',(78.8682076614499,-130.190548761755,-6.));
#6990=CARTESIAN_POINT('Ctrl Pts',(77.3228238684937,-130.190116188518,-5.60421172358873));
#6991=CARTESIAN_POINT('Ctrl Pts',(77.3227361169354,-130.166374512072,-5.60544130097291));
#6992=CARTESIAN_POINT('Ctrl Pts',(77.3339471487637,-129.634352655438,-5.63299904951082));
#6993=CARTESIAN_POINT('Ctrl Pts',(77.9447831236861,-128.621406722603,-5.68688496920244));
#6994=CARTESIAN_POINT('Ctrl Pts',(79.6776083940107,-128.559498300293,-5.76586948266359));
#6995=CARTESIAN_POINT('Ctrl Pts',(80.6763208900516,-129.977161372911,-5.84485399612473));
#6996=CARTESIAN_POINT('Ctrl Pts',(80.0430807497517,-131.568340359882,-5.92289750190353));
#6997=CARTESIAN_POINT('Ctrl Pts',(78.9425492437962,-131.809138027609,-5.97461283652862));
#6998=CARTESIAN_POINT('Ctrl Pts',(78.4687042109953,-131.683736372116,-6.));
#6999=CARTESIAN_POINT('Origin',(78.8682076614499,-130.190548761755,7.10421172358873));
#7000=CARTESIAN_POINT('',(77.3270243608345,-130.189623355166,-5.10421172358872));
#7001=CARTESIAN_POINT('',(77.3244244482982,-130.19183826305,-5.14578827641127));
#7002=CARTESIAN_POINT('',(77.3252076614499,-130.190548761755,7.10421172358873));
#7003=CARTESIAN_POINT('Ctrl Pts',(77.3244244482982,-130.19183826305,-5.14578827641127));
#7004=CARTESIAN_POINT('Ctrl Pts',(77.3281353493323,-129.776425299,-5.16724380607036));
#7005=CARTESIAN_POINT('Ctrl Pts',(77.7145206462409,-128.845168940291,-5.21502750688317));
#7006=CARTESIAN_POINT('Ctrl Pts',(79.2843648649041,-128.418019525208,-5.2891393788497));
#7007=CARTESIAN_POINT('Ctrl Pts',(80.5800308456648,-129.570251482727,-5.36812389231084));
#7008=CARTESIAN_POINT('Ctrl Pts',(80.323236642493,-131.285054090236,-5.44710840577198));
#7009=CARTESIAN_POINT('Ctrl Pts',(78.7469657065571,-132.007199544382,-5.52609291923313));
#7010=CARTESIAN_POINT('Ctrl Pts',(77.5173756766445,-131.23143168461,-5.59231954277955));
#7011=CARTESIAN_POINT('Ctrl Pts',(77.3278279505821,-130.454528873698,-5.63221799517227));
#7012=CARTESIAN_POINT('Ctrl Pts',(77.3276497586912,-130.190386923077,-5.64578827641127));
#7013=CARTESIAN_POINT('Ctrl Pts',(77.3270243608345,-130.189623355166,-5.10421172358872));
#7014=CARTESIAN_POINT('Ctrl Pts',(77.3259561540059,-129.996590356435,-5.11413894071729));
#7015=CARTESIAN_POINT('Ctrl Pts',(77.4488102617913,-129.292920889671,-5.15039432899957));
#7016=CARTESIAN_POINT('Ctrl Pts',(78.499348356763,-128.407572052569,-5.21297788843557));
#7017=CARTESIAN_POINT('Ctrl Pts',(80.1597092038202,-128.90715732692,-5.29196240189671));
#7018=CARTESIAN_POINT('Ctrl Pts',(80.6488252030786,-130.570636614457,-5.37094691535786));
#7019=CARTESIAN_POINT('Ctrl Pts',(79.5231273645399,-131.889409216456,-5.449931428819));
#7020=CARTESIAN_POINT('Ctrl Pts',(77.8302582577367,-131.670986036343,-5.52768636489596));
#7021=CARTESIAN_POINT('Ctrl Pts',(77.3246150861436,-130.674740174129,-5.5791131298192));
#7022=CARTESIAN_POINT('Ctrl Pts',(77.3228238684937,-130.190116188518,-5.60421172358873));
#7023=CARTESIAN_POINT('Origin',(78.8682076614499,-130.190548761755,7.10421172358873));
#7024=CARTESIAN_POINT('',(77.3260249104832,-130.191854178616,-4.60421172358872));
#7025=CARTESIAN_POINT('',(77.3238515173751,-130.189420479668,-4.64578827641127));
#7026=CARTESIAN_POINT('',(77.3252076614499,-130.190548761755,7.10421172358873));
#7027=CARTESIAN_POINT('Ctrl Pts',(77.3238515173751,-130.189420479668,-4.64578827641127));
#7028=CARTESIAN_POINT('Ctrl Pts',(77.3232425999973,-130.115433837562,-4.64961327466102));
#7029=CARTESIAN_POINT('Ctrl Pts',(77.3615724337336,-129.532816899352,-4.67976644406449));
#7030=CARTESIAN_POINT('Ctrl Pts',(78.1025034612945,-128.538652082553,-4.73624778462168));
#7031=CARTESIAN_POINT('Ctrl Pts',(79.8330404359297,-128.646475269023,-4.81523229808282));
#7032=CARTESIAN_POINT('Ctrl Pts',(80.6885849129482,-130.154595876181,-4.89421681154397));
#7033=CARTESIAN_POINT('Ctrl Pts',(79.8932555123314,-131.695322044903,-4.97320132500511));
#7034=CARTESIAN_POINT('Ctrl Pts',(78.1683261153269,-131.871390515803,-5.05218583846626));
#7035=CARTESIAN_POINT('Ctrl Pts',(77.3742567193885,-130.889374502023,-5.10971482226831));
#7036=CARTESIAN_POINT('Ctrl Pts',(77.3235816869845,-130.286180303456,-5.14091563491665));
#7037=CARTESIAN_POINT('Ctrl Pts',(77.3244244482982,-130.19183826305,-5.14578827641127));
#7038=CARTESIAN_POINT('Ctrl Pts',(77.3260249104832,-130.191854178616,-4.60421172358873));
#7039=CARTESIAN_POINT('Ctrl Pts',(77.3289815957302,-129.830289240289,-4.62283658046167));
#7040=CARTESIAN_POINT('Ctrl Pts',(77.6356645528306,-128.953096250909,-4.66778960848833));
#7041=CARTESIAN_POINT('Ctrl Pts',(79.0932068160027,-128.383772402176,-4.7390708076687));
#7042=CARTESIAN_POINT('Ctrl Pts',(80.504216323635,-129.391461054284,-4.81805532112984));
#7043=CARTESIAN_POINT('Ctrl Pts',(80.4315535375272,-131.123830704344,-4.89703983459099));
#7044=CARTESIAN_POINT('Ctrl Pts',(78.9411153142675,-132.009820500526,-4.97602434805213));
#7045=CARTESIAN_POINT('Ctrl Pts',(77.5801949962562,-131.341948528665,-5.04508164438471));
#7046=CARTESIAN_POINT('Ctrl Pts',(77.3287891667069,-130.50853703425,-5.08781076956357));
#7047=CARTESIAN_POINT('Ctrl Pts',(77.3270243608345,-130.189623355166,-5.10421172358872));
#7048=CARTESIAN_POINT('Origin',(78.8682076614499,-130.190548761755,7.10421172358873));
#7049=CARTESIAN_POINT('',(77.3227729293637,-130.190202269812,-4.10421172358873));
#7050=CARTESIAN_POINT('',(77.3275994878199,-130.190348862599,-4.14578827641128));
#7051=CARTESIAN_POINT('',(77.3252076614499,-130.190548761755,7.10421172358873));
#7052=CARTESIAN_POINT('Ctrl Pts',(77.3275994878199,-130.190348862599,-4.14578827641128));
#7053=CARTESIAN_POINT('Ctrl Pts',(77.3273148217843,-129.946620546126,-4.1583109144054));
#7054=CARTESIAN_POINT('Ctrl Pts',(77.496341989236,-129.190839771629,-4.19716172355325));
#7055=CARTESIAN_POINT('Ctrl Pts',(78.6752900523192,-128.380065867232,-4.26234070385481));
#7056=CARTESIAN_POINT('Ctrl Pts',(80.2789047737237,-129.039462679897,-4.34132521731595));
#7057=CARTESIAN_POINT('Ctrl Pts',(80.603178960085,-130.74276258871,-4.4203097307771));
#7058=CARTESIAN_POINT('Ctrl Pts',(79.3540330957618,-131.945267875809,-4.49929424423824));
#7059=CARTESIAN_POINT('Ctrl Pts',(77.7461283412976,-131.575273745986,-4.57445375944963));
#7060=CARTESIAN_POINT('Ctrl Pts',(77.3274338910499,-130.624697593844,-4.62328510350731));
#7061=CARTESIAN_POINT('Ctrl Pts',(77.3238515173751,-130.189420479668,-4.64578827641127));
#7062=CARTESIAN_POINT('Ctrl Pts',(77.3227729293637,-130.190202269812,-4.10421172358873));
#7063=CARTESIAN_POINT('Ctrl Pts',(77.3227140317992,-130.171004487309,-4.10520604905233));
#7064=CARTESIAN_POINT('Ctrl Pts',(77.3317021077888,-129.643536094085,-4.13252854566965));
#7065=CARTESIAN_POINT('Ctrl Pts',(77.9309132990658,-128.629605218814,-4.18617921344069));
#7066=CARTESIAN_POINT('Ctrl Pts',(79.6630905403772,-128.55249300134,-4.26516372690182));
#7067=CARTESIAN_POINT('Ctrl Pts',(80.6744001476784,-129.96090954728,-4.34414824036298));
#7068=CARTESIAN_POINT('Ctrl Pts',(80.0477002583361,-131.577582532385,-4.42313275382412));
#7069=CARTESIAN_POINT('Ctrl Pts',(78.351335818396,-131.936374915754,-4.50211726728527));
#7070=CARTESIAN_POINT('Ctrl Pts',(77.4131926918245,-131.000638375225,-4.56247692387347));
#7071=CARTESIAN_POINT('Ctrl Pts',(77.3248020138004,-130.341398863541,-4.59650840930795));
#7072=CARTESIAN_POINT('Ctrl Pts',(77.3260249104832,-130.191854178616,-4.60421172358873));
#7073=CARTESIAN_POINT('Origin',(78.8682076614499,-130.190548761755,7.10421172358873));
#7074=CARTESIAN_POINT('',(77.3269376005375,-130.189569921222,-3.60421172358873));
#7075=CARTESIAN_POINT('',(77.3245586607099,-130.191863056336,-3.64578827641127));
#7076=CARTESIAN_POINT('',(77.3252076614499,-130.190548761755,7.10421172358873));
#7077=CARTESIAN_POINT('Ctrl Pts',(77.3245586607098,-130.191863056336,-3.64578827641127));
#7078=CARTESIAN_POINT('Ctrl Pts',(77.3282612185645,-129.780913078829,-3.66700855414978));
#7079=CARTESIAN_POINT('Ctrl Pts',(77.7076035079358,-128.854055167419,-3.714557003042));
#7080=CARTESIAN_POINT('Ctrl Pts',(79.2686328488439,-128.414394156021,-3.78843362308794));
#7081=CARTESIAN_POINT('Ctrl Pts',(80.5744533743785,-129.555103184841,-3.86741813654909));
#7082=CARTESIAN_POINT('Ctrl Pts',(80.3329046674879,-131.272088495038,-3.94640265001022));
#7083=CARTESIAN_POINT('Ctrl Pts',(78.7630437105104,-132.008241270879,-4.02538716347138));
#7084=CARTESIAN_POINT('Ctrl Pts',(77.5223280225552,-131.240594161992,-4.09184903893839));
#7085=CARTESIAN_POINT('Ctrl Pts',(77.3279133167747,-130.459046189517,-4.13198274325169));
#7086=CARTESIAN_POINT('Ctrl Pts',(77.3275994878199,-130.190348862599,-4.14578827641128));
#7087=CARTESIAN_POINT('Ctrl Pts',(77.3269376005375,-130.189569921222,-3.60421172358873));
#7088=CARTESIAN_POINT('Ctrl Pts',(77.3258304413971,-130.001138026395,-3.61390368879671));
#7089=CARTESIAN_POINT('Ctrl Pts',(77.4448246008394,-129.302181556816,-3.6499238251584));
#7090=CARTESIAN_POINT('Ctrl Pts',(78.4835503575429,-128.410912780885,-3.71227213267382));
#7091=CARTESIAN_POINT('Ctrl Pts',(80.1482761652328,-128.895755306616,-3.79125664613496));
#7092=CARTESIAN_POINT('Ctrl Pts',(80.6521266059201,-130.554827041939,-3.87024115959611));
#7093=CARTESIAN_POINT('Ctrl Pts',(79.5381670987415,-131.88354014338,-3.94922567305725));
#7094=CARTESIAN_POINT('Ctrl Pts',(77.8383033809313,-131.679505483743,-4.02721586105479));
#7095=CARTESIAN_POINT('Ctrl Pts',(77.3242735464801,-130.679331511032,-4.07887787789862));
#7096=CARTESIAN_POINT('Ctrl Pts',(77.3227729293637,-130.190202269812,-4.10421172358873));
#7097=CARTESIAN_POINT('Origin',(78.8682076614499,-130.190548761755,7.10421172358873));
#7098=CARTESIAN_POINT('',(77.326147018347,-130.191828687558,-3.10421172358873));
#7099=CARTESIAN_POINT('',(77.3237309923544,-130.189467599275,-3.14578827641128));
#7100=CARTESIAN_POINT('',(77.3252076614499,-130.190548761755,7.10421172358873));
#7101=CARTESIAN_POINT('Ctrl Pts',(77.3237309923544,-130.189467599275,-3.14578827641128));
#7102=CARTESIAN_POINT('Ctrl Pts',(77.323176406974,-130.120045559445,-3.14937802274045));
#7103=CARTESIAN_POINT('Ctrl Pts',(77.3588477055177,-129.542036590084,-3.17929594022333));
#7104=CARTESIAN_POINT('Ctrl Pts',(78.0878834171195,-128.545507854099,-3.23554202885992));
#7105=CARTESIAN_POINT('Ctrl Pts',(79.8193086659886,-128.637979151942,-3.31452654232107));
#7106=CARTESIAN_POINT('Ctrl Pts',(80.6881943519834,-130.138453076413,-3.39351105578221));
#7107=CARTESIAN_POINT('Ctrl Pts',(79.906560779774,-131.686171814472,-3.47249556924336));
#7108=CARTESIAN_POINT('Ctrl Pts',(78.1832599813551,-131.877531923997,-3.55148008270451));
#7109=CARTESIAN_POINT('Ctrl Pts',(77.3772310847963,-130.898608991719,-3.60924431842714));
#7110=CARTESIAN_POINT('Ctrl Pts',(77.323667424925,-130.290782057772,-3.64068038299606));
#7111=CARTESIAN_POINT('Ctrl Pts',(77.3245586607098,-130.191863056336,-3.64578827641127));
#7112=CARTESIAN_POINT('Ctrl Pts',(77.326147018347,-130.191828687558,-3.10421172358873));
#7113=CARTESIAN_POINT('Ctrl Pts',(77.3289923720067,-129.834759037199,-3.12260132854109));
#7114=CARTESIAN_POINT('Ctrl Pts',(77.6295319907548,-128.962154392656,-3.16731910464716));
#7115=CARTESIAN_POINT('Ctrl Pts',(79.0771742617744,-128.381848005466,-3.23836505190694));
#7116=CARTESIAN_POINT('Ctrl Pts',(80.4970651331638,-129.376983274105,-3.31734956536809));
#7117=CARTESIAN_POINT('Ctrl Pts',(80.439769033946,-131.1099291609,-3.39633407882923));
#7118=CARTESIAN_POINT('Ctrl Pts',(78.9572469568419,-132.009102436995,-3.47531859229038));
#7119=CARTESIAN_POINT('Ctrl Pts',(77.5858009296656,-131.35109209809,-3.54461114054354));
#7120=CARTESIAN_POINT('Ctrl Pts',(77.3288380332237,-130.513012251215,-3.58757551764299));
#7121=CARTESIAN_POINT('Ctrl Pts',(77.3269376005375,-130.189569921222,-3.60421172358873));
#7122=CARTESIAN_POINT('Origin',(78.8682076614499,-130.190548761755,7.10421172358873));
#7123=CARTESIAN_POINT('',(77.3227328896425,-130.190282812516,-2.60421172358873));
#7124=CARTESIAN_POINT('',(77.3275784286951,-130.190276365358,-2.64578827641128));
#7125=CARTESIAN_POINT('',(77.3252076614499,-130.190548761755,7.10421172358873));
#7126=CARTESIAN_POINT('Ctrl Pts',(77.3275784286951,-130.190276365358,-2.64578827641128));
#7127=CARTESIAN_POINT('Ctrl Pts',(77.3271975122258,-129.951134931455,-2.65807566248482));
#7128=CARTESIAN_POINT('Ctrl Pts',(77.4917589328793,-129.200081747587,-2.69669121971208));
#7129=CARTESIAN_POINT('Ctrl Pts',(78.6592410596032,-128.38184799229,-2.76163494809305));
#7130=CARTESIAN_POINT('Ctrl Pts',(80.2686406901985,-129.026996938182,-2.8406194615542));
#7131=CARTESIAN_POINT('Ctrl Pts',(80.6080081300099,-130.727353981317,-2.91960397501534));
#7132=CARTESIAN_POINT('Ctrl Pts',(79.3695760212157,-131.940890237575,-2.99858848847649));
#7133=CARTESIAN_POINT('Ctrl Pts',(77.7534102646787,-131.584057233074,-3.07398325560847));
#7134=CARTESIAN_POINT('Ctrl Pts',(77.3272438862545,-130.629205588845,-3.12304985158673));
#7135=CARTESIAN_POINT('Ctrl Pts',(77.3237309923544,-130.189467599275,-3.14578827641128));
#7136=CARTESIAN_POINT('Ctrl Pts',(77.3227328896425,-130.190282812516,-2.60421172358873));
#7137=CARTESIAN_POINT('Ctrl Pts',(77.3226976595188,-130.175628138082,-2.60497079713175));
#7138=CARTESIAN_POINT('Ctrl Pts',(77.3294991966028,-129.652715274831,-2.63205804182848));
#7139=CARTESIAN_POINT('Ctrl Pts',(77.9171066638396,-128.637979163251,-2.68547345767893));
#7140=CARTESIAN_POINT('Ctrl Pts',(79.648531900096,-128.545507866083,-2.76445797114007));
#7141=CARTESIAN_POINT('Ctrl Pts',(80.6722925197765,-129.944900049545,-2.84344248460122));
#7142=CARTESIAN_POINT('Ctrl Pts',(80.0599550198434,-131.567067450192,-2.92242699806237));
#7143=CARTESIAN_POINT('Ctrl Pts',(78.3668393053362,-131.940890224825,-3.00141151152351));
#7144=CARTESIAN_POINT('Ctrl Pts',(77.4167457174712,-131.009896101267,-3.0620064200323));
#7145=CARTESIAN_POINT('Ctrl Pts',(77.32491871418,-130.34597126241,-3.09627315738737));
#7146=CARTESIAN_POINT('Ctrl Pts',(77.326147018347,-130.191828687558,-3.10421172358873));
#7147=CARTESIAN_POINT('Origin',(78.8682076614499,-130.190548761755,7.10421172358873));
#7148=CARTESIAN_POINT('',(77.3268458033717,-130.189519186016,-2.10421172358873));
#7149=CARTESIAN_POINT('',(77.3246939383156,-130.191883608589,-2.14578827641128));
#7150=CARTESIAN_POINT('',(77.3252076614499,-130.190548761755,7.10421172358873));
#7151=CARTESIAN_POINT('Ctrl Pts',(77.3246939383156,-130.191883608589,-2.14578827641128));
#7152=CARTESIAN_POINT('Ctrl Pts',(77.3283765043003,-129.785397672904,-2.1667733022292));
#7153=CARTESIAN_POINT('Ctrl Pts',(77.7007545410281,-128.862956663815,-2.21408649920083));
#7154=CARTESIAN_POINT('Ctrl Pts',(79.2528649681592,-128.410912767921,-2.28772786732618));
#7155=CARTESIAN_POINT('Ctrl Pts',(80.5687507135763,-129.539996041359,-2.36671238078733));
#7156=CARTESIAN_POINT('Ctrl Pts',(80.342438886044,-131.259056043239,-2.44569689424847));
#7157=CARTESIAN_POINT('Ctrl Pts',(78.7791683654092,-132.009102450243,-2.52468140770962));
#7158=CARTESIAN_POINT('Ctrl Pts',(77.5272778337232,-131.249810883477,-2.59137853509722));
#7159=CARTESIAN_POINT('Ctrl Pts',(77.328013701604,-130.463543068064,-2.63174749133111));
#7160=CARTESIAN_POINT('Ctrl Pts',(77.3275784286951,-130.190276365358,-2.64578827641128));
#7161=CARTESIAN_POINT('Ctrl Pts',(77.3268458033717,-130.189519186016,-2.10421172358873));
#7162=CARTESIAN_POINT('Ctrl Pts',(77.325705167238,-130.00568861546,-2.11366843687612));
#7163=CARTESIAN_POINT('Ctrl Pts',(77.4408912706548,-129.311442459867,-2.14945332131724));
#7164=CARTESIAN_POINT('Ctrl Pts',(78.467782476973,-128.414394168959,-2.21156637691206));
#7165=CARTESIAN_POINT('Ctrl Pts',(80.1367427246854,-128.88445371958,-2.29055089037321));
#7166=CARTESIAN_POINT('Ctrl Pts',(80.6552871135989,-130.538991723452,-2.36953540383435));
#7167=CARTESIAN_POINT('Ctrl Pts',(79.5531553365551,-131.877531911708,-2.44851991729549));
#7168=CARTESIAN_POINT('Ctrl Pts',(77.8464161774681,-131.688010852637,-2.52674535721362));
#7169=CARTESIAN_POINT('Ctrl Pts',(77.3239196026808,-130.683919831649,-2.57864262597803));
#7170=CARTESIAN_POINT('Ctrl Pts',(77.3227328896425,-130.190282812516,-2.60421172358873));
#7171=CARTESIAN_POINT('Origin',(78.8682076614499,-130.190548761755,7.10421172358873));
#7172=CARTESIAN_POINT('',(77.3262659130163,-130.19179941341,-1.60421172358873));
#7173=CARTESIAN_POINT('',(77.3236144343464,-130.189518512636,-1.64578827641128));
#7174=CARTESIAN_POINT('',(77.3252076614499,-130.190548761755,7.10421172358873));
#7175=CARTESIAN_POINT('Ctrl Pts',(77.3236144343464,-130.189518512637,-1.64578827641128));
#7176=CARTESIAN_POINT('Ctrl Pts',(77.3231140415545,-130.124658808896,-1.64914277081986));
#7177=CARTESIAN_POINT('Ctrl Pts',(77.3561677643721,-129.551253205817,-1.67882543638216));
#7178=CARTESIAN_POINT('Ctrl Pts',(78.0733247767323,-128.552492989407,-1.73483627309817));
#7179=CARTESIAN_POINT('Ctrl Pts',(79.8055020306619,-128.629605207443,-1.81382078655931));
#7180=CARTESIAN_POINT('Ctrl Pts',(80.687660757003,-130.122314259858,-1.89280530002046));
#7181=CARTESIAN_POINT('Ctrl Pts',(79.9197841345878,-131.676904181986,-1.9717898134816));
#7182=CARTESIAN_POINT('Ctrl Pts',(78.1982482192779,-131.883540155713,-2.05077432694275));
#7183=CARTESIAN_POINT('Ctrl Pts',(77.3802513954564,-130.907846614121,-2.10877381458597));
#7184=CARTESIAN_POINT('Ctrl Pts',(77.3237562942338,-130.295381857777,-2.14044513107548));
#7185=CARTESIAN_POINT('Ctrl Pts',(77.3246939383156,-130.191883608589,-2.14578827641128));
#7186=CARTESIAN_POINT('Ctrl Pts',(77.3262659130163,-130.19179941341,-1.60421172358873));
#7187=CARTESIAN_POINT('Ctrl Pts',(77.3289951632525,-129.839228810713,-1.6223660766205));
#7188=CARTESIAN_POINT('Ctrl Pts',(77.6234627746472,-128.971224126804,-1.66684860080599));
#7189=CARTESIAN_POINT('Ctrl Pts',(79.0611252691752,-128.38006588042,-1.73765929614519));
#7190=CARTESIAN_POINT('Ctrl Pts',(80.4897858289054,-129.362569466745,-1.81664380960634));
#7191=CARTESIAN_POINT('Ctrl Pts',(80.4478609117562,-131.095955341275,-1.89562832306748));
#7192=CARTESIAN_POINT('Ctrl Pts',(78.9733716116233,-132.008241257638,-1.97461283652863));
#7193=CARTESIAN_POINT('Ctrl Pts',(77.591468079662,-131.36022710296,-2.04414063670237));
#7194=CARTESIAN_POINT('Ctrl Pts',(77.3288807804177,-130.517486168985,-2.08734026572241));
#7195=CARTESIAN_POINT('Ctrl Pts',(77.3268458033717,-130.189519186016,-2.10421172358873));
#7196=CARTESIAN_POINT('Origin',(78.8682076614499,-130.190548761755,7.10421172358873));
#7197=CARTESIAN_POINT('',(77.3227028506496,-130.190364470932,-1.10421172358873));
#7198=CARTESIAN_POINT('',(77.3275509170708,-130.190204631729,-1.14578827641128));
#7199=CARTESIAN_POINT('',(77.3252076614499,-130.190548761755,7.10421172358873));
#7200=CARTESIAN_POINT('Ctrl Pts',(77.3275509170708,-130.190204631729,-1.14578827641128));
#7201=CARTESIAN_POINT('Ctrl Pts',(77.3270784073411,-129.955652221251,-1.15784041056424));
#7202=CARTESIAN_POINT('Ctrl Pts',(77.4872315652971,-129.209326602646,-1.19622071587091));
#7203=CARTESIAN_POINT('Ctrl Pts',(78.6432085052581,-128.383772389013,-1.2609291923313));
#7204=CARTESIAN_POINT('Ctrl Pts',(80.2582664541713,-129.014622711942,-1.33991370579244));
#7205=CARTESIAN_POINT('Ctrl Pts',(80.6127004580446,-130.711903152163,-1.41889821925359));
#7206=CARTESIAN_POINT('Ctrl Pts',(79.3850795082689,-131.936374928472,-1.49788273271473));
#7207=CARTESIAN_POINT('Ctrl Pts',(77.7607601293763,-131.592820555612,-1.5735127517673));
#7208=CARTESIAN_POINT('Ctrl Pts',(77.3270414373,-130.633718349042,-1.62281459966614));
#7209=CARTESIAN_POINT('Ctrl Pts',(77.3236144343464,-130.189518512637,-1.64578827641128));
#7210=CARTESIAN_POINT('Ctrl Pts',(77.3227028506496,-130.190364470932,-1.10421172358873));
#7211=CARTESIAN_POINT('Ctrl Pts',(77.3226856389935,-130.180252097759,-1.10473554521116));
#7212=CARTESIAN_POINT('Ctrl Pts',(77.3273379823001,-129.661890796746,-1.13158753798731));
#7213=CARTESIAN_POINT('Ctrl Pts',(77.9033748940046,-128.646475280281,-1.18476770191718));
#7214=CARTESIAN_POINT('Ctrl Pts',(79.6339118560245,-128.538652094581,-1.26375221537832));
#7215=CARTESIAN_POINT('Ctrl Pts',(80.6700430051227,-129.928909886073,-1.34273672883947));
#7216=CARTESIAN_POINT('Ctrl Pts',(80.0721160380441,-131.556444092244,-1.42172124230061));
#7217=CARTESIAN_POINT('Ctrl Pts',(78.3823822306775,-131.945267863028,-1.50070575576175));
#7218=CARTESIAN_POINT('Ctrl Pts',(77.4203487959793,-131.019154808795,-1.56153591619113));
#7219=CARTESIAN_POINT('Ctrl Pts',(77.3250370950573,-130.350540844544,-1.59603790546679));
#7220=CARTESIAN_POINT('Ctrl Pts',(77.3262659130163,-130.19179941341,-1.60421172358873));
#7221=CARTESIAN_POINT('Origin',(78.8682076614499,-130.190548761755,7.10421172358873));
#7222=CARTESIAN_POINT('',(77.326751083853,-130.189473283168,-0.604211723588727));
#7223=CARTESIAN_POINT('',(77.3248300856867,-130.191900786903,-0.645788276411277));
#7224=CARTESIAN_POINT('',(77.3252076614499,-130.190548761755,7.10421172358873));
#7225=CARTESIAN_POINT('Ctrl Pts',(77.3248300856867,-130.191900786903,-0.645788276411277));
#7226=CARTESIAN_POINT('Ctrl Pts',(77.3284812727537,-129.789880606619,-0.666538050308612));
#7227=CARTESIAN_POINT('Ctrl Pts',(77.6939715336654,-128.871873373785,-0.713615995359663));
#7228=CARTESIAN_POINT('Ctrl Pts',(79.2370669688317,-128.407572039498,-0.787022111564428));
#7229=CARTESIAN_POINT('Ctrl Pts',(80.5629142305609,-129.524939736212,-0.866006625025573));
#7230=CARTESIAN_POINT('Ctrl Pts',(80.3518571811905,-131.245939708432,-0.944991138486719));
#7231=CARTESIAN_POINT('Ctrl Pts',(78.7953000081007,-132.00982051379,-1.02397565194786));
#7232=CARTESIAN_POINT('Ctrl Pts',(77.5322856164204,-131.259022630309,-1.09090803125605));
#7233=CARTESIAN_POINT('Ctrl Pts',(77.3281106159838,-130.468037490881,-1.13151223941052));
#7234=CARTESIAN_POINT('Ctrl Pts',(77.3275509170708,-130.190204631729,-1.14578827641128));
#7235=CARTESIAN_POINT('Ctrl Pts',(77.326751083853,-130.189473283168,-0.604211723588727));
#7236=CARTESIAN_POINT('Ctrl Pts',(77.3255808090055,-130.010242529478,-0.613433184955538));
#7237=CARTESIAN_POINT('Ctrl Pts',(77.4370038258217,-129.32069753356,-0.648982817476064));
#7238=CARTESIAN_POINT('Ctrl Pts',(78.4520504612642,-128.418019538646,-0.710860621150305));
#7239=CARTESIAN_POINT('Ctrl Pts',(80.1251073899329,-128.873252789748,-0.789845134611449));
#7240=CARTESIAN_POINT('Ctrl Pts',(80.6583080851122,-130.523130003196,-0.868829648072594));
#7241=CARTESIAN_POINT('Ctrl Pts',(79.5680892024342,-131.871390503486,-0.94781416153374));
#7242=CARTESIAN_POINT('Ctrl Pts',(77.8545994695673,-131.696489711886,-1.02627485337245));
#7243=CARTESIAN_POINT('Ctrl Pts',(77.3235507262791,-130.688517278603,-1.07840737405745));
#7244=CARTESIAN_POINT('Ctrl Pts',(77.3227028506496,-130.190364470932,-1.10421172358873));
#7245=CARTESIAN_POINT('Origin',(78.8682076614499,-130.190548761755,7.10421172358873));
#7246=CARTESIAN_POINT('',(77.3268253352498,-130.192043332392,-0.104211723588727));
#7247=CARTESIAN_POINT('',(77.3235076530145,-130.189600136969,-0.145788276411275));
#7248=CARTESIAN_POINT('',(77.3252076614499,-130.190548761755,7.10421172358873));
#7249=CARTESIAN_POINT('',(78.4696938195926,-131.681198189974,0.));
#7250=CARTESIAN_POINT('Ctrl Pts',(78.4696938195926,-131.681198189974,1.11022302462516E-15));
#7251=CARTESIAN_POINT('Ctrl Pts',(77.976513117644,-131.549350062209,-0.026328171153714));
#7252=CARTESIAN_POINT('Ctrl Pts',(77.4244496453528,-131.028290727787,-0.0610654123499566));
#7253=CARTESIAN_POINT('Ctrl Pts',(77.325649750519,-130.355373728415,-0.0958026535461992));
#7254=CARTESIAN_POINT('Ctrl Pts',(77.3268253352498,-130.192043332392,-0.104211723588727));
#7255=CARTESIAN_POINT('',(79.2677081008142,-131.683728650682,-3.1119359310162E-16));
#7256=CARTESIAN_POINT('Origin',(78.8682076614499,-130.190548761755,0.));
#7257=CARTESIAN_POINT('Ctrl Pts',(79.2677111147114,-131.683736380833,-2.04372109513518E-16));
#7258=CARTESIAN_POINT('Ctrl Pts',(78.7938660900787,-131.809138028046,-0.0253871634713743));
#7259=CARTESIAN_POINT('Ctrl Pts',(77.7597137941944,-131.582864247902,-0.0739832556084655));
#7260=CARTESIAN_POINT('Ctrl Pts',(77.32681539381,-130.638182212286,-0.122579347745557));
#7261=CARTESIAN_POINT('Ctrl Pts',(77.3235076530145,-130.189600136969,-0.145788276411274));
#7262=CARTESIAN_POINT('Origin',(84.4219518180504,-124.747,-4.));
#7263=CARTESIAN_POINT('',(82.4219518180504,-124.747,-8.));
#7264=CARTESIAN_POINT('',(84.4219518180504,-126.747,-8.));
#7265=CARTESIAN_POINT('Origin',(84.4219518180504,-124.747,-8.));
#7266=CARTESIAN_POINT('',(84.4219518180504,-126.747,-11.));
#7267=CARTESIAN_POINT('',(84.4219518180504,-126.747,-4.));
#7268=CARTESIAN_POINT('',(82.4219518180504,-124.747,-11.));
#7269=CARTESIAN_POINT('Origin',(84.4219518180504,-124.747,-11.));
#7270=CARTESIAN_POINT('',(82.4219518180504,-124.747,-4.));
#7271=CARTESIAN_POINT('Origin',(74.422,-126.747,0.));
#7272=CARTESIAN_POINT('',(145.194,-126.747,-8.));
#7273=CARTESIAN_POINT('',(94.6149879545126,-126.747,-8.));
#7274=CARTESIAN_POINT('',(145.194,-126.747,-11.));
#7275=CARTESIAN_POINT('',(145.194,-126.747,-4.));
#7276=CARTESIAN_POINT('',(147.194,-126.747,-11.));
#7277=CARTESIAN_POINT('Origin',(84.4219518180504,-54.1960359021943,-8.));
#7278=CARTESIAN_POINT('',(84.4219518180504,-52.1960359021943,-8.));
#7279=CARTESIAN_POINT('',(82.4219518180504,-54.1960359021943,-8.));
#7280=CARTESIAN_POINT('Origin',(84.4219518180504,-54.1960359021943,-8.));
#7281=CARTESIAN_POINT('',(82.4219518180504,-54.1960359021943,-11.));
#7282=CARTESIAN_POINT('',(82.4219518180504,-54.1960359021943,-8.));
#7283=CARTESIAN_POINT('',(84.4219518180504,-52.1960359021943,-11.));
#7284=CARTESIAN_POINT('Origin',(84.4219518180504,-54.1960359021943,-11.));
#7285=CARTESIAN_POINT('',(84.4219518180504,-52.1960359021943,-8.));
#7286=CARTESIAN_POINT('Origin',(82.4219518180504,-52.1960359021943,-8.));
#7287=CARTESIAN_POINT('',(82.4219518180504,-126.747,-11.));
#7288=CARTESIAN_POINT('',(82.4219518180504,-126.747,-8.));
#7289=CARTESIAN_POINT('Origin',(145.194,-54.1960359021943,-8.));
#7290=CARTESIAN_POINT('',(147.194,-54.1960359021943,-8.));
#7291=CARTESIAN_POINT('',(145.194,-52.1960359021943,-8.));
#7292=CARTESIAN_POINT('Origin',(145.194,-54.1960359021943,-8.));
#7293=CARTESIAN_POINT('',(145.194,-52.1960359021943,-11.));
#7294=CARTESIAN_POINT('',(145.194,-52.1960359021943,-8.));
#7295=CARTESIAN_POINT('',(147.194,-54.1960359021943,-11.));
#7296=CARTESIAN_POINT('Origin',(145.194,-54.1960359021943,-11.));
#7297=CARTESIAN_POINT('',(147.194,-54.1960359021943,-8.));
#7298=CARTESIAN_POINT('Origin',(147.194,-52.1960359021943,-8.));
#7299=CARTESIAN_POINT('',(82.4219518180504,-52.1960359021943,-11.));
#7300=CARTESIAN_POINT('',(82.4219518180504,-52.1960359021943,-8.));
#7301=CARTESIAN_POINT('Origin',(145.194,-124.747,-4.));
#7302=CARTESIAN_POINT('',(147.194,-124.747,-8.));
#7303=CARTESIAN_POINT('Origin',(145.194,-124.747,-8.));
#7304=CARTESIAN_POINT('',(147.194,-124.747,-11.));
#7305=CARTESIAN_POINT('',(147.194,-124.747,-4.));
#7306=CARTESIAN_POINT('Origin',(145.194,-124.747,-11.));
#7307=CARTESIAN_POINT('Origin',(147.194,-126.747,-8.));
#7308=CARTESIAN_POINT('',(147.194,-52.1960359021943,-11.));
#7309=CARTESIAN_POINT('',(147.194,-52.1960359021943,-8.));
#7310=CARTESIAN_POINT('Ctrl Pts',(79.8263238141723,-129.365337462819,1.11022302462516E-15));
#7311=CARTESIAN_POINT('Ctrl Pts',(80.0993446062922,-129.682329766846,-0.026328171153714));
#7312=CARTESIAN_POINT('Ctrl Pts',(80.3012073321024,-130.603497754269,-0.0789845134611433));
#7313=CARTESIAN_POINT('Ctrl Pts',(79.30461197735,-131.618242052223,-0.157969026922289));
#7314=CARTESIAN_POINT('Ctrl Pts',(77.9116475585466,-131.335382013271,-0.236953540383433));
#7315=CARTESIAN_POINT('Ctrl Pts',(77.3864453886243,-130.015676195774,-0.315938053844579));
#7316=CARTESIAN_POINT('Ctrl Pts',(78.2048977216797,-128.85389074786,-0.394922567305723));
#7317=CARTESIAN_POINT('Ctrl Pts',(79.6249609589099,-128.904625153536,-0.473907080766869));
#7318=CARTESIAN_POINT('Ctrl Pts',(80.3587042856262,-130.121387677723,-0.552891594228014));
#7319=CARTESIAN_POINT('Ctrl Pts',(79.740753301515,-131.40094754324,-0.631876107689159));
#7320=CARTESIAN_POINT('Ctrl Pts',(78.3314960796502,-131.58277757662,-0.710860621150305));
#7321=CARTESIAN_POINT('Ctrl Pts',(77.4089783045242,-130.502033591866,-0.789845134611449));
#7322=CARTESIAN_POINT('Ctrl Pts',(77.8098125141737,-129.138799908242,-0.868829648072593));
#7323=CARTESIAN_POINT('Ctrl Pts',(79.1704906129627,-128.729386049315,-0.947814161533739));
#7324=CARTESIAN_POINT('Ctrl Pts',(80.2570323255075,-129.645077204529,-1.02679867499488));
#7325=CARTESIAN_POINT('Ctrl Pts',(80.0840695005374,-131.0554495084,-1.10578318845603));
#7326=CARTESIAN_POINT('Ctrl Pts',(78.8084592961485,-131.681455521605,-1.18476770191717));
#7327=CARTESIAN_POINT('Ctrl Pts',(77.5870340550338,-130.955380275036,-1.26375221537832));
#7328=CARTESIAN_POINT('Ctrl Pts',(77.5274863598278,-129.535690425103,-1.34273672883946));
#7329=CARTESIAN_POINT('Ctrl Pts',(78.683819176029,-128.709882058364,-1.42172124230061));
#7330=CARTESIAN_POINT('Ctrl Pts',(80.0073712022122,-129.226868599741,-1.50070575576175));
#7331=CARTESIAN_POINT('Ctrl Pts',(80.2978325099878,-130.617802570356,-1.5796902692229));
#7332=CARTESIAN_POINT('Ctrl Pts',(79.291787992171,-131.621266317046,-1.65867478268404));
#7333=CARTESIAN_POINT('Ctrl Pts',(77.9016046804859,-131.327233282648,-1.73765929614519));
#7334=CARTESIAN_POINT('Ctrl Pts',(77.3880194466259,-130.002357712618,-1.81664380960633));
#7335=CARTESIAN_POINT('Ctrl Pts',(78.2167952131509,-128.848149847864,-1.89562832306748));
#7336=CARTESIAN_POINT('Ctrl Pts',(79.6363273826867,-128.911343885263,-1.97461283652863));
#7337=CARTESIAN_POINT('Ctrl Pts',(80.3592630336643,-130.134630078898,-2.05359734998977));
#7338=CARTESIAN_POINT('Ctrl Pts',(79.7299824186002,-131.408628106462,-2.13258186345091));
#7339=CARTESIAN_POINT('Ctrl Pts',(78.3191709053731,-131.577967826992,-2.21156637691206));
#7340=CARTESIAN_POINT('Ctrl Pts',(77.4062727802349,-130.489077529512,-2.2905508903732));
#7341=CARTESIAN_POINT('Ctrl Pts',(77.8191819745902,-129.129455867425,-2.36953540383435));
#7342=CARTESIAN_POINT('Ctrl Pts',(79.1834371911543,-128.732123801157,-2.4485199172955));
#7343=CARTESIAN_POINT('Ctrl Pts',(80.261815366838,-129.657415958812,-2.52750443075664));
#7344=CARTESIAN_POINT('Ctrl Pts',(80.0763511374701,-131.06619844253,-2.60648894421779));
#7345=CARTESIAN_POINT('Ctrl Pts',(78.7952392947334,-131.680867063176,-2.68547345767893));
#7346=CARTESIAN_POINT('Ctrl Pts',(77.5803013944393,-130.943987856497,-2.76445797114008));
#7347=CARTESIAN_POINT('Ctrl Pts',(77.5333468137595,-129.523825776255,-2.84344248460122));
#7348=CARTESIAN_POINT('Ctrl Pts',(78.6969579738057,-128.708305000907,-2.92242699806237));
#7349=CARTESIAN_POINT('Ctrl Pts',(80.0158729659558,-129.237009370369,-3.00141151152351));
#7350=CARTESIAN_POINT('Ctrl Pts',(80.2939871121915,-130.630464640003,-3.08039602498466));
#7351=CARTESIAN_POINT('Ctrl Pts',(79.2790827689831,-131.624966646509,-3.1593805384458));
#7352=CARTESIAN_POINT('Ctrl Pts',(77.8915618120227,-131.318616094359,-3.23836505190694));
#7353=CARTESIAN_POINT('Ctrl Pts',(77.3897466634124,-129.98923780981,-3.31734956536809));
#7354=CARTESIAN_POINT('Ctrl Pts',(78.2287261274539,-128.842425477419,-3.39633407882923));
#7355=CARTESIAN_POINT('Ctrl Pts',(79.6476420232382,-128.918206395191,-3.47531859229038));
#7356=CARTESIAN_POINT('Ctrl Pts',(80.3597003187276,-130.147855959347,-3.55430310575152));
#7357=CARTESIAN_POINT('Ctrl Pts',(79.7191457807764,-131.416223000356,-3.63328761921267));
#7358=CARTESIAN_POINT('Ctrl Pts',(78.3068879326878,-131.573044036321,-3.71227213267382));
#7359=CARTESIAN_POINT('Ctrl Pts',(77.4036827206179,-130.476100367896,-3.79125664613496));
#7360=CARTESIAN_POINT('Ctrl Pts',(77.8286337151465,-129.120194132551,-3.87024115959611));
#7361=CARTESIAN_POINT('Ctrl Pts',(79.1963590868936,-128.734976824651,-3.94922567305724));
#7362=CARTESIAN_POINT('Ctrl Pts',(80.2664887398675,-129.66979637549,-4.0282101865184));
#7363=CARTESIAN_POINT('Ctrl Pts',(80.0685377743047,-131.076878633911,-4.10719469997954));
#7364=CARTESIAN_POINT('Ctrl Pts',(78.7820250198666,-131.68016132027,-4.18617921344068));
#7365=CARTESIAN_POINT('Ctrl Pts',(77.5736700402165,-130.932536207084,-4.26516372690183));
#7366=CARTESIAN_POINT('Ctrl Pts',(77.5393122578956,-129.512013553611,-4.34414824036297));
#7367=CARTESIAN_POINT('Ctrl Pts',(78.7101102429498,-128.706844536139,-4.42313275382412));
#7368=CARTESIAN_POINT('Ctrl Pts',(80.0242844589031,-129.247225138612,-4.50211726728527));
#7369=CARTESIAN_POINT('Ctrl Pts',(80.2900295714461,-130.643092108602,-4.58110178074641));
#7370=CARTESIAN_POINT('Ctrl Pts',(79.266345225732,-131.628554153668,-4.66008629420756));
#7371=CARTESIAN_POINT('Ctrl Pts',(77.8815957668976,-131.309910173282,-4.7390708076687));
#7372=CARTESIAN_POINT('Ctrl Pts',(77.3915901574516,-129.976133751571,-4.81805532112984));
#7373=CARTESIAN_POINT('Ctrl Pts',(78.2407073626187,-128.83680712154,-4.897039834591));
#7374=CARTESIAN_POINT('Ctrl Pts',(79.6588953110479,-128.92516902646,-4.97602434805213));
#7375=CARTESIAN_POINT('Ctrl Pts',(80.3600203863491,-130.16108510407,-5.05500886151328));
#7376=CARTESIAN_POINT('Ctrl Pts',(79.7082420149429,-131.423721682391,-5.13399337497442));
#7377=CARTESIAN_POINT('Ctrl Pts',(78.2946495181754,-131.568011106534,-5.21297788843557));
#7378=CARTESIAN_POINT('Ctrl Pts',(77.40120701199,-130.463101569718,-5.29196240189671));
#7379=CARTESIAN_POINT('Ctrl Pts',(77.8381689586544,-129.11101488723,-5.37094691535786));
#7380=CARTESIAN_POINT('Ctrl Pts',(79.2092515913059,-128.737947841721,-5.449931428819));
#7381=CARTESIAN_POINT('Ctrl Pts',(80.2710595191555,-129.682210518508,-5.52891594228015));
#7382=CARTESIAN_POINT('Ctrl Pts',(80.0606147557655,-131.087504035808,-5.6079004557413));
#7383=CARTESIAN_POINT('Ctrl Pts',(78.7688489757973,-131.679307617641,-5.68688496920244));
#7384=CARTESIAN_POINT('Ctrl Pts',(77.567075611858,-130.921089733798,-5.76586948266359));
#7385=CARTESIAN_POINT('Ctrl Pts',(77.5455161241218,-129.500123570599,-5.84485399612473));
#7386=CARTESIAN_POINT('Ctrl Pts',(78.7229985683591,-128.70577109371,-5.92383850958588));
#7387=CARTESIAN_POINT('Ctrl Pts',(80.0331749946843,-129.256949291383,-6.00282302304702));
#7388=CARTESIAN_POINT('Ctrl Pts',(80.2847576613223,-130.656811589321,-6.08180753650817));
#7389=CARTESIAN_POINT('Ctrl Pts',(79.5989579859103,-131.304096554642,-6.13446387881559));
#7390=CARTESIAN_POINT('Ctrl Pts',(79.194792724981,-131.412147078011,-6.16079204996931));
#7391=CARTESIAN_POINT('Ctrl Pts',(79.8966639614065,-129.304754532345,0.0535973499897713));
#7392=CARTESIAN_POINT('Ctrl Pts',(80.1897285891942,-129.645018842875,0.0272691788360562));
#7393=CARTESIAN_POINT('Ctrl Pts',(80.4064110775292,-130.633814426054,-0.0253871634713732));
#7394=CARTESIAN_POINT('Ctrl Pts',(79.3366506229223,-131.723056229472,-0.104371676932519));
#7395=CARTESIAN_POINT('Ctrl Pts',(77.8414216487909,-131.419430006034,-0.183356190393663));
#7396=CARTESIAN_POINT('Ctrl Pts',(77.2776617342202,-130.002837917238,-0.262340703854808));
#7397=CARTESIAN_POINT('Ctrl Pts',(78.1562007879177,-128.755759930179,-0.341325217315953));
#7398=CARTESIAN_POINT('Ctrl Pts',(79.6805180416416,-128.81021900489,-0.420309730777099));
#7399=CARTESIAN_POINT('Ctrl Pts',(80.4681291728894,-130.116310213138,-0.499294244238244));
#7400=CARTESIAN_POINT('Ctrl Pts',(79.8048112851075,-131.489809032799,-0.578278757699389));
#7401=CARTESIAN_POINT('Ctrl Pts',(78.2920933709296,-131.684988127547,-0.657263271160534));
#7402=CARTESIAN_POINT('Ctrl Pts',(77.301848905314,-130.524901266886,-0.736247784621678));
#7403=CARTESIAN_POINT('Ctrl Pts',(77.7321103793334,-129.061585711404,-0.815232298082823));
#7404=CARTESIAN_POINT('Ctrl Pts',(79.1926827315857,-128.62211471271,-0.894216811543969));
#7405=CARTESIAN_POINT('Ctrl Pts',(80.3589929605254,-129.605031381757,-0.973201325005113));
#7406=CARTESIAN_POINT('Ctrl Pts',(80.173332060755,-131.118946241744,-1.05218583846626));
#7407=CARTESIAN_POINT('Ctrl Pts',(78.8040728667993,-131.790910519,-1.1311703519274));
#7408=CARTESIAN_POINT('Ctrl Pts',(77.4929766280173,-131.011530420403,-1.21015486538855));
#7409=CARTESIAN_POINT('Ctrl Pts',(77.4290572356676,-129.487613966224,-1.28913937884969));
#7410=CARTESIAN_POINT('Ctrl Pts',(78.670282285772,-128.601178835247,-1.36812389231084));
#7411=CARTESIAN_POINT('Ctrl Pts',(80.0910029528653,-129.156119970475,-1.44710840577198));
#7412=CARTESIAN_POINT('Ctrl Pts',(80.4027884926734,-130.649169430958,-1.52609291923313));
#7413=CARTESIAN_POINT('Ctrl Pts',(79.3228851642037,-131.726302520854,-1.60507743269427));
#7414=CARTESIAN_POINT('Ctrl Pts',(77.8306414723144,-131.410683035928,-1.68406194615542));
#7415=CARTESIAN_POINT('Ctrl Pts',(77.279351351772,-129.988541656948,-1.76304645961656));
#7416=CARTESIAN_POINT('Ctrl Pts',(78.1689717343447,-128.749597561712,-1.84203097307771));
#7417=CARTESIAN_POINT('Ctrl Pts',(79.6927189320118,-128.817430992657,-1.92101548653885));
#7418=CARTESIAN_POINT('Ctrl Pts',(80.4687289414439,-130.130524805885,-2.));
#7419=CARTESIAN_POINT('Ctrl Pts',(79.7932496572627,-131.49805346497,-2.07898451346114));
#7420=CARTESIAN_POINT('Ctrl Pts',(78.2788633433414,-131.679825269899,-2.15796902692229));
#7421=CARTESIAN_POINT('Ctrl Pts',(77.2989447548182,-130.510994034539,-2.23695354038343));
#7422=CARTESIAN_POINT('Ctrl Pts',(77.7421676991741,-129.051555677345,-2.31593805384458));
#7423=CARTESIAN_POINT('Ctrl Pts',(79.2065797834892,-128.625053456745,-2.39492256730572));
#7424=CARTESIAN_POINT('Ctrl Pts',(80.3641271490841,-129.618275986327,-2.47390708076687));
#7425=CARTESIAN_POINT('Ctrl Pts',(80.1650470536615,-131.130484309433,-2.55289159422801));
#7426=CARTESIAN_POINT('Ctrl Pts',(78.789882318292,-131.790278858865,-2.63187610768916));
#7427=CARTESIAN_POINT('Ctrl Pts',(77.4857496887948,-130.999301626864,-2.7108606211503));
#7428=CARTESIAN_POINT('Ctrl Pts',(77.4353479351299,-129.474878273562,-2.78984513461145));
#7429=CARTESIAN_POINT('Ctrl Pts',(78.6843856690715,-128.599485998035,-2.86882964807259));
#7430=CARTESIAN_POINT('Ctrl Pts',(80.1001288740367,-129.167005226307,-2.94781416153374));
#7431=CARTESIAN_POINT('Ctrl Pts',(80.3986607847976,-130.662761087108,-3.02679867499488));
#7432=CARTESIAN_POINT('Ctrl Pts',(79.309247186394,-131.730274510198,-3.10578318845603));
#7433=CARTESIAN_POINT('Ctrl Pts',(77.8198613061402,-131.401433216313,-3.18476770191718));
#7434=CARTESIAN_POINT('Ctrl Pts',(77.2812053722686,-129.974458555791,-3.26375221537832));
#7435=CARTESIAN_POINT('Ctrl Pts',(78.1817785573425,-128.743452936312,-3.34273672883947));
#7436=CARTESIAN_POINT('Ctrl Pts',(79.7048642374882,-128.824797314107,-3.42172124230061));
#7437=CARTESIAN_POINT('Ctrl Pts',(80.469198329813,-130.144721665036,-3.50070575576176));
#7438=CARTESIAN_POINT('Ctrl Pts',(79.7816174471088,-131.506205938394,-3.5796902692229));
#7439=CARTESIAN_POINT('Ctrl Pts',(78.265678615577,-131.674539998879,-3.65867478268405));
#7440=CARTESIAN_POINT('Ctrl Pts',(77.2961645458395,-130.497064153927,-3.73765929614519));
#7441=CARTESIAN_POINT('Ctrl Pts',(77.7523133397556,-129.041613991723,-3.81664380960633));
#7442=CARTESIAN_POINT('Ctrl Pts',(79.220450340877,-128.628115935108,-3.89562832306748));
#7443=CARTESIAN_POINT('Ctrl Pts',(80.3691436180379,-129.63156531194,-3.97461283652863));
#7444=CARTESIAN_POINT('Ctrl Pts',(80.1566600720324,-131.14194858762,-4.05359734998977));
#7445=CARTESIAN_POINT('Ctrl Pts',(78.7756979167479,-131.789521303806,-4.13258186345091));
#7446=CARTESIAN_POINT('Ctrl Pts',(77.4786314933565,-130.987009254013,-4.21156637691206));
#7447=CARTESIAN_POINT('Ctrl Pts',(77.4417513326577,-129.462198855978,-4.2905508903732));
#7448=CARTESIAN_POINT('Ctrl Pts',(78.6985035127395,-128.59791831317,-4.36953540383435));
#7449=CARTESIAN_POINT('Ctrl Pts',(80.1091578971766,-129.177970985707,-4.4485199172955));
#7450=CARTESIAN_POINT('Ctrl Pts',(80.3944127009924,-130.676315601972,-4.52750443075664));
#7451=CARTESIAN_POINT('Ctrl Pts',(79.2955745157419,-131.734125394382,-4.60648894421778));
#7452=CARTESIAN_POINT('Ctrl Pts',(77.8091636032934,-131.392088149586,-4.68547345767893));
#7453=CARTESIAN_POINT('Ctrl Pts',(77.2831842065188,-129.960392462436,-4.76445797114007));
#7454=CARTESIAN_POINT('Ctrl Pts',(78.1946393955106,-128.737422108544,-4.84344248460122));
#7455=CARTESIAN_POINT('Ctrl Pts',(79.7169436860085,-128.832271107315,-4.92242699806236));
#7456=CARTESIAN_POINT('Ctrl Pts',(80.4695418952155,-130.158922028107,-5.00141151152351));
#7457=CARTESIAN_POINT('Ctrl Pts',(79.769913180739,-131.514255136562,-5.08039602498465));
#7458=CARTESIAN_POINT('Ctrl Pts',(78.252541717226,-131.66913757629,-5.1593805384458));
#7459=CARTESIAN_POINT('Ctrl Pts',(77.2935070829337,-130.483111048305,-5.23836505190694));
#7460=CARTESIAN_POINT('Ctrl Pts',(77.7625486136621,-129.031760851629,-5.31734956536809));
#7461=CARTESIAN_POINT('Ctrl Pts',(79.2342893491719,-128.63130506955,-5.39633407882924));
#7462=CARTESIAN_POINT('Ctrl Pts',(80.3740499613253,-129.644890839914,-5.47531859229038));
#7463=CARTESIAN_POINT('Ctrl Pts',(80.1481553846747,-131.153354053951,-5.55430310575153));
#7464=CARTESIAN_POINT('Ctrl Pts',(78.7615545527172,-131.788604926554,-5.63328761921267));
#7465=CARTESIAN_POINT('Ctrl Pts',(77.4715529346967,-130.974722437295,-5.71227213267381));
#7466=CARTESIAN_POINT('Ctrl Pts',(77.4484106560459,-129.449435969245,-5.79125664613496));
#7467=CARTESIAN_POINT('Ctrl Pts',(78.7123380352299,-128.596766063909,-5.8702411595961));
#7468=CARTESIAN_POINT('Ctrl Pts',(80.1187011321051,-129.18840903766,-5.94922567305725));
#7469=CARTESIAN_POINT('Ctrl Pts',(80.3887537533125,-130.691042299082,-6.02821018651839));
#7470=CARTESIAN_POINT('Ctrl Pts',(79.6526060590254,-131.385847723831,-6.08086652882582));
#7471=CARTESIAN_POINT('Ctrl Pts',(79.218768984423,-131.501830781998,-6.10719469997954));
#7472=CARTESIAN_POINT('Ctrl Pts',(79.9670041086408,-129.24417160187,0.107194699979541));
#7473=CARTESIAN_POINT('Ctrl Pts',(80.2801125720962,-129.607707918905,0.0808665288258263));
#7474=CARTESIAN_POINT('Ctrl Pts',(80.5116148229561,-130.664131097839,0.0282101865183969));
#7475=CARTESIAN_POINT('Ctrl Pts',(79.3686892684944,-131.827870406722,-0.0507743269427484));
#7476=CARTESIAN_POINT('Ctrl Pts',(77.7711957390351,-131.503477998797,-0.129758840403893));
#7477=CARTESIAN_POINT('Ctrl Pts',(77.168878079816,-129.989999638702,-0.208743353865038));
#7478=CARTESIAN_POINT('Ctrl Pts',(78.1075038541558,-128.657629112499,-0.287727867326183));
#7479=CARTESIAN_POINT('Ctrl Pts',(79.7360751243732,-128.715812856244,-0.366712380787329));
#7480=CARTESIAN_POINT('Ctrl Pts',(80.5775540601528,-130.111232748553,-0.445696894248473));
#7481=CARTESIAN_POINT('Ctrl Pts',(79.8688692686999,-131.578670522359,-0.524681407709619));
#7482=CARTESIAN_POINT('Ctrl Pts',(78.2526906622092,-131.787198678473,-0.603665921170764));
#7483=CARTESIAN_POINT('Ctrl Pts',(77.1947195061038,-130.547768941905,-0.682650434631908));
#7484=CARTESIAN_POINT('Ctrl Pts',(77.6544082444932,-128.984371514567,-0.761634948093053));
#7485=CARTESIAN_POINT('Ctrl Pts',(79.2148748502087,-128.514843376104,-0.840619461554199));
#7486=CARTESIAN_POINT('Ctrl Pts',(80.4609535955431,-129.564985558984,-0.919603975015343));
#7487=CARTESIAN_POINT('Ctrl Pts',(80.2625946209728,-131.182442975088,-0.998588488476489));
#7488=CARTESIAN_POINT('Ctrl Pts',(78.7996864374499,-131.900365516395,-1.07757300193763));
#7489=CARTESIAN_POINT('Ctrl Pts',(77.3989192010009,-131.06768056577,-1.15655751539878));
#7490=CARTESIAN_POINT('Ctrl Pts',(77.3306281115074,-129.439537507345,-1.23554202885992));
#7491=CARTESIAN_POINT('Ctrl Pts',(78.656745395515,-128.49247561213,-1.31452654232107));
#7492=CARTESIAN_POINT('Ctrl Pts',(80.1746347035183,-129.085371341208,-1.39351105578221));
#7493=CARTESIAN_POINT('Ctrl Pts',(80.507744475359,-130.68053629156,-1.47249556924336));
#7494=CARTESIAN_POINT('Ctrl Pts',(79.3539823362363,-131.831338724663,-1.5514800827045));
#7495=CARTESIAN_POINT('Ctrl Pts',(77.759678264143,-131.494132789209,-1.63046459616565));
#7496=CARTESIAN_POINT('Ctrl Pts',(77.170683256918,-129.974725601277,-1.70944910962679));
#7497=CARTESIAN_POINT('Ctrl Pts',(78.1211482555385,-128.65104527556,-1.78843362308794));
#7498=CARTESIAN_POINT('Ctrl Pts',(79.7491104813368,-128.72351810005,-1.86741813654908));
#7499=CARTESIAN_POINT('Ctrl Pts',(80.5781948492235,-130.126419532871,-1.94640265001023));
#7500=CARTESIAN_POINT('Ctrl Pts',(79.8565168959253,-131.587478823478,-2.02538716347137));
#7501=CARTESIAN_POINT('Ctrl Pts',(78.2385557813096,-131.781682712806,-2.10437167693252));
#7502=CARTESIAN_POINT('Ctrl Pts',(77.1916167294014,-130.532910539566,-2.18335619039366));
#7503=CARTESIAN_POINT('Ctrl Pts',(77.6651534237583,-128.973655487264,-2.26234070385481));
#7504=CARTESIAN_POINT('Ctrl Pts',(79.2297223758241,-128.517983112333,-2.34132521731595));
#7505=CARTESIAN_POINT('Ctrl Pts',(80.4664389313303,-129.579136013843,-2.4203097307771));
#7506=CARTESIAN_POINT('Ctrl Pts',(80.2537429698526,-131.194770176336,-2.49929424423824));
#7507=CARTESIAN_POINT('Ctrl Pts',(78.7845253418506,-131.899690654554,-2.57827875769939));
#7508=CARTESIAN_POINT('Ctrl Pts',(77.3911979831502,-131.054615397231,-2.65726327116054));
#7509=CARTESIAN_POINT('Ctrl Pts',(77.3373490565002,-129.425930770871,-2.73624778462168));
#7510=CARTESIAN_POINT('Ctrl Pts',(78.6718133643373,-128.490666995162,-2.81523229808283));
#7511=CARTESIAN_POINT('Ctrl Pts',(80.1843847821177,-129.097001082244,-2.89421681154397));
#7512=CARTESIAN_POINT('Ctrl Pts',(80.5033344574037,-130.695057534213,-2.97320132500511));
#7513=CARTESIAN_POINT('Ctrl Pts',(79.3394116038049,-131.835582373887,-3.05218583846626));
#7514=CARTESIAN_POINT('Ctrl Pts',(77.7481608002576,-131.484250338266,-3.1311703519274));
#7515=CARTESIAN_POINT('Ctrl Pts',(77.172664081125,-129.959679301774,-3.21015486538855));
#7516=CARTESIAN_POINT('Ctrl Pts',(78.134830987231,-128.644480395206,-3.28913937884969));
#7517=CARTESIAN_POINT('Ctrl Pts',(79.7620864517385,-128.731388233025,-3.36812389231084));
#7518=CARTESIAN_POINT('Ctrl Pts',(80.5786963408981,-130.141587370724,-3.44710840577198));
#7519=CARTESIAN_POINT('Ctrl Pts',(79.8440891134414,-131.596188876433,-3.52609291923313));
#7520=CARTESIAN_POINT('Ctrl Pts',(78.224469298466,-131.776035961438,-3.60507743269428));
#7521=CARTESIAN_POINT('Ctrl Pts',(77.1886463710613,-130.518027939959,-3.68406194615542));
#7522=CARTESIAN_POINT('Ctrl Pts',(77.6759929643646,-128.963033850894,-3.76304645961657));
#7523=CARTESIAN_POINT('Ctrl Pts',(79.2445415948605,-128.521255045564,-3.8420309730777));
#7524=CARTESIAN_POINT('Ctrl Pts',(80.4717984962082,-129.593334248391,-3.92101548653886));
#7525=CARTESIAN_POINT('Ctrl Pts',(80.2447823697601,-131.207018541329,-3.99999999999999));
#7526=CARTESIAN_POINT('Ctrl Pts',(78.7693708136292,-131.898881287343,-4.07898451346114));
#7527=CARTESIAN_POINT('Ctrl Pts',(77.3835929464965,-131.041482300942,-4.15796902692229));
#7528=CARTESIAN_POINT('Ctrl Pts',(77.3441904074199,-129.412384158346,-4.23695354038343));
#7529=CARTESIAN_POINT('Ctrl Pts',(78.6868967825294,-128.488992090201,-4.31593805384458));
#7530=CARTESIAN_POINT('Ctrl Pts',(80.1940313354501,-129.108716832802,-4.39492256730572));
#7531=CARTESIAN_POINT('Ctrl Pts',(80.4987958305387,-130.709539095341,-4.47390708076687));
#7532=CARTESIAN_POINT('Ctrl Pts',(79.3248038057519,-131.839696635095,-4.55289159422802));
#7533=CARTESIAN_POINT('Ctrl Pts',(77.7367314396891,-131.474266125891,-4.63187610768916));
#7534=CARTESIAN_POINT('Ctrl Pts',(77.174778255586,-129.9446511733,-4.7108606211503));
#7535=CARTESIAN_POINT('Ctrl Pts',(78.1485714284025,-128.638037095548,-4.78984513461145));
#7536=CARTESIAN_POINT('Ctrl Pts',(79.7749920609691,-128.739373188169,-4.86882964807259));
#7537=CARTESIAN_POINT('Ctrl Pts',(80.5790634040818,-130.156758952144,-4.94781416153374));
#7538=CARTESIAN_POINT('Ctrl Pts',(79.8315843465352,-131.604788590732,-5.02679867499488));
#7539=CARTESIAN_POINT('Ctrl Pts',(78.2104339162764,-131.770264046047,-5.10578318845604));
#7540=CARTESIAN_POINT('Ctrl Pts',(77.1858071538776,-130.503120526891,-5.18476770191717));
#7541=CARTESIAN_POINT('Ctrl Pts',(77.6869282686696,-128.952506816027,-5.26375221537832));
#7542=CARTESIAN_POINT('Ctrl Pts',(79.259327107038,-128.524662297379,-5.34273672883946));
#7543=CARTESIAN_POINT('Ctrl Pts',(80.477040403495,-129.607571161321,-5.42172124230061));
#7544=CARTESIAN_POINT('Ctrl Pts',(80.2356960135839,-131.219204072093,-5.50070575576175));
#7545=CARTESIAN_POINT('Ctrl Pts',(78.7542601296372,-131.897902235468,-5.57969026922291));
#7546=CARTESIAN_POINT('Ctrl Pts',(77.3760302575354,-131.028355140791,-5.65867478268404));
#7547=CARTESIAN_POINT('Ctrl Pts',(77.35130518797,-129.398748367891,-5.73765929614519));
#7548=CARTESIAN_POINT('Ctrl Pts',(78.7016775021007,-128.487761034107,-5.81664380960633));
#7549=CARTESIAN_POINT('Ctrl Pts',(80.2042272695259,-129.119868783936,-5.89562832306748));
#7550=CARTESIAN_POINT('Ctrl Pts',(80.4927498453026,-130.725273008843,-5.97461283652862));
#7551=CARTESIAN_POINT('Ctrl Pts',(79.7062541321406,-131.46759889302,-6.02726917883605));
#7552=CARTESIAN_POINT('Ctrl Pts',(79.2427452438651,-131.591514485986,-6.05359734998977));
#7553=CARTESIAN_POINT('Ctrl Pts',(80.0373442558751,-129.183588671396,0.160792049969312));
#7554=CARTESIAN_POINT('Ctrl Pts',(80.3704965549981,-129.570396994934,0.134463878815597));
#7555=CARTESIAN_POINT('Ctrl Pts',(80.6168185683829,-130.694447769623,0.0818075365081671));
#7556=CARTESIAN_POINT('Ctrl Pts',(79.4007279140667,-131.932684583971,0.00282302304702188));
#7557=CARTESIAN_POINT('Ctrl Pts',(77.7009698292793,-131.587525991561,-0.0761614904141227));
#7558=CARTESIAN_POINT('Ctrl Pts',(77.060094425412,-129.977161360166,-0.155146003875268));
#7559=CARTESIAN_POINT('Ctrl Pts',(78.0588069203938,-128.559498294819,-0.234130517336413));
#7560=CARTESIAN_POINT('Ctrl Pts',(79.7916322071049,-128.621406707598,-0.313115030797558));
#7561=CARTESIAN_POINT('Ctrl Pts',(80.6869789474159,-130.106155283968,-0.392099544258704));
#7562=CARTESIAN_POINT('Ctrl Pts',(79.9329272522925,-131.667532011918,-0.471084057719848));
#7563=CARTESIAN_POINT('Ctrl Pts',(78.2132879534886,-131.889409229399,-0.550068571180994));
#7564=CARTESIAN_POINT('Ctrl Pts',(77.0875901068937,-130.570636616924,-0.629053084642138));
#7565=CARTESIAN_POINT('Ctrl Pts',(77.5767061096529,-128.907157317729,-0.708037598103283));
#7566=CARTESIAN_POINT('Ctrl Pts',(79.2370669688317,-128.407572039498,-0.787022111564428));
#7567=CARTESIAN_POINT('Ctrl Pts',(80.5629142305609,-129.524939736212,-0.866006625025573));
#7568=CARTESIAN_POINT('Ctrl Pts',(80.3518571811905,-131.245939708432,-0.944991138486719));
#7569=CARTESIAN_POINT('Ctrl Pts',(78.7953000081007,-132.00982051379,-1.02397565194786));
#7570=CARTESIAN_POINT('Ctrl Pts',(77.3048617739844,-131.123830711137,-1.10296016540901));
#7571=CARTESIAN_POINT('Ctrl Pts',(77.2321989873472,-129.391461048466,-1.18194467887015));
#7572=CARTESIAN_POINT('Ctrl Pts',(78.6432085052581,-128.383772389013,-1.2609291923313));
#7573=CARTESIAN_POINT('Ctrl Pts',(80.2582664541713,-129.014622711942,-1.33991370579244));
#7574=CARTESIAN_POINT('Ctrl Pts',(80.6127004580446,-130.711903152163,-1.41889821925359));
#7575=CARTESIAN_POINT('Ctrl Pts',(79.3850795082689,-131.936374928472,-1.49788273271473));
#7576=CARTESIAN_POINT('Ctrl Pts',(77.6887150559715,-131.577582542489,-1.57686724617588));
#7577=CARTESIAN_POINT('Ctrl Pts',(77.0620151620641,-129.960909545607,-1.65585175963702));
#7578=CARTESIAN_POINT('Ctrl Pts',(78.0733247767323,-128.552492989407,-1.73483627309817));
#7579=CARTESIAN_POINT('Ctrl Pts',(79.8055020306619,-128.629605207443,-1.81382078655931));
#7580=CARTESIAN_POINT('Ctrl Pts',(80.687660757003,-130.122314259858,-1.89280530002046));
#7581=CARTESIAN_POINT('Ctrl Pts',(79.9197841345878,-131.676904181986,-1.9717898134816));
#7582=CARTESIAN_POINT('Ctrl Pts',(78.1982482192779,-131.883540155713,-2.05077432694275));
#7583=CARTESIAN_POINT('Ctrl Pts',(77.0842887039847,-130.554827044593,-2.12975884040389));
#7584=CARTESIAN_POINT('Ctrl Pts',(77.5881391483422,-128.895755297184,-2.20874335386504));
#7585=CARTESIAN_POINT('Ctrl Pts',(79.2528649681592,-128.410912767921,-2.28772786732618));
#7586=CARTESIAN_POINT('Ctrl Pts',(80.5687507135763,-129.539996041359,-2.36671238078733));
#7587=CARTESIAN_POINT('Ctrl Pts',(80.342438886044,-131.259056043239,-2.44569689424847));
#7588=CARTESIAN_POINT('Ctrl Pts',(78.7791683654092,-132.009102450243,-2.52468140770962));
#7589=CARTESIAN_POINT('Ctrl Pts',(77.2966462775057,-131.109929167597,-2.60366592117077));
#7590=CARTESIAN_POINT('Ctrl Pts',(77.2393501778705,-129.376983268179,-2.68265043463191));
#7591=CARTESIAN_POINT('Ctrl Pts',(78.6592410596032,-128.38184799229,-2.76163494809305));
#7592=CARTESIAN_POINT('Ctrl Pts',(80.2686406901985,-129.026996938182,-2.8406194615542));
#7593=CARTESIAN_POINT('Ctrl Pts',(80.6080081300099,-130.727353981317,-2.91960397501534));
#7594=CARTESIAN_POINT('Ctrl Pts',(79.3695760212157,-131.940890237575,-2.99858848847649));
#7595=CARTESIAN_POINT('Ctrl Pts',(77.6764602943751,-131.567067460219,-3.07757300193763));
#7596=CARTESIAN_POINT('Ctrl Pts',(77.0641227899814,-129.944900047756,-3.15655751539878));
#7597=CARTESIAN_POINT('Ctrl Pts',(78.0878834171195,-128.545507854099,-3.23554202885992));
#7598=CARTESIAN_POINT('Ctrl Pts',(79.8193086659886,-128.637979151942,-3.31452654232107));
#7599=CARTESIAN_POINT('Ctrl Pts',(80.6881943519834,-130.138453076413,-3.39351105578221));
#7600=CARTESIAN_POINT('Ctrl Pts',(79.906560779774,-131.686171814472,-3.47249556924336));
#7601=CARTESIAN_POINT('Ctrl Pts',(78.1832599813551,-131.877531923997,-3.55148008270451));
#7602=CARTESIAN_POINT('Ctrl Pts',(77.0811281962829,-130.53899172599,-3.63046459616565));
#7603=CARTESIAN_POINT('Ctrl Pts',(77.5996725889737,-128.884453710065,-3.70944910962679));
#7604=CARTESIAN_POINT('Ctrl Pts',(79.2686328488439,-128.414394156021,-3.78843362308794));
#7605=CARTESIAN_POINT('Ctrl Pts',(80.5744533743785,-129.555103184841,-3.86741813654909));
#7606=CARTESIAN_POINT('Ctrl Pts',(80.3329046674879,-131.272088495038,-3.94640265001022));
#7607=CARTESIAN_POINT('Ctrl Pts',(78.7630437105104,-132.008241270879,-4.02538716347138));
#7608=CARTESIAN_POINT('Ctrl Pts',(77.2885543996365,-131.095955347871,-4.10437167693252));
#7609=CARTESIAN_POINT('Ctrl Pts',(77.246629482182,-129.362569460714,-4.18335619039366));
#7610=CARTESIAN_POINT('Ctrl Pts',(78.6752900523192,-128.380065867232,-4.26234070385481));
#7611=CARTESIAN_POINT('Ctrl Pts',(80.2789047737237,-129.039462679897,-4.34132521731595));
#7612=CARTESIAN_POINT('Ctrl Pts',(80.603178960085,-130.74276258871,-4.4203097307771));
#7613=CARTESIAN_POINT('Ctrl Pts',(79.3540330957618,-131.945267875809,-4.49929424423824));
#7614=CARTESIAN_POINT('Ctrl Pts',(77.6642992760848,-131.556444102195,-4.57827875769939));
#7615=CARTESIAN_POINT('Ctrl Pts',(77.0663723046532,-129.928909884164,-4.65726327116053));
#7616=CARTESIAN_POINT('Ctrl Pts',(78.1025034612945,-128.538652082553,-4.73624778462168));
#7617=CARTESIAN_POINT('Ctrl Pts',(79.8330404359297,-128.646475269023,-4.81523229808282));
#7618=CARTESIAN_POINT('Ctrl Pts',(80.6885849129482,-130.154595876181,-4.89421681154397));
#7619=CARTESIAN_POINT('Ctrl Pts',(79.8932555123314,-131.695322044903,-4.97320132500511));
#7620=CARTESIAN_POINT('Ctrl Pts',(78.1683261153269,-131.871390515803,-5.05218583846626));
#7621=CARTESIAN_POINT('Ctrl Pts',(77.0781072248214,-130.523130005477,-5.1311703519274));
#7622=CARTESIAN_POINT('Ctrl Pts',(77.6113079236773,-128.873252780425,-5.21015486538855));
#7623=CARTESIAN_POINT('Ctrl Pts',(79.2843648649041,-128.418019525208,-5.2891393788497));
#7624=CARTESIAN_POINT('Ctrl Pts',(80.5800308456648,-129.570251482727,-5.36812389231084));
#7625=CARTESIAN_POINT('Ctrl Pts',(80.323236642493,-131.285054090236,-5.44710840577198));
#7626=CARTESIAN_POINT('Ctrl Pts',(78.7469657065571,-132.007199544382,-5.52609291923313));
#7627=CARTESIAN_POINT('Ctrl Pts',(77.2805075803741,-131.081987844288,-5.60507743269427));
#7628=CARTESIAN_POINT('Ctrl Pts',(77.2541997198942,-129.348060766537,-5.68406194615542));
#7629=CARTESIAN_POINT('Ctrl Pts',(78.6910169689714,-128.378756004306,-5.76304645961656));
#7630=CARTESIAN_POINT('Ctrl Pts',(80.2897534069467,-129.051328530213,-5.84203097307771));
#7631=CARTESIAN_POINT('Ctrl Pts',(80.5967459372927,-130.759503718604,-5.92101548653885));
#7632=CARTESIAN_POINT('Ctrl Pts',(79.7599022052557,-131.54935006221,-5.97367182884628));
#7633=CARTESIAN_POINT('Ctrl Pts',(79.2667215033071,-131.681198189974,-6.));
#7634=CARTESIAN_POINT('Ctrl Pts',(79.8263238141723,-129.365337462819,-2.0640862117427E-17));
#7635=CARTESIAN_POINT('Ctrl Pts',(79.8631908654612,-129.399766389094,-6.88037484835857E-17));
#7636=CARTESIAN_POINT('Ctrl Pts',(79.8976773874146,-129.43643494648,-5.62582828429793E-16));
#7637=CARTESIAN_POINT('Ctrl Pts',(79.9297826538381,-129.475022916706,-5.96744875736022E-16));
#7638=CARTESIAN_POINT('Ctrl Pts',(79.96333407803,-129.515349053256,-6.32445726970809E-16));
#7639=CARTESIAN_POINT('Ctrl Pts',(79.9942855097774,-129.557771869848,3.4358434181624E-16));
#7640=CARTESIAN_POINT('Ctrl Pts',(80.022608023969,-129.601975635405,5.27355936696949E-16));
#7641=CARTESIAN_POINT('Ctrl Pts',(80.0455166378337,-129.637729770426,6.75999255504492E-16));
#7642=CARTESIAN_POINT('Ctrl Pts',(80.0667048822673,-129.674650223489,-9.90773918094069E-16));
#7643=CARTESIAN_POINT('Ctrl Pts',(80.0861407058493,-129.712588384277,-1.1067535776732E-15));
#7644=CARTESIAN_POINT('Ctrl Pts',(80.0948152611912,-129.729520863312,-1.15851737205519E-15));
#7645=CARTESIAN_POINT('Ctrl Pts',(80.1031405192399,-129.746656256495,-7.59719004601112E-17));
#7646=CARTESIAN_POINT('Ctrl Pts',(80.1111125274288,-129.763982140921,-1.28369537222284E-16));
#7647=CARTESIAN_POINT('Ctrl Pts',(80.1147398504505,-129.771865547205,-1.52210851683064E-16));
#7648=CARTESIAN_POINT('Ctrl Pts',(80.1182933627401,-129.779787094737,1.68291992233623E-15));
#7649=CARTESIAN_POINT('Ctrl Pts',(80.121768993374,-129.78773662502,1.62370117351429E-15));
#7650=CARTESIAN_POINT('Ctrl Pts',(80.1435774226588,-129.837617290515,1.25212316881268E-15));
#7651=CARTESIAN_POINT('Ctrl Pts',(80.1623663609279,-129.888691066497,6.62163771270194E-16));
#7652=CARTESIAN_POINT('Ctrl Pts',(80.1781097448998,-129.94062585374,4.92661467177413E-16));
#7653=CARTESIAN_POINT('Ctrl Pts',(80.1941513350676,-129.993544373284,3.19948504093674E-16));
#7654=CARTESIAN_POINT('Ctrl Pts',(80.2070314995528,-130.047357755401,1.49506292463678E-15));
#7655=CARTESIAN_POINT('Ctrl Pts',(80.2166818714929,-130.101749347855,1.88044024795886E-15));
#7656=CARTESIAN_POINT('Ctrl Pts',(80.2237019211852,-130.141315872777,2.16077845427668E-15));
#7657=CARTESIAN_POINT('Ctrl Pts',(80.2290120498914,-130.18118915995,7.35737625940698E-16));
#7658=CARTESIAN_POINT('Ctrl Pts',(80.2325700071427,-130.22125407152,7.28583859910259E-16));
#7659=CARTESIAN_POINT('Ctrl Pts',(80.2338194081596,-130.235323139168,7.26071766053598E-16));
#7660=CARTESIAN_POINT('Ctrl Pts',(80.2348526171592,-130.249415868319,1.88713397230464E-17));
#7661=CARTESIAN_POINT('Ctrl Pts',(80.2356673699554,-130.26352734935,6.93889390390723E-18));
#7662=CARTESIAN_POINT('Ctrl Pts',(80.2362421976245,-130.27348333819,-1.47973325230843E-18));
#7663=CARTESIAN_POINT('Ctrl Pts',(80.2367081708152,-130.283448578316,1.48395771431063E-15));
#7664=CARTESIAN_POINT('Ctrl Pts',(80.2370642316487,-130.293407016824,1.49880108324396E-15));
#7665=CARTESIAN_POINT('Ctrl Pts',(80.2390958573929,-130.350228262356,1.58349495467858E-15));
#7666=CARTESIAN_POINT('Ctrl Pts',(80.2375603589287,-130.406942168225,-5.3526657640582E-16));
#7667=CARTESIAN_POINT('Ctrl Pts',(80.2324009707006,-130.463214850714,-3.60822483003176E-16));
#7668=CARTESIAN_POINT('Ctrl Pts',(80.2287969140945,-130.502523761792,-2.38965712504263E-16));
#7669=CARTESIAN_POINT('Ctrl Pts',(80.2234236444024,-130.541618056578,1.25858270369244E-15));
#7670=CARTESIAN_POINT('Ctrl Pts',(80.2162474777063,-130.580388702175,1.20736753927986E-15));
#7671=CARTESIAN_POINT('Ctrl Pts',(80.2062389772739,-130.634461585326,1.10695134636439E-15));
#7672=CARTESIAN_POINT('Ctrl Pts',(80.1927259274168,-130.687905529908,1.07006881966518E-15));
#7673=CARTESIAN_POINT('Ctrl Pts',(80.1759347354856,-130.740517784506,8.46545056276682E-16));
#7674=CARTESIAN_POINT('Ctrl Pts',(80.1713305540678,-130.754944179366,7.85254353267432E-16));
#7675=CARTESIAN_POINT('Ctrl Pts',(80.1664795994967,-130.769308009536,2.70879609230183E-16));
#7676=CARTESIAN_POINT('Ctrl Pts',(80.1613858800398,-130.783604985152,1.66533453693773E-16));
#7677=CARTESIAN_POINT('Ctrl Pts',(80.1568104722513,-130.796447171327,7.28050462342649E-17));
#7678=CARTESIAN_POINT('Ctrl Pts',(80.1520374097436,-130.809239549132,7.8898801062366E-16));
#7679=CARTESIAN_POINT('Ctrl Pts',(80.1470804820235,-130.82195184901,8.32667268468867E-16));
#7680=CARTESIAN_POINT('Ctrl Pts',(80.1264801944515,-130.874782361777,1.0141920603072E-15));
#7681=CARTESIAN_POINT('Ctrl Pts',(80.1026809177428,-130.926314518402,1.57867881428688E-15));
#7682=CARTESIAN_POINT('Ctrl Pts',(80.0759681716892,-130.976340650121,1.29063426612674E-15));
#7683=CARTESIAN_POINT('Ctrl Pts',(80.0486192114546,-131.027558248054,9.95729396458024E-16));
#7684=CARTESIAN_POINT('Ctrl Pts',(80.0182160025167,-131.077198128868,1.86997070825252E-15));
#7685=CARTESIAN_POINT('Ctrl Pts',(79.9850094955032,-131.125031739507,1.94289029309402E-15));
#7686=CARTESIAN_POINT('Ctrl Pts',(79.9643892072847,-131.154735039451,1.98817126334493E-15));
#7687=CARTESIAN_POINT('Ctrl Pts',(79.9426868759992,-131.183741670316,2.4806063622405E-15));
#7688=CARTESIAN_POINT('Ctrl Pts',(79.9199531987269,-131.211993434757,2.66453525910038E-15));
#7689=CARTESIAN_POINT('Ctrl Pts',(79.9086565058347,-131.226032144937,2.75593218696855E-15));
#7690=CARTESIAN_POINT('Ctrl Pts',(79.8971050447716,-131.239884407557,3.0333016272523E-16));
#7691=CARTESIAN_POINT('Ctrl Pts',(79.885304452828,-131.253542713633,1.66533453693773E-16));
#7692=CARTESIAN_POINT('Ctrl Pts',(79.8778664914993,-131.262151599771,8.03099289300911E-17));
#7693=CARTESIAN_POINT('Ctrl Pts',(79.8703295471554,-131.270683424971,1.49984020660313E-15));
#7694=CARTESIAN_POINT('Ctrl Pts',(79.862694958511,-131.279136249113,1.45716771982052E-15));
#7695=CARTESIAN_POINT('Ctrl Pts',(79.8553424024432,-131.287276813893,1.4160716154682E-15));
#7696=CARTESIAN_POINT('Ctrl Pts',(79.8479057476941,-131.295336941965,1.01793143621811E-15));
#7697=CARTESIAN_POINT('Ctrl Pts',(79.8403870356186,-131.303314823249,1.1518563880486E-15));
#7698=CARTESIAN_POINT('Ctrl Pts',(79.7989542662006,-131.347277899953,1.88986598235574E-15));
#7699=CARTESIAN_POINT('Ctrl Pts',(79.7550301407395,-131.388748921679,2.34541076789758E-15));
#7700=CARTESIAN_POINT('Ctrl Pts',(79.7088702336836,-131.427476258235,1.83186799063151E-15));
#7701=CARTESIAN_POINT('Ctrl Pts',(79.676966849642,-131.454242626928,1.47693329752031E-15));
#7702=CARTESIAN_POINT('Ctrl Pts',(79.6439943683327,-131.479698056949,2.39357736808178E-15));
#7703=CARTESIAN_POINT('Ctrl Pts',(79.6100251089913,-131.503751329052,2.60902410786912E-15));
#7704=CARTESIAN_POINT('Ctrl Pts',(79.5963765386561,-131.513415736886,2.69558884429505E-15));
#7705=CARTESIAN_POINT('Ctrl Pts',(79.582564429869,-131.522855138116,1.69212340447852E-15));
#7706=CARTESIAN_POINT('Ctrl Pts',(79.5686142072904,-131.532049944857,1.58206781009085E-15));
#7707=CARTESIAN_POINT('Ctrl Pts',(79.517844107784,-131.56551330005,1.18153416650097E-15));
#7708=CARTESIAN_POINT('Ctrl Pts',(79.4651937782291,-131.59577940588,7.90135235374261E-16));
#7709=CARTESIAN_POINT('Ctrl Pts',(79.4109013162811,-131.622584242417,-3.88578058618805E-16));
#7710=CARTESIAN_POINT('Ctrl Pts',(79.3806604665597,-131.6375145109,-1.04512024346869E-15));
#7711=CARTESIAN_POINT('Ctrl Pts',(79.3499094226518,-131.651370377428,4.6878163523878E-16));
#7712=CARTESIAN_POINT('Ctrl Pts',(79.3186846192325,-131.664100959219,2.77555756156289E-16));
#7713=CARTESIAN_POINT('Ctrl Pts',(79.3018286457946,-131.670973263446,1.73922158190936E-16));
#7714=CARTESIAN_POINT('Ctrl Pts',(79.284834560537,-131.677517572837,-1.36223031609973E-16));
#7715=CARTESIAN_POINT('Ctrl Pts',(79.2677111147114,-131.683736380833,-2.22044604925031E-16));
#7716=CARTESIAN_POINT('Ctrl Pts',(77.6033982352978,-130.191656756441,-0.806580326380564));
#7717=CARTESIAN_POINT('Ctrl Pts',(77.6025938149234,-130.280228833962,-0.801001929124187));
#7718=CARTESIAN_POINT('Ctrl Pts',(77.6111146346867,-130.368647219414,-0.79542353186781));
#7719=CARTESIAN_POINT('Ctrl Pts',(77.6295369686534,-130.454951975388,-0.789845134611433));
#7720=CARTESIAN_POINT('Ctrl Pts',(77.7164842295662,-130.862281586784,-0.763516963457719));
#7721=CARTESIAN_POINT('Ctrl Pts',(78.0239901546082,-131.222529581702,-0.737188792304004));
#7722=CARTESIAN_POINT('Ctrl Pts',(78.4126193207733,-131.372348573598,-0.710860621150289));
#7723=CARTESIAN_POINT('Ctrl Pts',(78.8012484869384,-131.522167565493,-0.684532449996574));
#7724=CARTESIAN_POINT('Ctrl Pts',(79.2710008942267,-131.461557554367,-0.658204278842859));
#7725=CARTESIAN_POINT('Ctrl Pts',(79.6088689285561,-131.217992571217,-0.631876107689143));
#7726=CARTESIAN_POINT('Ctrl Pts',(79.9467369628854,-130.974427588068,-0.605547936535428));
#7727=CARTESIAN_POINT('Ctrl Pts',(80.1527206242558,-130.547907632895,-0.579219765381713));
#7728=CARTESIAN_POINT('Ctrl Pts',(80.1334219004883,-130.131853901278,-0.552891594227999));
#7729=CARTESIAN_POINT('Ctrl Pts',(80.1141231767208,-129.715800169661,-0.526563423074283));
#7730=CARTESIAN_POINT('Ctrl Pts',(79.8695420678154,-129.310212661598,-0.500235251920569));
#7731=CARTESIAN_POINT('Ctrl Pts',(79.5105743071576,-129.098963173288,-0.473907080766853));
#7732=CARTESIAN_POINT('Ctrl Pts',(79.1516065464998,-128.887713684977,-0.447578909613138));
#7733=CARTESIAN_POINT('Ctrl Pts',(78.6782521340897,-128.870802216418,-0.421250738459423));
#7734=CARTESIAN_POINT('Ctrl Pts',(78.3051662057088,-129.055977390125,-0.394922567305708));
#7735=CARTESIAN_POINT('Ctrl Pts',(77.9320802773278,-129.241152563831,-0.368594396151993));
#7736=CARTESIAN_POINT('Ctrl Pts',(77.659262832976,-129.628414379802,-0.342266224998278));
#7737=CARTESIAN_POINT('Ctrl Pts',(77.6103878057872,-130.041996257371,-0.315938053844563));
#7738=CARTESIAN_POINT('Ctrl Pts',(77.6045973139023,-130.09099556527,-0.312818811356564));
#7739=CARTESIAN_POINT('Ctrl Pts',(77.6019501757189,-130.140364313064,-0.309699568868565));
#7740=CARTESIAN_POINT('Ctrl Pts',(77.6023144918669,-130.189771356673,-0.306580326380565));
#7741=CARTESIAN_POINT('Ctrl Pts',(79.2667215033071,-131.681198189974,-6.));
#7742=CARTESIAN_POINT('Ctrl Pts',(79.3244050104891,-131.660120873868,-6.));
#7743=CARTESIAN_POINT('Ctrl Pts',(79.3805843792015,-131.635367198122,-6.));
#7744=CARTESIAN_POINT('Ctrl Pts',(79.4350420837776,-131.607219457635,-6.));
#7745=CARTESIAN_POINT('Ctrl Pts',(79.4864435895775,-131.580651385089,-5.99999999999999));
#7746=CARTESIAN_POINT('Ctrl Pts',(79.5363115545612,-131.551058383299,-6.));
#7747=CARTESIAN_POINT('Ctrl Pts',(79.5844331310382,-131.518645351969,-6.));
#7748=CARTESIAN_POINT('Ctrl Pts',(79.5942339901712,-131.512043831873,-6.));
#7749=CARTESIAN_POINT('Ctrl Pts',(79.6039612174401,-131.505325886478,-6.));
#7750=CARTESIAN_POINT('Ctrl Pts',(79.6136050602854,-131.498499016505,-6.));
#7751=CARTESIAN_POINT('Ctrl Pts',(79.6627396736193,-131.463716656216,-6.));
#7752=CARTESIAN_POINT('Ctrl Pts',(79.7097710522285,-131.426070829198,-6.));
#7753=CARTESIAN_POINT('Ctrl Pts',(79.7544706745182,-131.385808257721,-5.99999999999999));
#7754=CARTESIAN_POINT('Ctrl Pts',(79.7823351265437,-131.360709734872,-5.99999999999999));
#7755=CARTESIAN_POINT('Ctrl Pts',(79.8092927343988,-131.33459363465,-5.99999999999999));
#7756=CARTESIAN_POINT('Ctrl Pts',(79.83527936201,-131.307514384771,-6.));
#7757=CARTESIAN_POINT('Ctrl Pts',(79.8435612253053,-131.298884305909,-6.));
#7758=CARTESIAN_POINT('Ctrl Pts',(79.8517444117136,-131.290156378078,-5.99999999999999));
#7759=CARTESIAN_POINT('Ctrl Pts',(79.8598266814098,-131.281332303019,-5.99999999999999));
#7760=CARTESIAN_POINT('Ctrl Pts',(79.8672516274488,-131.273225881973,-5.99999999999999));
#7761=CARTESIAN_POINT('Ctrl Pts',(79.8745882139272,-131.265041717737,-6.));
#7762=CARTESIAN_POINT('Ctrl Pts',(79.8818299564754,-131.256787156688,-6.));
#7763=CARTESIAN_POINT('Ctrl Pts',(79.921334368128,-131.211757721367,-6.));
#7764=CARTESIAN_POINT('Ctrl Pts',(79.9580677931608,-131.164584143133,-6.));
#7765=CARTESIAN_POINT('Ctrl Pts',(79.9918047514612,-131.115510445143,-6.));
#7766=CARTESIAN_POINT('Ctrl Pts',(80.0240982469405,-131.068536404682,-6.));
#7767=CARTESIAN_POINT('Ctrl Pts',(80.0536464429966,-131.019820363027,-6.));
#7768=CARTESIAN_POINT('Ctrl Pts',(80.0802056165725,-130.969557985043,-6.));
#7769=CARTESIAN_POINT('Ctrl Pts',(80.0949503656554,-130.94165402374,-6.));
#7770=CARTESIAN_POINT('Ctrl Pts',(80.1087730225487,-130.913273221141,-6.));
#7771=CARTESIAN_POINT('Ctrl Pts',(80.1216249505957,-130.884448065826,-6.));
#7772=CARTESIAN_POINT('Ctrl Pts',(80.1326468010108,-130.859727529817,-6.));
#7773=CARTESIAN_POINT('Ctrl Pts',(80.1429546253482,-130.834680156454,-6.));
#7774=CARTESIAN_POINT('Ctrl Pts',(80.1525145468582,-130.809326456903,-6.));
#7775=CARTESIAN_POINT('Ctrl Pts',(80.1560196358494,-130.800030672091,-6.));
#7776=CARTESIAN_POINT('Ctrl Pts',(80.1594233665442,-130.790695565569,-6.));
#7777=CARTESIAN_POINT('Ctrl Pts',(80.1627205375722,-130.781333047128,-6.));
#7778=CARTESIAN_POINT('Ctrl Pts',(80.1802534543255,-130.731547259543,-6.));
#7779=CARTESIAN_POINT('Ctrl Pts',(80.1948090628459,-130.680902062827,-6.));
#7780=CARTESIAN_POINT('Ctrl Pts',(80.2061996726132,-130.629559207084,-6.));
#7781=CARTESIAN_POINT('Ctrl Pts',(80.2184404004148,-130.574384468018,-6.));
#7782=CARTESIAN_POINT('Ctrl Pts',(80.2270264266516,-130.518403020844,-6.));
#7783=CARTESIAN_POINT('Ctrl Pts',(80.2320489220645,-130.461950986149,-6.));
#7784=CARTESIAN_POINT('Ctrl Pts',(80.2363349211734,-130.413777050583,-6.));
#7785=CARTESIAN_POINT('Ctrl Pts',(80.2380247929968,-130.365259968834,-6.));
#7786=CARTESIAN_POINT('Ctrl Pts',(80.2371463389708,-130.316616940964,-6.));
#7787=CARTESIAN_POINT('Ctrl Pts',(80.2369341429853,-130.304866917704,-6.));
#7788=CARTESIAN_POINT('Ctrl Pts',(80.2365719734311,-130.293109603594,-6.));
#7789=CARTESIAN_POINT('Ctrl Pts',(80.2360600106878,-130.281348185129,-6.));
#7790=CARTESIAN_POINT('Ctrl Pts',(80.2356316333331,-130.271506989855,-6.));
#7791=CARTESIAN_POINT('Ctrl Pts',(80.2350983411513,-130.261664070738,-6.));
#7792=CARTESIAN_POINT('Ctrl Pts',(80.2344613553157,-130.251833922829,-6.));
#7793=CARTESIAN_POINT('Ctrl Pts',(80.2308722156453,-130.196445291165,-6.));
#7794=CARTESIAN_POINT('Ctrl Pts',(80.2239910039527,-130.141352873982,-6.));
#7795=CARTESIAN_POINT('Ctrl Pts',(80.213915180843,-130.086871198323,-6.));
#7796=CARTESIAN_POINT('Ctrl Pts',(80.2038969911493,-130.032701156269,-6.));
#7797=CARTESIAN_POINT('Ctrl Pts',(80.1907201339594,-129.979133798258,-6.));
#7798=CARTESIAN_POINT('Ctrl Pts',(80.1744336502801,-129.926498516486,-6.));
#7799=CARTESIAN_POINT('Ctrl Pts',(80.1587321378671,-129.875753767258,-6.));
#7800=CARTESIAN_POINT('Ctrl Pts',(80.1401397702596,-129.825874596716,-6.));
#7801=CARTESIAN_POINT('Ctrl Pts',(80.1186652021825,-129.777188099015,-6.));
#7802=CARTESIAN_POINT('Ctrl Pts',(80.1146890051343,-129.768173384132,-6.));
#7803=CARTESIAN_POINT('Ctrl Pts',(80.1106138017444,-129.759199684424,-6.));
#7804=CARTESIAN_POINT('Ctrl Pts',(80.106445923802,-129.750282167061,-6.));
#7805=CARTESIAN_POINT('Ctrl Pts',(80.0839475680306,-129.702145086035,-6.));
#7806=CARTESIAN_POINT('Ctrl Pts',(80.0587100295474,-129.655545340717,-6.));
#7807=CARTESIAN_POINT('Ctrl Pts',(80.0307886120771,-129.610778101683,-6.));
#7808=CARTESIAN_POINT('Ctrl Pts',(80.003839760672,-129.567570206746,-6.));
#7809=CARTESIAN_POINT('Ctrl Pts',(79.9743901590999,-129.526068736786,-6.));
#7810=CARTESIAN_POINT('Ctrl Pts',(79.9424564792836,-129.486573097307,-6.));
#7811=CARTESIAN_POINT('Ctrl Pts',(79.9167688309369,-129.454802562123,-6.));
#7812=CARTESIAN_POINT('Ctrl Pts',(79.8894731230798,-129.4243304179,-6.));
#7813=CARTESIAN_POINT('Ctrl Pts',(79.8605652083687,-129.395333515817,-6.));
#7814=CARTESIAN_POINT('Ctrl Pts',(79.849979422764,-129.384715143937,-6.));
#7815=CARTESIAN_POINT('Ctrl Pts',(79.8391773377197,-129.374294806486,-6.));
#7816=CARTESIAN_POINT('Ctrl Pts',(79.8281658276729,-129.364075966355,-6.));
#7817=CARTESIAN_POINT('Ctrl Pts',(77.3235076530145,-130.189600136969,-0.145788276411274));
#7818=CARTESIAN_POINT('Ctrl Pts',(77.3230630979996,-130.129311431323,-0.148907518899272));
#7819=CARTESIAN_POINT('Ctrl Pts',(77.353557612534,-129.560593105025,-0.178354932540985));
#7820=CARTESIAN_POINT('Ctrl Pts',(78.0588069203938,-128.559498294819,-0.234130517336413));
#7821=CARTESIAN_POINT('Ctrl Pts',(79.7916322071049,-128.621406707598,-0.313115030797558));
#7822=CARTESIAN_POINT('Ctrl Pts',(80.6869789474159,-130.106155283968,-0.392099544258704));
#7823=CARTESIAN_POINT('Ctrl Pts',(79.9329272522925,-131.667532011918,-0.471084057719848));
#7824=CARTESIAN_POINT('Ctrl Pts',(78.2132879534886,-131.889409229399,-0.550068571180994));
#7825=CARTESIAN_POINT('Ctrl Pts',(77.3833186588592,-130.917087235302,-0.608303310744803));
#7826=CARTESIAN_POINT('Ctrl Pts',(77.3238484956212,-130.299980435472,-0.640209879154897));
#7827=CARTESIAN_POINT('Ctrl Pts',(77.3248300856867,-130.191900786903,-0.645788276411277));
#7828=CARTESIAN_POINT('Origin',(78.8682076614499,-130.190548761755,7.10421172358873));
#7829=CARTESIAN_POINT('Ctrl Pts',(77.3268253352498,-130.192043332392,-0.104211723588727));
#7830=CARTESIAN_POINT('Ctrl Pts',(77.3293304186357,-129.843998439668,-0.122130824699914));
#7831=CARTESIAN_POINT('Ctrl Pts',(77.6168710766481,-128.979723211732,-0.166378096964817));
#7832=CARTESIAN_POINT('Ctrl Pts',(79.0453983527849,-128.378756040852,-0.236953540383434));
#7833=CARTESIAN_POINT('Ctrl Pts',(80.482215589681,-129.348060760197,-0.315938053844579));
#7834=CARTESIAN_POINT('Ctrl Pts',(80.4559077324228,-131.081987844552,-0.394922567305724));
#7835=CARTESIAN_POINT('Ctrl Pts',(78.9894496144073,-132.007199527539,-0.47390708076687));
#7836=CARTESIAN_POINT('Ctrl Pts',(77.5972087094739,-131.369364742244,-0.543670132861204));
#7837=CARTESIAN_POINT('Ctrl Pts',(77.3289220577791,-130.521963803521,-0.587105013801823));
#7838=CARTESIAN_POINT('Ctrl Pts',(77.326751083853,-130.189473283168,-0.604211723588727));
#7839=CARTESIAN_POINT('Ctrl Pts',(78.4696938195926,-131.681198189974,1.11022302462516E-15));
#7840=CARTESIAN_POINT('Ctrl Pts',(77.976513117644,-131.549350062209,-0.026328171153714));
#7841=CARTESIAN_POINT('Ctrl Pts',(77.1396693680735,-130.759503841526,-0.0789845134611444));
#7842=CARTESIAN_POINT('Ctrl Pts',(77.4466619310754,-129.051328500887,-0.157969026922289));
#7843=CARTESIAN_POINT('Ctrl Pts',(79.0453983527849,-128.378756040852,-0.236953540383434));
#7844=CARTESIAN_POINT('Ctrl Pts',(80.482215589681,-129.348060760197,-0.315938053844579));
#7845=CARTESIAN_POINT('Ctrl Pts',(80.4559077324228,-131.081987844552,-0.394922567305724));
#7846=CARTESIAN_POINT('Ctrl Pts',(78.9894496144073,-132.007199527539,-0.47390708076687));
#7847=CARTESIAN_POINT('Ctrl Pts',(77.413178691682,-131.285054084175,-0.552891594228014));
#7848=CARTESIAN_POINT('Ctrl Pts',(77.1563844892967,-129.57025148624,-0.63187610768916));
#7849=CARTESIAN_POINT('Ctrl Pts',(78.4520504612642,-128.418019538646,-0.710860621150305));
#7850=CARTESIAN_POINT('Ctrl Pts',(80.1251073899329,-128.873252789748,-0.789845134611449));
#7851=CARTESIAN_POINT('Ctrl Pts',(80.6583080851122,-130.523130003196,-0.868829648072594));
#7852=CARTESIAN_POINT('Ctrl Pts',(79.5680892024342,-131.871390503486,-0.94781416153374));
#7853=CARTESIAN_POINT('Ctrl Pts',(77.843159818057,-131.695322033979,-1.02679867499488));
#7854=CARTESIAN_POINT('Ctrl Pts',(77.0478304232007,-130.154595876424,-1.10578318845603));
#7855=CARTESIAN_POINT('Ctrl Pts',(77.9033748940046,-128.646475280281,-1.18476770191718));
#7856=CARTESIAN_POINT('Ctrl Pts',(79.6339118560245,-128.538652094581,-1.26375221537832));
#7857=CARTESIAN_POINT('Ctrl Pts',(80.6700430051227,-129.928909886073,-1.34273672883947));
#7858=CARTESIAN_POINT('Ctrl Pts',(80.0721160380441,-131.556444092244,-1.42172124230061));
#7859=CARTESIAN_POINT('Ctrl Pts',(78.3823822306775,-131.945267863028,-1.50070575576175));
#7860=CARTESIAN_POINT('Ctrl Pts',(77.133236375453,-130.742762584687,-1.5796902692229));
#7861=CARTESIAN_POINT('Ctrl Pts',(77.4575105594525,-129.039462688282,-1.65867478268404));
#7862=CARTESIAN_POINT('Ctrl Pts',(79.0611252691752,-128.38006588042,-1.73765929614519));
#7863=CARTESIAN_POINT('Ctrl Pts',(80.4897858289054,-129.362569466745,-1.81664380960634));
#7864=CARTESIAN_POINT('Ctrl Pts',(80.4478609117562,-131.095955341275,-1.89562832306748));
#7865=CARTESIAN_POINT('Ctrl Pts',(78.9733716116233,-132.008241257638,-1.97461283652863));
#7866=CARTESIAN_POINT('Ctrl Pts',(77.4035106660815,-131.27208848716,-2.05359734998977));
#7867=CARTESIAN_POINT('Ctrl Pts',(77.1619619609505,-129.55510318947,-2.13258186345092));
#7868=CARTESIAN_POINT('Ctrl Pts',(78.467782476973,-128.414394168959,-2.21156637691206));
#7869=CARTESIAN_POINT('Ctrl Pts',(80.1367427246854,-128.88445371958,-2.29055089037321));
#7870=CARTESIAN_POINT('Ctrl Pts',(80.6552871135989,-130.538991723452,-2.36953540383435));
#7871=CARTESIAN_POINT('Ctrl Pts',(79.5531553365551,-131.877531911708,-2.44851991729549));
#7872=CARTESIAN_POINT('Ctrl Pts',(77.8298545506897,-131.686171803577,-2.52750443075664));
#7873=CARTESIAN_POINT('Ctrl Pts',(77.0482209841741,-130.138453076792,-2.60648894421779));
#7874=CARTESIAN_POINT('Ctrl Pts',(77.9171066638396,-128.637979163251,-2.68547345767893));
#7875=CARTESIAN_POINT('Ctrl Pts',(79.648531900096,-128.545507866083,-2.76445797114007));
#7876=CARTESIAN_POINT('Ctrl Pts',(80.6722925197765,-129.944900049545,-2.84344248460122));
#7877=CARTESIAN_POINT('Ctrl Pts',(80.0599550198434,-131.567067450192,-2.92242699806237));
#7878=CARTESIAN_POINT('Ctrl Pts',(78.3668393053362,-131.940890224825,-3.00141151152351));
#7879=CARTESIAN_POINT('Ctrl Pts',(77.1284072055635,-130.727353977407,-3.08039602498466));
#7880=CARTESIAN_POINT('Ctrl Pts',(77.4677746429028,-129.026996946658,-3.1593805384458));
#7881=CARTESIAN_POINT('Ctrl Pts',(79.0771742617744,-128.381848005466,-3.23836505190694));
#7882=CARTESIAN_POINT('Ctrl Pts',(80.4970651331638,-129.376983274105,-3.31734956536809));
#7883=CARTESIAN_POINT('Ctrl Pts',(80.439769033946,-131.1099291609,-3.39633407882923));
#7884=CARTESIAN_POINT('Ctrl Pts',(78.9572469568419,-132.009102436995,-3.47531859229038));
#7885=CARTESIAN_POINT('Ctrl Pts',(77.3939764475949,-131.259056035455,-3.55430310575152));
#7886=CARTESIAN_POINT('Ctrl Pts',(77.1676646217111,-129.539996046098,-3.63328761921267));
#7887=CARTESIAN_POINT('Ctrl Pts',(78.4835503575429,-128.410912780885,-3.71227213267382));
#7888=CARTESIAN_POINT('Ctrl Pts',(80.1482761652328,-128.895755306616,-3.79125664613496));
#7889=CARTESIAN_POINT('Ctrl Pts',(80.6521266059201,-130.554827041939,-3.87024115959611));
#7890=CARTESIAN_POINT('Ctrl Pts',(79.5381670987415,-131.88354014338,-3.94922567305725));
#7891=CARTESIAN_POINT('Ctrl Pts',(77.8166311959722,-131.676904171159,-4.0282101865184));
#7892=CARTESIAN_POINT('Ctrl Pts',(77.0487545791506,-130.122314260355,-4.10719469997954));
#7893=CARTESIAN_POINT('Ctrl Pts',(77.9309132990658,-128.629605218814,-4.18617921344069));
#7894=CARTESIAN_POINT('Ctrl Pts',(79.6630905403772,-128.55249300134,-4.26516372690182));
#7895=CARTESIAN_POINT('Ctrl Pts',(80.6744001476784,-129.96090954728,-4.34414824036298));
#7896=CARTESIAN_POINT('Ctrl Pts',(80.0477002583361,-131.577582532385,-4.42313275382412));
#7897=CARTESIAN_POINT('Ctrl Pts',(78.351335818396,-131.936374915754,-4.50211726728527));
#7898=CARTESIAN_POINT('Ctrl Pts',(77.123714877563,-130.711903148365,-4.58110178074641));
#7899=CARTESIAN_POINT('Ctrl Pts',(77.4781488788545,-129.014622720508,-4.66008629420755));
#7900=CARTESIAN_POINT('Ctrl Pts',(79.0932068160027,-128.383772402176,-4.7390708076687));
#7901=CARTESIAN_POINT('Ctrl Pts',(80.504216323635,-129.391461054284,-4.81805532112984));
#7902=CARTESIAN_POINT('Ctrl Pts',(80.4315535375272,-131.123830704344,-4.89703983459099));
#7903=CARTESIAN_POINT('Ctrl Pts',(78.9411153142675,-132.009820500526,-4.97602434805213));
#7904=CARTESIAN_POINT('Ctrl Pts',(77.3845581525183,-131.245939700766,-5.05500886151328));
#7905=CARTESIAN_POINT('Ctrl Pts',(77.1735011046808,-129.524939741017,-5.13399337497442));
#7906=CARTESIAN_POINT('Ctrl Pts',(78.499348356763,-128.407572052569,-5.21297788843557));
#7907=CARTESIAN_POINT('Ctrl Pts',(80.1597092038202,-128.90715732692,-5.29196240189671));
#7908=CARTESIAN_POINT('Ctrl Pts',(80.6488252030786,-130.570636614457,-5.37094691535786));
#7909=CARTESIAN_POINT('Ctrl Pts',(79.5231273645399,-131.889409216456,-5.449931428819));
#7910=CARTESIAN_POINT('Ctrl Pts',(77.8034880785926,-131.66753200222,-5.52891594228015));
#7911=CARTESIAN_POINT('Ctrl Pts',(77.0494363882139,-130.106155282623,-5.6079004557413));
#7912=CARTESIAN_POINT('Ctrl Pts',(77.9447831236861,-128.621406722603,-5.68688496920244));
#7913=CARTESIAN_POINT('Ctrl Pts',(79.6776083940107,-128.559498300293,-5.76586948266359));
#7914=CARTESIAN_POINT('Ctrl Pts',(80.6763208900516,-129.977161372911,-5.84485399612473));
#7915=CARTESIAN_POINT('Ctrl Pts',(80.0354454720839,-131.587525962013,-5.92383850958587));
#7916=CARTESIAN_POINT('Ctrl Pts',(78.3356874378504,-131.932684599679,-6.00282302304702));
#7917=CARTESIAN_POINT('Ctrl Pts',(77.1195966707709,-130.69444767795,-6.08180753650817));
#7918=CARTESIAN_POINT('Ctrl Pts',(77.3659187679017,-129.570396994934,-6.13446387881559));
#7919=CARTESIAN_POINT('Ctrl Pts',(77.6990710670248,-129.183588671396,-6.16079204996931));
#7920=CARTESIAN_POINT('Ctrl Pts',(78.4936700790347,-131.591514485986,0.0535973499897713));
#7921=CARTESIAN_POINT('Ctrl Pts',(78.0301611907592,-131.46759889302,0.0272691788360562));
#7922=CARTESIAN_POINT('Ctrl Pts',(77.2436654611185,-130.72527312437,-0.0253871634713743));
#7923=CARTESIAN_POINT('Ctrl Pts',(77.5321880675864,-129.119868756374,-0.104371676932519));
#7924=CARTESIAN_POINT('Ctrl Pts',(79.0347378197245,-128.487761068455,-0.183356190393664));
#7925=CARTESIAN_POINT('Ctrl Pts',(80.3851101224067,-129.398748361933,-0.262340703854809));
#7926=CARTESIAN_POINT('Ctrl Pts',(80.3603850558694,-131.02835514104,-0.341325217315954));
#7927=CARTESIAN_POINT('Ctrl Pts',(78.9821551914436,-131.897902219639,-0.420309730777099));
#7928=CARTESIAN_POINT('Ctrl Pts',(77.5007193199129,-131.219204066397,-0.499294244238244));
#7929=CARTESIAN_POINT('Ctrl Pts',(77.2593749307407,-129.607571164622,-0.57827875769939));
#7930=CARTESIAN_POINT('Ctrl Pts',(78.4770882189337,-128.524662310008,-0.657263271160534));
#7931=CARTESIAN_POINT('Ctrl Pts',(80.0494870454994,-128.952506824789,-0.736247784621679));
#7932=CARTESIAN_POINT('Ctrl Pts',(80.5506081568362,-130.503120524747,-0.815232298082824));
#7933=CARTESIAN_POINT('Ctrl Pts',(79.5259814017938,-131.770264034471,-0.894216811543969));
#7934=CARTESIAN_POINT('Ctrl Pts',(77.9048309834027,-131.604788580465,-0.973201325005115));
#7935=CARTESIAN_POINT('Ctrl Pts',(77.1573519312699,-130.156758952372,-1.05218583846626));
#7936=CARTESIAN_POINT('Ctrl Pts',(77.9614232685419,-128.739373198749,-1.13117035192741));
#7937=CARTESIAN_POINT('Ctrl Pts',(79.5878438892522,-128.638037106853,-1.21015486538855));
#7938=CARTESIAN_POINT('Ctrl Pts',(80.5616370549796,-129.944651175094,-1.2891393788497));
#7939=CARTESIAN_POINT('Ctrl Pts',(79.9996838749675,-131.474266116538,-1.36812389231084));
#7940=CARTESIAN_POINT('Ctrl Pts',(78.4116115204744,-131.839696623083,-1.44710840577198));
#7941=CARTESIAN_POINT('Ctrl Pts',(77.2376195042389,-130.70953909156,-1.52609291923313));
#7942=CARTESIAN_POINT('Ctrl Pts',(77.5423839971078,-129.108716840682,-1.60507743269427));
#7943=CARTESIAN_POINT('Ctrl Pts',(79.0495185390496,-128.488992102596,-1.68406194615542));
#7944=CARTESIAN_POINT('Ctrl Pts',(80.3922249043782,-129.412384164015,-1.76304645961656));
#7945=CARTESIAN_POINT('Ctrl Pts',(80.3528223655884,-131.041482294743,-1.84203097307771));
#7946=CARTESIAN_POINT('Ctrl Pts',(78.9670445085506,-131.898881274898,-1.92101548653885));
#7947=CARTESIAN_POINT('Ctrl Pts',(77.4916329631673,-131.207018533925,-2.));
#7948=CARTESIAN_POINT('Ctrl Pts',(77.2646168383731,-129.593334252741,-2.07898451346114));
#7949=CARTESIAN_POINT('Ctrl Pts',(78.4918737307809,-128.521255057724,-2.15796902692229));
#7950=CARTESIAN_POINT('Ctrl Pts',(80.0604223498505,-128.963033859836,-2.23695354038343));
#7951=CARTESIAN_POINT('Ctrl Pts',(80.5477689396038,-130.518027937573,-2.31593805384458));
#7952=CARTESIAN_POINT('Ctrl Pts',(79.5119460197444,-131.776035949888,-2.39492256730572));
#7953=CARTESIAN_POINT('Ctrl Pts',(77.8923262165672,-131.596188866194,-2.47390708076687));
#7954=CARTESIAN_POINT('Ctrl Pts',(77.1577189944617,-130.141587371081,-2.55289159422801));
#7955=CARTESIAN_POINT('Ctrl Pts',(77.9743288776729,-128.731388243654,-2.63187610768916));
#7956=CARTESIAN_POINT('Ctrl Pts',(79.6015843303265,-128.644480406468,-2.71086062115031));
#7957=CARTESIAN_POINT('Ctrl Pts',(80.5637512294235,-129.959679303456,-2.78984513461145));
#7958=CARTESIAN_POINT('Ctrl Pts',(79.9882545144831,-131.484250328842,-2.8688296480726));
#7959=CARTESIAN_POINT('Ctrl Pts',(78.3970037225274,-131.835582361903,-2.94781416153374));
#7960=CARTESIAN_POINT('Ctrl Pts',(77.2330808774072,-130.695057530538,-3.02679867499489));
#7961=CARTESIAN_POINT('Ctrl Pts',(77.5520305503699,-129.09700109021,-3.10578318845603));
#7962=CARTESIAN_POINT('Ctrl Pts',(79.0646019571319,-128.490667007545,-3.18476770191717));
#7963=CARTESIAN_POINT('Ctrl Pts',(80.399066255248,-129.425930776441,-3.26375221537832));
#7964=CARTESIAN_POINT('Ctrl Pts',(80.3452173289902,-131.054615390936,-3.34273672883946));
#7965=CARTESIAN_POINT('Ctrl Pts',(78.9518899804395,-131.899690642104,-3.42172124230061));
#7966=CARTESIAN_POINT('Ctrl Pts',(77.4826723631401,-131.19477016902,-3.50070575576175));
#7967=CARTESIAN_POINT('Ctrl Pts',(77.2699764032119,-129.579136018297,-3.5796902692229));
#7968=CARTESIAN_POINT('Ctrl Pts',(78.5066929497092,-128.517983124517,-3.65867478268404));
#7969=CARTESIAN_POINT('Ctrl Pts',(80.0712618903779,-128.973655496129,-3.73765929614519));
#7970=CARTESIAN_POINT('Ctrl Pts',(80.5447985812852,-130.532910537072,-3.81664380960634));
#7971=CARTESIAN_POINT('Ctrl Pts',(79.4978595370033,-131.781682701215,-3.89562832306748));
#7972=CARTESIAN_POINT('Ctrl Pts',(77.8798984341739,-131.587478813302,-3.97461283652862));
#7973=CARTESIAN_POINT('Ctrl Pts',(77.1582204861328,-130.126419533339,-4.05359734998977));
#7974=CARTESIAN_POINT('Ctrl Pts',(77.9873048479801,-128.723518110737,-4.13258186345091));
#7975=CARTESIAN_POINT('Ctrl Pts',(79.6152670619193,-128.651045286774,-4.21156637691206));
#7976=CARTESIAN_POINT('Ctrl Pts',(80.5657320536161,-129.97472560285,-4.29055089037321));
#7977=CARTESIAN_POINT('Ctrl Pts',(79.9767370506816,-131.494132779713,-4.36953540383435));
#7978=CARTESIAN_POINT('Ctrl Pts',(78.3824329902021,-131.83133871271,-4.4485199172955));
#7979=CARTESIAN_POINT('Ctrl Pts',(77.2286708594841,-130.680536287991,-4.52750443075664));
#7980=CARTESIAN_POINT('Ctrl Pts',(77.5617806288983,-129.085371349258,-4.60648894421778));
#7981=CARTESIAN_POINT('Ctrl Pts',(79.0796699258444,-128.492475624501,-4.68547345767893));
#7982=CARTESIAN_POINT('Ctrl Pts',(80.4057872001918,-129.439537512813,-4.76445797114008));
#7983=CARTESIAN_POINT('Ctrl Pts',(80.3374961111959,-131.067680559386,-4.84344248460122));
#7984=CARTESIAN_POINT('Ctrl Pts',(78.9367288849502,-131.900365503929,-4.92242699806236));
#7985=CARTESIAN_POINT('Ctrl Pts',(77.4738207120857,-131.182442967883,-5.00141151152351));
#7986=CARTESIAN_POINT('Ctrl Pts',(77.275461738956,-129.564985563501,-5.08039602498465));
#7987=CARTESIAN_POINT('Ctrl Pts',(78.5215404752238,-128.514843388388,-5.1593805384458));
#7988=CARTESIAN_POINT('Ctrl Pts',(80.0820070695472,-128.984371523204,-5.23836505190694));
#7989=CARTESIAN_POINT('Ctrl Pts',(80.5416958046462,-130.547768939586,-5.31734956536809));
#7990=CARTESIAN_POINT('Ctrl Pts',(79.4837246561125,-131.787198666309,-5.39633407882923));
#7991=CARTESIAN_POINT('Ctrl Pts',(77.8675460617046,-131.578670513244,-5.47531859229038));
#7992=CARTESIAN_POINT('Ctrl Pts',(77.1588612747113,-130.111232747288,-5.55430310575152));
#7993=CARTESIAN_POINT('Ctrl Pts',(78.000340205943,-128.715812870346,-5.63328761921267));
#7994=CARTESIAN_POINT('Ctrl Pts',(79.6289114607599,-128.657629117644,-5.71227213267382));
#7995=CARTESIAN_POINT('Ctrl Pts',(80.5675372360949,-129.989999650681,-5.79125664613496));
#7996=CARTESIAN_POINT('Ctrl Pts',(79.9652195636239,-131.503477971027,-5.8702411595961));
#7997=CARTESIAN_POINT('Ctrl Pts',(78.3677260816768,-131.827870421484,-5.94922567305725));
#7998=CARTESIAN_POINT('Ctrl Pts',(77.2248004212363,-130.664131011681,-6.0282101865184));
#7999=CARTESIAN_POINT('Ctrl Pts',(77.4563027508036,-129.607707918905,-6.08086652882582));
#8000=CARTESIAN_POINT('Ctrl Pts',(77.769411214259,-129.24417160187,-6.10719469997954));
#8001=CARTESIAN_POINT('Ctrl Pts',(78.5176463384767,-131.501830781998,0.107194699979541));
#8002=CARTESIAN_POINT('Ctrl Pts',(78.0838092638743,-131.385847723831,0.0808665288258263));
#8003=CARTESIAN_POINT('Ctrl Pts',(77.3476615541636,-130.691042407214,0.0282101865183959));
#8004=CARTESIAN_POINT('Ctrl Pts',(77.6177142040974,-129.188409011862,-0.050774326942749));
#8005=CARTESIAN_POINT('Ctrl Pts',(79.024077286664,-128.596766096057,-0.129758840403894));
#8006=CARTESIAN_POINT('Ctrl Pts',(80.2880046551325,-129.449435963668,-0.208743353865039));
#8007=CARTESIAN_POINT('Ctrl Pts',(80.264862379316,-130.974722437528,-0.287727867326184));
#8008=CARTESIAN_POINT('Ctrl Pts',(78.97486076848,-131.788604911738,-0.366712380787329));
#8009=CARTESIAN_POINT('Ctrl Pts',(77.5882599481436,-131.153354048619,-0.445696894248474));
#8010=CARTESIAN_POINT('Ctrl Pts',(77.3623653721849,-129.644890843004,-0.524681407709619));
#8011=CARTESIAN_POINT('Ctrl Pts',(78.5021259766031,-128.63130508137,-0.603665921170764));
#8012=CARTESIAN_POINT('Ctrl Pts',(79.973866701066,-129.03176085983,-0.682650434631909));
#8013=CARTESIAN_POINT('Ctrl Pts',(80.44290822856,-130.483111046298,-0.761634948093054));
#8014=CARTESIAN_POINT('Ctrl Pts',(79.4838736011535,-131.669137565455,-0.840619461554199));
#8015=CARTESIAN_POINT('Ctrl Pts',(77.9665021487482,-131.514255126952,-0.919603975015345));
#8016=CARTESIAN_POINT('Ctrl Pts',(77.2668734393392,-130.158922028321,-0.998588488476489));
#8017=CARTESIAN_POINT('Ctrl Pts',(78.0194716430793,-128.832271117218,-1.07757300193763));
#8018=CARTESIAN_POINT('Ctrl Pts',(79.5417759224799,-128.737422119125,-1.15655751539878));
#8019=CARTESIAN_POINT('Ctrl Pts',(80.4532311048363,-129.960392464115,-1.23554202885992));
#8020=CARTESIAN_POINT('Ctrl Pts',(79.927251711891,-131.392088140832,-1.31452654232107));
#8021=CARTESIAN_POINT('Ctrl Pts',(78.4408408102713,-131.734125383138,-1.39351105578221));
#8022=CARTESIAN_POINT('Ctrl Pts',(77.3420026330249,-130.676315598433,-1.47249556924336));
#8023=CARTESIAN_POINT('Ctrl Pts',(77.627257434763,-129.177970993083,-1.5514800827045));
#8024=CARTESIAN_POINT('Ctrl Pts',(79.0379118089241,-128.597918324772,-1.63046459616565));
#8025=CARTESIAN_POINT('Ctrl Pts',(80.294663979851,-129.462198861284,-1.70944910962679));
#8026=CARTESIAN_POINT('Ctrl Pts',(80.2577838194208,-130.987009248211,-1.78843362308794));
#8027=CARTESIAN_POINT('Ctrl Pts',(78.9607174054779,-131.789521292158,-1.86741813654908));
#8028=CARTESIAN_POINT('Ctrl Pts',(77.5797552602531,-131.14194858069,-1.94640265001023));
#8029=CARTESIAN_POINT('Ctrl Pts',(77.3672717157956,-129.631565316012,-2.02538716347137));
#8030=CARTESIAN_POINT('Ctrl Pts',(78.5159649845888,-128.628115946489,-2.10437167693252));
#8031=CARTESIAN_POINT('Ctrl Pts',(79.9841019750155,-129.041614000092,-2.18335619039366));
#8032=CARTESIAN_POINT('Ctrl Pts',(80.4402507656086,-130.497064151694,-2.26234070385481));
#8033=CARTESIAN_POINT('Ctrl Pts',(79.4707367029336,-131.674539988069,-2.34132521731595));
#8034=CARTESIAN_POINT('Ctrl Pts',(77.9547978824446,-131.50620592881,-2.4203097307771));
#8035=CARTESIAN_POINT('Ctrl Pts',(77.2672170047493,-130.14472166537,-2.49929424423824));
#8036=CARTESIAN_POINT('Ctrl Pts',(78.0315510915063,-128.824797324056,-2.57827875769939));
#8037=CARTESIAN_POINT('Ctrl Pts',(79.554636760557,-128.743452946854,-2.65726327116053));
#8038=CARTESIAN_POINT('Ctrl Pts',(80.4552099390705,-129.974458557366,-2.73624778462168));
#8039=CARTESIAN_POINT('Ctrl Pts',(79.9165540091229,-131.401433207492,-2.81523229808282));
#8040=CARTESIAN_POINT('Ctrl Pts',(78.4271681397185,-131.730274498981,-2.89421681154397));
#8041=CARTESIAN_POINT('Ctrl Pts',(77.3377545492508,-130.662761083668,-2.97320132500511));
#8042=CARTESIAN_POINT('Ctrl Pts',(77.6362864578371,-129.167005233763,-3.05218583846626));
#8043=CARTESIAN_POINT('Ctrl Pts',(79.0520296524893,-128.599486009625,-3.1311703519274));
#8044=CARTESIAN_POINT('Ctrl Pts',(80.3010673773323,-129.474878278776,-3.21015486538855));
#8045=CARTESIAN_POINT('Ctrl Pts',(80.2506656240344,-130.999301620973,-3.28913937884969));
#8046=CARTESIAN_POINT('Ctrl Pts',(78.9465330040372,-131.790278847212,-3.36812389231084));
#8047=CARTESIAN_POINT('Ctrl Pts',(77.5713682786852,-131.130484302586,-3.44710840577198));
#8048=CARTESIAN_POINT('Ctrl Pts',(77.3722881847128,-129.618275990496,-3.52609291923313));
#8049=CARTESIAN_POINT('Ctrl Pts',(78.5298355418755,-128.625053468149,-3.60507743269428));
#8050=CARTESIAN_POINT('Ctrl Pts',(79.9942476155229,-129.051555685642,-3.68406194615542));
#8051=CARTESIAN_POINT('Ctrl Pts',(80.4374705566503,-130.510994032205,-3.76304645961657));
#8052=CARTESIAN_POINT('Ctrl Pts',(79.4575519752652,-131.67982525905,-3.8420309730777));
#8053=CARTESIAN_POINT('Ctrl Pts',(77.9431656723756,-131.498053455445,-3.92101548653886));
#8054=CARTESIAN_POINT('Ctrl Pts',(77.2676863931149,-130.130524806322,-4.));
#8055=CARTESIAN_POINT('Ctrl Pts',(78.0436963968943,-128.817431002659,-4.07898451346114));
#8056=CARTESIAN_POINT('Ctrl Pts',(79.5674435834615,-128.749597572209,-4.15796902692229));
#8057=CARTESIAN_POINT('Ctrl Pts',(80.4570639595538,-129.988541658419,-4.23695354038344));
#8058=CARTESIAN_POINT('Ctrl Pts',(79.9057738430271,-131.41068302704,-4.31593805384458));
#8059=CARTESIAN_POINT('Ctrl Pts',(78.4135301620082,-131.726302509667,-4.39492256730573));
#8060=CARTESIAN_POINT('Ctrl Pts',(77.3336268414051,-130.649169427617,-4.47390708076687));
#8061=CARTESIAN_POINT('Ctrl Pts',(77.6454123789421,-129.156119978009,-4.55289159422801));
#8062=CARTESIAN_POINT('Ctrl Pts',(79.0661330356861,-128.601178846826,-4.63187610768916));
#8063=CARTESIAN_POINT('Ctrl Pts',(80.3073580767486,-129.487613971342,-4.7108606211503));
#8064=CARTESIAN_POINT('Ctrl Pts',(80.2434386848647,-131.011530414428,-4.78984513461145));
#8065=CARTESIAN_POINT('Ctrl Pts',(78.9323424556329,-131.790910507332,-4.86882964807259));
#8066=CARTESIAN_POINT('Ctrl Pts',(77.563083271653,-131.118946235,-4.94781416153374));
#8067=CARTESIAN_POINT('Ctrl Pts',(77.3774223732314,-129.605031385984,-5.02679867499488));
#8068=CARTESIAN_POINT('Ctrl Pts',(78.5437325936847,-128.622114724208,-5.10578318845603));
#8069=CARTESIAN_POINT('Ctrl Pts',(80.0043049352741,-129.061585719489,-5.18476770191717));
#8070=CARTESIAN_POINT('Ctrl Pts',(80.4345664062138,-130.524901264715,-5.26375221537832));
#8071=CARTESIAN_POINT('Ctrl Pts',(79.4443219476851,-131.684988116161,-5.34273672883946));
#8072=CARTESIAN_POINT('Ctrl Pts',(77.9316040448167,-131.489809024268,-5.42172124230061));
#8073=CARTESIAN_POINT('Ctrl Pts',(77.2682861612087,-130.116310211954,-5.50070575576176));
#8074=CARTESIAN_POINT('Ctrl Pts',(78.0558972881998,-128.810219018089,-5.5796902692229));
#8075=CARTESIAN_POINT('Ctrl Pts',(79.5802145275091,-128.755759934995,-5.65867478268405));
#8076=CARTESIAN_POINT('Ctrl Pts',(80.4587535821381,-130.00283792845,-5.73765929614518));
#8077=CARTESIAN_POINT('Ctrl Pts',(79.8949936551638,-131.419429980042,-5.81664380960634));
#8078=CARTESIAN_POINT('Ctrl Pts',(78.3997647255032,-131.72305624329,-5.89562832306748));
#8079=CARTESIAN_POINT('Ctrl Pts',(77.3300041717016,-130.633814345412,-5.97461283652863));
#8080=CARTESIAN_POINT('Ctrl Pts',(77.5466867337056,-129.645018842875,-6.02726917883605));
#8081=CARTESIAN_POINT('Ctrl Pts',(77.8397513614933,-129.304754532345,-6.05359734998977));
#8082=CARTESIAN_POINT('Ctrl Pts',(78.5416225979188,-131.412147078011,0.160792049969312));
#8083=CARTESIAN_POINT('Ctrl Pts',(78.1374573369894,-131.304096554642,0.134463878815597));
#8084=CARTESIAN_POINT('Ctrl Pts',(77.4516576472085,-130.656811690057,0.081807536508166));
#8085=CARTESIAN_POINT('Ctrl Pts',(77.7032403406083,-129.256949267349,0.00282302304702121));
#8086=CARTESIAN_POINT('Ctrl Pts',(79.0134167536036,-128.705771123659,-0.0761614904141233));
#8087=CARTESIAN_POINT('Ctrl Pts',(80.1908991878583,-129.500123565404,-0.155146003875269));
#8088=CARTESIAN_POINT('Ctrl Pts',(80.1693397027625,-130.921089734015,-0.234130517336414));
#8089=CARTESIAN_POINT('Ctrl Pts',(78.9675663455164,-131.679307603838,-0.313115030797559));
#8090=CARTESIAN_POINT('Ctrl Pts',(77.6758005763744,-131.087504030841,-0.392099544258704));
#8091=CARTESIAN_POINT('Ctrl Pts',(77.465355813629,-129.682210521386,-0.471084057719849));
#8092=CARTESIAN_POINT('Ctrl Pts',(78.5271637342724,-128.737947852733,-0.550068571180994));
#8093=CARTESIAN_POINT('Ctrl Pts',(79.8982463566326,-129.111014894871,-0.629053084642139));
#8094=CARTESIAN_POINT('Ctrl Pts',(80.3352083002839,-130.463101567848,-0.708037598103283));
#8095=CARTESIAN_POINT('Ctrl Pts',(79.4417658005132,-131.56801109644,-0.78702211156443));
#8096=CARTESIAN_POINT('Ctrl Pts',(78.0281733140938,-131.423721673438,-0.866006625025574));
#8097=CARTESIAN_POINT('Ctrl Pts',(77.3763949474084,-130.161085104269,-0.94499113848672));
#8098=CARTESIAN_POINT('Ctrl Pts',(78.0775200176167,-128.925169035686,-1.02397565194786));
#8099=CARTESIAN_POINT('Ctrl Pts',(79.4957079557075,-128.836807131398,-1.10296016540901));
#8100=CARTESIAN_POINT('Ctrl Pts',(80.3448251546931,-129.976133753135,-1.18194467887015));
#8101=CARTESIAN_POINT('Ctrl Pts',(79.8548195488144,-131.309910165127,-1.2609291923313));
#8102=CARTESIAN_POINT('Ctrl Pts',(78.4700701000683,-131.628554143193,-1.33991370579244));
#8103=CARTESIAN_POINT('Ctrl Pts',(77.4463857618108,-130.643092105305,-1.41889821925359));
#8104=CARTESIAN_POINT('Ctrl Pts',(77.7121308724184,-129.247225145484,-1.49788273271473));
#8105=CARTESIAN_POINT('Ctrl Pts',(79.0263050787984,-128.706844546948,-1.57686724617588));
#8106=CARTESIAN_POINT('Ctrl Pts',(80.1971030553238,-129.512013558554,-1.65585175963702));
#8107=CARTESIAN_POINT('Ctrl Pts',(80.1627452732531,-130.932536201679,-1.73483627309817));
#8108=CARTESIAN_POINT('Ctrl Pts',(78.9543903024053,-131.680161309418,-1.81382078655932));
#8109=CARTESIAN_POINT('Ctrl Pts',(77.6678775573389,-131.076878627455,-1.89280530002046));
#8110=CARTESIAN_POINT('Ctrl Pts',(77.4699265932182,-129.669796379283,-1.97178981348161));
#8111=CARTESIAN_POINT('Ctrl Pts',(78.5400562383967,-128.734976835255,-2.05077432694275));
#8112=CARTESIAN_POINT('Ctrl Pts',(79.9077816001806,-129.120194140348,-2.12975884040389));
#8113=CARTESIAN_POINT('Ctrl Pts',(80.3327325916135,-130.476100365816,-2.20874335386504));
#8114=CARTESIAN_POINT('Ctrl Pts',(79.4295273861229,-131.57304402625,-2.28772786732618));
#8115=CARTESIAN_POINT('Ctrl Pts',(78.0172695483221,-131.416222991427,-2.36671238078733));
#8116=CARTESIAN_POINT('Ctrl Pts',(77.3767150150369,-130.147855959658,-2.44569689424847));
#8117=CARTESIAN_POINT('Ctrl Pts',(78.0887733053396,-128.918206404459,-2.52468140770962));
#8118=CARTESIAN_POINT('Ctrl Pts',(79.5076891907876,-128.842425487239,-2.60366592117076));
#8119=CARTESIAN_POINT('Ctrl Pts',(80.3466686487175,-129.989237811276,-2.68265043463191));
#8120=CARTESIAN_POINT('Ctrl Pts',(79.8448535037627,-131.318616086142,-2.76163494809306));
#8121=CARTESIAN_POINT('Ctrl Pts',(78.4573325569095,-131.62496663606,-2.8406194615542));
#8122=CARTESIAN_POINT('Ctrl Pts',(77.4424282210946,-130.630464636799,-2.91960397501534));
#8123=CARTESIAN_POINT('Ctrl Pts',(77.7205423653042,-129.237009377315,-2.99858848847649));
#8124=CARTESIAN_POINT('Ctrl Pts',(79.0394573478467,-128.708305011705,-3.07757300193763));
#8125=CARTESIAN_POINT('Ctrl Pts',(80.2030684994164,-129.523825781111,-3.15655751539878));
#8126=CARTESIAN_POINT('Ctrl Pts',(80.1561139190787,-130.943987851009,-3.23554202885992));
#8127=CARTESIAN_POINT('Ctrl Pts',(78.9411760276348,-131.68086705232,-3.31452654232107));
#8128=CARTESIAN_POINT('Ctrl Pts',(77.6600641942304,-131.066198436151,-3.39351105578221));
#8129=CARTESIAN_POINT('Ctrl Pts',(77.4745999662136,-129.657415962695,-3.47249556924336));
#8130=CARTESIAN_POINT('Ctrl Pts',(78.552978134042,-128.732123811781,-3.5514800827045));
#8131=CARTESIAN_POINT('Ctrl Pts',(79.917233340668,-129.129455875155,-3.63046459616565));
#8132=CARTESIAN_POINT('Ctrl Pts',(80.3301425320154,-130.489077527337,-3.7094491096268));
#8133=CARTESIAN_POINT('Ctrl Pts',(79.4172444135271,-131.577967816885,-3.78843362308793));
#8134=CARTESIAN_POINT('Ctrl Pts',(78.0064329105772,-131.408628097588,-3.86741813654908));
#8135=CARTESIAN_POINT('Ctrl Pts',(77.377152300097,-130.134630079305,-3.94640265001023));
#8136=CARTESIAN_POINT('Ctrl Pts',(78.1000879458086,-128.911343894582,-4.02538716347137));
#8137=CARTESIAN_POINT('Ctrl Pts',(79.5196201050037,-128.848149857643,-4.10437167693252));
#8138=CARTESIAN_POINT('Ctrl Pts',(80.3483958654914,-130.002357713989,-4.18335619039367));
#8139=CARTESIAN_POINT('Ctrl Pts',(79.8348106353725,-131.327233274368,-4.2623407038548));
#8140=CARTESIAN_POINT('Ctrl Pts',(78.4446273338143,-131.621266306623,-4.34132521731596));
#8141=CARTESIAN_POINT('Ctrl Pts',(77.4385828233261,-130.617802567244,-4.4203097307771));
#8142=CARTESIAN_POINT('Ctrl Pts',(77.7290441289859,-129.22686860676,-4.49929424423825));
#8143=CARTESIAN_POINT('Ctrl Pts',(79.0525961455277,-128.709882069151,-4.57827875769939));
#8144=CARTESIAN_POINT('Ctrl Pts',(80.2089289533054,-129.535690429871,-4.65726327116053));
#8145=CARTESIAN_POINT('Ctrl Pts',(80.1493812585334,-130.95538026947,-4.73624778462168));
#8146=CARTESIAN_POINT('Ctrl Pts',(78.9279560263157,-131.681455510735,-4.81523229808282));
#8147=CARTESIAN_POINT('Ctrl Pts',(77.6523458312205,-131.055449502118,-4.89421681154397));
#8148=CARTESIAN_POINT('Ctrl Pts',(77.4793830075066,-129.645077208467,-4.97320132500511));
#8149=CARTESIAN_POINT('Ctrl Pts',(78.5659247121455,-128.729386060027,-5.05218583846626));
#8150=CARTESIAN_POINT('Ctrl Pts',(79.9266028010011,-129.138799915773,-5.1311703519274));
#8151=CARTESIAN_POINT('Ctrl Pts',(80.3274370077814,-130.502033589844,-5.21015486538855));
#8152=CARTESIAN_POINT('Ctrl Pts',(79.4049192392576,-131.582777566013,-5.28913937884969));
#8153=CARTESIAN_POINT('Ctrl Pts',(77.9956620279288,-131.400947535292,-5.36812389231084));
#8154=CARTESIAN_POINT('Ctrl Pts',(77.377711047706,-130.12138767662,-5.44710840577199));
#8155=CARTESIAN_POINT('Ctrl Pts',(78.1114543704568,-128.904625165833,-5.52609291923313));
#8156=CARTESIAN_POINT('Ctrl Pts',(79.5315175942582,-128.853890752346,-5.60507743269427));
#8157=CARTESIAN_POINT('Ctrl Pts',(80.3499699281815,-130.015676206219,-5.68406194615543));
#8158=CARTESIAN_POINT('Ctrl Pts',(79.8247677467037,-131.335381989056,-5.76304645961655));
#8159=CARTESIAN_POINT('Ctrl Pts',(78.4318033693296,-131.618242065096,-5.84203097307772));
#8160=CARTESIAN_POINT('Ctrl Pts',(77.435207922167,-130.603497679142,-5.92101548653885));
#8161=CARTESIAN_POINT('Ctrl Pts',(77.6370707166076,-129.682329766846,-5.97367182884628));
#8162=CARTESIAN_POINT('Ctrl Pts',(77.9100915087275,-129.365337462819,-6.));
#8163=CARTESIAN_POINT('Ctrl Pts',(78.4696938195926,-131.681198189974,1.11022302462516E-15));
#8164=CARTESIAN_POINT('Ctrl Pts',(78.4119211777852,-131.660088304443,9.44282597337615E-16));
#8165=CARTESIAN_POINT('Ctrl Pts',(78.3557318223668,-131.635318425809,1.78017278099189E-15));
#8166=CARTESIAN_POINT('Ctrl Pts',(78.3013263253961,-131.607195210733,1.82319437325162E-15));
#8167=CARTESIAN_POINT('Ctrl Pts',(78.2475452519959,-131.579394771834,1.86572219745957E-15));
#8168=CARTESIAN_POINT('Ctrl Pts',(78.1955066628189,-131.548316444364,9.18871699339485E-16));
#8169=CARTESIAN_POINT('Ctrl Pts',(78.145436396677,-131.514211589038,1.14838694109665E-15));
#8170=CARTESIAN_POINT('Ctrl Pts',(78.1073750251376,-131.488286470801,1.3228550548813E-15));
#8171=CARTESIAN_POINT('Ctrl Pts',(78.0704516062942,-131.460611492637,3.38726881189236E-16));
#8172=CARTESIAN_POINT('Ctrl Pts',(78.0347814857819,-131.431285014718,1.87350135405495E-16));
#8173=CARTESIAN_POINT('Ctrl Pts',(78.0158406415781,-131.415712646547,1.06969040057405E-16));
#8174=CARTESIAN_POINT('Ctrl Pts',(77.9972534347133,-131.399674471275,1.23538899726493E-15));
#8175=CARTESIAN_POINT('Ctrl Pts',(77.9790390244091,-131.383184411914,1.4432899320127E-15));
#8176=CARTESIAN_POINT('Ctrl Pts',(77.971176256333,-131.376066008949,1.53303628149294E-15));
#8177=CARTESIAN_POINT('Ctrl Pts',(77.9633827723254,-131.368863069761,2.10942460992102E-15));
#8178=CARTESIAN_POINT('Ctrl Pts',(77.955671015602,-131.361587296471,2.10248485288389E-15));
#8179=CARTESIAN_POINT('Ctrl Pts',(77.9125941788676,-131.320945804609,2.06372030265418E-15));
#8180=CARTESIAN_POINT('Ctrl Pts',(77.8719775324113,-131.277957219004,1.96431404110162E-15));
#8181=CARTESIAN_POINT('Ctrl Pts',(77.8340276663844,-131.232863063009,1.7277845820729E-15));
#8182=CARTESIAN_POINT('Ctrl Pts',(77.7968489962147,-131.188685285118,1.49606174182867E-15));
#8183=CARTESIAN_POINT('Ctrl Pts',(77.7622293783608,-131.142485700592,-5.73509920219213E-17));
#8184=CARTESIAN_POINT('Ctrl Pts',(77.7304060388136,-131.09446831337,3.46944695195361E-17));
#8185=CARTESIAN_POINT('Ctrl Pts',(77.7069072981792,-131.059011691145,1.02661956845151E-16));
#8186=CARTESIAN_POINT('Ctrl Pts',(77.6849340750658,-131.022563381427,8.9294470972889E-16));
#8187=CARTESIAN_POINT('Ctrl Pts',(77.6645995456227,-130.985201533398,6.80011602582908E-16));
#8188=CARTESIAN_POINT('Ctrl Pts',(77.6542141684326,-130.96611985829,5.71261083414641E-16));
#8189=CARTESIAN_POINT('Ctrl Pts',(77.6442564860629,-130.946799861431,-2.42426644573574E-17));
#8190=CARTESIAN_POINT('Ctrl Pts',(77.6347432658467,-130.927251869409,-1.52655665885959E-16));
#8191=CARTESIAN_POINT('Ctrl Pts',(77.629765564942,-130.917023570751,-2.19846532790392E-16));
#8192=CARTESIAN_POINT('Ctrl Pts',(77.6249130948085,-130.906739951455,1.27335459114924E-15));
#8193=CARTESIAN_POINT('Ctrl Pts',(77.6201909188033,-130.89640986915,1.23512311489549E-15));
#8194=CARTESIAN_POINT('Ctrl Pts',(77.5970213698057,-130.84572489937,1.0475388187268E-15));
#8195=CARTESIAN_POINT('Ctrl Pts',(77.5769583545406,-130.793868549268,1.83761052955535E-15));
#8196=CARTESIAN_POINT('Ctrl Pts',(77.560214873509,-130.741031738785,1.42941214420489E-15));
#8197=CARTESIAN_POINT('Ctrl Pts',(77.5485835381926,-130.7043271456,1.14584552585061E-15));
#8198=CARTESIAN_POINT('Ctrl Pts',(77.5385550746389,-130.667149022453,1.69787645152845E-15));
#8199=CARTESIAN_POINT('Ctrl Pts',(77.5302156432624,-130.629559267977,1.70696790036118E-15));
#8200=CARTESIAN_POINT('Ctrl Pts',(77.5182583465269,-130.57566208624,1.70488418992965E-15));
#8201=CARTESIAN_POINT('Ctrl Pts',(77.509771919921,-130.520917648452,3.6343373616672E-16));
#8202=CARTESIAN_POINT('Ctrl Pts',(77.5046998654585,-130.465641378368,6.80011602582908E-16));
#8203=CARTESIAN_POINT('Ctrl Pts',(77.5032158400618,-130.449468170993,7.72638682452472E-16));
#8204=CARTESIAN_POINT('Ctrl Pts',(77.5020244015203,-130.433249523352,8.02229355319479E-16));
#8205=CARTESIAN_POINT('Ctrl Pts',(77.5011248308241,-130.416993616096,8.46545056276682E-16));
#8206=CARTESIAN_POINT('Ctrl Pts',(77.5004334738314,-130.404500284331,8.80603490896474E-16));
#8207=CARTESIAN_POINT('Ctrl Pts',(77.4999145719333,-130.391981836131,1.05104528954662E-15));
#8208=CARTESIAN_POINT('Ctrl Pts',(77.49956817788,-130.379466821675,1.01307850997046E-15));
#8209=CARTESIAN_POINT('Ctrl Pts',(77.4980280711505,-130.32382366672,8.4427395872862E-16));
#8210=CARTESIAN_POINT('Ctrl Pts',(77.499886577525,-130.268149586015,-9.5140077764035E-16));
#8211=CARTESIAN_POINT('Ctrl Pts',(77.5050359965809,-130.212761591289,-4.9960036108132E-16));
#8212=CARTESIAN_POINT('Ctrl Pts',(77.5101814769204,-130.157415962042,-4.81455201553791E-17));
#8213=CARTESIAN_POINT('Ctrl Pts',(77.5186132998669,-130.102354839589,1.77237345025382E-15));
#8214=CARTESIAN_POINT('Ctrl Pts',(77.5302732924256,-130.047909775232,2.05391259555654E-15));
#8215=CARTESIAN_POINT('Ctrl Pts',(77.5375004875931,-130.014163175134,2.22841856887892E-15));
#8216=CARTESIAN_POINT('Ctrl Pts',(77.5459688480682,-129.980653625819,6.74568464700309E-16));
#8217=CARTESIAN_POINT('Ctrl Pts',(77.5556728794753,-129.947465913152,7.91033905045424E-16));
#8218=CARTESIAN_POINT('Ctrl Pts',(77.5606881022702,-129.930313889824,8.51225397295582E-16));
#8219=CARTESIAN_POINT('Ctrl Pts',(77.5660334732916,-129.913247916346,8.71174088649527E-16));
#8220=CARTESIAN_POINT('Ctrl Pts',(77.5717088391593,-129.896280329562,7.49400541621981E-16));
#8221=CARTESIAN_POINT('Ctrl Pts',(77.5758503273073,-129.883898562253,6.6053865791244E-16));
#8222=CARTESIAN_POINT('Ctrl Pts',(77.5801682126699,-129.871567826322,1.26285891009033E-15));
#8223=CARTESIAN_POINT('Ctrl Pts',(77.584654990404,-129.859312438607,1.16573417585641E-15));
#8224=CARTESIAN_POINT('Ctrl Pts',(77.6030882374282,-129.808963033638,7.66711909902508E-16));
#8225=CARTESIAN_POINT('Ctrl Pts',(77.6243936045193,-129.75980625176,-3.31791572928073E-16));
#8226=CARTESIAN_POINT('Ctrl Pts',(77.6485269130216,-129.712155494367,-6.93889390390723E-16));
#8227=CARTESIAN_POINT('Ctrl Pts',(77.6646192795611,-129.680381423531,-9.35340362651088E-16));
#8228=CARTESIAN_POINT('Ctrl Pts',(77.681969905347,-129.64927752035,-1.05068796546055E-15));
#8229=CARTESIAN_POINT('Ctrl Pts',(77.7005746273866,-129.618946060769,-8.32667268468867E-16));
#8230=CARTESIAN_POINT('Ctrl Pts',(77.7092142075979,-129.604860868987,-7.31423761827282E-16));
#8231=CARTESIAN_POINT('Ctrl Pts',(77.7181269072378,-129.590938857006,2.08774659765421E-15));
#8232=CARTESIAN_POINT('Ctrl Pts',(77.7272965995462,-129.577214094348,1.9151347174784E-15));
#8233=CARTESIAN_POINT('Ctrl Pts',(77.7557588639534,-129.534613120336,1.37935611027987E-15));
#8234=CARTESIAN_POINT('Ctrl Pts',(77.7867191812684,-129.493866674268,2.15902997396651E-15));
#8235=CARTESIAN_POINT('Ctrl Pts',(77.8201539153588,-129.455275513091,2.94209101525666E-15));
#8236=CARTESIAN_POINT('Ctrl Pts',(77.8380128690952,-129.434662286133,3.36035816436474E-15));
#8237=CARTESIAN_POINT('Ctrl Pts',(77.8565783396102,-129.414664627315,-3.81816792593316E-16));
#8238=CARTESIAN_POINT('Ctrl Pts',(77.8758501202641,-129.395333521597,-2.77555756156289E-16));
#8239=CARTESIAN_POINT('Ctrl Pts',(77.8864390236504,-129.384712021983,-2.20605392861953E-16));
#8240=CARTESIAN_POINT('Ctrl Pts',(77.8972412065917,-129.374291827377,2.76475040639972E-16));
#8241=CARTESIAN_POINT('Ctrl Pts',(77.9082495011525,-129.364075970961,2.22044604925031E-16));
#8242=CARTESIAN_POINT('Ctrl Pts',(77.9100915087275,-129.365337462819,-6.));
#8243=CARTESIAN_POINT('Ctrl Pts',(77.8729107187841,-129.400059379301,-6.));
#8244=CARTESIAN_POINT('Ctrl Pts',(77.8381145962293,-129.437093325443,-6.));
#8245=CARTESIAN_POINT('Ctrl Pts',(77.805716055305,-129.47612591258,-6.));
#8246=CARTESIAN_POINT('Ctrl Pts',(77.7829785423101,-129.503519243635,-6.));
#8247=CARTESIAN_POINT('Ctrl Pts',(77.7614223570173,-129.531898066972,-6.));
#8248=CARTESIAN_POINT('Ctrl Pts',(77.7410598420977,-129.561166378366,-6.));
#8249=CARTESIAN_POINT('Ctrl Pts',(77.7329370280862,-129.572841805042,-6.));
#8250=CARTESIAN_POINT('Ctrl Pts',(77.7250042413458,-129.584658875583,-6.));
#8251=CARTESIAN_POINT('Ctrl Pts',(77.7172625958411,-129.596611867152,-6.));
#8252=CARTESIAN_POINT('Ctrl Pts',(77.709933508693,-129.607927874432,-6.));
#8253=CARTESIAN_POINT('Ctrl Pts',(77.7027796675264,-129.619359786251,-6.));
#8254=CARTESIAN_POINT('Ctrl Pts',(77.6958056968383,-129.630895327817,-6.));
#8255=CARTESIAN_POINT('Ctrl Pts',(77.667996823765,-129.67689357266,-6.));
#8256=CARTESIAN_POINT('Ctrl Pts',(77.6430236682412,-129.724569472982,-6.));
#8257=CARTESIAN_POINT('Ctrl Pts',(77.6209233954827,-129.773598014916,-6.));
#8258=CARTESIAN_POINT('Ctrl Pts',(77.6122816052444,-129.792769469481,-6.));
#8259=CARTESIAN_POINT('Ctrl Pts',(77.6040794634068,-129.812148182123,-6.));
#8260=CARTESIAN_POINT('Ctrl Pts',(77.5963207474618,-129.831716215552,-6.));
#8261=CARTESIAN_POINT('Ctrl Pts',(77.5901679656219,-129.847233968951,-6.));
#8262=CARTESIAN_POINT('Ctrl Pts',(77.5842940593911,-129.862870797954,-6.));
#8263=CARTESIAN_POINT('Ctrl Pts',(77.5787013439664,-129.87861805026,-6.));
#8264=CARTESIAN_POINT('Ctrl Pts',(77.575107379519,-129.888737475376,-6.));
#8265=CARTESIAN_POINT('Ctrl Pts',(77.5716310757096,-129.89889837159,-6.));
#8266=CARTESIAN_POINT('Ctrl Pts',(77.5682751838876,-129.909090691116,-6.));
#8267=CARTESIAN_POINT('Ctrl Pts',(77.5504560223932,-129.963210012383,-6.));
#8268=CARTESIAN_POINT('Ctrl Pts',(77.5360056684165,-130.018275232431,-6.));
#8269=CARTESIAN_POINT('Ctrl Pts',(77.5249627712245,-130.073921584237,-6.));
#8270=CARTESIAN_POINT('Ctrl Pts',(77.5141407508576,-130.128454913863,-6.));
#8271=CARTESIAN_POINT('Ctrl Pts',(77.5065908937204,-130.183547575585,-6.));
#8272=CARTESIAN_POINT('Ctrl Pts',(77.5023937617331,-130.238885794778,-6.));
#8273=CARTESIAN_POINT('Ctrl Pts',(77.5002309483192,-130.267401991823,-6.));
#8274=CARTESIAN_POINT('Ctrl Pts',(77.4989591793824,-130.295983768519,-6.));
#8275=CARTESIAN_POINT('Ctrl Pts',(77.4985946701865,-130.324589758444,-6.));
#8276=CARTESIAN_POINT('Ctrl Pts',(77.4983679257713,-130.342384229831,-6.));
#8277=CARTESIAN_POINT('Ctrl Pts',(77.4984923189296,-130.360188086078,-6.));
#8278=CARTESIAN_POINT('Ctrl Pts',(77.4989725055942,-130.377991439169,-6.));
#8279=CARTESIAN_POINT('Ctrl Pts',(77.4993612965184,-130.392406212862,-6.));
#8280=CARTESIAN_POINT('Ctrl Pts',(77.4999838677027,-130.406826588634,-6.));
#8281=CARTESIAN_POINT('Ctrl Pts',(77.5008404628724,-130.421213707331,-6.));
#8282=CARTESIAN_POINT('Ctrl Pts',(77.5040281686973,-130.474753469978,-6.));
#8283=CARTESIAN_POINT('Ctrl Pts',(77.5104531723426,-130.527903448517,-6.));
#8284=CARTESIAN_POINT('Ctrl Pts',(77.5201678052199,-130.580388655988,-6.));
#8285=CARTESIAN_POINT('Ctrl Pts',(77.5301073520527,-130.634089005169,-6.));
#8286=CARTESIAN_POINT('Ctrl Pts',(77.5434895237967,-130.687094468326,-6.));
#8287=CARTESIAN_POINT('Ctrl Pts',(77.5600635688276,-130.739208914538,-6.));
#8288=CARTESIAN_POINT('Ctrl Pts',(77.5763726779551,-130.790490311977,-6.));
#8289=CARTESIAN_POINT('Ctrl Pts',(77.5957729812895,-130.840909654068,-6.));
#8290=CARTESIAN_POINT('Ctrl Pts',(77.6180720385746,-130.890275550142,-5.99999999999999));
#8291=CARTESIAN_POINT('Ctrl Pts',(77.6224883023637,-130.900052323055,-5.99999999999999));
#8292=CARTESIAN_POINT('Ctrl Pts',(77.6270183963187,-130.909787743539,-6.));
#8293=CARTESIAN_POINT('Ctrl Pts',(77.6316610178905,-130.919480266273,-6.));
#8294=CARTESIAN_POINT('Ctrl Pts',(77.6358515621089,-130.928228975267,-6.));
#8295=CARTESIAN_POINT('Ctrl Pts',(77.6401320741869,-130.93693903319,-6.));
#8296=CARTESIAN_POINT('Ctrl Pts',(77.644497606454,-130.945602191249,-6.));
#8297=CARTESIAN_POINT('Ctrl Pts',(77.6704172882906,-130.997038370585,-6.));
#8298=CARTESIAN_POINT('Ctrl Pts',(77.6993661570101,-131.046897983328,-6.));
#8299=CARTESIAN_POINT('Ctrl Pts',(77.7310627756102,-131.094968323526,-6.));
#8300=CARTESIAN_POINT('Ctrl Pts',(77.7634405559307,-131.144071697439,-6.));
#8301=CARTESIAN_POINT('Ctrl Pts',(77.7986858581488,-131.191309014403,-6.));
#8302=CARTESIAN_POINT('Ctrl Pts',(77.8365524040313,-131.236443375468,-6.));
#8303=CARTESIAN_POINT('Ctrl Pts',(77.8756492910407,-131.283044219925,-6.));
#8304=CARTESIAN_POINT('Ctrl Pts',(77.91754095467,-131.327404462205,-6.));
#8305=CARTESIAN_POINT('Ctrl Pts',(77.9620066640937,-131.36923579537,-6.));
#8306=CARTESIAN_POINT('Ctrl Pts',(77.9700899830207,-131.376840217103,-6.));
#8307=CARTESIAN_POINT('Ctrl Pts',(77.9782593771635,-131.384361633494,-6.));
#8308=CARTESIAN_POINT('Ctrl Pts',(77.9865005727517,-131.391786771436,-6.));
#8309=CARTESIAN_POINT('Ctrl Pts',(78.0317114858816,-131.432520820631,-6.));
#8310=CARTESIAN_POINT('Ctrl Pts',(78.0791655206937,-131.470441523775,-6.));
#8311=CARTESIAN_POINT('Ctrl Pts',(78.1285931606466,-131.505308245312,-6.));
#8312=CARTESIAN_POINT('Ctrl Pts',(78.1775617894938,-131.539851176103,-6.));
#8313=CARTESIAN_POINT('Ctrl Pts',(78.2284682697937,-131.571397501788,-6.));
#8314=CARTESIAN_POINT('Ctrl Pts',(78.2810923229196,-131.599685656324,-6.));
#8315=CARTESIAN_POINT('Ctrl Pts',(78.3254549827928,-131.623532884039,-6.));
#8316=CARTESIAN_POINT('Ctrl Pts',(78.3710391867778,-131.645064473692,-6.));
#8317=CARTESIAN_POINT('Ctrl Pts',(78.4177307054592,-131.664100949518,-6.));
#8318=CARTESIAN_POINT('Ctrl Pts',(78.4345803143657,-131.670970659086,-6.));
#8319=CARTESIAN_POINT('Ctrl Pts',(78.451574257745,-131.677515200599,-6.));
#8320=CARTESIAN_POINT('Ctrl Pts',(78.4687042109953,-131.683736372116,-6.));
#8321=CARTESIAN_POINT('Ctrl Pts',(77.6049725076124,-130.189667399038,-0.443419673619425));
#8322=CARTESIAN_POINT('Ctrl Pts',(77.6040134586528,-130.042786460579,-0.452641134986236));
#8323=CARTESIAN_POINT('Ctrl Pts',(77.6276994985208,-129.896204625597,-0.461862596353048));
#8324=CARTESIAN_POINT('Ctrl Pts',(77.6773979275271,-129.759048994853,-0.47108405771986));
#8325=CARTESIAN_POINT('Ctrl Pts',(77.8192917871768,-129.367456298502,-0.497412228873574));
#8326=CARTESIAN_POINT('Ctrl Pts',(78.1732277607246,-129.052702075617,-0.523740400027289));
#8327=CARTESIAN_POINT('Ctrl Pts',(78.5787095178919,-128.957502804531,-0.550068571181004));
#8328=CARTESIAN_POINT('Ctrl Pts',(78.9841912750591,-128.862303533445,-0.576396742334719));
#8329=CARTESIAN_POINT('Ctrl Pts',(79.4412188158458,-128.986659214158,-0.602724913488434));
#8330=CARTESIAN_POINT('Ctrl Pts',(79.7425595768478,-129.274184833344,-0.629053084642149));
#8331=CARTESIAN_POINT('Ctrl Pts',(80.0439003378497,-129.56171045253,-0.655381255795864));
#8332=CARTESIAN_POINT('Ctrl Pts',(80.1895543190668,-130.012406010189,-0.681709426949578));
#8333=CARTESIAN_POINT('Ctrl Pts',(80.1134742263803,-130.421905377117,-0.708037598103294));
#8334=CARTESIAN_POINT('Ctrl Pts',(80.0373941336937,-130.831404744046,-0.734365769257009));
#8335=CARTESIAN_POINT('Ctrl Pts',(79.7395799671034,-131.199707920243,-0.760693940410724));
#8336=CARTESIAN_POINT('Ctrl Pts',(79.3550741360717,-131.359811271175,-0.78702211156444));
#8337=CARTESIAN_POINT('Ctrl Pts',(78.9705683050401,-131.519914622106,-0.813350282718155));
#8338=CARTESIAN_POINT('Ctrl Pts',(78.4993708095669,-131.471818147772,-0.83967845387187));
#8339=CARTESIAN_POINT('Ctrl Pts',(78.1551423340495,-131.23733048241,-0.866006625025585));
#8340=CARTESIAN_POINT('Ctrl Pts',(77.8177625802864,-131.007508150945,-0.891810974556865));
#8341=CARTESIAN_POINT('Ctrl Pts',(77.6023497907283,-130.598637672678,-0.917615324088145));
#8342=CARTESIAN_POINT('Ctrl Pts',(77.6016549503306,-130.190397734052,-0.943419673619425));
#8343=CARTESIAN_POINT('Origin',(78.8682076614499,-130.190548761755,0.));
#8344=CARTESIAN_POINT('Origin',(78.8682076614499,-130.190548761755,-6.));
#8345=CARTESIAN_POINT('Ctrl Pts',(151.581460051466,-129.206035293451,1.4432899320127E-14));
#8346=CARTESIAN_POINT('Ctrl Pts',(151.854480843586,-129.523027597478,-0.0263281711537006));
#8347=CARTESIAN_POINT('Ctrl Pts',(152.056243986839,-130.444305455055,-0.0789845134611302));
#8348=CARTESIAN_POINT('Ctrl Pts',(151.059778893424,-131.458926025175,-0.157969026922276));
#8349=CARTESIAN_POINT('Ctrl Pts',(149.66675846714,-131.176114599067,-0.236953540383421));
#8350=CARTESIAN_POINT('Ctrl Pts',(149.141571090693,-129.85635975288,-0.315938053844566));
#8351=CARTESIAN_POINT('Ctrl Pts',(149.960023733701,-128.694580553235,-0.394922567305711));
#8352=CARTESIAN_POINT('Ctrl Pts',(151.380106924035,-128.74530463551,-0.473907080766856));
#8353=CARTESIAN_POINT('Ctrl Pts',(152.113856763844,-129.962086842523,-0.552891594228001));
#8354=CARTESIAN_POINT('Ctrl Pts',(151.495899585789,-131.241657858609,-0.631876107689147));
#8355=CARTESIAN_POINT('Ctrl Pts',(150.086626180141,-131.423491675674,-0.710860621150291));
#8356=CARTESIAN_POINT('Ctrl Pts',(149.164098163544,-130.342734609624,-0.789845134611438));
#8357=CARTESIAN_POINT('Ctrl Pts',(149.564936825584,-128.979486070741,-0.868829648072582));
#8358=CARTESIAN_POINT('Ctrl Pts',(150.925630258233,-128.570067352578,-0.947814161533728));
#8359=CARTESIAN_POINT('Ctrl Pts',(152.012184187325,-129.485768942155,-1.02679867499487));
#8360=CARTESIAN_POINT('Ctrl Pts',(151.839219419615,-130.896157047929,-1.10578318845602));
#8361=CARTESIAN_POINT('Ctrl Pts',(150.563594860879,-131.522170139705,-1.18476770191716));
#8362=CARTESIAN_POINT('Ctrl Pts',(149.342155876608,-130.796086705547,-1.26375221537831));
#8363=CARTESIAN_POINT('Ctrl Pts',(149.282607511324,-129.376380890325,-1.34273672883945));
#8364=CARTESIAN_POINT('Ctrl Pts',(150.43895333856,-128.55056322697,-1.4217212423006));
#8365=CARTESIAN_POINT('Ctrl Pts',(151.762520257402,-129.067555587823,-1.50070575576174));
#8366=CARTESIAN_POINT('Ctrl Pts',(152.052984833418,-130.458505208054,-1.57969026922289));
#8367=CARTESIAN_POINT('Ctrl Pts',(151.046928995602,-131.461980246323,-1.65867478268403));
#8368=CARTESIAN_POINT('Ctrl Pts',(149.656730041551,-131.167943903163,-1.73765929614518));
#8369=CARTESIAN_POINT('Ctrl Pts',(149.143139028833,-129.843053425774,-1.81664380960633));
#8370=CARTESIAN_POINT('Ctrl Pts',(149.971924120745,-128.688832573788,-1.89562832306747));
#8371=CARTESIAN_POINT('Ctrl Pts',(151.39147226287,-128.752027322285,-1.97461283652862));
#8372=CARTESIAN_POINT('Ctrl Pts',(152.114416048324,-129.975327280326,-2.05359734998976));
#8373=CARTESIAN_POINT('Ctrl Pts',(151.48512835259,-131.249339642935,-2.13258186345091));
#8374=CARTESIAN_POINT('Ctrl Pts',(150.074300964901,-131.418681268872,-2.21156637691205));
#8375=CARTESIAN_POINT('Ctrl Pts',(149.161392567826,-130.329778719193,-2.2905508903732));
#8376=CARTESIAN_POINT('Ctrl Pts',(149.574306408239,-128.970141758632,-2.36953540383434));
#8377=CARTESIAN_POINT('Ctrl Pts',(150.938576975413,-128.572805221581,-2.44851991729549));
#8378=CARTESIAN_POINT('Ctrl Pts',(152.016967285016,-129.49810779063,-2.52750443075663));
#8379=CARTESIAN_POINT('Ctrl Pts',(151.831500968803,-130.906906125979,-2.60648894421778));
#8380=CARTESIAN_POINT('Ctrl Pts',(150.550374710987,-131.521581662881,-2.68547345767892));
#8381=CARTESIAN_POINT('Ctrl Pts',(149.335423140202,-130.784694164832,-2.76445797114007));
#8382=CARTESIAN_POINT('Ctrl Pts',(149.288468031189,-129.364516104915,-2.84344248460121));
#8383=CARTESIAN_POINT('Ctrl Pts',(150.452092284196,-128.548986153321,-2.92242699806236));
#8384=CARTESIAN_POINT('Ctrl Pts',(151.771022116788,-129.077696471769,-3.0014115115235));
#8385=CARTESIAN_POINT('Ctrl Pts',(152.049139392366,-130.471167420572,-3.08039602498465));
#8386=CARTESIAN_POINT('Ctrl Pts',(151.034223629447,-131.465680617222,-3.1593805384458));
#8387=CARTESIAN_POINT('Ctrl Pts',(149.64668706009,-131.159326618014,-3.23836505190694));
#8388=CARTESIAN_POINT('Ctrl Pts',(149.144866265051,-129.82993337529,-3.31734956536809));
#8389=CARTESIAN_POINT('Ctrl Pts',(149.983855169296,-128.683108138958,-3.39633407882923));
#8390=CARTESIAN_POINT('Ctrl Pts',(151.402787030733,-128.758889909417,-3.47531859229038));
#8391=CARTESIAN_POINT('Ctrl Pts',(152.114853338308,-129.9885533096,-3.55430310575152));
#8392=CARTESIAN_POINT('Ctrl Pts',(151.474291592832,-131.256934622284,-3.63328761921267));
#8393=CARTESIAN_POINT('Ctrl Pts',(150.062017854008,-131.4137574228,-3.71227213267381));
#8394=CARTESIAN_POINT('Ctrl Pts',(149.158802479066,-130.316801411557,-3.79125664613496));
#8395=CARTESIAN_POINT('Ctrl Pts',(149.583758255146,-128.960879919544,-3.8702411595961));
#8396=CARTESIAN_POINT('Ctrl Pts',(150.951499016548,-128.575658277178,-3.94922567305725));
#8397=CARTESIAN_POINT('Ctrl Pts',(152.021640710632,-129.510488346609,-4.02821018651839));
#8398=CARTESIAN_POINT('Ctrl Pts',(151.823687517718,-130.917586437539,-4.10719469997954));
#8399=CARTESIAN_POINT('Ctrl Pts',(150.53716028744,-131.520875912024,-4.18617921344068));
#8400=CARTESIAN_POINT('Ctrl Pts',(149.328791711347,-130.773242386585,-4.26516372690183));
#8401=CARTESIAN_POINT('Ctrl Pts',(149.294433542479,-129.35270374932,-4.34414824036297));
#8402=CARTESIAN_POINT('Ctrl Pts',(150.465244701269,-128.547525672201,-4.42313275382412));
#8403=CARTESIAN_POINT('Ctrl Pts',(151.779433704501,-129.087912354799,-4.50211726728526));
#8404=CARTESIAN_POINT('Ctrl Pts',(152.045181806856,-130.483795031576,-4.58110178074641));
#8405=CARTESIAN_POINT('Ctrl Pts',(151.021485943331,-131.469268164109,-4.66008629420755));
#8406=CARTESIAN_POINT('Ctrl Pts',(149.636720901933,-131.150620600249,-4.73907080766871));
#8407=CARTESIAN_POINT('Ctrl Pts',(149.146709781566,-129.816829167081,-4.81805532112984));
#8408=CARTESIAN_POINT('Ctrl Pts',(149.995836535933,-128.67748972486,-4.897039834591));
#8409=CARTESIAN_POINT('Ctrl Pts',(151.414040451572,-128.765852609149,-4.97602434805213));
#8410=CARTESIAN_POINT('Ctrl Pts',(152.115173397328,-130.001782622662,-5.05500886151329));
#8411=CARTESIAN_POINT('Ctrl Pts',(151.463387727364,-131.264433350379,-5.13399337497442));
#8412=CARTESIAN_POINT('Ctrl Pts',(150.049779258656,-131.408724511494,-5.21297788843557));
#8413=CARTESIAN_POINT('Ctrl Pts',(149.15632682231,-130.303802320376,-5.29196240189671));
#8414=CARTESIAN_POINT('Ctrl Pts',(149.593293460795,-128.951700856505,-5.37094691535787));
#8415=CARTESIAN_POINT('Ctrl Pts',(150.964391925086,-128.578628774403,-5.449931428819));
#8416=CARTESIAN_POINT('Ctrl Pts',(152.026211091278,-129.522903695811,-5.52891594228016));
#8417=CARTESIAN_POINT('Ctrl Pts',(151.815765162255,-130.928209915136,-5.60790045574129));
#8418=CARTESIAN_POINT('Ctrl Pts',(150.523982911232,-131.520026088172,-5.68688496920245));
#8419=CARTESIAN_POINT('Ctrl Pts',(149.322198879711,-130.761788433096,-5.76586948266358));
#8420=CARTESIAN_POINT('Ctrl Pts',(149.300635615332,-129.34082725727,-5.84485399612474));
#8421=CARTESIAN_POINT('Ctrl Pts',(150.47813346305,-128.546425939905,-5.92383850958587));
#8422=CARTESIAN_POINT('Ctrl Pts',(151.788328769207,-129.097675856462,-6.00282302304703));
#8423=CARTESIAN_POINT('Ctrl Pts',(152.039873534501,-130.497362540959,-6.08180753650816));
#8424=CARTESIAN_POINT('Ctrl Pts',(151.354094223204,-131.144794385274,-6.1344638788156));
#8425=CARTESIAN_POINT('Ctrl Pts',(150.949928962274,-131.252844908643,-6.16079204996931));
#8426=CARTESIAN_POINT('Ctrl Pts',(151.6518001987,-129.145452362977,0.0535973499897846));
#8427=CARTESIAN_POINT('Ctrl Pts',(151.944864826488,-129.485716673508,0.0272691788360696));
#8428=CARTESIAN_POINT('Ctrl Pts',(152.161440421407,-130.474630192962,-0.02538716347136));
#8429=CARTESIAN_POINT('Ctrl Pts',(151.09181979128,-131.563739185062,-0.104371676932505));
#8430=CARTESIAN_POINT('Ctrl Pts',(149.596530697877,-131.260165143382,-0.183356190393651));
#8431=CARTESIAN_POINT('Ctrl Pts',(149.032786662845,-129.843520426453,-0.262340703854796));
#8432=CARTESIAN_POINT('Ctrl Pts',(149.91132604925,-128.59644914638,-0.341325217315941));
#8433=CARTESIAN_POINT('Ctrl Pts',(151.435664720936,-128.650897139796,-0.420309730777086));
#8434=CARTESIAN_POINT('Ctrl Pts',(152.223282843436,-129.957009475887,-0.499294244238231));
#8435=CARTESIAN_POINT('Ctrl Pts',(151.559958306981,-131.330520264736,-0.578278757699377));
#8436=CARTESIAN_POINT('Ctrl Pts',(150.047223020887,-131.525703420948,-0.657263271160521));
#8437=CARTESIAN_POINT('Ctrl Pts',(149.056967561922,-130.365602518627,-0.736247784621668));
#8438=CARTESIAN_POINT('Ctrl Pts',(149.487233815205,-128.902271017287,-0.815232298082812));
#8439=CARTESIAN_POINT('Ctrl Pts',(150.947822627053,-128.462794802614,-0.894216811543958));
#8440=CARTESIAN_POINT('Ctrl Pts',(152.114145969418,-129.445722672064,-0.973201325005102));
#8441=CARTESIAN_POINT('Ctrl Pts',(151.928482984281,-130.959654494052,-1.05218583846625));
#8442=CARTESIAN_POINT('Ctrl Pts',(150.559208382153,-131.631626369553,-1.13117035192739));
#8443=CARTESIAN_POINT('Ctrl Pts',(149.248097391261,-130.852237482274,-1.21015486538854));
#8444=CARTESIAN_POINT('Ctrl Pts',(149.18417727964,-129.328303890714,-1.28913937884968));
#8445=CARTESIAN_POINT('Ctrl Pts',(150.425416295984,-128.441858780609,-1.36812389231083));
#8446=CARTESIAN_POINT('Ctrl Pts',(151.846152949081,-128.99680616255,-1.44710840577197));
#8447=CARTESIAN_POINT('Ctrl Pts',(152.157941997068,-130.489872421567,-1.52609291923312));
#8448=CARTESIAN_POINT('Ctrl Pts',(151.078026517541,-131.567017632014,-1.60507743269426));
#8449=CARTESIAN_POINT('Ctrl Pts',(149.5857660349,-131.251394595413,-1.68406194615541));
#8450=CARTESIAN_POINT('Ctrl Pts',(149.034469711245,-129.829237214649,-1.76304645961656));
#8451=CARTESIAN_POINT('Ctrl Pts',(149.924100103828,-128.590279178723,-1.8420309730777));
#8452=CARTESIAN_POINT('Ctrl Pts',(151.447864446713,-128.658113372971,-1.92101548653885));
#8453=CARTESIAN_POINT('Ctrl Pts',(152.223883187815,-129.97122196112,-1.99999999999999));
#8454=CARTESIAN_POINT('Ctrl Pts',(151.548396303136,-131.338766007658,-2.07898451346114));
#8455=CARTESIAN_POINT('Ctrl Pts',(150.033992949328,-131.52053985788,-2.15796902692228));
#8456=CARTESIAN_POINT('Ctrl Pts',(149.054063334754,-130.351695470825,-2.23695354038343));
#8457=CARTESIAN_POINT('Ctrl Pts',(149.497291266257,-128.892240692018,-2.31593805384457));
#8458=CARTESIAN_POINT('Ctrl Pts',(150.961719828148,-128.465733672413,-2.39492256730572));
#8459=CARTESIAN_POINT('Ctrl Pts',(152.119280218475,-129.458967377742,-2.47390708076686));
#8460=CARTESIAN_POINT('Ctrl Pts',(151.920197883002,-130.971192716227,-2.55289159422801));
#8461=CARTESIAN_POINT('Ctrl Pts',(150.545017674268,-131.630994689673,-2.63187610768915));
#8462=CARTESIAN_POINT('Ctrl Pts',(149.240870370661,-130.84000855759,-2.7108606211503));
#8463=CARTESIAN_POINT('Ctrl Pts',(149.190468049875,-129.315568051465,-2.78984513461145));
#8464=CARTESIAN_POINT('Ctrl Pts',(150.439519837998,-128.440165926017,-2.86882964807259));
#8465=CARTESIAN_POINT('Ctrl Pts',(151.855278972917,-129.007691540019,-2.94781416153374));
#8466=CARTESIAN_POINT('Ctrl Pts',(152.153814242761,-130.503464231077,-3.02679867499488));
#8467=CARTESIAN_POINT('Ctrl Pts',(151.064388386268,-131.570989665836,-3.10578318845602));
#8468=CARTESIAN_POINT('Ctrl Pts',(149.574985747433,-131.242144671826,-3.18476770191717));
#8469=CARTESIAN_POINT('Ctrl Pts',(149.0363237526,-129.815153954975,-3.26375221537831));
#8470=CARTESIAN_POINT('Ctrl Pts',(149.93690707093,-128.584134484211,-3.34273672883946));
#8471=CARTESIAN_POINT('Ctrl Pts',(151.460009888848,-128.665479777294,-3.42172124230061));
#8472=CARTESIAN_POINT('Ctrl Pts',(152.224352581466,-129.985418980021,-3.50070575576175));
#8473=CARTESIAN_POINT('Ctrl Pts',(151.536763962096,-131.346918572811,-3.5796902692229));
#8474=CARTESIAN_POINT('Ctrl Pts',(150.020808073209,-131.515254527392,-3.65867478268404));
#8475=CARTESIAN_POINT('Ctrl Pts',(149.051283094492,-130.337765433474,-3.73765929614519));
#8476=CARTESIAN_POINT('Ctrl Pts',(149.507437020998,-128.882298894531,-3.81664380960633));
#8477=CARTESIAN_POINT('Ctrl Pts',(150.975590541607,-128.468796185236,-3.89562832306748));
#8478=CARTESIAN_POINT('Ctrl Pts',(152.124296743876,-129.472256852884,-3.97461283652862));
#8479=CARTESIAN_POINT('Ctrl Pts',(151.911810806998,-130.982657123416,-4.05359734998977));
#8480=CARTESIAN_POINT('Ctrl Pts',(150.53083311313,-131.630237126079,-4.13258186345091));
#8481=CARTESIAN_POINT('Ctrl Pts',(149.233752095112,-130.827716046447,-4.21156637691206));
#8482=CARTESIAN_POINT('Ctrl Pts',(149.196871519487,-129.302888491169,-4.2905508903732));
#8483=CARTESIAN_POINT('Ctrl Pts',(150.453637840456,-128.438598223599,-4.36953540383435));
#8484=CARTESIAN_POINT('Ctrl Pts',(151.86430809778,-129.018657422634,-4.44851991729549));
#8485=CARTESIAN_POINT('Ctrl Pts',(152.149566110905,-130.5170188988,-4.52750443075664));
#8486=CARTESIAN_POINT('Ctrl Pts',(151.050715562263,-131.574840592664,-4.60648894421778));
#8487=CARTESIAN_POINT('Ctrl Pts',(149.564287923256,-131.232799501313,-4.68547345767893));
#8488=CARTESIAN_POINT('Ctrl Pts',(149.038302610976,-129.801087700639,-4.76445797114007));
#8489=CARTESIAN_POINT('Ctrl Pts',(149.949768050222,-128.57810359395,-4.84344248460122));
#8490=CARTESIAN_POINT('Ctrl Pts',(151.472089480164,-128.672953643989,-4.92242699806236));
#8491=CARTESIAN_POINT('Ctrl Pts',(152.224696137635,-129.99961952379,-5.00141151152351));
#8492=CARTESIAN_POINT('Ctrl Pts',(151.525059588777,-131.35496782042,-5.08039602498465));
#8493=CARTESIAN_POINT('Ctrl Pts',(150.007670980742,-131.509852124641,-5.1593805384458));
#8494=CARTESIAN_POINT('Ctrl Pts',(149.048625687267,-130.323812013336,-5.23836505190694));
#8495=CARTESIAN_POINT('Ctrl Pts',(149.517672254266,-128.872445950101,-5.3173495653681));
#8496=CARTESIAN_POINT('Ctrl Pts',(150.989429983696,-128.471984761668,-5.39633407882923));
#8497=CARTESIAN_POINT('Ctrl Pts',(152.129202659255,-129.485583675594,-5.47531859229039));
#8498=CARTESIAN_POINT('Ctrl Pts',(151.903306831397,-130.994060524174,-5.55430310575152));
#8499=CARTESIAN_POINT('Ctrl Pts',(150.516688319161,-131.629324912365,-5.63328761921268));
#8500=CARTESIAN_POINT('Ctrl Pts',(149.226675250398,-130.815421200365,-5.71227213267381));
#8501=CARTESIAN_POINT('Ctrl Pts',(149.203528917841,-129.290140085837,-5.79125664613497));
#8502=CARTESIAN_POINT('Ctrl Pts',(150.467472831354,-128.437417754399,-5.8702411595961));
#8503=CARTESIAN_POINT('Ctrl Pts',(151.873856194124,-129.02913771228,-5.94922567305726));
#8504=CARTESIAN_POINT('Ctrl Pts',(152.143868131459,-130.531582467591,-6.02821018651839));
#8505=CARTESIAN_POINT('Ctrl Pts',(151.407742296319,-131.226545554464,-6.08086652882583));
#8506=CARTESIAN_POINT('Ctrl Pts',(150.973905221717,-131.342528612631,-6.10719469997954));
#8507=CARTESIAN_POINT('Ctrl Pts',(151.722140345934,-129.084869432502,0.107194699979555));
#8508=CARTESIAN_POINT('Ctrl Pts',(152.03524880939,-129.448405749537,0.0808665288258397));
#8509=CARTESIAN_POINT('Ctrl Pts',(152.266636855976,-130.50495493087,0.0282101865184102));
#8510=CARTESIAN_POINT('Ctrl Pts',(151.123860689137,-131.668552344948,-0.0507743269427353));
#8511=CARTESIAN_POINT('Ctrl Pts',(149.526302928613,-131.344215687698,-0.12975884040388));
#8512=CARTESIAN_POINT('Ctrl Pts',(148.924002234997,-129.830681100025,-0.208743353865025));
#8513=CARTESIAN_POINT('Ctrl Pts',(149.862628364799,-128.498317739525,-0.287727867326171));
#8514=CARTESIAN_POINT('Ctrl Pts',(151.491222517837,-128.556489644082,-0.366712380787316));
#8515=CARTESIAN_POINT('Ctrl Pts',(152.332708923027,-129.95193210925,-0.445696894248461));
#8516=CARTESIAN_POINT('Ctrl Pts',(151.624017028173,-131.419382670863,-0.524681407709607));
#8517=CARTESIAN_POINT('Ctrl Pts',(150.007819861633,-131.627915166222,-0.603665921170751));
#8518=CARTESIAN_POINT('Ctrl Pts',(148.9498369603,-130.388470427629,-0.682650434631898));
#8519=CARTESIAN_POINT('Ctrl Pts',(149.409530804825,-128.825055963833,-0.761634948093042));
#8520=CARTESIAN_POINT('Ctrl Pts',(150.970014995873,-128.35552225265,-0.840619461554187));
#8521=CARTESIAN_POINT('Ctrl Pts',(152.216107751511,-129.405676401974,-0.919603975015333));
#8522=CARTESIAN_POINT('Ctrl Pts',(152.017746548948,-131.023151940175,-0.998588488476477));
#8523=CARTESIAN_POINT('Ctrl Pts',(150.554821903428,-131.741082599401,-1.07757300193762));
#8524=CARTESIAN_POINT('Ctrl Pts',(149.154038905914,-130.908388259001,-1.15655751539877));
#8525=CARTESIAN_POINT('Ctrl Pts',(149.085747047955,-129.280226891103,-1.23554202885991));
#8526=CARTESIAN_POINT('Ctrl Pts',(150.411879253408,-128.333154334249,-1.31452654232106));
#8527=CARTESIAN_POINT('Ctrl Pts',(151.929785640761,-128.926056737278,-1.3935110557822));
#8528=CARTESIAN_POINT('Ctrl Pts',(152.262899160718,-130.52123963508,-1.47249556924335));
#8529=CARTESIAN_POINT('Ctrl Pts',(151.10912403948,-131.672055017706,-1.55148008270449));
#8530=CARTESIAN_POINT('Ctrl Pts',(149.51480202825,-131.334845287663,-1.63046459616564));
#8531=CARTESIAN_POINT('Ctrl Pts',(148.925800393657,-129.815421003524,-1.70944910962679));
#8532=CARTESIAN_POINT('Ctrl Pts',(149.876276086912,-128.491725783658,-1.78843362308793));
#8533=CARTESIAN_POINT('Ctrl Pts',(151.504256630556,-128.564199423657,-1.86741813654908));
#8534=CARTESIAN_POINT('Ctrl Pts',(152.333350327305,-129.967116641914,-1.94640265001022));
#8535=CARTESIAN_POINT('Ctrl Pts',(151.611664253682,-131.428192372382,-2.02538716347137));
#8536=CARTESIAN_POINT('Ctrl Pts',(149.993684933755,-131.622398446888,-2.10437167693251));
#8537=CARTESIAN_POINT('Ctrl Pts',(148.946734101681,-130.373612222457,-2.18335619039366));
#8538=CARTESIAN_POINT('Ctrl Pts',(149.420276124276,-128.814339625404,-2.2623407038548));
#8539=CARTESIAN_POINT('Ctrl Pts',(150.984862680884,-128.358662123244,-2.34132521731595));
#8540=CARTESIAN_POINT('Ctrl Pts',(152.221593151934,-129.419826964854,-2.42030973077709));
#8541=CARTESIAN_POINT('Ctrl Pts',(152.0088947972,-131.035479306475,-2.49929424423824));
#8542=CARTESIAN_POINT('Ctrl Pts',(150.53966063755,-131.740407716464,-2.57827875769938));
#8543=CARTESIAN_POINT('Ctrl Pts',(149.14631760112,-130.895322950348,-2.65726327116053));
#8544=CARTESIAN_POINT('Ctrl Pts',(149.092468068561,-129.266619998015,-2.73624778462167));
#8545=CARTESIAN_POINT('Ctrl Pts',(150.426947391801,-128.331345698712,-2.81523229808282));
#8546=CARTESIAN_POINT('Ctrl Pts',(151.939535829046,-128.93768660827,-2.89421681154397));
#8547=CARTESIAN_POINT('Ctrl Pts',(152.258489093157,-130.535761041581,-2.97320132500511));
#8548=CARTESIAN_POINT('Ctrl Pts',(151.094553143089,-131.67629871445,-3.05218583846626));
#8549=CARTESIAN_POINT('Ctrl Pts',(149.503284434775,-131.324962725638,-3.1311703519274));
#8550=CARTESIAN_POINT('Ctrl Pts',(148.927781240149,-129.800374534661,-3.21015486538854));
#8551=CARTESIAN_POINT('Ctrl Pts',(149.889958972564,-128.485160829465,-3.28913937884969));
#8552=CARTESIAN_POINT('Ctrl Pts',(151.517232746963,-128.572069645171,-3.36812389231083));
#8553=CARTESIAN_POINT('Ctrl Pts',(152.333851824623,-129.982284650443,-3.44710840577198));
#8554=CARTESIAN_POINT('Ctrl Pts',(151.599236331361,-131.436902523339,-3.52609291923313));
#8555=CARTESIAN_POINT('Ctrl Pts',(149.979598292411,-131.616751631984,-3.60507743269427));
#8556=CARTESIAN_POINT('Ctrl Pts',(148.943763709918,-130.35872945539,-3.68406194615542));
#8557=CARTESIAN_POINT('Ctrl Pts',(149.43111578685,-128.803717869518,-3.76304645961656));
#8558=CARTESIAN_POINT('Ctrl Pts',(150.999682066665,-128.361934093293,-3.84203097307771));
#8559=CARTESIAN_POINT('Ctrl Pts',(152.22695277712,-129.434025359158,-3.92101548653885));
#8560=CARTESIAN_POINT('Ctrl Pts',(151.999934096278,-131.047727809293,-4.));
#8561=CARTESIAN_POINT('Ctrl Pts',(150.524505938819,-131.739598340134,-4.07898451346114));
#8562=CARTESIAN_POINT('Ctrl Pts',(149.138712478876,-130.882189706308,-4.15796902692229));
#8563=CARTESIAN_POINT('Ctrl Pts',(149.099309496495,-129.253073233018,-4.23695354038343));
#8564=CARTESIAN_POINT('Ctrl Pts',(150.442030979642,-128.329670774997,-4.31593805384458));
#8565=CARTESIAN_POINT('Ctrl Pts',(151.949182491059,-128.949402490468,-4.39492256730572));
#8566=CARTESIAN_POINT('Ctrl Pts',(152.253950414954,-130.550242766024,-4.47390708076687));
#8567=CARTESIAN_POINT('Ctrl Pts',(151.079945181195,-131.680413021219,-4.55289159422801));
#8568=CARTESIAN_POINT('Ctrl Pts',(149.491854944579,-131.314978402378,-4.63187610768916));
#8569=CARTESIAN_POINT('Ctrl Pts',(148.929895440386,-129.785346234197,-4.7108606211503));
#8570=CARTESIAN_POINT('Ctrl Pts',(149.903699564512,-128.478717463041,-4.78984513461145));
#8571=CARTESIAN_POINT('Ctrl Pts',(151.530138508755,-128.58005467883,-4.86882964807259));
#8572=CARTESIAN_POINT('Ctrl Pts',(152.334218877942,-129.997456424919,-4.94781416153374));
#8573=CARTESIAN_POINT('Ctrl Pts',(151.586731450191,-131.445502290462,-5.02679867499488));
#8574=CARTESIAN_POINT('Ctrl Pts',(149.965562702829,-131.610979737787,-5.10578318845603));
#8575=CARTESIAN_POINT('Ctrl Pts',(148.940924552223,-130.343821706297,-5.18476770191717));
#8576=CARTESIAN_POINT('Ctrl Pts',(149.442051047737,-128.793191043697,-5.26375221537832));
#8577=CARTESIAN_POINT('Ctrl Pts',(151.014468042306,-128.365340748934,-5.34273672883946));
#8578=CARTESIAN_POINT('Ctrl Pts',(152.232194227233,-129.448263655376,-5.42172124230061));
#8579=CARTESIAN_POINT('Ctrl Pts',(151.990848500538,-131.059911133212,-5.50070575576175));
#8580=CARTESIAN_POINT('Ctrl Pts',(150.50939372709,-131.738623736558,-5.5796902692229));
#8581=CARTESIAN_POINT('Ctrl Pts',(149.131151621085,-130.869053967635,-5.65867478268404));
#8582=CARTESIAN_POINT('Ctrl Pts',(149.106422220351,-129.239452914405,-5.73765929614519));
#8583=CARTESIAN_POINT('Ctrl Pts',(150.456812199657,-128.328409568893,-5.81664380960633));
#8584=CARTESIAN_POINT('Ctrl Pts',(151.959383619042,-128.960599568098,-5.89562832306748));
#8585=CARTESIAN_POINT('Ctrl Pts',(152.247862728416,-130.565802394223,-5.97461283652863));
#8586=CARTESIAN_POINT('Ctrl Pts',(151.461390369434,-131.308296723653,-6.02726917883606));
#8587=CARTESIAN_POINT('Ctrl Pts',(150.997881481159,-131.432212316618,-6.05359734998977));
#8588=CARTESIAN_POINT('Ctrl Pts',(151.792480493168,-129.024286502028,0.160792049969325));
#8589=CARTESIAN_POINT('Ctrl Pts',(152.125632792292,-129.411094825566,0.13446387881561));
#8590=CARTESIAN_POINT('Ctrl Pts',(152.371833290544,-130.535279668778,0.0818075365081803));
#8591=CARTESIAN_POINT('Ctrl Pts',(151.155901586993,-131.773365504836,0.00282302304703488));
#8592=CARTESIAN_POINT('Ctrl Pts',(149.45607515935,-131.428266232013,-0.0761614904141102));
#8593=CARTESIAN_POINT('Ctrl Pts',(148.815217807149,-129.817841773598,-0.155146003875255));
#8594=CARTESIAN_POINT('Ctrl Pts',(149.813930680348,-128.40018633267,-0.234130517336401));
#8595=CARTESIAN_POINT('Ctrl Pts',(151.546780314738,-128.462082148368,-0.313115030797546));
#8596=CARTESIAN_POINT('Ctrl Pts',(152.442135002619,-129.946854742613,-0.392099544258691));
#8597=CARTESIAN_POINT('Ctrl Pts',(151.688075749365,-131.50824507699,-0.471084057719837));
#8598=CARTESIAN_POINT('Ctrl Pts',(149.968416702378,-131.730126911495,-0.550068571180981));
#8599=CARTESIAN_POINT('Ctrl Pts',(148.842706358678,-130.411338336631,-0.629053084642128));
#8600=CARTESIAN_POINT('Ctrl Pts',(149.331827794446,-128.747840910379,-0.708037598103271));
#8601=CARTESIAN_POINT('Ctrl Pts',(150.992207364693,-128.248249702686,-0.787022111564418));
#8602=CARTESIAN_POINT('Ctrl Pts',(152.318069533604,-129.365630131883,-0.866006625025562));
#8603=CARTESIAN_POINT('Ctrl Pts',(152.107010113614,-131.086649386298,-0.944991138486707));
#8604=CARTESIAN_POINT('Ctrl Pts',(150.550435424702,-131.850538829249,-1.02397565194785));
#8605=CARTESIAN_POINT('Ctrl Pts',(149.059980420567,-130.964539035728,-1.102960165409));
#8606=CARTESIAN_POINT('Ctrl Pts',(148.98731681627,-129.232149891492,-1.18194467887014));
#8607=CARTESIAN_POINT('Ctrl Pts',(150.398342210832,-128.224449887888,-1.26092919233129));
#8608=CARTESIAN_POINT('Ctrl Pts',(152.01341833244,-128.855307312005,-1.33991370579243));
#8609=CARTESIAN_POINT('Ctrl Pts',(152.367856324368,-130.552606848594,-1.41889821925358));
#8610=CARTESIAN_POINT('Ctrl Pts',(151.140221561419,-131.777092403398,-1.49788273271472));
#8611=CARTESIAN_POINT('Ctrl Pts',(149.443838021599,-131.418295979913,-1.57686724617587));
#8612=CARTESIAN_POINT('Ctrl Pts',(148.817131076069,-129.801604792399,-1.65585175963701));
#8613=CARTESIAN_POINT('Ctrl Pts',(149.828452069995,-128.393172388593,-1.73483627309816));
#8614=CARTESIAN_POINT('Ctrl Pts',(151.5606488144,-128.470285474342,-1.81382078655931));
#8615=CARTESIAN_POINT('Ctrl Pts',(152.442817466796,-129.963011322708,-1.89280530002045));
#8616=CARTESIAN_POINT('Ctrl Pts',(151.674932204228,-131.517618737105,-1.9717898134816));
#8617=CARTESIAN_POINT('Ctrl Pts',(149.953376918183,-131.724257035896,-2.05077432694274));
#8618=CARTESIAN_POINT('Ctrl Pts',(148.839404868609,-130.395528974088,-2.12975884040389));
#8619=CARTESIAN_POINT('Ctrl Pts',(149.343260982295,-128.73643855879,-2.20874335386503));
#8620=CARTESIAN_POINT('Ctrl Pts',(151.008005533619,-128.251590574076,-2.28772786732618));
#8621=CARTESIAN_POINT('Ctrl Pts',(152.323906085393,-129.380686551967,-2.36671238078732));
#8622=CARTESIAN_POINT('Ctrl Pts',(152.097591711399,-131.099765896723,-2.44569689424847));
#8623=CARTESIAN_POINT('Ctrl Pts',(150.534303600832,-131.849820743255,-2.52468140770961));
#8624=CARTESIAN_POINT('Ctrl Pts',(149.051764831579,-130.950637343105,-2.60366592117076));
#8625=CARTESIAN_POINT('Ctrl Pts',(148.994468087247,-129.217671944566,-2.6826504346319));
#8626=CARTESIAN_POINT('Ctrl Pts',(150.414374945603,-128.222525471407,-2.76163494809305));
#8627=CARTESIAN_POINT('Ctrl Pts',(152.023792685175,-128.86768167652,-2.84061946155419));
#8628=CARTESIAN_POINT('Ctrl Pts',(152.363163943552,-130.568057852086,-2.91960397501534));
#8629=CARTESIAN_POINT('Ctrl Pts',(151.12471789991,-131.781607763064,-2.99858848847648));
#8630=CARTESIAN_POINT('Ctrl Pts',(149.431583122118,-131.407780779451,-3.07757300193763));
#8631=CARTESIAN_POINT('Ctrl Pts',(148.819238727698,-129.785595114347,-3.15655751539877));
#8632=CARTESIAN_POINT('Ctrl Pts',(149.843010874198,-128.386187174719,-3.23554202885992));
#8633=CARTESIAN_POINT('Ctrl Pts',(151.574455605078,-128.478659513049,-3.31452654232107));
#8634=CARTESIAN_POINT('Ctrl Pts',(152.443351067781,-129.979150320864,-3.39351105578221));
#8635=CARTESIAN_POINT('Ctrl Pts',(151.661708700625,-131.526886473866,-3.47249556924336));
#8636=CARTESIAN_POINT('Ctrl Pts',(149.938388511612,-131.718248736576,-3.5514800827045));
#8637=CARTESIAN_POINT('Ctrl Pts',(148.836244325344,-130.379693477306,-3.63046459616565));
#8638=CARTESIAN_POINT('Ctrl Pts',(149.354794552701,-128.725136844505,-3.70944910962679));
#8639=CARTESIAN_POINT('Ctrl Pts',(151.023773591724,-128.25507200135,-3.78843362308794));
#8640=CARTESIAN_POINT('Ctrl Pts',(152.329608810364,-129.395793865432,-3.86741813654908));
#8641=CARTESIAN_POINT('Ctrl Pts',(152.088057385559,-131.11279849517,-3.94640265001023));
#8642=CARTESIAN_POINT('Ctrl Pts',(150.518178764508,-131.848959554189,-4.02538716347137));
#8643=CARTESIAN_POINT('Ctrl Pts',(149.043672862641,-130.936663366169,-4.10437167693252));
#8644=CARTESIAN_POINT('Ctrl Pts',(149.001747473503,-129.203257974868,-4.18335619039366));
#8645=CARTESIAN_POINT('Ctrl Pts',(150.430424118828,-128.220743326395,-4.26234070385481));
#8646=CARTESIAN_POINT('Ctrl Pts',(152.034056884338,-128.880147558303,-4.34132521731595));
#8647=CARTESIAN_POINT('Ctrl Pts',(152.358334719002,-130.583466633248,-4.4203097307771));
#8648=CARTESIAN_POINT('Ctrl Pts',(151.109174800127,-131.785985449774,-4.49929424423824));
#8649=CARTESIAN_POINT('Ctrl Pts',(149.419421965902,-131.397157303443,-4.57827875769939));
#8650=CARTESIAN_POINT('Ctrl Pts',(148.821488269795,-129.769604767755,-4.65726327116053));
#8651=CARTESIAN_POINT('Ctrl Pts',(149.857631078801,-128.379331332131,-4.73624778462168));
#8652=CARTESIAN_POINT('Ctrl Pts',(151.588187537347,-128.487155713671,-4.81523229808282));
#8653=CARTESIAN_POINT('Ctrl Pts',(152.44374161825,-129.995293326048,-4.89421681154397));
#8654=CARTESIAN_POINT('Ctrl Pts',(151.648403311604,-131.536036760503,-4.97320132500511));
#8655=CARTESIAN_POINT('Ctrl Pts',(149.923454424916,-131.712107350934,-5.05218583846626));
#8656=CARTESIAN_POINT('Ctrl Pts',(148.83322341718,-130.363831399257,-5.1311703519274));
#8657=CARTESIAN_POINT('Ctrl Pts',(149.366429841208,-128.713936137293,-5.21015486538855));
#8658=CARTESIAN_POINT('Ctrl Pts',(151.039506100915,-128.258696736199,-5.28913937884969));
#8659=CARTESIAN_POINT('Ctrl Pts',(152.33518579521,-129.410943635158,-5.36812389231085));
#8660=CARTESIAN_POINT('Ctrl Pts',(152.07839016968,-131.12576174225,-5.44710840577198));
#8661=CARTESIAN_POINT('Ctrl Pts',(150.502099135019,-131.847922560751,-5.52609291923313));
#8662=CARTESIAN_POINT('Ctrl Pts',(149.035627991771,-130.922686734904,-5.60507743269427));
#8663=CARTESIAN_POINT('Ctrl Pts',(149.00931552286,-129.188765742972,-5.68406194615543));
#8664=CARTESIAN_POINT('Ctrl Pts',(150.446151567961,-128.219401383387,-5.76304645961656));
#8665=CARTESIAN_POINT('Ctrl Pts',(152.044911043959,-128.892061423916,-5.84203097307771));
#8666=CARTESIAN_POINT('Ctrl Pts',(152.351857325374,-130.600022320855,-5.92101548653886));
#8667=CARTESIAN_POINT('Ctrl Pts',(151.515038442549,-131.390047892842,-5.97367182884629));
#8668=CARTESIAN_POINT('Ctrl Pts',(151.021857740601,-131.521896020606,-6.));
#8669=CARTESIAN_POINT('Ctrl Pts',(151.581460051466,-129.206035293451,-2.68331207526553E-16));
#8670=CARTESIAN_POINT('Ctrl Pts',(151.618323280274,-129.240460650037,-2.98009908842669E-16));
#8671=CARTESIAN_POINT('Ctrl Pts',(151.652805759104,-129.277125961798,-2.59677187001369E-16));
#8672=CARTESIAN_POINT('Ctrl Pts',(151.684906931834,-129.315710927077,-7.04297731246584E-16));
#8673=CARTESIAN_POINT('Ctrl Pts',(151.718455152731,-129.356035215208,-1.16896076268672E-15));
#8674=CARTESIAN_POINT('Ctrl Pts',(151.749403158938,-129.398456580381,-1.10917650986478E-15));
#8675=CARTESIAN_POINT('Ctrl Pts',(151.777722213243,-129.442659164007,-1.196959198424E-15));
#8676=CARTESIAN_POINT('Ctrl Pts',(151.800630274727,-129.478415848978,-1.26796902823923E-15));
#8677=CARTESIAN_POINT('Ctrl Pts',(151.8218176069,-129.515339256967,-1.73987082294175E-17));
#8678=CARTESIAN_POINT('Ctrl Pts',(151.841252248294,-129.553280667995,6.59194920871187E-17));
#8679=CARTESIAN_POINT('Ctrl Pts',(151.849917117052,-129.570196717044,1.03066628289619E-16));
#8680=CARTESIAN_POINT('Ctrl Pts',(151.85823337194,-129.5873153108,-2.09000743579242E-15));
#8681=CARTESIAN_POINT('Ctrl Pts',(151.866197081032,-129.604624056032,-2.16493489801906E-15));
#8682=CARTESIAN_POINT('Ctrl Pts',(151.86982260535,-129.612503961743,-2.19904605567734E-15));
#8683=CARTESIAN_POINT('Ctrl Pts',(151.873374413879,-129.620422044946,8.32708636522638E-16));
#8684=CARTESIAN_POINT('Ctrl Pts',(151.876848406024,-129.628368083328,7.49400541621981E-16));
#8685=CARTESIAN_POINT('Ctrl Pts',(151.898655332577,-129.678246916706,2.26459374640365E-16));
#8686=CARTESIAN_POINT('Ctrl Pts',(151.917443080348,-129.729319098719,7.75290868589717E-17));
#8687=CARTESIAN_POINT('Ctrl Pts',(151.933185797472,-129.781252391145,6.24500451351651E-17));
#8688=CARTESIAN_POINT('Ctrl Pts',(151.94922756993,-129.834172230431,4.70845555361335E-17));
#8689=CARTESIAN_POINT('Ctrl Pts',(151.962108120422,-129.887987131239,-7.9171657511416E-16));
#8690=CARTESIAN_POINT('Ctrl Pts',(151.971759304442,-129.942380250958,-2.42861286636753E-16));
#8691=CARTESIAN_POINT('Ctrl Pts',(151.978781784367,-129.981958254083,1.56501655497909E-16));
#8692=CARTESIAN_POINT('Ctrl Pts',(151.984093673369,-130.021843184954,-2.13993791076707E-15));
#8693=CARTESIAN_POINT('Ctrl Pts',(151.987652774976,-130.061919745418,-1.99146255042137E-15));
#8694=CARTESIAN_POINT('Ctrl Pts',(151.988894969264,-130.075907228779,-1.93964182009199E-15));
#8695=CARTESIAN_POINT('Ctrl Pts',(151.989923520433,-130.089918087123,-6.0977114458826E-16));
#8696=CARTESIAN_POINT('Ctrl Pts',(151.990736208076,-130.103947493181,-6.03683769639929E-16));
#8697=CARTESIAN_POINT('Ctrl Pts',(151.991316802163,-130.113970274094,-5.99334873814142E-16));
#8698=CARTESIAN_POINT('Ctrl Pts',(151.991787115676,-130.124002631445,8.15836230264206E-17));
#8699=CARTESIAN_POINT('Ctrl Pts',(151.992146058215,-130.134028091,1.11022302462516E-16));
#8700=CARTESIAN_POINT('Ctrl Pts',(151.994180574861,-130.190853243092,2.77883225621974E-16));
#8701=CARTESIAN_POINT('Ctrl Pts',(151.992648375502,-130.247570884505,4.62059471709591E-16));
#8702=CARTESIAN_POINT('Ctrl Pts',(151.987492920775,-130.303846900988,3.05311331771918E-16));
#8703=CARTESIAN_POINT('Ctrl Pts',(151.983887651309,-130.343201373992,1.95695534010105E-16));
#8704=CARTESIAN_POINT('Ctrl Pts',(151.978509587715,-130.382340562126,-6.67967519866997E-16));
#8705=CARTESIAN_POINT('Ctrl Pts',(151.971325006801,-130.421154998185,-9.85322934354826E-16));
#8706=CARTESIAN_POINT('Ctrl Pts',(151.961315430881,-130.475231366618,-1.42746328369357E-15));
#8707=CARTESIAN_POINT('Ctrl Pts',(151.947801731335,-130.528677996163,-8.92052503799212E-16));
#8708=CARTESIAN_POINT('Ctrl Pts',(151.931010206371,-130.58129224547,-9.99200722162641E-16));
#8709=CARTESIAN_POINT('Ctrl Pts',(151.92640607515,-130.59571874386,-1.02858009410287E-15));
#8710=CARTESIAN_POINT('Ctrl Pts',(151.921555209759,-130.610082629444,4.08466382773692E-17));
#8711=CARTESIAN_POINT('Ctrl Pts',(151.916461615858,-130.624379614877,1.38777878078145E-16));
#8712=CARTESIAN_POINT('Ctrl Pts',(151.911887089572,-130.637219652175,2.26729340119158E-16));
#8713=CARTESIAN_POINT('Ctrl Pts',(151.907115005243,-130.650009858772,4.75936101148982E-17));
#8714=CARTESIAN_POINT('Ctrl Pts',(151.902159144938,-130.662719977956,-1.11022302462516E-16));
#8715=CARTESIAN_POINT('Ctrl Pts',(151.881559111637,-130.71555215286,-7.70341346956443E-16));
#8716=CARTESIAN_POINT('Ctrl Pts',(151.857760326766,-130.767085285682,-6.65396922112026E-16));
#8717=CARTESIAN_POINT('Ctrl Pts',(151.831048197945,-130.817111828442,-5.27355936696949E-16));
#8718=CARTESIAN_POINT('Ctrl Pts',(151.803700558312,-130.868328557469,-3.86030804987713E-16));
#8719=CARTESIAN_POINT('Ctrl Pts',(151.773298955228,-130.917967056321,1.09869573138984E-15));
#8720=CARTESIAN_POINT('Ctrl Pts',(151.740094201539,-130.965798906024,1.47104550762833E-15));
#8721=CARTESIAN_POINT('Ctrl Pts',(151.719475768408,-130.995500008578,1.70225544325134E-15));
#8722=CARTESIAN_POINT('Ctrl Pts',(151.697775429572,-131.024504347457,9.47758170861984E-16));
#8723=CARTESIAN_POINT('Ctrl Pts',(151.67504384409,-131.052753762202,1.42941214420489E-15));
#8724=CARTESIAN_POINT('Ctrl Pts',(151.663749344902,-131.066789870336,1.66872850930523E-15));
#8725=CARTESIAN_POINT('Ctrl Pts',(151.652200154145,-131.080639554751,-5.70131027702392E-16));
#8726=CARTESIAN_POINT('Ctrl Pts',(151.640401902813,-131.094295313274,-7.21644966006352E-16));
#8727=CARTESIAN_POINT('Ctrl Pts',(151.632961311066,-131.102907345795,-8.17197546394677E-16));
#8728=CARTESIAN_POINT('Ctrl Pts',(151.625421654947,-131.111442244459,1.06238145287609E-16));
#8729=CARTESIAN_POINT('Ctrl Pts',(151.617784273831,-131.119898067652,5.55111512312578E-17));
#8730=CARTESIAN_POINT('Ctrl Pts',(151.610435551082,-131.12803429908,6.70140747727443E-18));
#8731=CARTESIAN_POINT('Ctrl Pts',(151.603002825464,-131.136090144213,-2.39868885522159E-16));
#8732=CARTESIAN_POINT('Ctrl Pts',(151.595488110749,-131.144063822771,-1.66533453693773E-16));
#8733=CARTESIAN_POINT('Ctrl Pts',(151.554058546713,-131.188023711998,2.37773973057555E-16));
#8734=CARTESIAN_POINT('Ctrl Pts',(151.510137675288,-131.229491447038,3.0728006796908E-16));
#8735=CARTESIAN_POINT('Ctrl Pts',(151.463980912286,-131.268215553056,-2.77555756156289E-17));
#8736=CARTESIAN_POINT('Ctrl Pts',(151.432078747881,-131.294980488815,-2.59322121626235E-16));
#8737=CARTESIAN_POINT('Ctrl Pts',(151.399107369971,-131.32043443423,3.58483058135354E-16));
#8738=CARTESIAN_POINT('Ctrl Pts',(151.365139052349,-131.344486212151,-2.22044604925031E-16));
#8739=CARTESIAN_POINT('Ctrl Pts',(151.351492823978,-131.354148629285,-4.55262309539092E-16));
#8740=CARTESIAN_POINT('Ctrl Pts',(151.337683080774,-131.363586101081,5.82956970236075E-16));
#8741=CARTESIAN_POINT('Ctrl Pts',(151.323735235212,-131.372779050447,3.88578058618805E-16));
#8742=CARTESIAN_POINT('Ctrl Pts',(151.272968172868,-131.406239345912,-3.18918040376658E-16));
#8743=CARTESIAN_POINT('Ctrl Pts',(151.220320614764,-131.43650263642,-1.59237718061327E-15));
#8744=CARTESIAN_POINT('Ctrl Pts',(151.166030499542,-131.463305058308,-1.85962356624714E-15));
#8745=CARTESIAN_POINT('Ctrl Pts',(151.135791961062,-131.478233486113,-2.00847460630707E-15));
#8746=CARTESIAN_POINT('Ctrl Pts',(151.105043130528,-131.492087707559,-2.03979543105359E-15));
#8747=CARTESIAN_POINT('Ctrl Pts',(151.073820411304,-131.504816872246,-2.41473507855972E-15));
#8748=CARTESIAN_POINT('Ctrl Pts',(151.056964976031,-131.511688650772,-2.6167396308447E-15));
#8749=CARTESIAN_POINT('Ctrl Pts',(151.039971381674,-131.518232478077,-1.57273148723868E-15));
#8750=CARTESIAN_POINT('Ctrl Pts',(151.022848381806,-131.524450845151,-1.55431223447522E-15));
#8751=CARTESIAN_POINT('Ctrl Pts',(149.358520253782,-130.032354497788,-0.806580326380593));
#8752=CARTESIAN_POINT('Ctrl Pts',(149.357715823999,-130.120927569726,-0.801001929124211));
#8753=CARTESIAN_POINT('Ctrl Pts',(149.366236738252,-130.209346954982,-0.79542353186783));
#8754=CARTESIAN_POINT('Ctrl Pts',(149.38465927665,-130.295652697485,-0.789845134611448));
#8755=CARTESIAN_POINT('Ctrl Pts',(149.47160750241,-130.702986964974,-0.763516963457733));
#8756=CARTESIAN_POINT('Ctrl Pts',(149.779116841275,-131.063239320324,-0.737188792304017));
#8757=CARTESIAN_POINT('Ctrl Pts',(150.167750411649,-131.213059861822,-0.710860621150302));
#8758=CARTESIAN_POINT('Ctrl Pts',(150.556383982024,-131.362880403319,-0.684532449996586));
#8759=CARTESIAN_POINT('Ctrl Pts',(151.026141783906,-131.302269130964,-0.658204278842871));
#8760=CARTESIAN_POINT('Ctrl Pts',(151.364013547857,-131.058701658772,-0.631876107689156));
#8761=CARTESIAN_POINT('Ctrl Pts',(151.701885311807,-130.81513418658,-0.605547936535441));
#8762=CARTESIAN_POINT('Ctrl Pts',(151.907871037826,-130.388610514552,-0.579219765381726));
#8763=CARTESIAN_POINT('Ctrl Pts',(151.888572260867,-129.972551644035,-0.552891594228012));
#8764=CARTESIAN_POINT('Ctrl Pts',(151.869273483908,-129.556492773519,-0.526563423074296));
#8765=CARTESIAN_POINT('Ctrl Pts',(151.624690203971,-129.150898704514,-0.500235251920581));
#8766=CARTESIAN_POINT('Ctrl Pts',(151.265718032281,-128.939647656299,-0.473907080766865));
#8767=CARTESIAN_POINT('Ctrl Pts',(150.90674586059,-128.728396608085,-0.447578909613151));
#8768=CARTESIAN_POINT('Ctrl Pts',(150.433384797145,-128.71148858066,-0.421250738459436));
#8769=CARTESIAN_POINT('Ctrl Pts',(150.060295491588,-128.896664433555,-0.394922567305721));
#8770=CARTESIAN_POINT('Ctrl Pts',(149.687206186031,-129.08184028645,-0.368594396152006));
#8771=CARTESIAN_POINT('Ctrl Pts',(149.414388638362,-129.469100019665,-0.342266224998291));
#8772=CARTESIAN_POINT('Ctrl Pts',(149.365511093936,-129.882689027304,-0.315938053844576));
#8773=CARTESIAN_POINT('Ctrl Pts',(149.35972030382,-129.931689179941,-0.312818811356581));
#8774=CARTESIAN_POINT('Ctrl Pts',(149.357072833523,-129.981058901789,-0.309699568868586));
#8775=CARTESIAN_POINT('Ctrl Pts',(149.357436807312,-130.030467006384,-0.306580326380592));
#8776=CARTESIAN_POINT('Ctrl Pts',(151.021857740601,-131.521896020606,-6.));
#8777=CARTESIAN_POINT('Ctrl Pts',(151.079541247783,-131.500818704501,-6.));
#8778=CARTESIAN_POINT('Ctrl Pts',(151.135720438274,-131.476063743345,-6.));
#8779=CARTESIAN_POINT('Ctrl Pts',(151.190177832707,-131.44791373162,-6.));
#8780=CARTESIAN_POINT('Ctrl Pts',(151.241577395781,-131.421344368206,-5.99999999999999));
#8781=CARTESIAN_POINT('Ctrl Pts',(151.291443398679,-131.39174939067,-6.));
#8782=CARTESIAN_POINT('Ctrl Pts',(151.339563052922,-131.359333924812,-5.99999999999999));
#8783=CARTESIAN_POINT('Ctrl Pts',(151.349363622295,-131.352731840343,-5.99999999999999));
#8784=CARTESIAN_POINT('Ctrl Pts',(151.359090562729,-131.346013307296,-6.));
#8785=CARTESIAN_POINT('Ctrl Pts',(151.368734119302,-131.3391858309,-6.));
#8786=CARTESIAN_POINT('Ctrl Pts',(151.417868430474,-131.304399562241,-6.));
#8787=CARTESIAN_POINT('Ctrl Pts',(151.464899431597,-131.266749194914,-6.));
#8788=CARTESIAN_POINT('Ctrl Pts',(151.509598645309,-131.226481737759,-6.));
#8789=CARTESIAN_POINT('Ctrl Pts',(151.537462978571,-131.201380046866,-6.));
#8790=CARTESIAN_POINT('Ctrl Pts',(151.564420446727,-131.17526063433,-6.));
#8791=CARTESIAN_POINT('Ctrl Pts',(151.590406923574,-131.148177998288,-6.));
#8792=CARTESIAN_POINT('Ctrl Pts',(151.598683591575,-131.139552204633,-6.));
#8793=CARTESIAN_POINT('Ctrl Pts',(151.606861704178,-131.130828676113,-6.));
#8794=CARTESIAN_POINT('Ctrl Pts',(151.614939026077,-131.122009113604,-6.));
#8795=CARTESIAN_POINT('Ctrl Pts',(151.622355791029,-131.113910807888,-6.));
#8796=CARTESIAN_POINT('Ctrl Pts',(151.629684413798,-131.10573490388,-6.));
#8797=CARTESIAN_POINT('Ctrl Pts',(151.636918397582,-131.097488763125,-6.));
#8798=CARTESIAN_POINT('Ctrl Pts',(151.676427618778,-131.052451532081,-6.));
#8799=CARTESIAN_POINT('Ctrl Pts',(151.713165451453,-131.005269673617,-6.));
#8800=CARTESIAN_POINT('Ctrl Pts',(151.746906415006,-130.95618757107,-6.));
#8801=CARTESIAN_POINT('Ctrl Pts',(151.779201802545,-130.909208310371,-6.));
#8802=CARTESIAN_POINT('Ctrl Pts',(151.808751851681,-130.860487142846,-6.));
#8803=CARTESIAN_POINT('Ctrl Pts',(151.835312871739,-130.810220011166,-6.));
#8804=CARTESIAN_POINT('Ctrl Pts',(151.850059687059,-130.782311440413,-6.));
#8805=CARTESIAN_POINT('Ctrl Pts',(151.863884277977,-130.753926075844,-6.));
#8806=CARTESIAN_POINT('Ctrl Pts',(151.876738002709,-130.725096461939,-6.));
#8807=CARTESIAN_POINT('Ctrl Pts',(151.887758029716,-130.700379647903,-6.00000000000001));
#8808=CARTESIAN_POINT('Ctrl Pts',(151.898064365281,-130.675336271974,-6.));
#8809=CARTESIAN_POINT('Ctrl Pts',(151.907623159911,-130.64998686279,-6.));
#8810=CARTESIAN_POINT('Ctrl Pts',(151.911127783728,-130.640692788944,-6.));
#8811=CARTESIAN_POINT('Ctrl Pts',(151.914531116617,-130.631359391316,-6.00000000000001));
#8812=CARTESIAN_POINT('Ctrl Pts',(151.91782794007,-130.621998626398,-6.00000000000001));
#8813=CARTESIAN_POINT('Ctrl Pts',(151.935369134741,-130.572193411756,-6.));
#8814=CARTESIAN_POINT('Ctrl Pts',(151.949931088375,-130.521528851824,-6.));
#8815=CARTESIAN_POINT('Ctrl Pts',(151.961325950116,-130.47016708313,-6.));
#8816=CARTESIAN_POINT('Ctrl Pts',(151.973566828676,-130.414991935984,-6.));
#8817=CARTESIAN_POINT('Ctrl Pts',(151.98215322461,-130.359011181335,-6.));
#8818=CARTESIAN_POINT('Ctrl Pts',(151.987176265816,-130.3025607181,-6.));
#8819=CARTESIAN_POINT('Ctrl Pts',(151.991462752494,-130.254387878439,-6.));
#8820=CARTESIAN_POINT('Ctrl Pts',(151.993153213828,-130.205872529625,-6.));
#8821=CARTESIAN_POINT('Ctrl Pts',(151.992275425877,-130.157231740351,-6.));
#8822=CARTESIAN_POINT('Ctrl Pts',(151.99206338291,-130.145481821354,-6.));
#8823=CARTESIAN_POINT('Ctrl Pts',(151.991701359698,-130.133724640473,-6.));
#8824=CARTESIAN_POINT('Ctrl Pts',(151.991189536278,-130.121963382706,-6.));
#8825=CARTESIAN_POINT('Ctrl Pts',(151.990761282868,-130.112122491186,-6.));
#8826=CARTESIAN_POINT('Ctrl Pts',(151.990228113345,-130.102279895842,-6.));
#8827=CARTESIAN_POINT('Ctrl Pts',(151.98959124852,-130.092450089726,-6.));
#8828=CARTESIAN_POINT('Ctrl Pts',(151.986002881291,-130.03706478229,-6.));
#8829=CARTESIAN_POINT('Ctrl Pts',(151.979122557299,-129.981976249708,-6.00000000000001));
#8830=CARTESIAN_POINT('Ctrl Pts',(151.969047695295,-129.927498804911,-6.00000000000001));
#8831=CARTESIAN_POINT('Ctrl Pts',(151.959030372911,-129.873332492072,-6.00000000000001));
#8832=CARTESIAN_POINT('Ctrl Pts',(151.945854400101,-129.819769216791,-6.00000000000001));
#8833=CARTESIAN_POINT('Ctrl Pts',(151.929568778793,-129.767138171668,-6.00000000000001));
#8834=CARTESIAN_POINT('Ctrl Pts',(151.913867826672,-129.716396630779,-6.00000000000001));
#8835=CARTESIAN_POINT('Ctrl Pts',(151.895275899231,-129.666520841868,-6.00000000000001));
#8836=CARTESIAN_POINT('Ctrl Pts',(151.873801614422,-129.617837732713,-6.00000000000001));
#8837=CARTESIAN_POINT('Ctrl Pts',(151.869825781756,-129.608824352412,-6.00000000000001));
#8838=CARTESIAN_POINT('Ctrl Pts',(151.865750954101,-129.599851983764,-6.00000000000001));
#8839=CARTESIAN_POINT('Ctrl Pts',(151.861583460921,-129.590935786949,-6.00000000000001));
#8840=CARTESIAN_POINT('Ctrl Pts',(151.839085643564,-129.542802542637,-6.00000000000001));
#8841=CARTESIAN_POINT('Ctrl Pts',(151.813848537152,-129.496206558287,-6.00000000000001));
#8842=CARTESIAN_POINT('Ctrl Pts',(151.785927409664,-129.451442825405,-6.));
#8843=CARTESIAN_POINT('Ctrl Pts',(151.758977974279,-129.408236929533,-6.));
#8844=CARTESIAN_POINT('Ctrl Pts',(151.729527496229,-129.366737330813,-6.00000000000001));
#8845=CARTESIAN_POINT('Ctrl Pts',(151.697592613467,-129.3272432983,-6.00000000000001));
#8846=CARTESIAN_POINT('Ctrl Pts',(151.671907482602,-129.295478365858,-6.00000000000001));
#8847=CARTESIAN_POINT('Ctrl Pts',(151.644614516967,-129.265011301666,-6.00000000000001));
#8848=CARTESIAN_POINT('Ctrl Pts',(151.615709550582,-129.236018810554,-6.00000000000001));
#8849=CARTESIAN_POINT('Ctrl Pts',(151.605123868049,-129.225401074396,-6.00000000000001));
#8850=CARTESIAN_POINT('Ctrl Pts',(151.594321873832,-129.214981319321,-6.));
#8851=CARTESIAN_POINT('Ctrl Pts',(151.583310442786,-129.204763010875,-6.));
#8852=CARTESIAN_POINT('Ctrl Pts',(149.078626902239,-130.030295306342,-0.145788276411274));
#8853=CARTESIAN_POINT('Ctrl Pts',(149.078182764987,-129.970005306034,-0.148907518899268));
#8854=CARTESIAN_POINT('Ctrl Pts',(149.108681105407,-129.401275758828,-0.178354932540977));
#8855=CARTESIAN_POINT('Ctrl Pts',(149.813930680348,-128.40018633267,-0.234130517336401));
#8856=CARTESIAN_POINT('Ctrl Pts',(151.546780314738,-128.462082148368,-0.313115030797546));
#8857=CARTESIAN_POINT('Ctrl Pts',(152.442135002619,-129.946854742613,-0.392099544258691));
#8858=CARTESIAN_POINT('Ctrl Pts',(151.688075749365,-131.50824507699,-0.471084057719837));
#8859=CARTESIAN_POINT('Ctrl Pts',(149.968416702378,-131.730126911495,-0.550068571180981));
#8860=CARTESIAN_POINT('Ctrl Pts',(149.138438193719,-130.757793148438,-0.608303310744796));
#8861=CARTESIAN_POINT('Ctrl Pts',(149.078967371001,-130.140679370587,-0.640209879154894));
#8862=CARTESIAN_POINT('Ctrl Pts',(149.079948972547,-130.032598508586,-0.645788276411278));
#8863=CARTESIAN_POINT('Origin',(150.623343898743,-130.031246592388,7.10421172358873));
#8864=CARTESIAN_POINT('Ctrl Pts',(149.081967638551,-130.032654118795,-0.104211723588729));
#8865=CARTESIAN_POINT('Ctrl Pts',(149.084467419187,-129.684628966948,-0.122130824699916));
#8866=CARTESIAN_POINT('Ctrl Pts',(149.371988363954,-128.820446799866,-0.166378096964818));
#8867=CARTESIAN_POINT('Ctrl Pts',(150.800536228579,-128.219401412775,-0.236953540383435));
#8868=CARTESIAN_POINT('Ctrl Pts',(152.23737226248,-129.188765740083,-0.31593805384458));
#8869=CARTESIAN_POINT('Ctrl Pts',(152.211059796122,-130.922686733518,-0.394922567305724));
#8870=CARTESIAN_POINT('Ctrl Pts',(150.744588660884,-131.847922546101,-0.47390708076687));
#8871=CARTESIAN_POINT('Ctrl Pts',(149.352330002568,-131.210074188262,-0.543670132861205));
#8872=CARTESIAN_POINT('Ctrl Pts',(149.08404077003,-130.362664738899,-0.587105013801826));
#8873=CARTESIAN_POINT('Ctrl Pts',(149.081869931949,-130.030170888839,-0.604211723588732));
#8874=CARTESIAN_POINT('Ctrl Pts',(150.224830056886,-131.521896020606,1.11022302462516E-15));
#8875=CARTESIAN_POINT('Ctrl Pts',(149.731649354938,-131.390047892842,-0.026328171153714));
#8876=CARTESIAN_POINT('Ctrl Pts',(148.894830458464,-130.600022422325,-0.0789845134611445));
#8877=CARTESIAN_POINT('Ctrl Pts',(149.201776765261,-128.892061408489,-0.15796902692229));
#8878=CARTESIAN_POINT('Ctrl Pts',(150.800536228579,-128.219401412775,-0.236953540383435));
#8879=CARTESIAN_POINT('Ctrl Pts',(152.23737226248,-129.188765740083,-0.31593805384458));
#8880=CARTESIAN_POINT('Ctrl Pts',(152.211059796122,-130.922686733518,-0.394922567305724));
#8881=CARTESIAN_POINT('Ctrl Pts',(150.744588660884,-131.847922546101,-0.47390708076687));
#8882=CARTESIAN_POINT('Ctrl Pts',(149.168297638089,-131.125761736139,-0.552891594228015));
#8883=CARTESIAN_POINT('Ctrl Pts',(148.91150201352,-129.410943638683,-0.63187610768916));
#8884=CARTESIAN_POINT('Ctrl Pts',(150.207181699537,-128.258696748472,-0.710860621150304));
#8885=CARTESIAN_POINT('Ctrl Pts',(151.880257947724,-128.713936145992,-0.78984513461145));
#8886=CARTESIAN_POINT('Ctrl Pts',(152.413464368301,-130.363831397105,-0.868829648072594));
#8887=CARTESIAN_POINT('Ctrl Pts',(151.323233367831,-131.71210733957,-0.94781416153374));
#8888=CARTESIAN_POINT('Ctrl Pts',(149.5982844928,-131.536036750391,-1.02679867499488));
#8889=CARTESIAN_POINT('Ctrl Pts',(148.802946191489,-129.995293326278,-1.10578318845603));
#8890=CARTESIAN_POINT('Ctrl Pts',(149.658500266641,-128.487155724075,-1.18476770191718));
#8891=CARTESIAN_POINT('Ctrl Pts',(151.389056713527,-128.379331343252,-1.26375221537832));
#8892=CARTESIAN_POINT('Ctrl Pts',(152.425199515558,-129.769604769519,-1.34273672883946));
#8893=CARTESIAN_POINT('Ctrl Pts',(151.827265823477,-131.397157294243,-1.42172124230061));
#8894=CARTESIAN_POINT('Ctrl Pts',(150.137513000632,-131.785985437958,-1.50070575576175));
#8895=CARTESIAN_POINT('Ctrl Pts',(148.888353090169,-130.583466629529,-1.5796902692229));
#8896=CARTESIAN_POINT('Ctrl Pts',(149.212630922649,-128.880147566055,-1.65867478268404));
#8897=CARTESIAN_POINT('Ctrl Pts',(150.81626367736,-128.220743338587,-1.73765929614519));
#8898=CARTESIAN_POINT('Ctrl Pts',(152.244940313063,-129.203257980444,-1.81664380960633));
#8899=CARTESIAN_POINT('Ctrl Pts',(152.203014924208,-130.936663360072,-1.89562832306748));
#8900=CARTESIAN_POINT('Ctrl Pts',(150.728509032271,-131.848959541948,-1.97461283652863));
#8901=CARTESIAN_POINT('Ctrl Pts',(149.158630421792,-131.112798487886,-2.05359734998977));
#8902=CARTESIAN_POINT('Ctrl Pts',(148.917078998613,-129.395793869711,-2.13258186345092));
#8903=CARTESIAN_POINT('Ctrl Pts',(150.22291420846,-128.255072013311,-2.21156637691206));
#8904=CARTESIAN_POINT('Ctrl Pts',(151.891893236242,-128.725136853301,-2.2905508903732));
#8905=CARTESIAN_POINT('Ctrl Pts',(152.410443460108,-130.379693474959,-2.36953540383435));
#8906=CARTESIAN_POINT('Ctrl Pts',(151.308299281262,-131.718248725215,-2.44851991729549));
#8907=CARTESIAN_POINT('Ctrl Pts',(149.584979103855,-131.526886463794,-2.52750443075664));
#8908=CARTESIAN_POINT('Ctrl Pts',(148.803336741962,-129.979150321215,-2.60648894421779));
#8909=CARTESIAN_POINT('Ctrl Pts',(149.672232198814,-128.478659523505,-2.68547345767893));
#8910=CARTESIAN_POINT('Ctrl Pts',(151.403676918033,-128.386187185797,-2.76445797114007));
#8911=CARTESIAN_POINT('Ctrl Pts',(152.427449057639,-129.785595116001,-2.84344248460122));
#8912=CARTESIAN_POINT('Ctrl Pts',(151.815104667343,-131.40778077018,-2.92242699806236));
#8913=CARTESIAN_POINT('Ctrl Pts',(150.121969900954,-131.781607751276,-3.00141151152351));
#8914=CARTESIAN_POINT('Ctrl Pts',(148.883523865652,-130.568057848471,-3.08039602498465));
#8915=CARTESIAN_POINT('Ctrl Pts',(149.222895121743,-128.867681684356,-3.15938053844581));
#8916=CARTESIAN_POINT('Ctrl Pts',(150.832312850477,-128.222525483588,-3.23836505190694));
#8917=CARTESIAN_POINT('Ctrl Pts',(152.25221969927,-129.217671950045,-3.31734956536809));
#8918=CARTESIAN_POINT('Ctrl Pts',(152.194922955325,-130.950637336913,-3.39633407882924));
#8919=CARTESIAN_POINT('Ctrl Pts',(150.712384196055,-131.849820731008,-3.47531859229038));
#8920=CARTESIAN_POINT('Ctrl Pts',(149.149096096016,-131.099765889527,-3.55430310575153));
#8921=CARTESIAN_POINT('Ctrl Pts',(148.922781723546,-129.380686556348,-3.63328761921267));
#8922=CARTESIAN_POINT('Ctrl Pts',(150.238682266458,-128.251590586061,-3.71227213267381));
#8923=CARTESIAN_POINT('Ctrl Pts',(151.903426806571,-128.736438567509,-3.79125664613496));
#8924=CARTESIAN_POINT('Ctrl Pts',(152.407282916864,-130.395528971635,-3.8702411595961));
#8925=CARTESIAN_POINT('Ctrl Pts',(151.293310874792,-131.724257024494,-3.94922567305725));
#8926=CARTESIAN_POINT('Ctrl Pts',(149.571755600341,-131.517618727095,-4.02821018651839));
#8927=CARTESIAN_POINT('Ctrl Pts',(148.803870342944,-129.963011323167,-4.10719469997954));
#8928=CARTESIAN_POINT('Ctrl Pts',(149.686038989399,-128.470285484855,-4.18617921344069));
#8929=CARTESIAN_POINT('Ctrl Pts',(151.418235722138,-128.393172399624,-4.26516372690183));
#8930=CARTESIAN_POINT('Ctrl Pts',(152.429556709254,-129.801604793946,-4.34414824036298));
#8931=CARTESIAN_POINT('Ctrl Pts',(151.802849767944,-131.418295970572,-4.42313275382412));
#8932=CARTESIAN_POINT('Ctrl Pts',(150.106466239549,-131.77709239164,-4.50211726728527));
#8933=CARTESIAN_POINT('Ctrl Pts',(148.878831484867,-130.552606845083,-4.58110178074641));
#8934=CARTESIAN_POINT('Ctrl Pts',(149.233269474408,-128.855307319924,-4.66008629420756));
#8935=CARTESIAN_POINT('Ctrl Pts',(150.848345585139,-128.224449900056,-4.7390708076687));
#8936=CARTESIAN_POINT('Ctrl Pts',(152.259370970199,-129.232149896871,-4.81805532112985));
#8937=CARTESIAN_POINT('Ctrl Pts',(152.186707366392,-130.964539029446,-4.89703983459099));
#8938=CARTESIAN_POINT('Ctrl Pts',(150.696252372294,-131.85053881699,-4.97602434805214));
#8939=CARTESIAN_POINT('Ctrl Pts',(149.139677693865,-131.086649379204,-5.05500886151328));
#8940=CARTESIAN_POINT('Ctrl Pts',(148.928618275294,-129.365630136339,-5.13399337497442));
#8941=CARTESIAN_POINT('Ctrl Pts',(150.254480435281,-128.248249714746,-5.21297788843558));
#8942=CARTESIAN_POINT('Ctrl Pts',(151.914859994335,-128.747840918921,-5.29196240189671));
#8943=CARTESIAN_POINT('Ctrl Pts',(152.403981426839,-130.411338334265,-5.37094691535786));
#8944=CARTESIAN_POINT('Ctrl Pts',(151.278271090644,-131.730126899685,-5.44993142881901));
#8945=CARTESIAN_POINT('Ctrl Pts',(149.558612055423,-131.508245067743,-5.52891594228015));
#8946=CARTESIAN_POINT('Ctrl Pts',(148.804552806806,-129.946854741869,-5.6079004557413));
#8947=CARTESIAN_POINT('Ctrl Pts',(149.699907489694,-128.462082161364,-5.68688496920244));
#8948=CARTESIAN_POINT('Ctrl Pts',(151.432757109995,-128.400186339221,-5.76586948266359));
#8949=CARTESIAN_POINT('Ctrl Pts',(152.431469981931,-129.817841782828,-5.84485399612473));
#8950=CARTESIAN_POINT('Ctrl Pts',(151.790612620797,-131.428266208268,-5.92383850958588));
#8951=CARTESIAN_POINT('Ctrl Pts',(150.090786228879,-131.773365510969,-6.00282302304702));
#8952=CARTESIAN_POINT('Ctrl Pts',(148.874854438493,-130.535279592638,-6.08180753650817));
#8953=CARTESIAN_POINT('Ctrl Pts',(149.121055005195,-129.411094825567,-6.1344638788156));
#8954=CARTESIAN_POINT('Ctrl Pts',(149.454207304318,-129.024286502028,-6.16079204996931));
#8955=CARTESIAN_POINT('Ctrl Pts',(150.248806316328,-131.432212316618,0.0535973499897713));
#8956=CARTESIAN_POINT('Ctrl Pts',(149.785297428053,-131.308296723653,0.0272691788360562));
#8957=CARTESIAN_POINT('Ctrl Pts',(148.998825056243,-130.565802489589,-0.0253871634713744));
#8958=CARTESIAN_POINT('Ctrl Pts',(149.287304189472,-128.960599553599,-0.104371676932519));
#8959=CARTESIAN_POINT('Ctrl Pts',(150.78987559694,-128.328409596513,-0.183356190393665));
#8960=CARTESIAN_POINT('Ctrl Pts',(152.14026556572,-129.23945291169,-0.262340703854809));
#8961=CARTESIAN_POINT('Ctrl Pts',(152.115536167386,-130.869053966332,-0.341325217315954));
#8962=CARTESIAN_POINT('Ctrl Pts',(150.737294068908,-131.73862372279,-0.420309730777099));
#8963=CARTESIAN_POINT('Ctrl Pts',(149.255839306611,-131.059911127468,-0.499294244238245));
#8964=CARTESIAN_POINT('Ctrl Pts',(149.01449358082,-129.448263658689,-0.57827875769939));
#8965=CARTESIAN_POINT('Ctrl Pts',(150.232219757969,-128.365340760468,-0.657263271160534));
#8966=CARTESIAN_POINT('Ctrl Pts',(151.80463674171,-128.793191051873,-0.73624778462168));
#8967=CARTESIAN_POINT('Ctrl Pts',(152.30576323398,-130.343821704274,-0.815232298082824));
#8968=CARTESIAN_POINT('Ctrl Pts',(151.281125090203,-131.610979727107,-0.894216811543969));
#8969=CARTESIAN_POINT('Ctrl Pts',(149.659956353797,-131.445502280959,-0.973201325005114));
#8970=CARTESIAN_POINT('Ctrl Pts',(148.912468931059,-129.997456425136,-1.05218583846626));
#8971=CARTESIAN_POINT('Ctrl Pts',(149.716549294842,-128.580054688608,-1.1311703519274));
#8972=CARTESIAN_POINT('Ctrl Pts',(151.342988228127,-128.478717473493,-1.21015486538855));
#8973=CARTESIAN_POINT('Ctrl Pts',(152.316792345698,-129.785346235854,-1.28913937884969));
#8974=CARTESIAN_POINT('Ctrl Pts',(151.754832845288,-131.314978393732,-1.36812389231084));
#8975=CARTESIAN_POINT('Ctrl Pts',(150.166742619367,-131.680413010114,-1.44710840577198));
#8976=CARTESIAN_POINT('Ctrl Pts',(148.992737393514,-130.550242762529,-1.52609291923313));
#8977=CARTESIAN_POINT('Ctrl Pts',(149.297505315356,-128.949402497754,-1.60507743269427));
#8978=CARTESIAN_POINT('Ctrl Pts',(150.804656816624,-128.329670786456,-1.68406194615542));
#8979=CARTESIAN_POINT('Ctrl Pts',(152.147378290728,-129.253073238259,-1.76304645961656));
#8980=CARTESIAN_POINT('Ctrl Pts',(152.107975308613,-130.882189700577,-1.84203097307771));
#8981=CARTESIAN_POINT('Ctrl Pts',(150.722181858002,-131.73959832863,-1.92101548653885));
#8982=CARTESIAN_POINT('Ctrl Pts',(149.246753710479,-131.047727802448,-2.));
#8983=CARTESIAN_POINT('Ctrl Pts',(149.019735031166,-129.43402536318,-2.07898451346114));
#8984=CARTESIAN_POINT('Ctrl Pts',(150.247005733356,-128.361934104534,-2.15796902692229));
#8985=CARTESIAN_POINT('Ctrl Pts',(151.815572002608,-128.803717877785,-2.23695354038343));
#8986=CARTESIAN_POINT('Ctrl Pts',(152.302924076258,-130.358729453184,-2.31593805384458));
#8987=CARTESIAN_POINT('Ctrl Pts',(151.267089500741,-131.616751621307,-2.39492256730572));
#8988=CARTESIAN_POINT('Ctrl Pts',(149.647451472699,-131.436902513872,-2.47390708076687));
#8989=CARTESIAN_POINT('Ctrl Pts',(148.912835984383,-129.982284650773,-2.55289159422802));
#8990=CARTESIAN_POINT('Ctrl Pts',(149.729455056544,-128.572069654998,-2.63187610768916));
#8991=CARTESIAN_POINT('Ctrl Pts',(151.356728819983,-128.485160839877,-2.7108606211503));
#8992=CARTESIAN_POINT('Ctrl Pts',(152.318906545919,-129.800374536216,-2.78984513461145));
#8993=CARTESIAN_POINT('Ctrl Pts',(151.743403355169,-131.324962716926,-2.86882964807259));
#8994=CARTESIAN_POINT('Ctrl Pts',(150.152134657571,-131.676298703371,-2.94781416153374));
#8995=CARTESIAN_POINT('Ctrl Pts',(148.988198715342,-130.535761038184,-3.02679867499488));
#8996=CARTESIAN_POINT('Ctrl Pts',(149.307151977305,-128.937686615634,-3.10578318845603));
#8997=CARTESIAN_POINT('Ctrl Pts',(150.819740404363,-128.33134571016,-3.18476770191717));
#8998=CARTESIAN_POINT('Ctrl Pts',(152.154219718617,-129.266620003165,-3.26375221537832));
#8999=CARTESIAN_POINT('Ctrl Pts',(152.10037018642,-130.895322944528,-3.34273672883946));
#9000=CARTESIAN_POINT('Ctrl Pts',(150.707027159373,-131.740407704954,-3.42172124230061));
#9001=CARTESIAN_POINT('Ctrl Pts',(149.237793009618,-131.035479299712,-3.50070575576175));
#9002=CARTESIAN_POINT('Ctrl Pts',(149.025094656316,-129.419826968972,-3.5796902692229));
#9003=CARTESIAN_POINT('Ctrl Pts',(150.261825119037,-128.358662134508,-3.65867478268405));
#9004=CARTESIAN_POINT('Ctrl Pts',(151.826411665109,-128.814339633599,-3.73765929614519));
#9005=CARTESIAN_POINT('Ctrl Pts',(152.299953684515,-130.373612220151,-3.81664380960634));
#9006=CARTESIAN_POINT('Ctrl Pts',(151.253002859491,-131.622398436172,-3.89562832306748));
#9007=CARTESIAN_POINT('Ctrl Pts',(149.63502355046,-131.428192362974,-3.97461283652863));
#9008=CARTESIAN_POINT('Ctrl Pts',(148.913337481697,-129.967116642346,-4.05359734998977));
#9009=CARTESIAN_POINT('Ctrl Pts',(149.742431172863,-128.564199433536,-4.13258186345092));
#9010=CARTESIAN_POINT('Ctrl Pts',(151.370411705544,-128.491725794026,-4.21156637691206));
#9011=CARTESIAN_POINT('Ctrl Pts',(152.320887392398,-129.815421004977,-4.29055089037321));
#9012=CARTESIAN_POINT('Ctrl Pts',(151.731885761772,-131.334845278884,-4.36953540383435));
#9013=CARTESIAN_POINT('Ctrl Pts',(150.137563761278,-131.672055006656,-4.4485199172955));
#9014=CARTESIAN_POINT('Ctrl Pts',(148.98378864781,-130.521239631781,-4.52750443075664));
#9015=CARTESIAN_POINT('Ctrl Pts',(149.316902165524,-128.92605674472,-4.60648894421779));
#9016=CARTESIAN_POINT('Ctrl Pts',(150.834808542655,-128.333154345685,-4.68547345767893));
#9017=CARTESIAN_POINT('Ctrl Pts',(152.160940739177,-129.280226896159,-4.76445797114007));
#9018=CARTESIAN_POINT('Ctrl Pts',(152.092648881678,-130.908388253097,-4.84344248460122));
#9019=CARTESIAN_POINT('Ctrl Pts',(150.691865893598,-131.74108258788,-4.92242699806236));
#9020=CARTESIAN_POINT('Ctrl Pts',(149.22894125793,-131.023151933508,-5.00141151152351));
#9021=CARTESIAN_POINT('Ctrl Pts',(149.030580056701,-129.405676406161,-5.08039602498466));
#9022=CARTESIAN_POINT('Ctrl Pts',(150.276672803951,-128.355522263984,-5.15938053844581));
#9023=CARTESIAN_POINT('Ctrl Pts',(151.837156984479,-128.825055971861,-5.23836505190694));
#9024=CARTESIAN_POINT('Ctrl Pts',(152.296850825937,-130.388470425405,-5.31734956536809));
#9025=CARTESIAN_POINT('Ctrl Pts',(151.238867931658,-131.627915155122,-5.39633407882924));
#9026=CARTESIAN_POINT('Ctrl Pts',(149.622670776176,-131.419382662172,-5.47531859229038));
#9027=CARTESIAN_POINT('Ctrl Pts',(148.913978885679,-129.951932108551,-5.55430310575153));
#9028=CARTESIAN_POINT('Ctrl Pts',(149.755465286177,-128.556489656296,-5.63328761921267));
#9029=CARTESIAN_POINT('Ctrl Pts',(151.384059425974,-128.498317745681,-5.71227213267382));
#9030=CARTESIAN_POINT('Ctrl Pts',(152.322685554588,-129.830681108701,-5.79125664613496));
#9031=CARTESIAN_POINT('Ctrl Pts',(151.720384852576,-131.344215665381,-5.87024115959611));
#9032=CARTESIAN_POINT('Ctrl Pts',(150.122827125629,-131.668552350713,-5.94922567305725));
#9033=CARTESIAN_POINT('Ctrl Pts',(148.980050877179,-130.504954859311,-6.0282101865184));
#9034=CARTESIAN_POINT('Ctrl Pts',(149.211438988097,-129.448405749537,-6.08086652882583));
#9035=CARTESIAN_POINT('Ctrl Pts',(149.524547451553,-129.084869432503,-6.10719469997954));
#9036=CARTESIAN_POINT('Ctrl Pts',(150.27278257577,-131.342528612631,0.107194699979541));
#9037=CARTESIAN_POINT('Ctrl Pts',(149.838945501168,-131.226545554464,0.0808665288258263));
#9038=CARTESIAN_POINT('Ctrl Pts',(149.102819654021,-130.531582556852,0.0282101865183958));
#9039=CARTESIAN_POINT('Ctrl Pts',(149.372831613684,-129.02913769871,-0.0507743269427493));
#9040=CARTESIAN_POINT('Ctrl Pts',(150.7792149653,-128.437417780251,-0.129758840403894));
#9041=CARTESIAN_POINT('Ctrl Pts',(152.04315886896,-129.290140083296,-0.208743353865039));
#9042=CARTESIAN_POINT('Ctrl Pts',(152.02001253865,-130.815421199146,-0.287727867326184));
#9043=CARTESIAN_POINT('Ctrl Pts',(150.729999476932,-131.629324899478,-0.366712380787329));
#9044=CARTESIAN_POINT('Ctrl Pts',(149.343380975134,-130.994060518798,-0.445696894248475));
#9045=CARTESIAN_POINT('Ctrl Pts',(149.117485148121,-129.485583678695,-0.524681407709619));
#9046=CARTESIAN_POINT('Ctrl Pts',(150.2572578164,-128.471984772464,-0.603665921170764));
#9047=CARTESIAN_POINT('Ctrl Pts',(151.729015535695,-128.872445957753,-0.682650434631909));
#9048=CARTESIAN_POINT('Ctrl Pts',(152.198062099659,-130.323812011443,-0.761634948093054));
#9049=CARTESIAN_POINT('Ctrl Pts',(151.239016812575,-131.509852114644,-0.840619461554199));
#9050=CARTESIAN_POINT('Ctrl Pts',(149.721628214794,-131.354967811526,-0.919603975015344));
#9051=CARTESIAN_POINT('Ctrl Pts',(149.02199167063,-129.999619523993,-0.998588488476491));
#9052=CARTESIAN_POINT('Ctrl Pts',(149.774598323042,-128.672953653142,-1.07757300193763));
#9053=CARTESIAN_POINT('Ctrl Pts',(151.296919742727,-128.578103603734,-1.15655751539878));
#9054=CARTESIAN_POINT('Ctrl Pts',(152.208385175838,-129.80108770219,-1.23554202885992));
#9055=CARTESIAN_POINT('Ctrl Pts',(151.682399867099,-131.232799493221,-1.31452654232107));
#9056=CARTESIAN_POINT('Ctrl Pts',(150.195972238102,-131.574840582269,-1.39351105578221));
#9057=CARTESIAN_POINT('Ctrl Pts',(149.09712169686,-130.517018895529,-1.47249556924336));
#9058=CARTESIAN_POINT('Ctrl Pts',(149.382379708064,-129.018657429453,-1.5514800827045));
#9059=CARTESIAN_POINT('Ctrl Pts',(150.793049955889,-128.438598234324,-1.63046459616565));
#9060=CARTESIAN_POINT('Ctrl Pts',(152.049816268393,-129.302888496074,-1.70944910962679));
#9061=CARTESIAN_POINT('Ctrl Pts',(152.012935693017,-130.827716041083,-1.78843362308794));
#9062=CARTESIAN_POINT('Ctrl Pts',(150.715854683734,-131.630237115311,-1.86741813654908));
#9063=CARTESIAN_POINT('Ctrl Pts',(149.334876999166,-130.982657117009,-1.94640265001023));
#9064=CARTESIAN_POINT('Ctrl Pts',(149.122391063719,-129.472256856648,-2.02538716347137));
#9065=CARTESIAN_POINT('Ctrl Pts',(150.271097258252,-128.468796195758,-2.10437167693252));
#9066=CARTESIAN_POINT('Ctrl Pts',(151.739250768974,-128.882298902269,-2.18335619039366));
#9067=CARTESIAN_POINT('Ctrl Pts',(152.195404692408,-130.337765431409,-2.26234070385481));
#9068=CARTESIAN_POINT('Ctrl Pts',(151.22587972022,-131.515254517398,-2.34132521731595));
#9069=CARTESIAN_POINT('Ctrl Pts',(149.709923841542,-131.346918563951,-2.4203097307771));
#9070=CARTESIAN_POINT('Ctrl Pts',(149.022335226803,-129.98541898033,-2.49929424423824));
#9071=CARTESIAN_POINT('Ctrl Pts',(149.786677914274,-128.665479786492,-2.57827875769939));
#9072=CARTESIAN_POINT('Ctrl Pts',(151.309780721934,-128.584134493957,-2.65726327116053));
#9073=CARTESIAN_POINT('Ctrl Pts',(152.210364034199,-129.815153956431,-2.73624778462168));
#9074=CARTESIAN_POINT('Ctrl Pts',(151.671702042994,-131.242144663671,-2.81523229808282));
#9075=CARTESIAN_POINT('Ctrl Pts',(150.182299414189,-131.570989655467,-2.89421681154397));
#9076=CARTESIAN_POINT('Ctrl Pts',(149.092873565032,-130.503464227897,-2.97320132500511));
#9077=CARTESIAN_POINT('Ctrl Pts',(149.391408832866,-129.007691546912,-3.05218583846626));
#9078=CARTESIAN_POINT('Ctrl Pts',(150.80716795825,-128.440165936732,-3.1311703519274));
#9079=CARTESIAN_POINT('Ctrl Pts',(152.056219737963,-129.315568056285,-3.21015486538855));
#9080=CARTESIAN_POINT('Ctrl Pts',(152.005817417516,-130.840008552143,-3.28913937884969));
#9081=CARTESIAN_POINT('Ctrl Pts',(150.701670122691,-131.630994678899,-3.36812389231084));
#9082=CARTESIAN_POINT('Ctrl Pts',(149.326489923219,-130.971192709897,-3.44710840577198));
#9083=CARTESIAN_POINT('Ctrl Pts',(149.127407589086,-129.458967381596,-3.52609291923313));
#9084=CARTESIAN_POINT('Ctrl Pts',(150.284967971617,-128.465733682955,-3.60507743269427));
#9085=CARTESIAN_POINT('Ctrl Pts',(151.749396523646,-128.892240699688,-3.68406194615542));
#9086=CARTESIAN_POINT('Ctrl Pts',(152.192624452165,-130.351695468667,-3.76304645961657));
#9087=CARTESIAN_POINT('Ctrl Pts',(151.21269484419,-131.52053984785,-3.84203097307771));
#9088=CARTESIAN_POINT('Ctrl Pts',(149.69829150058,-131.338765998853,-3.92101548653885));
#9089=CARTESIAN_POINT('Ctrl Pts',(149.022804620451,-129.971221961524,-4.));
#9090=CARTESIAN_POINT('Ctrl Pts',(149.798823356326,-128.658113382218,-4.07898451346115));
#9091=CARTESIAN_POINT('Ctrl Pts',(151.322587688949,-128.590279188427,-4.15796902692229));
#9092=CARTESIAN_POINT('Ctrl Pts',(152.212218075542,-129.829237216009,-4.23695354038344));
#9093=CARTESIAN_POINT('Ctrl Pts',(151.660921755599,-131.251394587196,-4.31593805384457));
#9094=CARTESIAN_POINT('Ctrl Pts',(150.168661283008,-131.567017621672,-4.39492256730573));
#9095=CARTESIAN_POINT('Ctrl Pts',(149.088745810753,-130.489872418479,-4.47390708076687));
#9096=CARTESIAN_POINT('Ctrl Pts',(149.400534856641,-128.996806169516,-4.55289159422802));
#9097=CARTESIAN_POINT('Ctrl Pts',(150.82127150017,-128.441858791314,-4.63187610768916));
#9098=CARTESIAN_POINT('Ctrl Pts',(152.062510508155,-129.328303895446,-4.7108606211503));
#9099=CARTESIAN_POINT('Ctrl Pts',(151.998590396964,-130.852237476748,-4.78984513461145));
#9100=CARTESIAN_POINT('Ctrl Pts',(150.687479414902,-131.631626358769,-4.86882964807259));
#9101=CARTESIAN_POINT('Ctrl Pts',(149.318204821995,-130.959654487812,-4.94781416153374));
#9102=CARTESIAN_POINT('Ctrl Pts',(149.132541838107,-129.445722675984,-5.02679867499488));
#9103=CARTESIAN_POINT('Ctrl Pts',(150.298865172622,-128.462794813222,-5.10578318845604));
#9104=CARTESIAN_POINT('Ctrl Pts',(151.759453974623,-128.902271024802,-5.18476770191717));
#9105=CARTESIAN_POINT('Ctrl Pts',(152.189720225036,-130.365602516545,-5.26375221537832));
#9106=CARTESIAN_POINT('Ctrl Pts',(151.199464772673,-131.525703410559,-5.34273672883946));
#9107=CARTESIAN_POINT('Ctrl Pts',(149.686729496929,-131.330520256601,-5.42172124230061));
#9108=CARTESIAN_POINT('Ctrl Pts',(149.023404964552,-129.957009475232,-5.50070575576175));
#9109=CARTESIAN_POINT('Ctrl Pts',(149.81102308266,-128.650897151228,-5.5796902692229));
#9110=CARTESIAN_POINT('Ctrl Pts',(151.335361741952,-128.596449152142,-5.65867478268404));
#9111=CARTESIAN_POINT('Ctrl Pts',(152.213901127246,-129.843520434573,-5.73765929614519));
#9112=CARTESIAN_POINT('Ctrl Pts',(151.650157084356,-131.260165122494,-5.81664380960634));
#9113=CARTESIAN_POINT('Ctrl Pts',(150.15486802238,-131.563739190457,-5.89562832306747));
#9114=CARTESIAN_POINT('Ctrl Pts',(149.085247315866,-130.474630125985,-5.97461283652863));
#9115=CARTESIAN_POINT('Ctrl Pts',(149.301822970999,-129.485716673508,-6.02726917883606));
#9116=CARTESIAN_POINT('Ctrl Pts',(149.594887598787,-129.145452362977,-6.05359734998977));
#9117=CARTESIAN_POINT('Ctrl Pts',(150.296758835212,-131.252844908643,0.160792049969312));
#9118=CARTESIAN_POINT('Ctrl Pts',(149.892593574283,-131.144794385274,0.134463878815597));
#9119=CARTESIAN_POINT('Ctrl Pts',(149.2068142518,-130.497362624116,0.081807536508166));
#9120=CARTESIAN_POINT('Ctrl Pts',(149.458359037895,-129.09767584382,0.00282302304702096));
#9121=CARTESIAN_POINT('Ctrl Pts',(150.768554333661,-128.546425963988,-0.0761614904141244));
#9122=CARTESIAN_POINT('Ctrl Pts',(151.946052172201,-129.340827254903,-0.155146003875269));
#9123=CARTESIAN_POINT('Ctrl Pts',(151.924488909914,-130.76178843196,-0.234130517336414));
#9124=CARTESIAN_POINT('Ctrl Pts',(150.722704884956,-131.520026076166,-0.313115030797559));
#9125=CARTESIAN_POINT('Ctrl Pts',(149.430922643657,-130.928209910128,-0.392099544258704));
#9126=CARTESIAN_POINT('Ctrl Pts',(149.220476715422,-129.522903698701,-0.47108405771985));
#9127=CARTESIAN_POINT('Ctrl Pts',(150.282295874831,-128.57862878446,-0.550068571180994));
#9128=CARTESIAN_POINT('Ctrl Pts',(151.653394329681,-128.951700863634,-0.62905308464214));
#9129=CARTESIAN_POINT('Ctrl Pts',(152.090360965338,-130.303802318613,-0.708037598103283));
#9130=CARTESIAN_POINT('Ctrl Pts',(151.196908534947,-131.408724502181,-0.787022111564429));
#9131=CARTESIAN_POINT('Ctrl Pts',(149.783300075791,-131.264433342093,-0.866006625025574));
#9132=CARTESIAN_POINT('Ctrl Pts',(149.1315144102,-130.001782622851,-0.94499113848672));
#9133=CARTESIAN_POINT('Ctrl Pts',(149.832647351243,-128.765852617675,-1.02397565194787));
#9134=CARTESIAN_POINT('Ctrl Pts',(151.250851257327,-128.677489733974,-1.10296016540901));
#9135=CARTESIAN_POINT('Ctrl Pts',(152.099978005977,-129.816829168526,-1.18194467887015));
#9136=CARTESIAN_POINT('Ctrl Pts',(151.609966888909,-131.150620592709,-1.2609291923313));
#9137=CARTESIAN_POINT('Ctrl Pts',(150.225201856837,-131.469268154425,-1.33991370579244));
#9138=CARTESIAN_POINT('Ctrl Pts',(149.201506000206,-130.483795028528,-1.41889821925359));
#9139=CARTESIAN_POINT('Ctrl Pts',(149.467254100771,-129.087912361152,-1.49788273271473));
#9140=CARTESIAN_POINT('Ctrl Pts',(150.781443095153,-128.547525682193,-1.57686724617588));
#9141=CARTESIAN_POINT('Ctrl Pts',(151.952254246059,-129.352703753889,-1.65585175963702));
#9142=CARTESIAN_POINT('Ctrl Pts',(151.917896077422,-130.773242381588,-1.73483627309817));
#9143=CARTESIAN_POINT('Ctrl Pts',(150.709527509466,-131.520875901992,-1.81382078655931));
#9144=CARTESIAN_POINT('Ctrl Pts',(149.423000287853,-130.91758643157,-1.89280530002046));
#9145=CARTESIAN_POINT('Ctrl Pts',(149.225047096271,-129.510488350117,-1.9717898134816));
#9146=CARTESIAN_POINT('Ctrl Pts',(150.295188783148,-128.575658286981,-2.05077432694275));
#9147=CARTESIAN_POINT('Ctrl Pts',(151.662929535339,-128.960879926753,-2.1297588404039));
#9148=CARTESIAN_POINT('Ctrl Pts',(152.087885308559,-130.316801409634,-2.20874335386504));
#9149=CARTESIAN_POINT('Ctrl Pts',(151.184669939699,-131.41375741349,-2.28772786732618));
#9150=CARTESIAN_POINT('Ctrl Pts',(149.772396210385,-131.25693461403,-2.36671238078733));
#9151=CARTESIAN_POINT('Ctrl Pts',(149.131834469223,-129.988553309887,-2.44569689424847));
#9152=CARTESIAN_POINT('Ctrl Pts',(149.843900772003,-128.758889917985,-2.52468140770962));
#9153=CARTESIAN_POINT('Ctrl Pts',(151.262832623884,-128.683108148037,-2.60366592117076));
#9154=CARTESIAN_POINT('Ctrl Pts',(152.101821522479,-129.829933376645,-2.68265043463191));
#9155=CARTESIAN_POINT('Ctrl Pts',(151.60000073082,-131.159326610417,-2.76163494809306));
#9156=CARTESIAN_POINT('Ctrl Pts',(150.212464170807,-131.465680607562,-2.8406194615542));
#9157=CARTESIAN_POINT('Ctrl Pts',(149.197548414722,-130.471167417609,-2.91960397501534));
#9158=CARTESIAN_POINT('Ctrl Pts',(149.475665688428,-129.077696478191,-2.99858848847649));
#9159=CARTESIAN_POINT('Ctrl Pts',(150.794595512137,-128.548986163303,-3.07757300193763));
#9160=CARTESIAN_POINT('Ctrl Pts',(151.958219757309,-129.364516109405,-3.15655751539878));
#9161=CARTESIAN_POINT('Ctrl Pts',(151.911264648612,-130.784694159758,-3.23554202885992));
#9162=CARTESIAN_POINT('Ctrl Pts',(150.696313086009,-131.521581652845,-3.31452654232107));
#9163=CARTESIAN_POINT('Ctrl Pts',(149.41518683682,-130.906906120082,-3.39351105578221));
#9164=CARTESIAN_POINT('Ctrl Pts',(149.229720521856,-129.49810779422,-3.47249556924336));
#9165=CARTESIAN_POINT('Ctrl Pts',(150.308110824197,-128.572805231402,-3.55148008270451));
#9166=CARTESIAN_POINT('Ctrl Pts',(151.672381382184,-128.970141765778,-3.63046459616565));
#9167=CARTESIAN_POINT('Ctrl Pts',(152.085295219815,-130.329778717182,-3.7094491096268));
#9168=CARTESIAN_POINT('Ctrl Pts',(151.172386828889,-131.418681259529,-3.78843362308794));
#9169=CARTESIAN_POINT('Ctrl Pts',(149.7615594507,-131.249339634732,-3.86741813654909));
#9170=CARTESIAN_POINT('Ctrl Pts',(149.132271759204,-129.975327280703,-3.94640265001023));
#9171=CARTESIAN_POINT('Ctrl Pts',(149.85521553979,-128.7520273309,-4.02538716347137));
#9172=CARTESIAN_POINT('Ctrl Pts',(151.274763672355,-128.688832582829,-4.10437167693252));
#9173=CARTESIAN_POINT('Ctrl Pts',(152.103548758685,-129.843053427041,-4.18335619039367));
#9174=CARTESIAN_POINT('Ctrl Pts',(151.589957749427,-131.167943895508,-4.26234070385481));
#9175=CARTESIAN_POINT('Ctrl Pts',(150.199758804737,-131.461980236688,-4.34132521731595));
#9176=CARTESIAN_POINT('Ctrl Pts',(149.193702973697,-130.458505205177,-4.4203097307771));
#9177=CARTESIAN_POINT('Ctrl Pts',(149.484167547757,-129.067555594313,-4.49929424423824));
#9178=CARTESIAN_POINT('Ctrl Pts',(150.807734457685,-128.550563236942,-4.57827875769939));
#9179=CARTESIAN_POINT('Ctrl Pts',(151.964080277133,-129.376380894733,-4.65726327116053));
#9180=CARTESIAN_POINT('Ctrl Pts',(151.90453191225,-130.796086700398,-4.73624778462168));
#9181=CARTESIAN_POINT('Ctrl Pts',(150.683092936206,-131.522170129659,-4.81523229808282));
#9182=CARTESIAN_POINT('Ctrl Pts',(149.407468386061,-130.896157042115,-4.89421681154397));
#9183=CARTESIAN_POINT('Ctrl Pts',(149.234503619514,-129.485768945807,-4.97320132500511));
#9184=CARTESIAN_POINT('Ctrl Pts',(150.321057541292,-128.57006736246,-5.05218583846626));
#9185=CARTESIAN_POINT('Ctrl Pts',(151.681750964768,-128.979486077742,-5.1311703519274));
#9186=CARTESIAN_POINT('Ctrl Pts',(152.082589624134,-130.342734607685,-5.21015486538855));
#9187=CARTESIAN_POINT('Ctrl Pts',(151.160061613687,-131.423491665996,-5.2891393788497));
#9188=CARTESIAN_POINT('Ctrl Pts',(149.750788217682,-131.241657851031,-5.36812389231084));
#9189=CARTESIAN_POINT('Ctrl Pts',(149.132831043425,-129.962086841914,-5.44710840577199));
#9190=CARTESIAN_POINT('Ctrl Pts',(149.866580879143,-128.74530464616,-5.52609291923313));
#9191=CARTESIAN_POINT('Ctrl Pts',(151.286664057931,-128.694580558603,-5.60507743269428));
#9192=CARTESIAN_POINT('Ctrl Pts',(152.105116699904,-129.856359760445,-5.68406194615542));
#9193=CARTESIAN_POINT('Ctrl Pts',(151.579929316136,-131.176114579607,-5.76304645961657));
#9194=CARTESIAN_POINT('Ctrl Pts',(150.18690891913,-131.458926030201,-5.8420309730777));
#9195=CARTESIAN_POINT('Ctrl Pts',(149.190443754552,-130.444305392658,-5.92101548653886));
#9196=CARTESIAN_POINT('Ctrl Pts',(149.392206953901,-129.523027597478,-5.97367182884629));
#9197=CARTESIAN_POINT('Ctrl Pts',(149.665227746021,-129.206035293451,-6.));
#9198=CARTESIAN_POINT('Ctrl Pts',(150.224830056886,-131.521896020606,-1.15150474886001E-15));
#9199=CARTESIAN_POINT('Ctrl Pts',(150.167057415079,-131.500786135075,-1.20340381253844E-15));
#9200=CARTESIAN_POINT('Ctrl Pts',(150.110868238393,-131.476014967352,4.31983216938694E-16));
#9201=CARTESIAN_POINT('Ctrl Pts',(150.056463051398,-131.447889482337,4.68375338513738E-17));
#9202=CARTESIAN_POINT('Ctrl Pts',(150.002682589994,-131.420086957526,-3.33885586284605E-16));
#9203=CARTESIAN_POINT('Ctrl Pts',(149.95064472142,-131.389005622081,-9.18684519453603E-16));
#9204=CARTESIAN_POINT('Ctrl Pts',(149.90057523627,-131.354897117958,-1.14144804719274E-15));
#9205=CARTESIAN_POINT('Ctrl Pts',(149.862514206588,-131.328969054508,-1.31078490408255E-15));
#9206=CARTESIAN_POINT('Ctrl Pts',(149.82559117957,-131.30129073738,-1.74083489578947E-15));
#9207=CARTESIAN_POINT('Ctrl Pts',(149.789921481602,-131.271960651906,-1.93942084614207E-15));
#9208=CARTESIAN_POINT('Ctrl Pts',(149.770981338284,-131.256386759946,-2.04486738970089E-15));
#9209=CARTESIAN_POINT('Ctrl Pts',(149.752394823176,-131.240347008606,9.10945559849163E-17));
#9210=CARTESIAN_POINT('Ctrl Pts',(149.734181091108,-131.223855338845,2.42861286636753E-16));
#9211=CARTESIAN_POINT('Ctrl Pts',(149.726318076574,-131.216735752451,3.08380204142367E-16));
#9212=CARTESIAN_POINT('Ctrl Pts',(149.718524352034,-131.209531610833,-2.08649092811603E-15));
#9213=CARTESIAN_POINT('Ctrl Pts',(149.710812362514,-131.202254620955,-2.08166817117217E-15));
#9214=CARTESIAN_POINT('Ctrl Pts',(149.667736188703,-131.161608185946,-2.05473012673814E-15));
#9215=CARTESIAN_POINT('Ctrl Pts',(149.627120217027,-131.118614415547,-1.24427646360067E-15));
#9216=CARTESIAN_POINT('Ctrl Pts',(149.589170994124,-131.073515106264,-1.56819002228303E-15));
#9217=CARTESIAN_POINT('Ctrl Pts',(149.551992046447,-131.029331201248,-1.88552893805358E-15));
#9218=CARTESIAN_POINT('Ctrl Pts',(149.517372245552,-130.983125420529,-7.76552860075176E-16));
#9219=CARTESIAN_POINT('Ctrl Pts',(149.485548793428,-130.935102042958,-6.17561557447743E-16));
#9220=CARTESIAN_POINT('Ctrl Pts',(149.462050630669,-130.899641994877,-5.00163749950664E-16));
#9221=CARTESIAN_POINT('Ctrl Pts',(149.440077938171,-130.863190427292,-5.64435073995153E-16));
#9222=CARTESIAN_POINT('Ctrl Pts',(149.419743873571,-130.825825597463,-4.23272528138341E-16));
#9223=CARTESIAN_POINT('Ctrl Pts',(149.409359025177,-130.806742934913,-3.51179138722661E-16));
#9224=CARTESIAN_POINT('Ctrl Pts',(149.399401830437,-130.787422036068,1.44452569921445E-15));
#9225=CARTESIAN_POINT('Ctrl Pts',(149.389889052664,-130.767873241618,1.69309011255336E-15));
#9226=CARTESIAN_POINT('Ctrl Pts',(149.384911506287,-130.757644364912,1.823151060524E-15));
#9227=CARTESIAN_POINT('Ctrl Pts',(149.380059181715,-130.747360192808,6.33591512170162E-17));
#9228=CARTESIAN_POINT('Ctrl Pts',(149.375337141998,-130.737029585694,9.71445146547012E-17));
#9229=CARTESIAN_POINT('Ctrl Pts',(149.352167338974,-130.686340022212,2.62920379112216E-16));
#9230=CARTESIAN_POINT('Ctrl Pts',(149.332104093465,-130.634479652545,-4.65090524911594E-17));
#9231=CARTESIAN_POINT('Ctrl Pts',(149.315360382385,-130.581639654052,-2.91433543964104E-16));
#9232=CARTESIAN_POINT('Ctrl Pts',(149.303729433993,-130.544934571614,-4.6156931055794E-16));
#9233=CARTESIAN_POINT('Ctrl Pts',(149.293701206935,-130.50775640508,-1.25189232135262E-15));
#9234=CARTESIAN_POINT('Ctrl Pts',(149.285361841897,-130.47016713473,-1.41553435639707E-15));
#9235=CARTESIAN_POINT('Ctrl Pts',(149.273404344792,-130.416269315248,-1.6640522099018E-15));
#9236=CARTESIAN_POINT('Ctrl Pts',(149.264917539432,-130.361525282723,-1.01556147362862E-15));
#9237=CARTESIAN_POINT('Ctrl Pts',(149.259844965656,-130.306250265251,-1.01307850997046E-15));
#9238=CARTESIAN_POINT('Ctrl Pts',(149.258360789853,-130.290077441144,-1.01235202382275E-15));
#9239=CARTESIAN_POINT('Ctrl Pts',(149.257169188261,-130.273859249435,-1.02833471907228E-15));
#9240=CARTESIAN_POINT('Ctrl Pts',(149.256269442819,-130.257603865892,-1.01307850997046E-15));
#9241=CARTESIAN_POINT('Ctrl Pts',(149.255577944776,-130.24511081465,-1.00135337278306E-15));
#9242=CARTESIAN_POINT('Ctrl Pts',(149.255058898249,-130.232592686728,1.32040756283865E-16));
#9243=CARTESIAN_POINT('Ctrl Pts',(149.254712356712,-130.220078029582,9.71445146547012E-17));
#9244=CARTESIAN_POINT('Ctrl Pts',(149.253171612743,-130.16443713116,-5.80062188644836E-17));
#9245=CARTESIAN_POINT('Ctrl Pts',(149.255029342771,-130.10876603933,-1.10523054610608E-15));
#9246=CARTESIAN_POINT('Ctrl Pts',(149.260177888199,-130.05338154973,-7.63278329429795E-16));
#9247=CARTESIAN_POINT('Ctrl Pts',(149.26532251339,-129.998039231328,-4.21586484103404E-16));
#9248=CARTESIAN_POINT('Ctrl Pts',(149.273753406661,-129.942981937766,-3.64937253725717E-16));
#9249=CARTESIAN_POINT('Ctrl Pts',(149.285412435003,-129.888541013109,5.55111512312578E-17));
#9250=CARTESIAN_POINT('Ctrl Pts',(149.292638697895,-129.854798541428,3.16104968972599E-16));
#9251=CARTESIAN_POINT('Ctrl Pts',(149.301105997926,-129.821293218083,-8.2699963968797E-16));
#9252=CARTESIAN_POINT('Ctrl Pts',(149.310808851056,-129.788109767143,-7.35522753814166E-16));
#9253=CARTESIAN_POINT('Ctrl Pts',(149.315824114486,-129.770957724773,-6.88239684152766E-16));
#9254=CARTESIAN_POINT('Ctrl Pts',(149.321169580179,-129.753891764062,-2.56729512559136E-15));
#9255=CARTESIAN_POINT('Ctrl Pts',(149.326845096068,-129.736924217891,-2.80331313717852E-15));
#9256=CARTESIAN_POINT('Ctrl Pts',(149.330986509323,-129.724543031405,-2.9755350357434E-15));
#9257=CARTESIAN_POINT('Ctrl Pts',(149.335304333647,-129.71221288651,-2.70964785279786E-15));
#9258=CARTESIAN_POINT('Ctrl Pts',(149.3397910645,-129.699958097606,-2.70616862252382E-15));
#9259=CARTESIAN_POINT('Ctrl Pts',(149.358223760016,-129.649612133054,-2.69187501000968E-15));
#9260=CARTESIAN_POINT('Ctrl Pts',(149.379528702737,-129.60045887684,-2.21691553913545E-15));
#9261=CARTESIAN_POINT('Ctrl Pts',(149.403661749584,-129.552811555285,-2.77555756156289E-15));
#9262=CARTESIAN_POINT('Ctrl Pts',(149.419754170359,-129.521039323951,-3.14807175522393E-15));
#9263=CARTESIAN_POINT('Ctrl Pts',(149.437104958559,-129.489937239377,-1.42868507447167E-15));
#9264=CARTESIAN_POINT('Ctrl Pts',(149.455709962727,-129.45960752892,-1.63757896132211E-15));
#9265=CARTESIAN_POINT('Ctrl Pts',(149.464348223205,-129.445525514383,-1.73456791067289E-15));
#9266=CARTESIAN_POINT('Ctrl Pts',(149.473259536345,-129.431606611512,-2.89024791611839E-15));
#9267=CARTESIAN_POINT('Ctrl Pts',(149.482427781391,-129.417884870791,-2.77555756156289E-15));
#9268=CARTESIAN_POINT('Ctrl Pts',(149.510890459545,-129.375285934143,-2.41950308953479E-15));
#9269=CARTESIAN_POINT('Ctrl Pts',(149.541851467848,-129.334541329415,-1.2058196433208E-15));
#9270=CARTESIAN_POINT('Ctrl Pts',(149.575287203424,-129.295951668139,-1.11022302462516E-15));
#9271=CARTESIAN_POINT('Ctrl Pts',(149.593144519395,-129.275341749956,-1.05916690169654E-15));
#9272=CARTESIAN_POINT('Ctrl Pts',(149.611708268976,-129.255347152791,-2.49841697947711E-15));
#9273=CARTESIAN_POINT('Ctrl Pts',(149.630978251339,-129.236018820036,-2.58126853225349E-15));
#9274=CARTESIAN_POINT('Ctrl Pts',(149.641567051606,-129.225397956394,-2.6267952238547E-15));
#9275=CARTESIAN_POINT('Ctrl Pts',(149.652369143713,-129.214978344188,-2.04978546074193E-15));
#9276=CARTESIAN_POINT('Ctrl Pts',(149.663377359284,-129.204763019348,-2.1094237467878E-15));
#9277=CARTESIAN_POINT('Ctrl Pts',(149.665227746021,-129.206035293451,-6.));
#9278=CARTESIAN_POINT('Ctrl Pts',(149.628050605095,-129.240753802237,-6.));
#9279=CARTESIAN_POINT('Ctrl Pts',(149.593258390211,-129.277784688964,-6.));
#9280=CARTESIAN_POINT('Ctrl Pts',(149.560863841011,-129.316814473699,-6.));
#9281=CARTESIAN_POINT('Ctrl Pts',(149.538135434131,-129.34419824195,-6.));
#9282=CARTESIAN_POINT('Ctrl Pts',(149.516587741744,-129.372567082859,-6.));
#9283=CARTESIAN_POINT('Ctrl Pts',(149.496233035324,-129.401825038735,-6.));
#9284=CARTESIAN_POINT('Ctrl Pts',(149.488232118341,-129.413325596456,-6.));
#9285=CARTESIAN_POINT('Ctrl Pts',(149.480415604149,-129.424963626865,-6.));
#9286=CARTESIAN_POINT('Ctrl Pts',(149.472784552418,-129.436733655715,-6.));
#9287=CARTESIAN_POINT('Ctrl Pts',(149.466178523476,-129.446922703565,-6.));
#9288=CARTESIAN_POINT('Ctrl Pts',(149.459714104831,-129.45720676652,-6.));
#9289=CARTESIAN_POINT('Ctrl Pts',(149.453395813363,-129.467575115218,-6.));
#9290=CARTESIAN_POINT('Ctrl Pts',(149.425442957831,-129.51344589448,-6.));
#9291=CARTESIAN_POINT('Ctrl Pts',(149.400321739063,-129.561002567633,-6.));
#9292=CARTESIAN_POINT('Ctrl Pts',(149.378068026255,-129.609919399982,-6.));
#9293=CARTESIAN_POINT('Ctrl Pts',(149.361653607204,-129.646000632436,-6.));
#9294=CARTESIAN_POINT('Ctrl Pts',(149.346799897564,-129.682822930449,-6.));
#9295=CARTESIAN_POINT('Ctrl Pts',(149.333534480779,-129.720267707191,-6.));
#9296=CARTESIAN_POINT('Ctrl Pts',(149.329367289757,-129.732030589577,-6.));
#9297=CARTESIAN_POINT('Ctrl Pts',(149.32535967469,-129.743847422465,-6.));
#9298=CARTESIAN_POINT('Ctrl Pts',(149.321514412921,-129.755706742395,-6.));
#9299=CARTESIAN_POINT('Ctrl Pts',(149.304102512649,-129.809407454683,-6.));
#9300=CARTESIAN_POINT('Ctrl Pts',(149.289999379112,-129.864023440878,-6.));
#9301=CARTESIAN_POINT('Ctrl Pts',(149.279243764645,-129.919200797557,-6.));
#9302=CARTESIAN_POINT('Ctrl Pts',(149.268608798006,-129.973759219048,-6.));
#9303=CARTESIAN_POINT('Ctrl Pts',(149.261246265573,-130.028867642262,-6.));
#9304=CARTESIAN_POINT('Ctrl Pts',(149.257237812118,-130.084212834531,-6.));
#9305=CARTESIAN_POINT('Ctrl Pts',(149.255199480122,-130.112356326166,-6.));
#9306=CARTESIAN_POINT('Ctrl Pts',(149.254029195136,-130.140561399483,-6.));
#9307=CARTESIAN_POINT('Ctrl Pts',(149.25374267431,-130.168788325072,-6.));
#9308=CARTESIAN_POINT('Ctrl Pts',(149.253546774966,-130.188087572178,-6.));
#9309=CARTESIAN_POINT('Ctrl Pts',(149.253764079863,-130.207397051572,-6.));
#9310=CARTESIAN_POINT('Ctrl Pts',(149.254400599979,-130.226704145637,-6.));
#9311=CARTESIAN_POINT('Ctrl Pts',(149.254795488723,-130.238682013939,-6.));
#9312=CARTESIAN_POINT('Ctrl Pts',(149.255352003208,-130.250660789913,-6.));
#9313=CARTESIAN_POINT('Ctrl Pts',(149.256069946514,-130.262615183513,-6.));
#9314=CARTESIAN_POINT('Ctrl Pts',(149.259272510261,-130.315940713898,-6.));
#9315=CARTESIAN_POINT('Ctrl Pts',(149.265686238984,-130.368877920933,-6.));
#9316=CARTESIAN_POINT('Ctrl Pts',(149.275362757206,-130.421154958777,-6.));
#9317=CARTESIAN_POINT('Ctrl Pts',(149.285303502919,-130.474859476029,-6.));
#9318=CARTESIAN_POINT('Ctrl Pts',(149.298686542043,-130.527868291607,-6.));
#9319=CARTESIAN_POINT('Ctrl Pts',(149.315261221638,-130.579985380274,-6.));
#9320=CARTESIAN_POINT('Ctrl Pts',(149.331569924779,-130.631266137935,-6.));
#9321=CARTESIAN_POINT('Ctrl Pts',(149.350969206436,-130.681684261588,-6.));
#9322=CARTESIAN_POINT('Ctrl Pts',(149.37326675639,-130.731048486839,-6.));
#9323=CARTESIAN_POINT('Ctrl Pts',(149.377684777367,-130.740829479957,-6.));
#9324=CARTESIAN_POINT('Ctrl Pts',(149.382216715417,-130.750569064356,-6.));
#9325=CARTESIAN_POINT('Ctrl Pts',(149.386861267163,-130.760265693501,-6.));
#9326=CARTESIAN_POINT('Ctrl Pts',(149.391055126494,-130.769021392833,-6.));
#9327=CARTESIAN_POINT('Ctrl Pts',(149.395339078009,-130.777738337588,-6.));
#9328=CARTESIAN_POINT('Ctrl Pts',(149.399708180916,-130.786408297954,-6.));
#9329=CARTESIAN_POINT('Ctrl Pts',(149.42562870224,-130.837844461693,-6.));
#9330=CARTESIAN_POINT('Ctrl Pts',(149.454578191836,-130.887703395687,-6.));
#9331=CARTESIAN_POINT('Ctrl Pts',(149.48627533986,-130.93577251336,-6.));
#9332=CARTESIAN_POINT('Ctrl Pts',(149.518652722505,-130.984873215262,-6.));
#9333=CARTESIAN_POINT('Ctrl Pts',(149.553897365419,-131.032107400851,-6.));
#9334=CARTESIAN_POINT('Ctrl Pts',(149.591763144741,-131.077238303254,-6.));
#9335=CARTESIAN_POINT('Ctrl Pts',(149.630855330685,-131.123830916959,-6.));
#9336=CARTESIAN_POINT('Ctrl Pts',(149.672741620404,-131.168183026871,-6.));
#9337=CARTESIAN_POINT('Ctrl Pts',(149.717201513217,-131.210006547667,-6.));
#9338=CARTESIAN_POINT('Ctrl Pts',(149.725273378254,-131.217599769195,-6.));
#9339=CARTESIAN_POINT('Ctrl Pts',(149.733431069858,-131.225110197735,-6.));
#9340=CARTESIAN_POINT('Ctrl Pts',(149.741660367056,-131.232524610544,-6.));
#9341=CARTESIAN_POINT('Ctrl Pts',(149.786868135167,-131.273255798994,-6.));
#9342=CARTESIAN_POINT('Ctrl Pts',(149.834319130794,-131.311173637202,-6.));
#9343=CARTESIAN_POINT('Ctrl Pts',(149.883743989943,-131.346037641905,-6.));
#9344=CARTESIAN_POINT('Ctrl Pts',(149.932709537597,-131.380577650983,-6.));
#9345=CARTESIAN_POINT('Ctrl Pts',(149.983613164147,-131.412121239841,-6.));
#9346=CARTESIAN_POINT('Ctrl Pts',(150.036234742589,-131.440406992416,-6.));
#9347=CARTESIAN_POINT('Ctrl Pts',(150.080595195002,-131.464252130062,-6.));
#9348=CARTESIAN_POINT('Ctrl Pts',(150.126177454079,-131.485781880103,-6.));
#9349=CARTESIAN_POINT('Ctrl Pts',(150.172867384148,-131.504816859728,-6.));
#9350=CARTESIAN_POINT('Ctrl Pts',(150.189716455022,-131.511686043732,-6.));
#9351=CARTESIAN_POINT('Ctrl Pts',(150.206709907406,-131.518230103076,-6.));
#9352=CARTESIAN_POINT('Ctrl Pts',(150.223839414475,-131.524450833459,-6.));
#9353=CARTESIAN_POINT('Ctrl Pts',(149.360094494329,-130.030365045312,-0.443419673619405));
#9354=CARTESIAN_POINT('Ctrl Pts',(149.359135505381,-129.883482635923,-0.452641134986217));
#9355=CARTESIAN_POINT('Ctrl Pts',(149.382821879661,-129.736899335293,-0.461862596353028));
#9356=CARTESIAN_POINT('Ctrl Pts',(149.432520896696,-129.599742248232,-0.471084057719839));
#9357=CARTESIAN_POINT('Ctrl Pts',(149.574416435225,-129.208145393954,-0.497412228873554));
#9358=CARTESIAN_POINT('Ctrl Pts',(149.928356155028,-128.893387089207,-0.523740400027268));
#9359=CARTESIAN_POINT('Ctrl Pts',(150.333842424071,-128.798186616696,-0.550068571180983));
#9360=CARTESIAN_POINT('Ctrl Pts',(150.739328693114,-128.702986144185,-0.576396742334698));
#9361=CARTESIAN_POINT('Ctrl Pts',(151.196361511398,-128.827343503909,-0.602724913488414));
#9362=CARTESIAN_POINT('Ctrl Pts',(151.497705693149,-129.114872426268,-0.629053084642129));
#9363=CARTESIAN_POINT('Ctrl Pts',(151.7990498749,-129.402401348627,-0.655381255795844));
#9364=CARTESIAN_POINT('Ctrl Pts',(151.944705420119,-129.85310183362,-0.681709426949558));
#9365=CARTESIAN_POINT('Ctrl Pts',(151.86862445433,-130.262605773378,-0.708037598103273));
#9366=CARTESIAN_POINT('Ctrl Pts',(151.792543488541,-130.672109713136,-0.734365769256988));
#9367=CARTESIAN_POINT('Ctrl Pts',(151.494726011744,-131.040417107658,-0.760693940410704));
#9368=CARTESIAN_POINT('Ctrl Pts',(151.110215863486,-131.200522278238,-0.787022111564419));
#9369=CARTESIAN_POINT('Ctrl Pts',(150.725705715228,-131.360627448819,-0.813350282718134));
#9370=CARTESIAN_POINT('Ctrl Pts',(150.25450289551,-131.312530395456,-0.839678453871849));
#9371=CARTESIAN_POINT('Ctrl Pts',(149.910270541385,-131.078040082234,-0.866006625025564));
#9372=CARTESIAN_POINT('Ctrl Pts',(149.572886986183,-130.84821515559,-0.891810974556845));
#9373=CARTESIAN_POINT('Ctrl Pts',(149.357471783873,-130.439340094817,-0.917615324088125));
#9374=CARTESIAN_POINT('Ctrl Pts',(149.356776938717,-130.031095567644,-0.943419673619406));
#9375=CARTESIAN_POINT('Origin',(150.623343898743,-130.031246592388,0.));
#9376=CARTESIAN_POINT('Origin',(150.623343898743,-130.031246592388,-6.));
#9377=CARTESIAN_POINT('Ctrl Pts',(151.4017138213,-48.0219080483857,1.11022302462516E-15));
#9378=CARTESIAN_POINT('Ctrl Pts',(151.67473461342,-48.3389003524129,-0.026328171153714));
#9379=CARTESIAN_POINT('Ctrl Pts',(151.87661260867,-49.2600516440005,-0.0789845134611434));
#9380=CARTESIAN_POINT('Ctrl Pts',(150.879996607137,-50.2748156113401,-0.157969026922289));
#9381=CARTESIAN_POINT('Ctrl Pts',(149.487041503618,-49.9919471979658,-0.236953540383434));
#9382=CARTESIAN_POINT('Ctrl Pts',(148.961836712001,-48.6722491269695,-0.315938053844579));
#9383=CARTESIAN_POINT('Ctrl Pts',(149.78028927612,-47.5104622957881,-0.394922567305724));
#9384=CARTESIAN_POINT('Ctrl Pts',(151.200349534389,-47.5611984646153,-0.473907080766868));
#9385=CARTESIAN_POINT('Ctrl Pts',(151.934091996837,-48.7779580112733,-0.552891594228014));
#9386=CARTESIAN_POINT('Ctrl Pts',(151.316141864895,-50.0575163823085,-0.631876107689159));
#9387=CARTESIAN_POINT('Ctrl Pts',(149.906886967304,-50.2393458217776,-0.710860621150304));
#9388=CARTESIAN_POINT('Ctrl Pts',(148.984370646041,-49.1586037333258,-0.789845134611449));
#9389=CARTESIAN_POINT('Ctrl Pts',(149.385204223955,-47.7953721527785,-0.868829648072595));
#9390=CARTESIAN_POINT('Ctrl Pts',(150.745880133323,-47.3859589960394,-0.947814161533739));
#9391=CARTESIAN_POINT('Ctrl Pts',(151.832420103664,-48.3016486577413,-1.02679867499488));
#9392=CARTESIAN_POINT('Ctrl Pts',(151.659457555503,-49.7120187096444,-1.10578318845603));
#9393=CARTESIAN_POINT('Ctrl Pts',(150.383849399289,-50.3380237115523,-1.18476770191717));
#9394=CARTESIAN_POINT('Ctrl Pts',(149.162426118895,-49.611949633868,-1.26375221537832));
#9395=CARTESIAN_POINT('Ctrl Pts',(149.102878519329,-48.1922620613965,-1.34273672883947));
#9396=CARTESIAN_POINT('Ctrl Pts',(150.259209479168,-47.3664550212489,-1.42172124230061));
#9397=CARTESIAN_POINT('Ctrl Pts',(151.582759380553,-47.8834407322293,-1.50070575576176));
#9398=CARTESIAN_POINT('Ctrl Pts',(151.87322022203,-49.2743724700945,-1.5796902692229));
#9399=CARTESIAN_POINT('Ctrl Pts',(150.867177319292,-50.2778346057337,-1.65867478268404));
#9400=CARTESIAN_POINT('Ctrl Pts',(149.476996239376,-49.9838020434276,-1.73765929614519));
#9401=CARTESIAN_POINT('Ctrl Pts',(148.963411830013,-48.6589286002924,-1.81664380960634));
#9402=CARTESIAN_POINT('Ctrl Pts',(149.792186266042,-47.504722588492,-1.89562832306748));
#9403=CARTESIAN_POINT('Ctrl Pts',(151.211716156693,-47.5679165244333,-1.97461283652863));
#9404=CARTESIAN_POINT('Ctrl Pts',(151.934650647087,-48.7912007542367,-2.05359734998977));
#9405=CARTESIAN_POINT('Ctrl Pts',(151.305371042255,-50.0651967365517,-2.13258186345091));
#9406=CARTESIAN_POINT('Ctrl Pts',(149.894561793912,-50.2345361852286,-2.21156637691206));
#9407=CARTESIAN_POINT('Ctrl Pts',(148.981665134319,-49.1456476358275,-2.2905508903732));
#9408=CARTESIAN_POINT('Ctrl Pts',(149.3945736658,-47.7860281564463,-2.36953540383435));
#9409=CARTESIAN_POINT('Ctrl Pts',(150.75882669222,-47.3886967280455,-2.44851991729549));
#9410=CARTESIAN_POINT('Ctrl Pts',(151.837203136701,-48.3139874002579,-2.52750443075664));
#9411=CARTESIAN_POINT('Ctrl Pts',(151.651739205073,-49.7227676223494,-2.60648894421779));
#9412=CARTESIAN_POINT('Ctrl Pts',(150.370629419003,-50.3374352562209,-2.68547345767893));
#9413=CARTESIAN_POINT('Ctrl Pts',(149.155693469142,-49.6005572325108,-2.76445797114008));
#9414=CARTESIAN_POINT('Ctrl Pts',(149.108738963842,-48.1803974321629,-2.84344248460122));
#9415=CARTESIAN_POINT('Ctrl Pts',(150.272348255854,-47.3648779660336,-2.92242699806237));
#9416=CARTESIAN_POINT('Ctrl Pts',(151.591261130649,-47.893581486726,-3.00141151152351));
#9417=CARTESIAN_POINT('Ctrl Pts',(151.869374830406,-49.2870345193393,-3.08039602498466));
#9418=CARTESIAN_POINT('Ctrl Pts',(150.854472116502,-50.2815349292947,-3.1593805384458));
#9419=CARTESIAN_POINT('Ctrl Pts',(149.466953387035,-49.9751848689531,-3.23836505190694));
#9420=CARTESIAN_POINT('Ctrl Pts',(148.965139044027,-48.6458087185564,-3.31734956536809));
#9421=CARTESIAN_POINT('Ctrl Pts',(149.804117161191,-47.4989982272315,-3.39633407882924));
#9422=CARTESIAN_POINT('Ctrl Pts',(151.22303077908,-47.5747790233462,-3.47531859229038));
#9423=CARTESIAN_POINT('Ctrl Pts',(151.935087931448,-48.8044266134524,-3.55430310575152));
#9424=CARTESIAN_POINT('Ctrl Pts',(151.294534421828,-50.0727916182536,-3.63328761921267));
#9425=CARTESIAN_POINT('Ctrl Pts',(149.882278840945,-50.2296124024618,-3.71227213267381));
#9426=CARTESIAN_POINT('Ctrl Pts',(148.97907507886,-49.1326704950449,-3.79125664613496));
#9427=CARTESIAN_POINT('Ctrl Pts',(149.404025391182,-47.7767664364405,-3.8702411595961));
#9428=CARTESIAN_POINT('Ctrl Pts',(150.771748567215,-47.3915497469595,-3.94922567305725));
#9429=CARTESIAN_POINT('Ctrl Pts',(151.841876502227,-48.3263677970608,-4.02821018651839));
#9430=CARTESIAN_POINT('Ctrl Pts',(151.643925854452,-49.7334477965839,-4.10719469997954));
#9431=CARTESIAN_POINT('Ctrl Pts',(150.357415165349,-50.3367295144492,-4.18617921344068));
#9432=CARTESIAN_POINT('Ctrl Pts',(149.149062125568,-49.5891056014781,-4.26516372690184));
#9433=CARTESIAN_POINT('Ctrl Pts',(149.114704398396,-48.1685852284902,-4.34414824036297));
#9434=CARTESIAN_POINT('Ctrl Pts',(150.285500503895,-47.363417503595,-4.42313275382412));
#9435=CARTESIAN_POINT('Ctrl Pts',(151.59967261007,-47.9037972385997,-4.50211726728527));
#9436=CARTESIAN_POINT('Ctrl Pts',(151.865417296058,-49.2996619676048,-4.58110178074641));
#9437=CARTESIAN_POINT('Ctrl Pts',(150.841734593616,-50.2851224308165,-4.66008629420756));
#9438=CARTESIAN_POINT('Ctrl Pts',(149.456987358071,-49.9664789616113,-4.7390708076687));
#9439=CARTESIAN_POINT('Ctrl Pts',(148.966982534796,-48.6327046818299,-4.81805532112985));
#9440=CARTESIAN_POINT('Ctrl Pts',(149.816098377717,-47.4933798794388,-4.89703983459099));
#9441=CARTESIAN_POINT('Ctrl Pts',(151.234284047689,-47.5817416452698,-4.97602434805214));
#9442=CARTESIAN_POINT('Ctrl Pts',(151.935408000702,-48.8176557333543,-5.05500886151327));
#9443=CARTESIAN_POINT('Ctrl Pts',(151.283630669476,-50.0802902952413,-5.13399337497443));
#9444=CARTESIAN_POINT('Ctrl Pts',(149.870040453549,-50.2245794671591,-5.21297788843557));
#9445=CARTESIAN_POINT('Ctrl Pts',(148.976599360511,-49.1196717440822,-5.29196240189672));
#9446=CARTESIAN_POINT('Ctrl Pts',(149.41356064411,-47.7675871550048,-5.37094691535786));
#9447=CARTESIAN_POINT('Ctrl Pts',(150.784641007182,-47.3945208569506,-5.44993142881902));
#9448=CARTESIAN_POINT('Ctrl Pts',(151.846447349468,-48.3387817334693,-5.52891594228015));
#9449=CARTESIAN_POINT('Ctrl Pts',(151.63600272412,-49.7440735359481,-5.60790045574131));
#9450=CARTESIAN_POINT('Ctrl Pts',(150.344239335852,-50.3358751448619,-5.68688496920243));
#9451=CARTESIAN_POINT('Ctrl Pts',(149.142467439541,-49.5776603961394,-5.7658694826636));
#9452=CARTESIAN_POINT('Ctrl Pts',(149.120908540311,-48.1566929599598,-5.84485399612473));
#9453=CARTESIAN_POINT('Ctrl Pts',(150.298388785712,-47.362348360042,-5.92383850958588));
#9454=CARTESIAN_POINT('Ctrl Pts',(151.608562234756,-47.9135143904934,-6.00282302304702));
#9455=CARTESIAN_POINT('Ctrl Pts',(151.860150876079,-49.3134045717152,-6.08180753650817));
#9456=CARTESIAN_POINT('Ctrl Pts',(151.174347993038,-49.9606671402091,-6.1344638788156));
#9457=CARTESIAN_POINT('Ctrl Pts',(150.770182732109,-50.0687176635777,-6.16079204996931));
#9458=CARTESIAN_POINT('Ctrl Pts',(151.472053968535,-47.9613251179115,0.0535973499897713));
#9459=CARTESIAN_POINT('Ctrl Pts',(151.765118596322,-48.3015894284424,0.0272691788360562));
#9460=CARTESIAN_POINT('Ctrl Pts',(151.981817475104,-49.2903670900595,-0.0253871634713732));
#9461=CARTESIAN_POINT('Ctrl Pts',(150.912034857931,-50.3796300068927,-0.104371676932519));
#9462=CARTESIAN_POINT('Ctrl Pts',(149.416815882967,-50.0759947942238,-0.183356190393663));
#9463=CARTESIAN_POINT('Ctrl Pts',(148.853053154229,-48.659411020638,-0.262340703854809));
#9464=CARTESIAN_POINT('Ctrl Pts',(149.731592455954,-47.4123315487598,-0.341325217315954));
#9465=CARTESIAN_POINT('Ctrl Pts',(151.255906512016,-47.4667925160627,-0.420309730777098));
#9466=CARTESIAN_POINT('Ctrl Pts',(152.043516715545,-48.7728805281866,-0.499294244238244));
#9467=CARTESIAN_POINT('Ctrl Pts',(151.380199742495,-50.1463777436486,-0.578278757699389));
#9468=CARTESIAN_POINT('Ctrl Pts',(149.867484323228,-50.3415562008829,-0.657263271160534));
#9469=CARTESIAN_POINT('Ctrl Pts',(148.877241418211,-49.181471375741,-0.73624778462168));
#9470=CARTESIAN_POINT('Ctrl Pts',(149.307502214115,-47.7181580777343,-0.815232298082824));
#9471=CARTESIAN_POINT('Ctrl Pts',(150.76807221621,-47.278687832778,-0.894216811543969));
#9472=CARTESIAN_POINT('Ctrl Pts',(151.934380575041,-48.261602898667,-0.973201325005113));
#9473=CARTESIAN_POINT('Ctrl Pts',(151.748719972403,-49.7755153413583,-1.05218583846626));
#9474=CARTESIAN_POINT('Ctrl Pts',(150.379462976988,-50.4474785330729,-1.1311703519274));
#9475=CARTESIAN_POINT('Ctrl Pts',(149.068368842874,-49.6680996891739,-1.21015486538855));
#9476=CARTESIAN_POINT('Ctrl Pts',(149.004449553185,-48.1441856796565,-1.28913937884969));
#9477=CARTESIAN_POINT('Ctrl Pts',(150.245672610643,-47.2577519726629,-1.36812389231084));
#9478=CARTESIAN_POINT('Ctrl Pts',(151.666390996946,-47.8126922165305,-1.44710840577198));
#9479=CARTESIAN_POINT('Ctrl Pts',(151.978176036222,-49.3057392803468,-1.52609291923313));
#9480=CARTESIAN_POINT('Ctrl Pts',(150.898274441402,-50.382870640917,-1.60507743269427));
#9481=CARTESIAN_POINT('Ctrl Pts',(149.406033145128,-50.067251662741,-1.68406194615542));
#9482=CARTESIAN_POINT('Ctrl Pts',(148.854743909612,-48.6451125668015,-1.76304645961656));
#9483=CARTESIAN_POINT('Ctrl Pts',(149.74436286401,-47.4061704605536,-1.84203097307771));
#9484=CARTESIAN_POINT('Ctrl Pts',(151.268107615488,-47.4740037825922,-1.92101548653885));
#9485=CARTESIAN_POINT('Ctrl Pts',(152.044116379133,-48.787095487814,-2.));
#9486=CARTESIAN_POINT('Ctrl Pts',(151.36863817935,-50.1546219514984,-2.07898451346115));
#9487=CARTESIAN_POINT('Ctrl Pts',(149.854254296589,-50.3363934646162,-2.15796902692229));
#9488=CARTESIAN_POINT('Ctrl Pts',(148.874337281204,-49.1675641056703,-2.23695354038343));
#9489=CARTESIAN_POINT('Ctrl Pts',(149.317559514021,-47.7081280914249,-2.31593805384458));
#9490=CARTESIAN_POINT('Ctrl Pts',(150.781969247402,-47.2816265555218,-2.39492256730573));
#9491=CARTESIAN_POINT('Ctrl Pts',(151.939514754698,-48.2748474906079,-2.47390708076687));
#9492=CARTESIAN_POINT('Ctrl Pts',(151.740434978874,-49.7870533860492,-2.55289159422802));
#9493=CARTESIAN_POINT('Ctrl Pts',(150.365272451162,-50.4468468762626,-2.63187610768916));
#9494=CARTESIAN_POINT('Ctrl Pts',(149.061141915288,-49.6558709140779,-2.7108606211503));
#9495=CARTESIAN_POINT('Ctrl Pts',(149.010740242538,-48.1314500080502,-2.78984513461145));
#9496=CARTESIAN_POINT('Ctrl Pts',(150.259775971303,-47.2560591378567,-2.86882964807259));
#9497=CARTESIAN_POINT('Ctrl Pts',(151.675516903467,-47.8235774550466,-2.94781416153374));
#9498=CARTESIAN_POINT('Ctrl Pts',(151.974048334972,-49.3193309145962,-3.02679867499489));
#9499=CARTESIAN_POINT('Ctrl Pts',(150.884636485488,-50.3868426239248,-3.10578318845603));
#9500=CARTESIAN_POINT('Ctrl Pts',(149.395252996259,-50.0580018579537,-3.18476770191718));
#9501=CARTESIAN_POINT('Ctrl Pts',(148.856597927133,-48.6310294882648,-3.26375221537832));
#9502=CARTESIAN_POINT('Ctrl Pts',(149.757169666448,-47.4000258450132,-3.34273672883947));
#9503=CARTESIAN_POINT('Ctrl Pts',(151.280252901467,-47.48137009222,-3.42172124230061));
#9504=CARTESIAN_POINT('Ctrl Pts',(152.044585766748,-48.8012923241726,-3.50070575576176));
#9505=CARTESIAN_POINT('Ctrl Pts',(151.35700598787,-50.1627744118359,-3.5796902692229));
#9506=CARTESIAN_POINT('Ctrl Pts',(149.841069589991,-50.3311082020812,-3.65867478268404));
#9507=CARTESIAN_POINT('Ctrl Pts',(148.871557076689,-49.1536342474215,-3.7376592961452));
#9508=CARTESIAN_POINT('Ctrl Pts',(149.327705138314,-47.6981864217627,-3.81664380960633));
#9509=CARTESIAN_POINT('Ctrl Pts',(150.795839782523,-47.2846890289679,-3.89562832306748));
#9510=CARTESIAN_POINT('Ctrl Pts',(151.944531215597,-48.2881367948867,-3.97461283652862));
#9511=CARTESIAN_POINT('Ctrl Pts',(151.73204801071,-49.7985176458311,-4.05359734998977));
#9512=CARTESIAN_POINT('Ctrl Pts',(150.351088072387,-50.446089322422,-4.13258186345091));
#9513=CARTESIAN_POINT('Ctrl Pts',(149.054023731281,-49.6435785609568,-4.21156637691206));
#9514=CARTESIAN_POINT('Ctrl Pts',(149.017143629779,-48.1187706108299,-4.2905508903732));
#9515=CARTESIAN_POINT('Ctrl Pts',(150.273893792319,-47.2544914554921,-4.36953540383436));
#9516=CARTESIAN_POINT('Ctrl Pts',(151.684545912088,-47.834543196876,-4.44851991729549));
#9517=CARTESIAN_POINT('Ctrl Pts',(151.969800258033,-49.3328854076334,-4.52750443075664));
#9518=CARTESIAN_POINT('Ctrl Pts',(150.870963836695,-50.3906935020577,-4.60648894421779));
#9519=CARTESIAN_POINT('Ctrl Pts',(149.38455531076,-50.0486568059712,-4.68547345767893));
#9520=CARTESIAN_POINT('Ctrl Pts',(148.858576757872,-48.6169634179998,-4.76445797114008));
#9521=CARTESIAN_POINT('Ctrl Pts',(149.770030484609,-47.3939950259248,-4.84344248460122));
#9522=CARTESIAN_POINT('Ctrl Pts',(151.292332329377,-47.4888438753945,-4.92242699806237));
#9523=CARTESIAN_POINT('Ctrl Pts',(152.044929333902,-48.8154926606009,-5.00141151152351));
#9524=CARTESIAN_POINT('Ctrl Pts',(151.345301735971,-50.170823604585,-5.08039602498466));
#9525=CARTESIAN_POINT('Ctrl Pts',(149.827932720747,-50.3257057735713,-5.1593805384458));
#9526=CARTESIAN_POINT('Ctrl Pts',(148.868899603348,-49.1396811924802,-5.23836505190695));
#9527=CARTESIAN_POINT('Ctrl Pts',(149.337940422332,-47.6883332429024,-5.31734956536809));
#9528=CARTESIAN_POINT('Ctrl Pts',(150.809678721642,-47.2878782631538,-5.39633407882924));
#9529=CARTESIAN_POINT('Ctrl Pts',(151.949437631827,-48.3014621010828,-5.47531859229038));
#9530=CARTESIAN_POINT('Ctrl Pts',(151.723543203352,-49.809923474404,-5.55430310575153));
#9531=CARTESIAN_POINT('Ctrl Pts',(150.336944938682,-50.445172229247,-5.63328761921267));
#9532=CARTESIAN_POINT('Ctrl Pts',(149.046944896036,-49.6312931052723,-5.71227213267382));
#9533=CARTESIAN_POINT('Ctrl Pts',(149.023803249096,-48.1060052707861,-5.79125664613496));
#9534=CARTESIAN_POINT('Ctrl Pts',(150.287728268017,-47.2533438207096,-5.87024115959611));
#9535=CARTESIAN_POINT('Ctrl Pts',(151.694088169033,-47.8449737339818,-5.94922567305725));
#9536=CARTESIAN_POINT('Ctrl Pts',(151.964147203557,-49.3476369257401,-6.0282101865184));
#9537=CARTESIAN_POINT('Ctrl Pts',(151.227996066153,-50.0424183093982,-6.08086652882583));
#9538=CARTESIAN_POINT('Ctrl Pts',(150.794158991551,-50.1584013675654,-6.10719469997954));
#9539=CARTESIAN_POINT('Ctrl Pts',(151.542394115769,-47.9007421874373,0.107194699979541));
#9540=CARTESIAN_POINT('Ctrl Pts',(151.855502579224,-48.2642785044718,0.0808665288258263));
#9541=CARTESIAN_POINT('Ctrl Pts',(152.087022341537,-49.3206825361186,0.0282101865183969));
#9542=CARTESIAN_POINT('Ctrl Pts',(150.944073108725,-50.4844444024454,-0.0507743269427487));
#9543=CARTESIAN_POINT('Ctrl Pts',(149.346590262315,-50.1600423904816,-0.129758840403893));
#9544=CARTESIAN_POINT('Ctrl Pts',(148.744269596458,-48.6465729143066,-0.208743353865039));
#9545=CARTESIAN_POINT('Ctrl Pts',(149.682895635788,-47.3142008017314,-0.287727867326183));
#9546=CARTESIAN_POINT('Ctrl Pts',(151.311463489643,-47.3723865675104,-0.366712380787328));
#9547=CARTESIAN_POINT('Ctrl Pts',(152.152941434253,-48.7678030450998,-0.445696894248474));
#9548=CARTESIAN_POINT('Ctrl Pts',(151.444257620095,-50.2352391049887,-0.524681407709618));
#9549=CARTESIAN_POINT('Ctrl Pts',(149.828081679151,-50.4437665799882,-0.603665921170764));
#9550=CARTESIAN_POINT('Ctrl Pts',(148.77011219038,-49.2043390181562,-0.682650434631909));
#9551=CARTESIAN_POINT('Ctrl Pts',(149.229800204275,-47.64094400269,-0.761634948093054));
#9552=CARTESIAN_POINT('Ctrl Pts',(150.790264299096,-47.1714166695165,-0.840619461554199));
#9553=CARTESIAN_POINT('Ctrl Pts',(152.036341046419,-48.2215571395927,-0.919603975015344));
#9554=CARTESIAN_POINT('Ctrl Pts',(151.837982389302,-49.8390119730723,-0.998588488476489));
#9555=CARTESIAN_POINT('Ctrl Pts',(150.375076554688,-50.5569333545934,-1.07757300193763));
#9556=CARTESIAN_POINT('Ctrl Pts',(148.974311566852,-49.7242497444798,-1.15655751539878));
#9557=CARTESIAN_POINT('Ctrl Pts',(148.906020587041,-48.0961092979166,-1.23554202885992));
#9558=CARTESIAN_POINT('Ctrl Pts',(150.232135742117,-47.1490489240768,-1.31452654232107));
#9559=CARTESIAN_POINT('Ctrl Pts',(151.750022613338,-47.7419437008317,-1.39351105578221));
#9560=CARTESIAN_POINT('Ctrl Pts',(152.083131850414,-49.3371060905991,-1.47249556924336));
#9561=CARTESIAN_POINT('Ctrl Pts',(150.929371563512,-50.4879066761001,-1.5514800827045));
#9562=CARTESIAN_POINT('Ctrl Pts',(149.335070050879,-50.1507012820545,-1.63046459616565));
#9563=CARTESIAN_POINT('Ctrl Pts',(148.746075989212,-48.6312965333105,-1.7094491096268));
#9564=CARTESIAN_POINT('Ctrl Pts',(149.696539461979,-47.3076183326152,-1.78843362308794));
#9565=CARTESIAN_POINT('Ctrl Pts',(151.324499074284,-47.3800910407509,-1.86741813654908));
#9566=CARTESIAN_POINT('Ctrl Pts',(152.153582111178,-48.7829902213914,-1.94640265001023));
#9567=CARTESIAN_POINT('Ctrl Pts',(151.431905316445,-50.2440471664451,-2.02538716347137));
#9568=CARTESIAN_POINT('Ctrl Pts',(149.813946799266,-50.4382507440039,-2.10437167693252));
#9569=CARTESIAN_POINT('Ctrl Pts',(148.767009428089,-49.1894805755131,-2.18335619039366));
#9570=CARTESIAN_POINT('Ctrl Pts',(149.240545362242,-47.6302280264034,-2.26234070385481));
#9571=CARTESIAN_POINT('Ctrl Pts',(150.805111802585,-47.1745563829981,-2.34132521731596));
#9572=CARTESIAN_POINT('Ctrl Pts',(152.041826372695,-48.2357075809578,-2.4203097307771));
#9573=CARTESIAN_POINT('Ctrl Pts',(151.829130752675,-49.851339149749,-2.49929424423825));
#9574=CARTESIAN_POINT('Ctrl Pts',(150.35991548332,-50.5562584963043,-2.57827875769939));
#9575=CARTESIAN_POINT('Ctrl Pts',(148.966590361435,-49.7111845956451,-2.65726327116054));
#9576=CARTESIAN_POINT('Ctrl Pts',(148.912741521233,-48.0825025839374,-2.73624778462168));
#9577=CARTESIAN_POINT('Ctrl Pts',(150.247203686752,-47.1472403096799,-2.81523229808282));
#9578=CARTESIAN_POINT('Ctrl Pts',(151.759772676286,-47.7535734233671,-2.89421681154397));
#9579=CARTESIAN_POINT('Ctrl Pts',(152.078721839537,-49.351627309853,-2.97320132500512));
#9580=CARTESIAN_POINT('Ctrl Pts',(150.914800854473,-50.4921503185549,-3.05218583846626));
#9581=CARTESIAN_POINT('Ctrl Pts',(149.323552605483,-50.1408188469545,-3.1311703519274));
#9582=CARTESIAN_POINT('Ctrl Pts',(148.748056810239,-48.6162502579731,-3.21015486538855));
#9583=CARTESIAN_POINT('Ctrl Pts',(149.710222171705,-47.3010534627949,-3.2891393788497));
#9584=CARTESIAN_POINT('Ctrl Pts',(151.337475023854,-47.3879611610937,-3.36812389231084));
#9585=CARTESIAN_POINT('Ctrl Pts',(152.154083602048,-48.7981580348929,-3.44710840577198));
#9586=CARTESIAN_POINT('Ctrl Pts',(151.419477553912,-50.2527572054181,-3.52609291923313));
#9587=CARTESIAN_POINT('Ctrl Pts',(149.799860339036,-50.4326040017007,-3.60507743269427));
#9588=CARTESIAN_POINT('Ctrl Pts',(148.764039074518,-49.1745979997981,-3.68406194615543));
#9589=CARTESIAN_POINT('Ctrl Pts',(149.251384885446,-47.6196064070848,-3.76304645961656));
#9590=CARTESIAN_POINT('Ctrl Pts',(150.819930997831,-47.1778283109763,-3.84203097307771));
#9591=CARTESIAN_POINT('Ctrl Pts',(152.047185928968,-48.2499057927125,-3.92101548653885));
#9592=CARTESIAN_POINT('Ctrl Pts',(151.820170166968,-49.8635874950783,-4.));
#9593=CARTESIAN_POINT('Ctrl Pts',(150.344760979426,-50.5554491303948,-4.07898451346114));
#9594=CARTESIAN_POINT('Ctrl Pts',(148.958985336994,-49.6980515204356,-4.1579690269223));
#9595=CARTESIAN_POINT('Ctrl Pts',(148.919582861163,-48.0689559931694,-4.23695354038343));
#9596=CARTESIAN_POINT('Ctrl Pts',(150.262287080743,-47.1455654073894,-4.31593805384458));
#9597=CARTESIAN_POINT('Ctrl Pts',(151.769419214106,-47.765289155152,-4.39492256730572));
#9598=CARTESIAN_POINT('Ctrl Pts',(152.074183220008,-49.3661088476622,-4.47390708076687));
#9599=CARTESIAN_POINT('Ctrl Pts',(150.900193079775,-50.4962645732987,-4.55289159422802));
#9600=CARTESIAN_POINT('Ctrl Pts',(149.312123263448,-50.1308346503312,-4.63187610768916));
#9601=CARTESIAN_POINT('Ctrl Pts',(148.750170980949,-48.6012221541696,-4.71086062115031));
#9602=CARTESIAN_POINT('Ctrl Pts',(149.723962591502,-47.2946101724108,-4.78984513461145));
#9603=CARTESIAN_POINT('Ctrl Pts',(151.350380611065,-47.3959461055193,-4.8688296480726));
#9604=CARTESIAN_POINT('Ctrl Pts',(152.154450667103,-48.8133295878475,-4.94781416153374));
#9605=CARTESIAN_POINT('Ctrl Pts',(151.406972802467,-50.2613569139288,-5.02679867499489));
#9606=CARTESIAN_POINT('Ctrl Pts',(149.785824987944,-50.4268320799835,-5.10578318845603));
#9607=CARTESIAN_POINT('Ctrl Pts',(148.761199846186,-49.1596906408781,-5.18476770191718));
#9608=CARTESIAN_POINT('Ctrl Pts',(149.262320200554,-47.6090793308,-5.26375221537832));
#9609=CARTESIAN_POINT('Ctrl Pts',(150.834716436101,-47.1812356693568,-5.34273672883947));
#9610=CARTESIAN_POINT('Ctrl Pts',(152.052427914185,-48.2641424686964,-5.42172124230061));
#9611=CARTESIAN_POINT('Ctrl Pts',(151.811083682585,-49.8757734128599,-5.50070575576175));
#9612=CARTESIAN_POINT('Ctrl Pts',(150.329650541512,-50.5544693136321,-5.5796902692229));
#9613=CARTESIAN_POINT('Ctrl Pts',(148.951422352531,-49.6849258144052,-5.65867478268405));
#9614=CARTESIAN_POINT('Ctrl Pts',(148.926697957882,-48.0553175816125,-5.73765929614519));
#9615=CARTESIAN_POINT('Ctrl Pts',(150.277067750321,-47.1443392813772,-5.81664380960633));
#9616=CARTESIAN_POINT('Ctrl Pts',(151.77961410331,-47.7764330774702,-5.89562832306748));
#9617=CARTESIAN_POINT('Ctrl Pts',(152.068143531035,-49.381869279765,-5.97461283652863));
#9618=CARTESIAN_POINT('Ctrl Pts',(151.281644139269,-50.1241694785874,-6.02726917883606));
#9619=CARTESIAN_POINT('Ctrl Pts',(150.818135250993,-50.248085071553,-6.05359734998977));
#9620=CARTESIAN_POINT('Ctrl Pts',(151.612734263003,-47.8401592569631,0.160792049969312));
#9621=CARTESIAN_POINT('Ctrl Pts',(151.945886562126,-48.2269675805013,0.134463878815597));
#9622=CARTESIAN_POINT('Ctrl Pts',(152.192227207971,-49.3509979821776,0.081807536508167));
#9623=CARTESIAN_POINT('Ctrl Pts',(150.97611135952,-50.589258797998,0.00282302304702153));
#9624=CARTESIAN_POINT('Ctrl Pts',(149.276364641664,-50.2440899867395,-0.0761614904141231));
#9625=CARTESIAN_POINT('Ctrl Pts',(148.635486038686,-48.6337348079752,-0.155146003875268));
#9626=CARTESIAN_POINT('Ctrl Pts',(149.634198815622,-47.216070054703,-0.234130517336413));
#9627=CARTESIAN_POINT('Ctrl Pts',(151.367020467271,-47.2779806189579,-0.313115030797558));
#9628=CARTESIAN_POINT('Ctrl Pts',(152.262366152962,-48.7627255620131,-0.392099544258704));
#9629=CARTESIAN_POINT('Ctrl Pts',(151.508315497694,-50.3241004663288,-0.471084057719848));
#9630=CARTESIAN_POINT('Ctrl Pts',(149.788679035075,-50.5459769590935,-0.550068571180994));
#9631=CARTESIAN_POINT('Ctrl Pts',(148.662982962549,-49.2272066605714,-0.629053084642139));
#9632=CARTESIAN_POINT('Ctrl Pts',(149.152098194436,-47.5637299276457,-0.708037598103284));
#9633=CARTESIAN_POINT('Ctrl Pts',(150.812456381983,-47.0641455062551,-0.787022111564428));
#9634=CARTESIAN_POINT('Ctrl Pts',(152.138301517797,-48.1815113805185,-0.866006625025574));
#9635=CARTESIAN_POINT('Ctrl Pts',(151.927244806202,-49.9025086047862,-0.944991138486718));
#9636=CARTESIAN_POINT('Ctrl Pts',(150.370690132387,-50.6663881761139,-1.02397565194786));
#9637=CARTESIAN_POINT('Ctrl Pts',(148.880254290831,-49.7803997997858,-1.10296016540901));
#9638=CARTESIAN_POINT('Ctrl Pts',(148.807591620898,-48.0480329161767,-1.18194467887015));
#9639=CARTESIAN_POINT('Ctrl Pts',(150.218598873592,-47.0403458754907,-1.2609291923313));
#9640=CARTESIAN_POINT('Ctrl Pts',(151.833654229731,-47.6711951851329,-1.33991370579244));
#9641=CARTESIAN_POINT('Ctrl Pts',(152.188087664606,-49.3684729008515,-1.41889821925359));
#9642=CARTESIAN_POINT('Ctrl Pts',(150.960468685622,-50.5929427112834,-1.49788273271473));
#9643=CARTESIAN_POINT('Ctrl Pts',(149.26410695663,-50.2341509013678,-1.57686724617588));
#9644=CARTESIAN_POINT('Ctrl Pts',(148.637408068811,-48.6174804998196,-1.65585175963702));
#9645=CARTESIAN_POINT('Ctrl Pts',(149.648716059947,-47.2090662046769,-1.73483627309817));
#9646=CARTESIAN_POINT('Ctrl Pts',(151.380890533079,-47.2861782989097,-1.81382078655931));
#9647=CARTESIAN_POINT('Ctrl Pts',(152.263047843224,-48.7788849549687,-1.89280530002046));
#9648=CARTESIAN_POINT('Ctrl Pts',(151.495172453539,-50.3334723813919,-1.9717898134816));
#9649=CARTESIAN_POINT('Ctrl Pts',(149.773639301943,-50.5401080233915,-2.05077432694275));
#9650=CARTESIAN_POINT('Ctrl Pts',(148.659681574975,-49.2113970453559,-2.1297588404039));
#9651=CARTESIAN_POINT('Ctrl Pts',(149.163531210463,-47.552327961382,-2.20874335386504));
#9652=CARTESIAN_POINT('Ctrl Pts',(150.828254357767,-47.0674862104744,-2.28772786732619));
#9653=CARTESIAN_POINT('Ctrl Pts',(152.144137990692,-48.1965676713079,-2.36671238078733));
#9654=CARTESIAN_POINT('Ctrl Pts',(151.917826526476,-49.9156249134487,-2.44569689424848));
#9655=CARTESIAN_POINT('Ctrl Pts',(150.354558515479,-50.6656701163461,-2.52468140770962));
#9656=CARTESIAN_POINT('Ctrl Pts',(148.872038807582,-49.7664982772123,-2.60366592117077));
#9657=CARTESIAN_POINT('Ctrl Pts',(148.814742799928,-48.0335551598246,-2.68265043463191));
#9658=CARTESIAN_POINT('Ctrl Pts',(150.234631402201,-47.0384214815031,-2.76163494809306));
#9659=CARTESIAN_POINT('Ctrl Pts',(151.844028449104,-47.6835693916877,-2.8406194615542));
#9660=CARTESIAN_POINT('Ctrl Pts',(152.183395344103,-49.3839237051099,-2.91960397501535));
#9661=CARTESIAN_POINT('Ctrl Pts',(150.944965223459,-50.5974580131851,-2.99858848847649));
#9662=CARTESIAN_POINT('Ctrl Pts',(149.251852214707,-50.2236358359552,-3.07757300193763));
#9663=CARTESIAN_POINT('Ctrl Pts',(148.639515693345,-48.6014710276815,-3.15655751539878));
#9664=CARTESIAN_POINT('Ctrl Pts',(149.663274676962,-47.2020810805766,-3.23554202885993));
#9665=CARTESIAN_POINT('Ctrl Pts',(151.394697146241,-47.2945522299675,-3.31452654232107));
#9666=CARTESIAN_POINT('Ctrl Pts',(152.263581437347,-48.7950237456131,-3.39351105578222));
#9667=CARTESIAN_POINT('Ctrl Pts',(151.481949119954,-50.3427399990005,-3.47249556924336));
#9668=CARTESIAN_POINT('Ctrl Pts',(149.758651088082,-50.5340998013202,-3.5514800827045));
#9669=CARTESIAN_POINT('Ctrl Pts',(148.656521072347,-49.1955617521748,-3.63046459616565));
#9670=CARTESIAN_POINT('Ctrl Pts',(149.175064632578,-47.5410263924069,-3.70944910962679));
#9671=CARTESIAN_POINT('Ctrl Pts',(150.844022213139,-47.0709675929847,-3.78843362308794));
#9672=CARTESIAN_POINT('Ctrl Pts',(152.149840642339,-48.2116747905383,-3.86741813654908));
#9673=CARTESIAN_POINT('Ctrl Pts',(151.908292323227,-49.9286573443256,-3.94640265001024));
#9674=CARTESIAN_POINT('Ctrl Pts',(150.338433886464,-50.6648089383676,-4.02538716347137));
#9675=CARTESIAN_POINT('Ctrl Pts',(148.863946942707,-49.7525244799142,-4.10437167693253));
#9676=CARTESIAN_POINT('Ctrl Pts',(148.822022092547,-48.019141375509,-4.18335619039366));
#9677=CARTESIAN_POINT('Ctrl Pts',(150.250680369167,-47.0366393592866,-4.26234070385481));
#9678=CARTESIAN_POINT('Ctrl Pts',(151.854292516124,-47.6960351134283,-4.34132521731595));
#9679=CARTESIAN_POINT('Ctrl Pts',(152.178566181983,-49.3993322876908,-4.4203097307771));
#9680=CARTESIAN_POINT('Ctrl Pts',(150.929422322855,-50.6018356445398,-4.49929424423825));
#9681=CARTESIAN_POINT('Ctrl Pts',(149.239691216137,-50.2130124946911,-4.57827875769939));
#9682=CARTESIAN_POINT('Ctrl Pts',(148.641765204026,-48.5854808903395,-4.65726327116053));
#9683=CARTESIAN_POINT('Ctrl Pts',(149.677894698394,-47.1952253188968,-4.73624778462168));
#9684=CARTESIAN_POINT('Ctrl Pts',(151.408428892753,-47.3030483356441,-4.81523229808283));
#9685=CARTESIAN_POINT('Ctrl Pts',(152.263972000303,-48.8111665150941,-4.89421681154396));
#9686=CARTESIAN_POINT('Ctrl Pts',(151.468643868962,-50.3518902232725,-4.97320132500512));
#9687=CARTESIAN_POINT('Ctrl Pts',(149.743717255142,-50.5279583863957,-5.05218583846626));
#9688=CARTESIAN_POINT('Ctrl Pts',(148.653500089023,-49.1797000892761,-5.1311703519274));
#9689=CARTESIAN_POINT('Ctrl Pts',(149.186699978776,-47.5298254186976,-5.21015486538855));
#9690=CARTESIAN_POINT('Ctrl Pts',(150.85975415056,-47.0745930755599,-5.2891393788497));
#9691=CARTESIAN_POINT('Ctrl Pts',(152.155418196544,-48.2268228363099,-5.36812389231084));
#9692=CARTESIAN_POINT('Ctrl Pts',(151.898624161817,-49.9416233513158,-5.44710840577199));
#9693=CARTESIAN_POINT('Ctrl Pts',(150.322356144342,-50.6637663980171,-5.52609291923313));
#9694=CARTESIAN_POINT('Ctrl Pts',(148.855899809026,-49.7385585235382,-5.60507743269427));
#9695=CARTESIAN_POINT('Ctrl Pts',(148.829592666667,-48.0046298924387,-5.68406194615542));
#9696=CARTESIAN_POINT('Ctrl Pts',(150.266407232626,-47.0353347420449,-5.76304645961656));
#9697=CARTESIAN_POINT('Ctrl Pts',(151.865140037588,-47.7078924209585,-5.84203097307771));
#9698=CARTESIAN_POINT('Ctrl Pts',(152.172139858514,-49.41610163379,-5.92101548653886));
#9699=CARTESIAN_POINT('Ctrl Pts',(151.335292212384,-50.2059206477765,-5.97367182884629));
#9700=CARTESIAN_POINT('Ctrl Pts',(150.842111510435,-50.3377687755407,-6.));
#9701=CARTESIAN_POINT('Ctrl Pts',(151.4017138213,-48.0219080483857,-2.0640862117427E-17));
#9702=CARTESIAN_POINT('Ctrl Pts',(151.438581457228,-48.0563375206359,-7.10446820261035E-17));
#9703=CARTESIAN_POINT('Ctrl Pts',(151.473068597865,-48.0930065751872,-1.42606942613192E-15));
#9704=CARTESIAN_POINT('Ctrl Pts',(151.50517449074,-48.1315950065948,-1.26981758441502E-15));
#9705=CARTESIAN_POINT('Ctrl Pts',(151.53872640368,-48.171921425677,-1.10652830258639E-15));
#9706=CARTESIAN_POINT('Ctrl Pts',(151.569678358437,-48.214344464799,-7.57607374425933E-16));
#9707=CARTESIAN_POINT('Ctrl Pts',(151.598001400882,-48.2585484125203,-1.03736463863413E-15));
#9708=CARTESIAN_POINT('Ctrl Pts',(151.620910099667,-48.2943021605659,-1.26364240915146E-15));
#9709=CARTESIAN_POINT('Ctrl Pts',(151.642098483868,-48.3312221654049,-1.01438572799995E-15));
#9710=CARTESIAN_POINT('Ctrl Pts',(151.661534488161,-48.3691598335366,-9.36750677027476E-16));
#9711=CARTESIAN_POINT('Ctrl Pts',(151.670210525153,-48.3860948273313,-9.02095170476459E-16));
#9712=CARTESIAN_POINT('Ctrl Pts',(151.678537160203,-48.4032327919467,2.14498725324253E-16));
#9713=CARTESIAN_POINT('Ctrl Pts',(151.686510437566,-48.4205612999416,4.64905891561784E-16));
#9714=CARTESIAN_POINT('Ctrl Pts',(151.690138072261,-48.4284453222756,5.78834666721842E-16));
#9715=CARTESIAN_POINT('Ctrl Pts',(151.693691880148,-48.436367481022,1.9079795138362E-15));
#9716=CARTESIAN_POINT('Ctrl Pts',(151.697167794827,-48.4443176273713,1.81799020282369E-15));
#9717=CARTESIAN_POINT('Ctrl Pts',(151.718976443079,-48.4941985828441,1.25337760094354E-15));
#9718=CARTESIAN_POINT('Ctrl Pts',(151.737765551939,-48.545272612975,-4.53425937330932E-16));
#9719=CARTESIAN_POINT('Ctrl Pts',(151.753509025442,-48.5972076399624,-3.95516952522712E-16));
#9720=CARTESIAN_POINT('Ctrl Pts',(151.769550573497,-48.6501259639244,-3.36511564518782E-16));
#9721=CARTESIAN_POINT('Ctrl Pts',(151.782430664316,-48.7039391206526,-7.31542157803473E-16));
#9722=CARTESIAN_POINT('Ctrl Pts',(151.792080896675,-48.7583304872767,-9.15933995315754E-16));
#9723=CARTESIAN_POINT('Ctrl Pts',(151.799100560834,-48.7978952472397,-1.05006224476229E-15));
#9724=CARTESIAN_POINT('Ctrl Pts',(151.80441040738,-48.8377667443736,-2.4139511160708E-16));
#9725=CARTESIAN_POINT('Ctrl Pts',(151.807968177508,-48.8778298655503,2.77555756156289E-17));
#9726=CARTESIAN_POINT('Ctrl Pts',(151.809218707194,-48.8919117540738,1.22360036331154E-16));
#9727=CARTESIAN_POINT('Ctrl Pts',(151.810252643096,-48.9060173493093,1.13816276768583E-15));
#9728=CARTESIAN_POINT('Ctrl Pts',(151.811067714103,-48.9201417286055,1.32532873564628E-15));
#9729=CARTESIAN_POINT('Ctrl Pts',(151.81164168112,-48.9300880127512,1.45712963540167E-15));
#9730=CARTESIAN_POINT('Ctrl Pts',(151.812106999733,-48.9400434979947,-2.76601988283057E-16));
#9731=CARTESIAN_POINT('Ctrl Pts',(151.812462617028,-48.949992195923,-2.22044604925031E-16));
#9732=CARTESIAN_POINT('Ctrl Pts',(151.814493677427,-49.00681284746,8.95525599406516E-17));
#9733=CARTESIAN_POINT('Ctrl Pts',(151.812957550051,-49.0635261815733,-5.85728579223564E-16));
#9734=CARTESIAN_POINT('Ctrl Pts',(151.807797433726,-49.1197983504382,-7.35522753814166E-16));
#9735=CARTESIAN_POINT('Ctrl Pts',(151.804193555824,-49.1590994074563,-8.4014053406537E-16));
#9736=CARTESIAN_POINT('Ctrl Pts',(151.798821090694,-49.198185958361,-2.04510734159873E-15));
#9737=CARTESIAN_POINT('Ctrl Pts',(151.791646362482,-49.2369490440342,-1.92901250528621E-15));
#9738=CARTESIAN_POINT('Ctrl Pts',(151.781638012852,-49.2910214078451,-1.7670666200031E-15));
#9739=CARTESIAN_POINT('Ctrl Pts',(151.768125047477,-49.3444649572852,-1.42022189047836E-15));
#9740=CARTESIAN_POINT('Ctrl Pts',(151.751333890958,-49.3970769235416,-1.45716771982052E-15));
#9741=CARTESIAN_POINT('Ctrl Pts',(151.746729699112,-49.4115033024396,-1.46729839104827E-15));
#9742=CARTESIAN_POINT('Ctrl Pts',(151.741878728262,-49.4258671241409,-1.9317835079695E-16));
#9743=CARTESIAN_POINT('Ctrl Pts',(151.736784987085,-49.4401640983887,-1.52655665885959E-16));
#9744=CARTESIAN_POINT('Ctrl Pts',(151.732209436678,-49.453006628869,-1.16255389359271E-16));
#9745=CARTESIAN_POINT('Ctrl Pts',(151.727436216378,-49.4657993543914,1.00913551144409E-15));
#9746=CARTESIAN_POINT('Ctrl Pts',(151.722479116872,-49.4785120033607,1.04083408558608E-15));
#9747=CARTESIAN_POINT('Ctrl Pts',(151.70187877356,-49.5313422789774,1.17256464879328E-15));
#9748=CARTESIAN_POINT('Ctrl Pts',(151.678079404645,-49.5828743043011,-7.72079560828602E-16));
#9749=CARTESIAN_POINT('Ctrl Pts',(151.651366547647,-49.6329003915007,-7.35522753814166E-16));
#9750=CARTESIAN_POINT('Ctrl Pts',(151.62401736583,-49.6841181461016,-6.98095130038904E-16));
#9751=CARTESIAN_POINT('Ctrl Pts',(151.593613891545,-49.7337582621136,2.51402175616226E-16));
#9752=CARTESIAN_POINT('Ctrl Pts',(151.560407097181,-49.7815921652993,2.08166817117217E-16));
#9753=CARTESIAN_POINT('Ctrl Pts',(151.5397865111,-49.8112958189371,1.81318744343991E-16));
#9754=CARTESIAN_POINT('Ctrl Pts',(151.518083860921,-49.8403028175803,8.54795095859646E-16));
#9755=CARTESIAN_POINT('Ctrl Pts',(151.495349849722,-49.868554958063,1.01307850997046E-15));
#9756=CARTESIAN_POINT('Ctrl Pts',(151.484052813873,-49.8825940750949,1.09173305921686E-15));
#9757=CARTESIAN_POINT('Ctrl Pts',(151.472500998155,-49.8964467407656,-2.38128918812524E-16));
#9758=CARTESIAN_POINT('Ctrl Pts',(151.460700040844,-49.9101054450273,-2.77555756156289E-16));
#9759=CARTESIAN_POINT('Ctrl Pts',(151.453262498576,-49.918713830567,-3.02404483382706E-16));
#9760=CARTESIAN_POINT('Ctrl Pts',(151.445725986317,-49.9272451666879,1.21018964919678E-15));
#9761=CARTESIAN_POINT('Ctrl Pts',(151.438091842677,-49.9356975135114,1.29063426612674E-15));
#9762=CARTESIAN_POINT('Ctrl Pts',(151.430738675194,-49.9438387700476,1.36811810310925E-15));
#9763=CARTESIAN_POINT('Ctrl Pts',(151.423301393802,-49.9518995817428,5.83155584356168E-16));
#9764=CARTESIAN_POINT('Ctrl Pts',(151.415782044253,-49.9598781337673,5.55111512312578E-16));
#9765=CARTESIAN_POINT('Ctrl Pts',(151.374348764676,-50.0038417205772,4.00582470951636E-16));
#9766=CARTESIAN_POINT('Ctrl Pts',(151.330424123022,-50.0453132656197,2.05988462140641E-15));
#9767=CARTESIAN_POINT('Ctrl Pts',(151.284263718765,-50.0840411141907,1.80411241501588E-15));
#9768=CARTESIAN_POINT('Ctrl Pts',(151.252360141362,-50.1108077106801,1.62733648518054E-15));
#9769=CARTESIAN_POINT('Ctrl Pts',(151.219387485802,-50.1362633754709,-7.48768154895915E-16));
#9770=CARTESIAN_POINT('Ctrl Pts',(151.185418078497,-50.1603168826651,-9.99200722162641E-16));
#9771=CARTESIAN_POINT('Ctrl Pts',(151.171769137419,-50.1699816053806,-1.0998247726189E-15));
#9772=CARTESIAN_POINT('Ctrl Pts',(151.157956654253,-50.1794213115842,2.36509312178118E-15));
#9773=CARTESIAN_POINT('Ctrl Pts',(151.144006055587,-50.1886164116834,2.22044604925031E-15));
#9774=CARTESIAN_POINT('Ctrl Pts',(151.093235481171,-50.2220802453896,1.69403029205048E-15));
#9775=CARTESIAN_POINT('Ctrl Pts',(151.040584720492,-50.2523467889434,5.31801084639219E-16));
#9776=CARTESIAN_POINT('Ctrl Pts',(150.986291896265,-50.2791519977798,0.));
#9777=CARTESIAN_POINT('Ctrl Pts',(150.956050682497,-50.2940825537428,-2.96214288196683E-16));
#9778=CARTESIAN_POINT('Ctrl Pts',(150.925299290426,-50.3079386759315,-6.29843486589085E-16));
#9779=CARTESIAN_POINT('Ctrl Pts',(150.89407415968,-50.3206694764345,-9.15933995315754E-16));
#9780=CARTESIAN_POINT('Ctrl Pts',(150.877218103549,-50.3275418604007,-1.07057475477973E-15));
#9781=CARTESIAN_POINT('Ctrl Pts',(150.860223943209,-50.3340862424197,-1.30028694892806E-15));
#9782=CARTESIAN_POINT('Ctrl Pts',(150.843100429537,-50.3403051163317,-1.33226762955019E-15));
#9783=CARTESIAN_POINT('Ctrl Pts',(149.178790270334,-48.8482273581485,-0.806580326380582));
#9784=CARTESIAN_POINT('Ctrl Pts',(149.1779858513,-48.936799293893,-0.801001929124204));
#9785=CARTESIAN_POINT('Ctrl Pts',(149.186506657636,-49.0252175365672,-0.795423531867827));
#9786=CARTESIAN_POINT('Ctrl Pts',(149.204928962571,-49.1115221513099,-0.78984513461145));
#9787=CARTESIAN_POINT('Ctrl Pts',(149.291876086462,-49.5188510961431,-0.763516963457734));
#9788=CARTESIAN_POINT('Ctrl Pts',(149.599381526883,-49.8790984589604,-0.737188792304019));
#9789=CARTESIAN_POINT('Ctrl Pts',(149.988010063359,-50.0289172337908,-0.710860621150304));
#9790=CARTESIAN_POINT('Ctrl Pts',(150.376638599835,-50.1787360086213,-0.684532449996589));
#9791=CARTESIAN_POINT('Ctrl Pts',(150.846390232365,-50.1181261954649,-0.658204278842874));
#9792=CARTESIAN_POINT('Ctrl Pts',(151.184257737287,-49.8745615603808,-0.631876107689159));
#9793=CARTESIAN_POINT('Ctrl Pts',(151.522125242209,-49.6309969252968,-0.605547936535444));
#9794=CARTESIAN_POINT('Ctrl Pts',(151.728108619523,-49.204477468285,-0.579219765381729));
#9795=CARTESIAN_POINT('Ctrl Pts',(151.708809897772,-48.7884244820029,-0.552891594228014));
#9796=CARTESIAN_POINT('Ctrl Pts',(151.689511176021,-48.3723714957207,-0.526563423074299));
#9797=CARTESIAN_POINT('Ctrl Pts',(151.444930355205,-47.966784980168,-0.500235251920584));
#9798=CARTESIAN_POINT('Ctrl Pts',(151.085963235086,-47.7555356942538,-0.473907080766869));
#9799=CARTESIAN_POINT('Ctrl Pts',(150.726996114966,-47.5442864083396,-0.447578909613153));
#9800=CARTESIAN_POINT('Ctrl Pts',(150.253642695543,-47.5273743520639,-0.421250738459438));
#9801=CARTESIAN_POINT('Ctrl Pts',(149.880557225145,-47.7125494624562,-0.394922567305723));
#9802=CARTESIAN_POINT('Ctrl Pts',(149.507471754747,-47.8977245728486,-0.368594396152008));
#9803=CARTESIAN_POINT('Ctrl Pts',(149.234654233374,-48.284986849909,-0.342266224998293));
#9804=CARTESIAN_POINT('Ctrl Pts',(149.185779604624,-48.6985676669386,-0.315938053844578));
#9805=CARTESIAN_POINT('Ctrl Pts',(149.179989159944,-48.7475668491898,-0.312818811356579));
#9806=CARTESIAN_POINT('Ctrl Pts',(149.17734207564,-48.7969354499775,-0.30969956886858));
#9807=CARTESIAN_POINT('Ctrl Pts',(149.177706448241,-48.846342332221,-0.30658032638058));
#9808=CARTESIAN_POINT('Ctrl Pts',(150.842111510435,-50.3377687755407,-6.));
#9809=CARTESIAN_POINT('Ctrl Pts',(150.899795017617,-50.3166914594352,-6.));
#9810=CARTESIAN_POINT('Ctrl Pts',(150.955974414402,-50.2919379796946,-6.));
#9811=CARTESIAN_POINT('Ctrl Pts',(151.010432167828,-50.2637905851501,-6.));
#9812=CARTESIAN_POINT('Ctrl Pts',(151.061833970665,-50.237222709435,-6.));
#9813=CARTESIAN_POINT('Ctrl Pts',(151.111702236269,-50.2076300086533,-6.));
#9814=CARTESIAN_POINT('Ctrl Pts',(151.159824107735,-50.175217347682,-6.));
#9815=CARTESIAN_POINT('Ctrl Pts',(151.169625011962,-50.1686159131111,-6.));
#9816=CARTESIAN_POINT('Ctrl Pts',(151.17935228389,-50.1618980567526,-6.));
#9817=CARTESIAN_POINT('Ctrl Pts',(151.188996171316,-50.1550712786379,-6.));
#9818=CARTESIAN_POINT('Ctrl Pts',(151.238130830159,-50.1202895149317,-6.));
#9819=CARTESIAN_POINT('Ctrl Pts',(151.285162266419,-50.0826443804346,-6.));
#9820=CARTESIAN_POINT('Ctrl Pts',(151.329861951581,-50.0423825532867,-6.));
#9821=CARTESIAN_POINT('Ctrl Pts',(151.357726424338,-50.0172845110593,-6.));
#9822=CARTESIAN_POINT('Ctrl Pts',(151.384684056157,-49.99116891296,-6.));
#9823=CARTESIAN_POINT('Ctrl Pts',(151.410670709402,-49.9640901758714,-6.));
#9824=CARTESIAN_POINT('Ctrl Pts',(151.418953355525,-49.9554594532219,-6.));
#9825=CARTESIAN_POINT('Ctrl Pts',(151.42713730647,-49.9467308643808,-6.));
#9826=CARTESIAN_POINT('Ctrl Pts',(151.435220321731,-49.9379061112098,-6.));
#9827=CARTESIAN_POINT('Ctrl Pts',(151.44264650955,-49.9297984592513,-6.));
#9828=CARTESIAN_POINT('Ctrl Pts',(151.449984304831,-49.9216130420442,-6.));
#9829=CARTESIAN_POINT('Ctrl Pts',(151.457227225069,-49.9133572036808,-6.));
#9830=CARTESIAN_POINT('Ctrl Pts',(151.496730913881,-49.8683289472758,-6.));
#9831=CARTESIAN_POINT('Ctrl Pts',(151.533463676705,-49.8211566196438,-6.));
#9832=CARTESIAN_POINT('Ctrl Pts',(151.56720003322,-49.7720841887442,-6.));
#9833=CARTESIAN_POINT('Ctrl Pts',(151.599493242386,-49.7251109397323,-6.));
#9834=CARTESIAN_POINT('Ctrl Pts',(151.629041158299,-49.6763956735587,-6.));
#9835=CARTESIAN_POINT('Ctrl Pts',(151.655600052837,-49.6261340123202,-6.));
#9836=CARTESIAN_POINT('Ctrl Pts',(151.670344490128,-49.5982307458192,-6.));
#9837=CARTESIAN_POINT('Ctrl Pts',(151.684166855187,-49.5698506300524,-6.));
#9838=CARTESIAN_POINT('Ctrl Pts',(151.6970185121,-49.5410261450145,-6.));
#9839=CARTESIAN_POINT('Ctrl Pts',(151.708040636805,-49.5163050471189,-6.00000000000001));
#9840=CARTESIAN_POINT('Ctrl Pts',(151.718348685018,-49.4912570696313,-6.));
#9841=CARTESIAN_POINT('Ctrl Pts',(151.72790877586,-49.4659027209761,-6.));
#9842=CARTESIAN_POINT('Ctrl Pts',(151.731413942428,-49.4566066570874,-6.));
#9843=CARTESIAN_POINT('Ctrl Pts',(151.7348177401,-49.4472712715253,-6.));
#9844=CARTESIAN_POINT('Ctrl Pts',(151.738114970072,-49.4379084670693,-6.));
#9845=CARTESIAN_POINT('Ctrl Pts',(151.755646634656,-49.3881256042754,-6.));
#9846=CARTESIAN_POINT('Ctrl Pts',(151.770201282678,-49.3374833197368,-6.));
#9847=CARTESIAN_POINT('Ctrl Pts',(151.781591247674,-49.2861433045828,-6.));
#9848=CARTESIAN_POINT('Ctrl Pts',(151.79383195089,-49.2309686057312,-6.));
#9849=CARTESIAN_POINT('Ctrl Pts',(151.802417918482,-49.1749870281572,-6.));
#9850=CARTESIAN_POINT('Ctrl Pts',(151.807440327929,-49.1185347273287,-6.));
#9851=CARTESIAN_POINT('Ctrl Pts',(151.811726250538,-49.0703605999439,-6.));
#9852=CARTESIAN_POINT('Ctrl Pts',(151.813416029751,-49.0218432279633,-6.00000000000001));
#9853=CARTESIAN_POINT('Ctrl Pts',(151.812537471004,-48.9731998321877,-6.00000000000001));
#9854=CARTESIAN_POINT('Ctrl Pts',(151.812325251158,-48.9614497995269,-6.00000000000001));
#9855=CARTESIAN_POINT('Ctrl Pts',(151.811963059065,-48.949692471582,-6.));
#9856=CARTESIAN_POINT('Ctrl Pts',(151.811451075159,-48.9379310350776,-6.));
#9857=CARTESIAN_POINT('Ctrl Pts',(151.811022678526,-48.9280897886184,-6.));
#9858=CARTESIAN_POINT('Ctrl Pts',(151.810489367254,-48.9182468152105,-6.));
#9859=CARTESIAN_POINT('Ctrl Pts',(151.809852362577,-48.9084166102615,-6.));
#9860=CARTESIAN_POINT('Ctrl Pts',(151.806263102896,-48.8530274435982,-6.));
#9861=CARTESIAN_POINT('Ctrl Pts',(151.799381753441,-48.7979344057305,-6.));
#9862=CARTESIAN_POINT('Ctrl Pts',(151.789305781408,-48.743452057377,-6.));
#9863=CARTESIAN_POINT('Ctrl Pts',(151.779287458016,-48.6892814241952,-6.));
#9864=CARTESIAN_POINT('Ctrl Pts',(151.766110465128,-48.635713421821,-6.));
#9865=CARTESIAN_POINT('Ctrl Pts',(151.74982384991,-48.5830774738244,-6.));
#9866=CARTESIAN_POINT('Ctrl Pts',(151.734122258138,-48.532332235672,-6.));
#9867=CARTESIAN_POINT('Ctrl Pts',(151.715529832484,-48.482452550604,-6.));
#9868=CARTESIAN_POINT('Ctrl Pts',(151.694055233478,-48.4337655386379,-6.));
#9869=CARTESIAN_POINT('Ctrl Pts',(151.690078969339,-48.4247505894108,-6.));
#9870=CARTESIAN_POINT('Ctrl Pts',(151.686003696511,-48.4157766561398,-6.00000000000001));
#9871=CARTESIAN_POINT('Ctrl Pts',(151.681835747214,-48.4068589072556,-6.00000000000001));
#9872=CARTESIAN_POINT('Ctrl Pts',(151.659337311258,-48.3587212290266,-6.00000000000001));
#9873=CARTESIAN_POINT('Ctrl Pts',(151.634099710001,-48.3121209005845,-6.00000000000001));
#9874=CARTESIAN_POINT('Ctrl Pts',(151.606178252798,-48.2673531206298,-6.00000000000001));
#9875=CARTESIAN_POINT('Ctrl Pts',(151.579229499372,-48.2241449221943,-6.));
#9876=CARTESIAN_POINT('Ctrl Pts',(151.549780042512,-48.18264317076,-6.));
#9877=CARTESIAN_POINT('Ctrl Pts',(151.517846559504,-48.1431472932518,-6.));
#9878=CARTESIAN_POINT('Ctrl Pts',(151.492158497049,-48.1113758586145,-6.));
#9879=CARTESIAN_POINT('Ctrl Pts',(151.464862337186,-48.0809029008344,-6.));
#9880=CARTESIAN_POINT('Ctrl Pts',(151.435953935504,-48.0519052946076,-6.));
#9881=CARTESIAN_POINT('Ctrl Pts',(151.425368133661,-48.0412868274637,-6.));
#9882=CARTESIAN_POINT('Ctrl Pts',(151.414566034309,-48.0308664033804,-6.));
#9883=CARTESIAN_POINT('Ctrl Pts',(151.403554511817,-48.0206474848167,-6.));
#9884=CARTESIAN_POINT('Ctrl Pts',(148.898900038701,-48.8461711984087,-0.145788276411272));
#9885=CARTESIAN_POINT('Ctrl Pts',(148.898455414799,-48.7858826896687,-0.148907518899271));
#9886=CARTESIAN_POINT('Ctrl Pts',(148.928949308658,-48.2171660568519,-0.178354932540985));
#9887=CARTESIAN_POINT('Ctrl Pts',(149.634198815622,-47.216070054703,-0.234130517336413));
#9888=CARTESIAN_POINT('Ctrl Pts',(151.367020467271,-47.2779806189579,-0.313115030797558));
#9889=CARTESIAN_POINT('Ctrl Pts',(152.262366152962,-48.7627255620131,-0.392099544258704));
#9890=CARTESIAN_POINT('Ctrl Pts',(151.508315497694,-50.3241004663288,-0.471084057719848));
#9891=CARTESIAN_POINT('Ctrl Pts',(149.788679035075,-50.5459769590935,-0.550068571180994));
#9892=CARTESIAN_POINT('Ctrl Pts',(148.958711048454,-49.5736566710575,-0.608303310744802));
#9893=CARTESIAN_POINT('Ctrl Pts',(148.89924097893,-48.9565508677325,-0.640209879154895));
#9894=CARTESIAN_POINT('Ctrl Pts',(148.900222567359,-48.848471392166,-0.645788276411274));
#9895=CARTESIAN_POINT('Origin',(150.443597668578,-48.8471193473221,7.10421172358873));
#9896=CARTESIAN_POINT('Ctrl Pts',(148.902214388967,-48.8486267049506,-0.104211723588729));
#9897=CARTESIAN_POINT('Ctrl Pts',(148.904720308503,-48.5005785999212,-0.122130824699916));
#9898=CARTESIAN_POINT('Ctrl Pts',(149.192264073981,-47.636288681088,-0.166378096964817));
#9899=CARTESIAN_POINT('Ctrl Pts',(150.620788103331,-47.0353347799092,-0.236953540383433));
#9900=CARTESIAN_POINT('Ctrl Pts',(152.057602656988,-48.0046298854468,-0.315938053844579));
#9901=CARTESIAN_POINT('Ctrl Pts',(152.031295517962,-49.7385585241359,-0.394922567305723));
#9902=CARTESIAN_POINT('Ctrl Pts',(150.564839190819,-50.6637663808012,-0.473907080766869));
#9903=CARTESIAN_POINT('Ctrl Pts',(149.172600863802,-50.0259337222444,-0.543670132861205));
#9904=CARTESIAN_POINT('Ctrl Pts',(148.90431456958,-49.1785339645672,-0.587105013801826));
#9905=CARTESIAN_POINT('Ctrl Pts',(148.902143572508,-48.8460439063712,-0.604211723588732));
#9906=CARTESIAN_POINT('Ctrl Pts',(150.045083826721,-50.3377687755407,2.22044604925031E-15));
#9907=CARTESIAN_POINT('Ctrl Pts',(149.551903124772,-50.2059206477765,-0.0263281711537129));
#9908=CARTESIAN_POINT('Ctrl Pts',(148.715055460451,-49.4161017602923,-0.0789845134611433));
#9909=CARTESIAN_POINT('Ctrl Pts',(149.022055315264,-47.7078923891564,-0.157969026922289));
#9910=CARTESIAN_POINT('Ctrl Pts',(150.620788103331,-47.0353347799092,-0.236953540383433));
#9911=CARTESIAN_POINT('Ctrl Pts',(152.057602656988,-48.0046298854468,-0.315938053844579));
#9912=CARTESIAN_POINT('Ctrl Pts',(152.031295517962,-49.7385585241359,-0.394922567305723));
#9913=CARTESIAN_POINT('Ctrl Pts',(150.564839190819,-50.6637663808012,-0.473907080766869));
#9914=CARTESIAN_POINT('Ctrl Pts',(148.988571186765,-49.9416233452928,-0.552891594228014));
#9915=CARTESIAN_POINT('Ctrl Pts',(148.731777152788,-48.2268228398038,-0.631876107689159));
#9916=CARTESIAN_POINT('Ctrl Pts',(150.027441189911,-47.0745930891772,-0.710860621150304));
#9917=CARTESIAN_POINT('Ctrl Pts',(151.700495348981,-47.5298254281059,-0.789845134611449));
#9918=CARTESIAN_POINT('Ctrl Pts',(152.233695235028,-49.1797000869789,-0.868829648072594));
#9919=CARTESIAN_POINT('Ctrl Pts',(151.143478076816,-50.5279583739381,-0.947814161533739));
#9920=CARTESIAN_POINT('Ctrl Pts',(149.418551475766,-50.3518902122305,-1.02679867499488));
#9921=CARTESIAN_POINT('Ctrl Pts',(148.623223350247,-48.8111665153381,-1.10578318845603));
#9922=CARTESIAN_POINT('Ctrl Pts',(149.478766451516,-47.3030483470264,-1.18476770191717));
#9923=CARTESIAN_POINT('Ctrl Pts',(151.209300633119,-47.1952253310573,-1.26375221537832));
#9924=CARTESIAN_POINT('Ctrl Pts',(152.245430119862,-48.5854808922692,-1.34273672883946));
#9925=CARTESIAN_POINT('Ctrl Pts',(151.647504112152,-50.2130124846302,-1.42172124230061));
#9926=CARTESIAN_POINT('Ctrl Pts',(149.957773017879,-50.6018356316175,-1.50070575576175));
#9927=CARTESIAN_POINT('Ctrl Pts',(148.70862916795,-49.3993322836234,-1.5796902692229));
#9928=CARTESIAN_POINT('Ctrl Pts',(149.032902831421,-47.696035121906,-1.65867478268405));
#9929=CARTESIAN_POINT('Ctrl Pts',(150.636514966568,-47.0366393726202,-1.73765929614519));
#9930=CARTESIAN_POINT('Ctrl Pts',(152.065173232667,-48.0191413816071,-1.81664380960634));
#9931=CARTESIAN_POINT('Ctrl Pts',(152.023248382815,-49.7525244732461,-1.89562832306748));
#9932=CARTESIAN_POINT('Ctrl Pts',(150.548761449917,-50.6648089249808,-1.97461283652862));
#9933=CARTESIAN_POINT('Ctrl Pts',(148.978903024716,-49.9286573363601,-2.05359734998977));
#9934=CARTESIAN_POINT('Ctrl Pts',(148.737354707383,-48.2116747952182,-2.13258186345091));
#9935=CARTESIAN_POINT('Ctrl Pts',(150.043173126966,-47.0709676060657,-2.21156637691206));
#9936=CARTESIAN_POINT('Ctrl Pts',(151.712130695235,-47.5410264020261,-2.2905508903732));
#9937=CARTESIAN_POINT('Ctrl Pts',(152.230674251648,-49.1955617496086,-2.36953540383435));
#9938=CARTESIAN_POINT('Ctrl Pts',(151.128544244029,-50.5340997888959,-2.44851991729549));
#9939=CARTESIAN_POINT('Ctrl Pts',(149.405246224849,-50.3427399879855,-2.52750443075664));
#9940=CARTESIAN_POINT('Ctrl Pts',(148.623613913212,-48.7950237459967,-2.60648894421779));
#9941=CARTESIAN_POINT('Ctrl Pts',(149.492498197919,-47.2945522414019,-2.68547345767893));
#9942=CARTESIAN_POINT('Ctrl Pts',(151.223920654447,-47.2020810926919,-2.76445797114008));
#9943=CARTESIAN_POINT('Ctrl Pts',(152.247679630524,-48.6014710294907,-2.84344248460122));
#9944=CARTESIAN_POINT('Ctrl Pts',(151.635343113672,-50.2236358258175,-2.92242699806237));
#9945=CARTESIAN_POINT('Ctrl Pts',(149.94223011739,-50.5974580002942,-3.00141151152351));
#9946=CARTESIAN_POINT('Ctrl Pts',(148.703800005866,-49.3839237011563,-3.08039602498466));
#9947=CARTESIAN_POINT('Ctrl Pts',(149.043166898366,-47.6835694002569,-3.1593805384458));
#9948=CARTESIAN_POINT('Ctrl Pts',(150.652563933415,-47.0384214948238,-3.23836505190695));
#9949=CARTESIAN_POINT('Ctrl Pts',(152.072452525231,-48.0335551658164,-3.31734956536809));
#9950=CARTESIAN_POINT('Ctrl Pts',(152.015156518,-49.7664982704413,-3.39633407882924));
#9951=CARTESIAN_POINT('Ctrl Pts',(150.532636821021,-50.6656701029529,-3.47531859229038));
#9952=CARTESIAN_POINT('Ctrl Pts',(148.969368821538,-49.9156249055793,-3.55430310575153));
#9953=CARTESIAN_POINT('Ctrl Pts',(148.743057358988,-48.196567676099,-3.63328761921267));
#9954=CARTESIAN_POINT('Ctrl Pts',(150.058940982222,-47.0674862235811,-3.71227213267382));
#9955=CARTESIAN_POINT('Ctrl Pts',(151.723664117266,-47.5523279709179,-3.79125664613495));
#9956=CARTESIAN_POINT('Ctrl Pts',(152.227513749043,-49.2113970426732,-3.87024115959611));
#9957=CARTESIAN_POINT('Ctrl Pts',(151.113556030278,-50.5401080109229,-3.94922567305725));
#9958=CARTESIAN_POINT('Ctrl Pts',(149.392022891361,-50.3334723704452,-4.0282101865184));
#9959=CARTESIAN_POINT('Ctrl Pts',(148.624147507332,-48.7788849554711,-4.10719469997954));
#9960=CARTESIAN_POINT('Ctrl Pts',(149.50630481098,-47.2861783104058,-4.18617921344069));
#9961=CARTESIAN_POINT('Ctrl Pts',(151.238479271354,-47.2090662167408,-4.26516372690183));
#9962=CARTESIAN_POINT('Ctrl Pts',(152.249787255043,-48.6174805015109,-4.34414824036298));
#9963=CARTESIAN_POINT('Ctrl Pts',(151.623088371839,-50.2341508911527,-4.42313275382412));
#9964=CARTESIAN_POINT('Ctrl Pts',(149.92672665534,-50.5929426984256,-4.50211726728527));
#9965=CARTESIAN_POINT('Ctrl Pts',(148.699107685398,-49.3684728970121,-4.58110178074641));
#9966=CARTESIAN_POINT('Ctrl Pts',(149.053541117663,-47.6711951937926,-4.66008629420756));
#9967=CARTESIAN_POINT('Ctrl Pts',(150.668596461907,-47.0403458887988,-4.73907080766871));
#9968=CARTESIAN_POINT('Ctrl Pts',(152.079603704209,-48.0480329220585,-4.81805532112984));
#9969=CARTESIAN_POINT('Ctrl Pts',(152.006941034811,-49.7803997929188,-4.897039834591));
#9970=CARTESIAN_POINT('Ctrl Pts',(150.516505204231,-50.6663881627029,-4.97602434805213));
#9971=CARTESIAN_POINT('Ctrl Pts',(148.959950541882,-49.9025085970376,-5.05500886151329));
#9972=CARTESIAN_POINT('Ctrl Pts',(148.748893831837,-48.1815113853739,-5.13399337497442));
#9973=CARTESIAN_POINT('Ctrl Pts',(150.074738957898,-47.0641455194755,-5.21297788843558));
#9974=CARTESIAN_POINT('Ctrl Pts',(151.735097133188,-47.5637299369276,-5.29196240189671));
#9975=CARTESIAN_POINT('Ctrl Pts',(152.224212361541,-49.2272066580945,-5.37094691535787));
#9976=CARTESIAN_POINT('Ctrl Pts',(151.098516297148,-50.5459769459755,-5.449931428819));
#9977=CARTESIAN_POINT('Ctrl Pts',(149.378879847552,-50.3241004565814,-5.52891594228015));
#9978=CARTESIAN_POINT('Ctrl Pts',(148.624829197028,-48.7627255605504,-5.60790045574129));
#9979=CARTESIAN_POINT('Ctrl Pts',(149.520174877937,-47.2779806343051,-5.68688496920245));
#9980=CARTESIAN_POINT('Ctrl Pts',(151.252996512797,-47.2160700599384,-5.76586948266359));
#9981=CARTESIAN_POINT('Ctrl Pts',(152.251709291256,-48.6337348213585,-5.84485399612473));
#9982=CARTESIAN_POINT('Ctrl Pts',(151.610830673167,-50.2440899561334,-5.92383850958588));
#9983=CARTESIAN_POINT('Ctrl Pts',(149.911084008522,-50.5892588154278,-6.00282302304702));
#9984=CARTESIAN_POINT('Ctrl Pts',(148.694968042879,-49.350997887917,-6.08180753650817));
#9985=CARTESIAN_POINT('Ctrl Pts',(148.94130877503,-48.2269675805013,-6.1344638788156));
#9986=CARTESIAN_POINT('Ctrl Pts',(149.274461074153,-47.8401592569631,-6.16079204996931));
#9987=CARTESIAN_POINT('Ctrl Pts',(150.069060086163,-50.248085071553,0.0535973499897724));
#9988=CARTESIAN_POINT('Ctrl Pts',(149.605551197887,-50.1241694785873,0.0272691788360573));
#9989=CARTESIAN_POINT('Ctrl Pts',(148.819051789024,-49.3818693986565,-0.0253871634713732));
#9990=CARTESIAN_POINT('Ctrl Pts',(149.107581248597,-47.7764330475814,-0.104371676932518));
#9991=CARTESIAN_POINT('Ctrl Pts',(150.610127585708,-47.1443393169635,-0.183356190393663));
#9992=CARTESIAN_POINT('Ctrl Pts',(151.960497366586,-48.0553175750412,-0.262340703854808));
#9993=CARTESIAN_POINT('Ctrl Pts',(151.935772975068,-49.684925814967,-0.341325217315953));
#9994=CARTESIAN_POINT('Ctrl Pts',(150.557544793769,-50.5544692974519,-0.420309730777099));
#9995=CARTESIAN_POINT('Ctrl Pts',(149.076111665311,-49.8757734071993,-0.499294244238243));
#9996=CARTESIAN_POINT('Ctrl Pts',(148.834767434414,-48.26414247198,-0.578278757699389));
#9997=CARTESIAN_POINT('Ctrl Pts',(150.052478904171,-47.1812356821548,-0.657263271160534));
#9998=CARTESIAN_POINT('Ctrl Pts',(151.624875127769,-47.6090793396422,-0.736247784621679));
#9999=CARTESIAN_POINT('Ctrl Pts',(152.125995478654,-49.1596906387192,-0.815232298082824));
#10000=CARTESIAN_POINT('Ctrl Pts',(151.101370344326,-50.4268320682753,-0.894216811543969));
#10001=CARTESIAN_POINT('Ctrl Pts',(149.480222541806,-50.2613569035512,-0.973201325005113));
#10002=CARTESIAN_POINT('Ctrl Pts',(148.732744682641,-48.8133295880768,-1.05218583846626));
#10003=CARTESIAN_POINT('Ctrl Pts',(149.536814732776,-47.3959461162168,-1.13117035192741));
#10004=CARTESIAN_POINT('Ctrl Pts',(151.163232740351,-47.2946101838397,-1.21015486538855));
#10005=CARTESIAN_POINT('Ctrl Pts',(152.137024343737,-48.6012221559832,-1.28913937884969));
#10006=CARTESIAN_POINT('Ctrl Pts',(151.575072065374,-50.1308346408756,-1.36812389231084));
#10007=CARTESIAN_POINT('Ctrl Pts',(149.987002260744,-50.4962645611538,-1.44710840577198));
#10008=CARTESIAN_POINT('Ctrl Pts',(148.813012129156,-49.3661088438395,-1.52609291923313));
#10009=CARTESIAN_POINT('Ctrl Pts',(149.117776132814,-47.7652891631197,-1.60507743269427));
#10010=CARTESIAN_POINT('Ctrl Pts',(150.624908255078,-47.1455654199208,-1.68406194615542));
#10011=CARTESIAN_POINT('Ctrl Pts',(151.967612464769,-48.0689559989006,-1.76304645961657));
#10012=CARTESIAN_POINT('Ctrl Pts',(151.928209989228,-49.6980515141686,-1.84203097307771));
#10013=CARTESIAN_POINT('Ctrl Pts',(150.542434357002,-50.5554491178134,-1.92101548653886));
#10014=CARTESIAN_POINT('Ctrl Pts',(149.067025180326,-49.8635874875921,-2.));
#10015=CARTESIAN_POINT('Ctrl Pts',(148.840009419997,-48.2499057971109,-2.07898451346114));
#10016=CARTESIAN_POINT('Ctrl Pts',(150.067264342097,-47.1778283232702,-2.15796902692229));
#10017=CARTESIAN_POINT('Ctrl Pts',(151.635810442929,-47.6196064161253,-2.23695354038343));
#10018=CARTESIAN_POINT('Ctrl Pts',(152.123156250268,-49.1745979973864,-2.31593805384458));
#10019=CARTESIAN_POINT('Ctrl Pts',(151.087334993378,-50.432603990024,-2.39492256730573));
#10020=CARTESIAN_POINT('Ctrl Pts',(149.467717790431,-50.2527571950659,-2.47390708076687));
#10021=CARTESIAN_POINT('Ctrl Pts',(148.733111747706,-48.7981580352535,-2.55289159422802));
#10022=CARTESIAN_POINT('Ctrl Pts',(149.549720319885,-47.3879611718401,-2.63187610768916));
#10023=CARTESIAN_POINT('Ctrl Pts',(151.17697316005,-47.3010534741814,-2.7108606211503));
#10024=CARTESIAN_POINT('Ctrl Pts',(152.139138514429,-48.6162502596735,-2.78984513461145));
#10025=CARTESIAN_POINT('Ctrl Pts',(151.563642723424,-50.1408188374267,-2.8688296480726));
#10026=CARTESIAN_POINT('Ctrl Pts',(149.972394486153,-50.4921503064396,-2.94781416153374));
#10027=CARTESIAN_POINT('Ctrl Pts',(148.808473509661,-49.3516273061374,-3.02679867499488));
#10028=CARTESIAN_POINT('Ctrl Pts',(149.127422670564,-47.7535734314208,-3.10578318845603));
#10029=CARTESIAN_POINT('Ctrl Pts',(150.639991648957,-47.1472403221992,-3.18476770191717));
#10030=CARTESIAN_POINT('Ctrl Pts',(151.974453804649,-48.0825025895687,-3.26375221537832));
#10031=CARTESIAN_POINT('Ctrl Pts',(151.920604964843,-49.7111845892815,-3.34273672883947));
#10032=CARTESIAN_POINT('Ctrl Pts',(150.527279853219,-50.5562584837169,-3.42172124230061));
#10033=CARTESIAN_POINT('Ctrl Pts',(149.058064594685,-49.851339142353,-3.50070575576175));
#10034=CARTESIAN_POINT('Ctrl Pts',(148.845368976231,-48.2357075854607,-3.5796902692229));
#10035=CARTESIAN_POINT('Ctrl Pts',(150.082083537234,-47.1745563953162,-3.65867478268404));
#10036=CARTESIAN_POINT('Ctrl Pts',(151.646649966054,-47.6302280353656,-3.73765929614519));
#10037=CARTESIAN_POINT('Ctrl Pts',(152.120185896719,-49.1894805729918,-3.81664380960634));
#10038=CARTESIAN_POINT('Ctrl Pts',(151.073248533252,-50.4382507322855,-3.89562832306748));
#10039=CARTESIAN_POINT('Ctrl Pts',(149.45529002799,-50.2440471561571,-3.97461283652863));
#10040=CARTESIAN_POINT('Ctrl Pts',(148.733613238571,-48.7829902218636,-4.05359734998977));
#10041=CARTESIAN_POINT('Ctrl Pts',(149.56269626936,-47.3800910515553,-4.13258186345092));
#10042=CARTESIAN_POINT('Ctrl Pts',(151.190655869675,-47.3076183439534,-4.21156637691206));
#10043=CARTESIAN_POINT('Ctrl Pts',(152.141119335442,-48.6312965349001,-4.29055089037321));
#10044=CARTESIAN_POINT('Ctrl Pts',(151.552125278113,-50.1507012724539,-4.36953540383435));
#10045=CARTESIAN_POINT('Ctrl Pts',(149.957823777221,-50.4879066640159,-4.4485199172955));
#10046=CARTESIAN_POINT('Ctrl Pts',(148.804063498817,-49.3371060869908,-4.52750443075664));
#10047=CARTESIAN_POINT('Ctrl Pts',(149.137172733439,-47.7419437089703,-4.60648894421779));
#10048=CARTESIAN_POINT('Ctrl Pts',(150.655059593481,-47.1490489365843,-4.68547345767893));
#10049=CARTESIAN_POINT('Ctrl Pts',(151.98117473879,-48.0961093034445,-4.76445797114007));
#10050=CARTESIAN_POINT('Ctrl Pts',(151.912883759483,-49.7242497380261,-4.84344248460122));
#10051=CARTESIAN_POINT('Ctrl Pts',(150.512118781962,-50.5569333419892,-4.92242699806237));
#10052=CARTESIAN_POINT('Ctrl Pts',(149.049212958124,-49.8390119657898,-5.00141151152351));
#10053=CARTESIAN_POINT('Ctrl Pts',(148.850854302463,-48.2215571441561,-5.08039602498466));
#10054=CARTESIAN_POINT('Ctrl Pts',(150.096931040621,-47.1714166819416,-5.1593805384458));
#10055=CARTESIAN_POINT('Ctrl Pts',(151.657395123922,-47.6409440114134,-5.23836505190695));
#10056=CARTESIAN_POINT('Ctrl Pts',(152.117083134497,-49.2043390158284,-5.31734956536809));
#10057=CARTESIAN_POINT('Ctrl Pts',(151.059113653368,-50.4437665676594,-5.39633407882924));
#10058=CARTESIAN_POINT('Ctrl Pts',(149.442937724665,-50.2352390958277,-5.47531859229038));
#10059=CARTESIAN_POINT('Ctrl Pts',(148.734253914964,-48.7678030437251,-5.55430310575152));
#10060=CARTESIAN_POINT('Ctrl Pts',(149.57573185508,-47.3723865819342,-5.63328761921268));
#10061=CARTESIAN_POINT('Ctrl Pts',(151.204299693156,-47.3142008066519,-5.71227213267381));
#10062=CARTESIAN_POINT('Ctrl Pts',(152.142925733918,-48.6465729268847,-5.79125664613497));
#10063=CARTESIAN_POINT('Ctrl Pts',(151.540605053858,-50.1600423617169,-5.8702411595961));
#10064=CARTESIAN_POINT('Ctrl Pts',(149.943122257458,-50.4844444188265,-5.94922567305726));
#10065=CARTESIAN_POINT('Ctrl Pts',(148.800172914505,-49.3206824475291,-6.02821018651839));
#10066=CARTESIAN_POINT('Ctrl Pts',(149.031692757932,-48.2642785044718,-6.08086652882583));
#10067=CARTESIAN_POINT('Ctrl Pts',(149.344801221387,-47.9007421874372,-6.10719469997954));
#10068=CARTESIAN_POINT('Ctrl Pts',(150.093036345605,-50.1584013675653,0.107194699979543));
#10069=CARTESIAN_POINT('Ctrl Pts',(149.659199271002,-50.0424183093982,0.0808665288258275));
#10070=CARTESIAN_POINT('Ctrl Pts',(148.923048117597,-49.3476370370207,0.028210186518397));
#10071=CARTESIAN_POINT('Ctrl Pts',(149.19310718193,-47.8449737060063,-0.0507743269427483));
#10072=CARTESIAN_POINT('Ctrl Pts',(150.599467068084,-47.2533438540178,-0.129758840403893));
#10073=CARTESIAN_POINT('Ctrl Pts',(151.863392076184,-48.1060052646355,-0.208743353865038));
#10074=CARTESIAN_POINT('Ctrl Pts',(151.840250432175,-49.6312931057982,-0.287727867326183));
#10075=CARTESIAN_POINT('Ctrl Pts',(150.550250396719,-50.4451722141026,-0.366712380787329));
#10076=CARTESIAN_POINT('Ctrl Pts',(149.163652143855,-49.8099234691058,-0.445696894248473));
#10077=CARTESIAN_POINT('Ctrl Pts',(148.937757716041,-48.3014621041563,-0.524681407709619));
#10078=CARTESIAN_POINT('Ctrl Pts',(150.077516618431,-47.2878782751324,-0.603665921170764));
#10079=CARTESIAN_POINT('Ctrl Pts',(151.549254906557,-47.6883332511786,-0.682650434631909));
#10080=CARTESIAN_POINT('Ctrl Pts',(152.01829572228,-49.1396811904594,-0.761634948093054));
#10081=CARTESIAN_POINT('Ctrl Pts',(151.059262611837,-50.3257057626127,-0.840619461554198));
#10082=CARTESIAN_POINT('Ctrl Pts',(149.541893607846,-50.1708235948717,-0.919603975015343));
#10083=CARTESIAN_POINT('Ctrl Pts',(148.842266015036,-48.8154926608155,-0.998588488476489));
#10084=CARTESIAN_POINT('Ctrl Pts',(149.594863014036,-47.4888438854072,-1.07757300193763));
#10085=CARTESIAN_POINT('Ctrl Pts',(151.117164847583,-47.3939950366221,-1.15655751539878));
#10086=CARTESIAN_POINT('Ctrl Pts',(152.028618567612,-48.6169634196972,-1.23554202885992));
#10087=CARTESIAN_POINT('Ctrl Pts',(151.502640018596,-50.0486567971209,-1.31452654232107));
#10088=CARTESIAN_POINT('Ctrl Pts',(150.016231503608,-50.3906934906901,-1.39351105578222));
#10089=CARTESIAN_POINT('Ctrl Pts',(148.917395090363,-49.3328854040555,-1.47249556924336));
#10090=CARTESIAN_POINT('Ctrl Pts',(149.202649434207,-47.8345432043334,-1.55148008270451));
#10091=CARTESIAN_POINT('Ctrl Pts',(150.613301543587,-47.2544914672214,-1.63046459616565));
#10092=CARTESIAN_POINT('Ctrl Pts',(151.870051696871,-48.1187706161941,-1.7094491096268));
#10093=CARTESIAN_POINT('Ctrl Pts',(151.833171595641,-49.6435785550911,-1.78843362308794));
#10094=CARTESIAN_POINT('Ctrl Pts',(150.536107264087,-50.446089310646,-1.86741813654909));
#10095=CARTESIAN_POINT('Ctrl Pts',(149.155147335935,-49.7985176388241,-1.94640265001023));
#10096=CARTESIAN_POINT('Ctrl Pts',(148.942664132612,-48.2881367990035,-2.02538716347137));
#10097=CARTESIAN_POINT('Ctrl Pts',(150.091355557227,-47.2846890404748,-2.10437167693252));
#10098=CARTESIAN_POINT('Ctrl Pts',(151.559490190623,-47.6981864302244,-2.18335619039366));
#10099=CARTESIAN_POINT('Ctrl Pts',(152.015638248889,-49.1536342451641,-2.26234070385481));
#10100=CARTESIAN_POINT('Ctrl Pts',(151.046125742727,-50.3311081911521,-2.34132521731596));
#10101=CARTESIAN_POINT('Ctrl Pts',(149.530189356013,-50.1627744021463,-2.4203097307771));
#10102=CARTESIAN_POINT('Ctrl Pts',(148.842609582199,-48.8012923245101,-2.49929424423824));
#10103=CARTESIAN_POINT('Ctrl Pts',(149.60694244185,-47.4813701022784,-2.57827875769939));
#10104=CARTESIAN_POINT('Ctrl Pts',(151.130025665653,-47.4000258556708,-2.65726327116053));
#10105=CARTESIAN_POINT('Ctrl Pts',(152.030597398335,-48.6310294898562,-2.73624778462168));
#10106=CARTESIAN_POINT('Ctrl Pts',(151.491942333176,-50.0580018490359,-2.81523229808283));
#10107=CARTESIAN_POINT('Ctrl Pts',(150.002558854916,-50.3868426125851,-2.89421681154397));
#10108=CARTESIAN_POINT('Ctrl Pts',(148.913147013455,-49.3193309111184,-2.97320132500511));
#10109=CARTESIAN_POINT('Ctrl Pts',(149.211678442762,-47.8235774625847,-3.05218583846626));
#10110=CARTESIAN_POINT('Ctrl Pts',(150.627419364499,-47.2560591495746,-3.1311703519274));
#10111=CARTESIAN_POINT('Ctrl Pts',(151.876455084066,-48.131450013321,-3.21015486538855));
#10112=CARTESIAN_POINT('Ctrl Pts',(151.826053411686,-49.6558709081217,-3.2891393788497));
#10113=CARTESIAN_POINT('Ctrl Pts',(150.521922885417,-50.446846864481,-3.36812389231084));
#10114=CARTESIAN_POINT('Ctrl Pts',(149.146760367833,-49.7870533791267,-3.44710840577198));
#10115=CARTESIAN_POINT('Ctrl Pts',(148.947680593475,-48.2748474948225,-3.52609291923313));
#10116=CARTESIAN_POINT('Ctrl Pts',(150.105226092246,-47.2816265670514,-3.60507743269428));
#10117=CARTESIAN_POINT('Ctrl Pts',(151.569635814842,-47.7081280998133,-3.68406194615541));
#10118=CARTESIAN_POINT('Ctrl Pts',(152.012858044394,-49.1675641033104,-3.76304645961657));
#10119=CARTESIAN_POINT('Ctrl Pts',(151.032941036226,-50.336393453648,-3.84203097307771));
#10120=CARTESIAN_POINT('Ctrl Pts',(149.518557164619,-50.1546219418689,-3.92101548653886));
#10121=CARTESIAN_POINT('Ctrl Pts',(148.843078969811,-48.787095488256,-4.));
#10122=CARTESIAN_POINT('Ctrl Pts',(149.61908772774,-47.4740037927048,-4.07898451346115));
#10123=CARTESIAN_POINT('Ctrl Pts',(151.142832467996,-47.4061704711659,-4.15796902692229));
#10124=CARTESIAN_POINT('Ctrl Pts',(152.032451415842,-48.6451125682892,-4.23695354038344));
#10125=CARTESIAN_POINT('Ctrl Pts',(151.481162184387,-50.0672516537551,-4.31593805384458));
#10126=CARTESIAN_POINT('Ctrl Pts',(149.988920899102,-50.3828706296062,-4.39492256730572));
#10127=CARTESIAN_POINT('Ctrl Pts',(148.909019312236,-49.3057392769695,-4.47390708076688));
#10128=CARTESIAN_POINT('Ctrl Pts',(149.220804349216,-47.8126922241481,-4.55289159422801));
#10129=CARTESIAN_POINT('Ctrl Pts',(150.641522725056,-47.2577519843697,-4.63187610768916));
#10130=CARTESIAN_POINT('Ctrl Pts',(151.882745773372,-48.1441856848306,-4.7108606211503));
#10131=CARTESIAN_POINT('Ctrl Pts',(151.818826484154,-49.6680996831333,-4.78984513461146));
#10132=CARTESIAN_POINT('Ctrl Pts',(150.507732359694,-50.4474785212755,-4.86882964807259));
#10133=CARTESIAN_POINT('Ctrl Pts',(149.138475374366,-49.7755153345421,-4.94781416153374));
#10134=CARTESIAN_POINT('Ctrl Pts',(148.952814773091,-48.2616029029382,-5.02679867499488));
#10135=CARTESIAN_POINT('Ctrl Pts',(150.119123123344,-47.2786878444076,-5.10578318845603));
#10136=CARTESIAN_POINT('Ctrl Pts',(151.579693114655,-47.7181580858993,-5.18476770191717));
#10137=CARTESIAN_POINT('Ctrl Pts',(152.009953907452,-49.1814713735621,-5.26375221537833));
#10138=CARTESIAN_POINT('Ctrl Pts',(151.019711009588,-50.3415561893434,-5.34273672883946));
#10139=CARTESIAN_POINT('Ctrl Pts',(149.506995601778,-50.1463777350741,-5.42172124230061));
#10140=CARTESIAN_POINT('Ctrl Pts',(148.8436786329,-48.7728805268999,-5.50070575576175));
#10141=CARTESIAN_POINT('Ctrl Pts',(149.631288832223,-47.4667925295633,-5.5796902692229));
#10142=CARTESIAN_POINT('Ctrl Pts',(151.155602873516,-47.4123315533653,-5.65867478268405));
#10143=CARTESIAN_POINT('Ctrl Pts',(152.034142176581,-48.6594110324109,-5.73765929614519));
#10144=CARTESIAN_POINT('Ctrl Pts',(151.47037943455,-50.0759947673004,-5.81664380960634));
#10145=CARTESIAN_POINT('Ctrl Pts',(149.975160506394,-50.3796300222251,-5.89562832306747));
#10146=CARTESIAN_POINT('Ctrl Pts',(148.905377786131,-49.2903670071412,-5.97461283652863));
#10147=CARTESIAN_POINT('Ctrl Pts',(149.122076740834,-48.3015894284423,-6.02726917883606));
#10148=CARTESIAN_POINT('Ctrl Pts',(149.415141368621,-47.9613251179114,-6.05359734998977));
#10149=CARTESIAN_POINT('Ctrl Pts',(150.117012605047,-50.0687176635777,0.160792049969313));
#10150=CARTESIAN_POINT('Ctrl Pts',(149.712847344117,-49.960667140209,0.134463878815598));
#10151=CARTESIAN_POINT('Ctrl Pts',(149.027044446169,-49.3134046753849,0.0818075365081671));
#10152=CARTESIAN_POINT('Ctrl Pts',(149.278633115263,-47.9135143644313,0.00282302304702193));
#10153=CARTESIAN_POINT('Ctrl Pts',(150.588806550461,-47.3623483910722,-0.0761614904141226));
#10154=CARTESIAN_POINT('Ctrl Pts',(151.766286785781,-48.1566929542299,-0.155146003875268));
#10155=CARTESIAN_POINT('Ctrl Pts',(151.744727889282,-49.5776603966293,-0.234130517336413));
#10156=CARTESIAN_POINT('Ctrl Pts',(150.542955999669,-50.3358751307533,-0.313115030797558));
#10157=CARTESIAN_POINT('Ctrl Pts',(149.251192622401,-49.7440735310123,-0.392099544258703));
#10158=CARTESIAN_POINT('Ctrl Pts',(149.040747997667,-48.3387817363325,-0.471084057719848));
#10159=CARTESIAN_POINT('Ctrl Pts',(150.10255433269,-47.39452086811,-0.550068571180994));
#10160=CARTESIAN_POINT('Ctrl Pts',(151.473634685344,-47.7675871627149,-0.629053084642138));
#10161=CARTESIAN_POINT('Ctrl Pts',(151.910595965905,-49.1196717421997,-0.708037598103285));
#10162=CARTESIAN_POINT('Ctrl Pts',(151.017154879347,-50.22457945695,-0.787022111564428));
#10163=CARTESIAN_POINT('Ctrl Pts',(149.603564673886,-50.0802902861924,-0.866006625025573));
#10164=CARTESIAN_POINT('Ctrl Pts',(148.951787347431,-48.8176557335542,-0.944991138486719));
#10165=CARTESIAN_POINT('Ctrl Pts',(149.652911295295,-47.5817416545977,-1.02397565194786));
#10166=CARTESIAN_POINT('Ctrl Pts',(151.071096954814,-47.4933798894045,-1.10296016540901));
#10167=CARTESIAN_POINT('Ctrl Pts',(151.920212791487,-48.6327046834113,-1.18194467887015));
#10168=CARTESIAN_POINT('Ctrl Pts',(151.430207971818,-49.9664789533663,-1.2609291923313));
#10169=CARTESIAN_POINT('Ctrl Pts',(150.045460746473,-50.2851224202265,-1.33991370579244));
#10170=CARTESIAN_POINT('Ctrl Pts',(149.02177805157,-49.2996619642716,-1.41889821925359));
#10171=CARTESIAN_POINT('Ctrl Pts',(149.2875227356,-47.9037972455472,-1.49788273271473));
#10172=CARTESIAN_POINT('Ctrl Pts',(150.601694832096,-47.363417514522,-1.57686724617588));
#10173=CARTESIAN_POINT('Ctrl Pts',(151.772490928973,-48.1685852334876,-1.65585175963702));
#10174=CARTESIAN_POINT('Ctrl Pts',(151.738133202054,-49.5891055960135,-1.73483627309817));
#10175=CARTESIAN_POINT('Ctrl Pts',(150.529780171172,-50.3367295034786,-1.81382078655931));
#10176=CARTESIAN_POINT('Ctrl Pts',(149.243269491544,-49.7334477900561,-1.89280530002046));
#10177=CARTESIAN_POINT('Ctrl Pts',(149.045318845227,-48.3263678008961,-1.9717898134816));
#10178=CARTESIAN_POINT('Ctrl Pts',(150.115446772357,-47.3915497576793,-2.05077432694275));
#10179=CARTESIAN_POINT('Ctrl Pts',(151.483169938318,-47.7767664443236,-2.12975884040389));
#10180=CARTESIAN_POINT('Ctrl Pts',(151.90812024751,-49.1326704929419,-2.20874335386504));
#10181=CARTESIAN_POINT('Ctrl Pts',(151.004916492076,-50.2296123922801,-2.28772786732618));
#10182=CARTESIAN_POINT('Ctrl Pts',(149.592660921595,-50.0727916092267,-2.36671238078733));
#10183=CARTESIAN_POINT('Ctrl Pts',(148.952107416692,-48.8044266137668,-2.44569689424847));
#10184=CARTESIAN_POINT('Ctrl Pts',(149.664164563816,-47.5747790327167,-2.52468140770962));
#10185=CARTESIAN_POINT('Ctrl Pts',(151.083078171256,-47.4989982371601,-2.60366592117076));
#10186=CARTESIAN_POINT('Ctrl Pts',(151.92205628224,-48.6458087200391,-2.68265043463191));
#10187=CARTESIAN_POINT('Ctrl Pts',(151.420241942928,-49.9751848606451,-2.76163494809305));
#10188=CARTESIAN_POINT('Ctrl Pts',(150.03272322368,-50.2815349187305,-2.8406194615542));
#10189=CARTESIAN_POINT('Ctrl Pts',(149.01782051725,-49.2870345160994,-2.91960397501534));
#10190=CARTESIAN_POINT('Ctrl Pts',(149.29593421496,-47.8935814937486,-2.99858848847649));
#10191=CARTESIAN_POINT('Ctrl Pts',(150.614847080041,-47.36487797695,-3.07757300193763));
#10192=CARTESIAN_POINT('Ctrl Pts',(151.778456363483,-48.1803974370732,-3.15655751539878));
#10193=CARTESIAN_POINT('Ctrl Pts',(151.731501858529,-49.600557226962,-3.23554202885993));
#10194=CARTESIAN_POINT('Ctrl Pts',(150.516565917615,-50.337435245245,-3.31452654232107));
#10195=CARTESIAN_POINT('Ctrl Pts',(149.235456140981,-49.7227676159004,-3.39351105578221));
#10196=CARTESIAN_POINT('Ctrl Pts',(149.049992210719,-48.3139874041843,-3.47249556924336));
#10197=CARTESIAN_POINT('Ctrl Pts',(150.128368647258,-47.3886967387865,-3.55148008270451));
#10198=CARTESIAN_POINT('Ctrl Pts',(151.49262166363,-47.786028164261,-3.63046459616565));
#10199=CARTESIAN_POINT('Ctrl Pts',(151.90553019207,-49.145647633629,-3.7094491096268));
#10200=CARTESIAN_POINT('Ctrl Pts',(150.9926335392,-50.2345361750105,-3.78843362308794));
#10201=CARTESIAN_POINT('Ctrl Pts',(149.581824301248,-50.0651967275807,-3.86741813654909));
#10202=CARTESIAN_POINT('Ctrl Pts',(148.95254470105,-48.7912007546484,-3.94640265001023));
#10203=CARTESIAN_POINT('Ctrl Pts',(149.67547918612,-47.5679165338543,-4.02538716347138));
#10204=CARTESIAN_POINT('Ctrl Pts',(151.095009066317,-47.5047225983785,-4.10437167693252));
#10205=CARTESIAN_POINT('Ctrl Pts',(151.923783496241,-48.6589286016784,-4.18335619039367));
#10206=CARTESIAN_POINT('Ctrl Pts',(151.410199090661,-49.9838020350563,-4.26234070385481));
#10207=CARTESIAN_POINT('Ctrl Pts',(150.020018020983,-50.2778345951966,-4.34132521731596));
#10208=CARTESIAN_POINT('Ctrl Pts',(149.013975125654,-49.2743724669482,-4.4203097307771));
#10209=CARTESIAN_POINT('Ctrl Pts',(149.304435964992,-47.8834407393258,-4.49929424423825));
#10210=CARTESIAN_POINT('Ctrl Pts',(150.62798585663,-47.3664550321552,-4.57827875769939));
#10211=CARTESIAN_POINT('Ctrl Pts',(151.784316807953,-48.1922620662166,-4.65726327116054));
#10212=CARTESIAN_POINT('Ctrl Pts',(151.724769208826,-49.6119496282405,-4.73624778462168));
#10213=CARTESIAN_POINT('Ctrl Pts',(150.503345937426,-50.3380237005619,-4.81523229808282));
#10214=CARTESIAN_POINT('Ctrl Pts',(149.227737790608,-49.7120187032944,-4.89421681154397));
#10215=CARTESIAN_POINT('Ctrl Pts',(149.054775243718,-48.3016486617204,-4.97320132500511));
#10216=CARTESIAN_POINT('Ctrl Pts',(150.141315206067,-47.3859590068736,-5.05218583846626));
#10217=CARTESIAN_POINT('Ctrl Pts',(151.501991105389,-47.7953721603851,-5.1311703519274));
#10218=CARTESIAN_POINT('Ctrl Pts',(151.902824680407,-49.158603731296,-5.21015486538855));
#10219=CARTESIAN_POINT('Ctrl Pts',(150.980308365808,-50.2393458110273,-5.2891393788497));
#10220=CARTESIAN_POINT('Ctrl Pts',(149.571053478891,-50.0575163743204,-5.36812389231084));
#10221=CARTESIAN_POINT('Ctrl Pts',(148.953103350837,-48.7779580100746,-5.44710840577199));
#10222=CARTESIAN_POINT('Ctrl Pts',(149.686845809365,-47.5611984771924,-5.52609291923313));
#10223=CARTESIAN_POINT('Ctrl Pts',(151.106906053876,-47.5104623000787,-5.60507743269428));
#10224=CARTESIAN_POINT('Ctrl Pts',(151.925358619243,-48.6722491379371,-5.68406194615542));
#10225=CARTESIAN_POINT('Ctrl Pts',(151.400153815242,-49.9919471728839,-5.76304645961657));
#10226=CARTESIAN_POINT('Ctrl Pts',(150.00719875533,-50.2748156256239,-5.84203097307771));
#10227=CARTESIAN_POINT('Ctrl Pts',(149.010582657757,-49.2600515667532,-5.92101548653886));
#10228=CARTESIAN_POINT('Ctrl Pts',(149.212460723736,-48.3389003524129,-5.97367182884629));
#10229=CARTESIAN_POINT('Ctrl Pts',(149.485481515856,-48.0219080483856,-6.));
#10230=CARTESIAN_POINT('Ctrl Pts',(150.045083826721,-50.3377687755407,-1.17214561097744E-15));
#10231=CARTESIAN_POINT('Ctrl Pts',(149.987311184913,-50.3166588900099,-1.1195636648822E-15));
#10232=CARTESIAN_POINT('Ctrl Pts',(149.931121801342,-50.2918892079454,-8.50787241656078E-16));
#10233=CARTESIAN_POINT('Ctrl Pts',(149.876716255547,-50.2637663386165,-6.83481049534862E-16));
#10234=CARTESIAN_POINT('Ctrl Pts',(149.822935090448,-50.2359662190453,-5.18094932934473E-16));
#10235=CARTESIAN_POINT('Ctrl Pts',(149.770896392162,-50.2048883515141,-1.41485692840976E-15));
#10236=CARTESIAN_POINT('Ctrl Pts',(149.720826007037,-50.1707840534265,-1.11716191852906E-15));
#10237=CARTESIAN_POINT('Ctrl Pts',(149.682764580846,-50.1448593831601,-8.90866542173236E-16));
#10238=CARTESIAN_POINT('Ctrl Pts',(149.645841099503,-50.1171849125272,-8.87366683242845E-16));
#10239=CARTESIAN_POINT('Ctrl Pts',(149.610170911678,-50.0878589824418,-7.07767178198537E-16));
#10240=CARTESIAN_POINT('Ctrl Pts',(149.591229961378,-50.0722868473314,-6.12399435379716E-16));
#10241=CARTESIAN_POINT('Ctrl Pts',(149.572642649688,-50.0562489130217,2.58752851484469E-16));
#10242=CARTESIAN_POINT('Ctrl Pts',(149.554428136506,-50.0397590997558,3.29597460435593E-16));
#10243=CARTESIAN_POINT('Ctrl Pts',(149.546565402366,-50.0326408739526,3.6017924540281E-16));
#10244=CARTESIAN_POINT('Ctrl Pts',(149.538771951432,-50.0254381147156,3.24530960627034E-17));
#10245=CARTESIAN_POINT('Ctrl Pts',(149.531060226662,-50.0181625234403,9.0205620750794E-17));
#10246=CARTESIAN_POINT('Ctrl Pts',(149.487983288197,-49.9775217839181,4.12805561266512E-16));
#10247=CARTESIAN_POINT('Ctrl Pts',(149.447366537792,-49.9345339865799,-1.67911470063737E-15));
#10248=CARTESIAN_POINT('Ctrl Pts',(149.409416572407,-49.8894406127176,-1.49186218934005E-15));
#10249=CARTESIAN_POINT('Ctrl Pts',(149.372237944152,-49.8452637665317,-1.30841560548587E-15));
#10250=CARTESIAN_POINT('Ctrl Pts',(149.337618353463,-49.7990651230615,-7.78005120601451E-16));
#10251=CARTESIAN_POINT('Ctrl Pts',(149.305795030126,-49.7510486439104,-7.35522753814166E-16));
#10252=CARTESIAN_POINT('Ctrl Pts',(149.282296197166,-49.7155925348495,-7.04153118709611E-16));
#10253=CARTESIAN_POINT('Ctrl Pts',(149.260322889274,-49.6791447115129,-7.24301686203785E-16));
#10254=CARTESIAN_POINT('Ctrl Pts',(149.239988285526,-49.6417833064551,-7.97972798949331E-16));
#10255=CARTESIAN_POINT('Ctrl Pts',(149.229602828222,-49.622701780115,-8.35598720034962E-16));
#10256=CARTESIAN_POINT('Ctrl Pts',(149.219645071945,-49.6033819187539,-9.75966629296522E-16));
#10257=CARTESIAN_POINT('Ctrl Pts',(149.210131784646,-49.5838340467812,-7.7715611723761E-16));
#10258=CARTESIAN_POINT('Ctrl Pts',(149.205154056136,-49.5736058263389,-6.73130587174063E-16));
#10259=CARTESIAN_POINT('Ctrl Pts',(149.200301559941,-49.5633222812056,-3.29410136329583E-17));
#10260=CARTESIAN_POINT('Ctrl Pts',(149.195579359501,-49.5529922686534,-1.2490009027033E-16));
#10261=CARTESIAN_POINT('Ctrl Pts',(149.172409849451,-49.5023079885869,-5.76097953916003E-16));
#10262=CARTESIAN_POINT('Ctrl Pts',(149.152346869539,-49.4504522386763,-1.25249784150233E-15));
#10263=CARTESIAN_POINT('Ctrl Pts',(149.135603423992,-49.397615899223,-1.33226762955019E-15));
#10264=CARTESIAN_POINT('Ctrl Pts',(149.123972026471,-49.3609113591662,-1.38768239542973E-15));
#10265=CARTESIAN_POINT('Ctrl Pts',(149.11394352469,-49.3237332197268,-1.87999527193146E-15));
#10266=CARTESIAN_POINT('Ctrl Pts',(149.105604082195,-49.2861433670028,-1.87350135405495E-15));
#10267=CARTESIAN_POINT('Ctrl Pts',(149.093646817121,-49.2322462589677,-1.87868876905918E-15));
#10268=CARTESIAN_POINT('Ctrl Pts',(149.085160450287,-49.1775017330818,-1.03489476321988E-15));
#10269=CARTESIAN_POINT('Ctrl Pts',(149.080088477744,-49.1222252439686,-9.0205620750794E-16));
#10270=CARTESIAN_POINT('Ctrl Pts',(149.078604476697,-49.1060519766589,-8.63189168283178E-16));
#10271=CARTESIAN_POINT('Ctrl Pts',(149.077413064252,-49.0898332578934,-1.62029236063988E-15));
#10272=CARTESIAN_POINT('Ctrl Pts',(149.07651352125,-49.073577269084,-1.66533453693773E-15));
#10273=CARTESIAN_POINT('Ctrl Pts',(149.075822186053,-49.0610838838905,-1.69995127204014E-15));
#10274=CARTESIAN_POINT('Ctrl Pts',(149.075303306645,-49.0485653760996,-3.78984237435066E-16));
#10275=CARTESIAN_POINT('Ctrl Pts',(149.074956935662,-49.036050296354,-4.30211422042248E-16));
#10276=CARTESIAN_POINT('Ctrl Pts',(149.073416929252,-48.9804067696611,-6.5797355157216E-16));
#10277=CARTESIAN_POINT('Ctrl Pts',(149.075275557533,-48.9247322045352,-1.42323254658397E-15));
#10278=CARTESIAN_POINT('Ctrl Pts',(149.080425113504,-48.8693436467024,-1.12410081243297E-15));
#10279=CARTESIAN_POINT('Ctrl Pts',(149.085570727557,-48.8139974880855,-8.25198059708822E-16));
#10280=CARTESIAN_POINT('Ctrl Pts',(149.094002695271,-48.7589357572585,-1.3774904891143E-15));
#10281=CARTESIAN_POINT('Ctrl Pts',(149.10566283736,-48.7044900381089,-1.51267887105178E-15));
#10282=CARTESIAN_POINT('Ctrl Pts',(149.112890181039,-48.6707427714678,-1.59647312417752E-15));
#10283=CARTESIAN_POINT('Ctrl Pts',(149.121358711023,-48.6372325414214,-1.22797590005432E-15));
#10284=CARTESIAN_POINT('Ctrl Pts',(149.131062931302,-48.604044143672,-1.55431223447522E-15));
#10285=CARTESIAN_POINT('Ctrl Pts',(149.136078147067,-48.5868921241561,-1.72296536497574E-15));
#10286=CARTESIAN_POINT('Ctrl Pts',(149.141423502458,-48.5698261497448,-2.83258510553804E-15));
#10287=CARTESIAN_POINT('Ctrl Pts',(149.147098843886,-48.5528585579037,-3.06699110552699E-15));
#10288=CARTESIAN_POINT('Ctrl Pts',(149.151240344118,-48.5404766974559,-3.23804557260618E-15));
#10289=CARTESIAN_POINT('Ctrl Pts',(149.155558239411,-48.528145866936,-1.46756643372164E-15));
#10290=CARTESIAN_POINT('Ctrl Pts',(149.16004502487,-48.5158903835732,-1.47104550762833E-15));
#10291=CARTESIAN_POINT('Ctrl Pts',(149.17847835626,-48.4655404419011,-1.48533879685149E-15));
#10292=CARTESIAN_POINT('Ctrl Pts',(149.199783786902,-48.4163831121928,-1.30055090328424E-15));
#10293=CARTESIAN_POINT('Ctrl Pts',(149.223917132549,-48.3687318233392,-9.99200722162641E-16));
#10294=CARTESIAN_POINT('Ctrl Pts',(149.240009489228,-48.3369574664932,-7.98257402035387E-16));
#10295=CARTESIAN_POINT('Ctrl Pts',(149.257360087986,-48.3058532816983,-2.41028093070161E-15));
#10296=CARTESIAN_POINT('Ctrl Pts',(149.275964764012,-48.2755215525606,-2.47024622979097E-15));
#10297=CARTESIAN_POINT('Ctrl Pts',(149.284604557232,-48.2614358534926,-2.49809341099387E-15));
#10298=CARTESIAN_POINT('Ctrl Pts',(149.293517480744,-48.2475133454174,-3.33500230308967E-15));
#10299=CARTESIAN_POINT('Ctrl Pts',(149.30268740682,-48.2337881009039,-3.30291349825984E-15));
#10300=CARTESIAN_POINT('Ctrl Pts',(149.331149602097,-48.1911868207694,-3.20331424067361E-15));
#10301=CARTESIAN_POINT('Ctrl Pts',(149.362109805888,-48.1504401014544,-1.35760452261514E-15));
#10302=CARTESIAN_POINT('Ctrl Pts',(149.395544376827,-48.1118487227475,-6.66133814775094E-16));
#10303=CARTESIAN_POINT('Ctrl Pts',(149.413403592707,-48.0912349764343,-2.96781844672503E-16));
#10304=CARTESIAN_POINT('Ctrl Pts',(149.431969338817,-48.071236838232,-2.81323354356477E-15));
#10305=CARTESIAN_POINT('Ctrl Pts',(149.451241407601,-48.0519052997024,-2.74780198594726E-15));
#10306=CARTESIAN_POINT('Ctrl Pts',(149.461830327233,-48.0412837047845,-2.71101104328801E-15));
#10307=CARTESIAN_POINT('Ctrl Pts',(149.472632524484,-48.0308634235438,-2.0473607838501E-15));
#10308=CARTESIAN_POINT('Ctrl Pts',(149.483640831488,-48.020647488711,-2.05391259555654E-15));
#10309=CARTESIAN_POINT('Ctrl Pts',(149.485481515856,-48.0219080483856,-6.));
#10310=CARTESIAN_POINT('Ctrl Pts',(149.44830016811,-48.056630485781,-6.));
#10311=CARTESIAN_POINT('Ctrl Pts',(149.413503447851,-48.0936649002956,-6.));
#10312=CARTESIAN_POINT('Ctrl Pts',(149.381104296293,-48.1326979173133,-6.));
#10313=CARTESIAN_POINT('Ctrl Pts',(149.358365392289,-48.1600927095931,-6.));
#10314=CARTESIAN_POINT('Ctrl Pts',(149.336807909547,-48.1884730585675,-6.));
#10315=CARTESIAN_POINT('Ctrl Pts',(149.316444201725,-48.2177429529541,-6.));
#10316=CARTESIAN_POINT('Ctrl Pts',(149.308301844069,-48.2294464182922,-6.));
#10317=CARTESIAN_POINT('Ctrl Pts',(149.300350423484,-48.2412922023489,-6.));
#10318=CARTESIAN_POINT('Ctrl Pts',(149.292591062799,-48.2532745417304,-6.));
#10319=CARTESIAN_POINT('Ctrl Pts',(149.285281296071,-48.2645625987355,-6.));
#10320=CARTESIAN_POINT('Ctrl Pts',(149.278145945255,-48.2759658722444,-6.));
#10321=CARTESIAN_POINT('Ctrl Pts',(149.271189533918,-48.2874722814406,-6.));
#10322=CARTESIAN_POINT('Ctrl Pts',(149.243380300929,-48.3334707709934,-6.));
#10323=CARTESIAN_POINT('Ctrl Pts',(149.218406786623,-48.3811468641661,-6.));
#10324=CARTESIAN_POINT('Ctrl Pts',(149.19630618788,-48.4301755693147,-6.));
#10325=CARTESIAN_POINT('Ctrl Pts',(149.187662829634,-48.4493502834434,-6.));
#10326=CARTESIAN_POINT('Ctrl Pts',(149.179459271365,-48.4687323201875,-6.));
#10327=CARTESIAN_POINT('Ctrl Pts',(149.171699294462,-48.4883037346418,-6.));
#10328=CARTESIAN_POINT('Ctrl Pts',(149.165535675913,-48.5038489784838,-6.));
#10329=CARTESIAN_POINT('Ctrl Pts',(149.159651923236,-48.5195137147769,-6.));
#10330=CARTESIAN_POINT('Ctrl Pts',(149.154050365327,-48.5352892462103,-6.));
#10331=CARTESIAN_POINT('Ctrl Pts',(149.150441993086,-48.5454514172765,-6.));
#10332=CARTESIAN_POINT('Ctrl Pts',(149.146952315647,-48.5556552809247,-6.));
#10333=CARTESIAN_POINT('Ctrl Pts',(149.143584050471,-48.5658908533978,-6.));
#10334=CARTESIAN_POINT('Ctrl Pts',(149.125780487139,-48.61999278814,-6.));
#10335=CARTESIAN_POINT('Ctrl Pts',(149.111343325372,-48.6750393773616,-6.));
#10336=CARTESIAN_POINT('Ctrl Pts',(149.100311258818,-48.7306663331347,-6.));
#10337=CARTESIAN_POINT('Ctrl Pts',(149.089496048845,-48.785199833619,-6.));
#10338=CARTESIAN_POINT('Ctrl Pts',(149.081953033035,-48.8402923209976,-6.));
#10339=CARTESIAN_POINT('Ctrl Pts',(149.077762852295,-48.8956300826497,-6.));
#10340=CARTESIAN_POINT('Ctrl Pts',(149.075604748705,-48.9241311496678,-6.));
#10341=CARTESIAN_POINT('Ctrl Pts',(149.074336788614,-48.9526976524633,-6.));
#10342=CARTESIAN_POINT('Ctrl Pts',(149.073975172411,-48.9812882958238,-6.));
#10343=CARTESIAN_POINT('Ctrl Pts',(149.073749470166,-48.9991331057122,-6.));
#10344=CARTESIAN_POINT('Ctrl Pts',(149.073876916895,-49.0169873354004,-6.));
#10345=CARTESIAN_POINT('Ctrl Pts',(149.074362211614,-49.0348410136437,-6.));
#10346=CARTESIAN_POINT('Ctrl Pts',(149.074751160486,-49.0491501906078,-6.));
#10347=CARTESIAN_POINT('Ctrl Pts',(149.075370500449,-49.0634647995374,-6.));
#10348=CARTESIAN_POINT('Ctrl Pts',(149.076220450914,-49.0777465761169,-6.));
#10349=CARTESIAN_POINT('Ctrl Pts',(149.079407307041,-49.1312955404884,-6.));
#10350=CARTESIAN_POINT('Ctrl Pts',(149.085832674522,-49.1844547165053,-6.));
#10351=CARTESIAN_POINT('Ctrl Pts',(149.095548933627,-49.2369489967364,-6.));
#10352=CARTESIAN_POINT('Ctrl Pts',(149.105488310125,-49.2906487189856,-6.));
#10353=CARTESIAN_POINT('Ctrl Pts',(149.118870363004,-49.3436536817951,-6.));
#10354=CARTESIAN_POINT('Ctrl Pts',(149.135444325038,-49.3957677375531,-6.));
#10355=CARTESIAN_POINT('Ctrl Pts',(149.151753513558,-49.4470492572131,-6.));
#10356=CARTESIAN_POINT('Ctrl Pts',(149.171153992027,-49.4974688109423,-6.));
#10357=CARTESIAN_POINT('Ctrl Pts',(149.193453299688,-49.5468349881542,-6.));
#10358=CARTESIAN_POINT('Ctrl Pts',(149.197869289135,-49.5566110996336,-6.));
#10359=CARTESIAN_POINT('Ctrl Pts',(149.202399095005,-49.5663458674784,-6.));
#10360=CARTESIAN_POINT('Ctrl Pts',(149.207041414881,-49.5760377465587,-6.));
#10361=CARTESIAN_POINT('Ctrl Pts',(149.211231444064,-49.5847853678516,-6.));
#10362=CARTESIAN_POINT('Ctrl Pts',(149.215511421693,-49.5934943541978,-6.));
#10363=CARTESIAN_POINT('Ctrl Pts',(149.219876399012,-49.6021564538209,-6.));
#10364=CARTESIAN_POINT('Ctrl Pts',(149.245795964461,-49.6535926565115,-6.));
#10365=CARTESIAN_POINT('Ctrl Pts',(149.274744750131,-49.7034523946785,-6.));
#10366=CARTESIAN_POINT('Ctrl Pts',(149.306441298941,-49.7515229435181,-6.));
#10367=CARTESIAN_POINT('Ctrl Pts',(149.338819154879,-49.8006267533529,-6.));
#10368=CARTESIAN_POINT('Ctrl Pts',(149.37406457257,-49.8478645761663,-6.));
#10369=CARTESIAN_POINT('Ctrl Pts',(149.411931249421,-49.8929994921313,-6.));
#10370=CARTESIAN_POINT('Ctrl Pts',(149.451028882589,-49.9396016377167,-5.99999999999999));
#10371=CARTESIAN_POINT('Ctrl Pts',(149.492921396181,-49.9839631635331,-6.));
#10372=CARTESIAN_POINT('Ctrl Pts',(149.537388023122,-50.0257957277136,-6.));
#10373=CARTESIAN_POINT('Ctrl Pts',(149.545473146169,-50.0334019135661,-6.));
#10374=CARTESIAN_POINT('Ctrl Pts',(149.553644383526,-50.0409250605188,-6.));
#10375=CARTESIAN_POINT('Ctrl Pts',(149.561887453123,-50.0483518875486,-6.));
#10376=CARTESIAN_POINT('Ctrl Pts',(149.607098866856,-50.0890863913179,-6.));
#10377=CARTESIAN_POINT('Ctrl Pts',(149.654553383919,-50.127007547013,-6.));
#10378=CARTESIAN_POINT('Ctrl Pts',(149.703981463711,-50.1618746950373,-6.));
#10379=CARTESIAN_POINT('Ctrl Pts',(149.752950575374,-50.1964180815522,-6.));
#10380=CARTESIAN_POINT('Ctrl Pts',(149.803857500641,-50.2279648316833,-6.));
#10381=CARTESIAN_POINT('Ctrl Pts',(149.856481937007,-50.2562533557468,-6.));
#10382=CARTESIAN_POINT('Ctrl Pts',(149.900844931783,-50.2801009013341,-6.));
#10383=CARTESIAN_POINT('Ctrl Pts',(149.946429427479,-50.3016327686241,-6.));
#10384=CARTESIAN_POINT('Ctrl Pts',(149.993121179953,-50.3206694672724,-6.));
#10385=CARTESIAN_POINT('Ctrl Pts',(150.009970871533,-50.3275392565592,-6.));
#10386=CARTESIAN_POINT('Ctrl Pts',(150.026964890009,-50.3340838707134,-6.));
#10387=CARTESIAN_POINT('Ctrl Pts',(150.044094911141,-50.3403051081779,-6.));
#10388=CARTESIAN_POINT('Ctrl Pts',(149.18036454837,-48.8462380154477,-0.443419673619416));
#10389=CARTESIAN_POINT('Ctrl Pts',(149.179405489186,-48.6993572811517,-0.452641134986226));
#10390=CARTESIAN_POINT('Ctrl Pts',(149.203091479791,-48.552775649619,-0.461862596353037));
#10391=CARTESIAN_POINT('Ctrl Pts',(149.252789824293,-48.4156202240754,-0.471084057719848));
#10392=CARTESIAN_POINT('Ctrl Pts',(149.394683442675,-48.0240281135917,-0.497412228873563));
#10393=CARTESIAN_POINT('Ctrl Pts',(149.748618887682,-47.7092744908509,-0.523740400027279));
#10394=CARTESIAN_POINT('Ctrl Pts',(150.154100002295,-47.6140753952479,-0.550068571180994));
#10395=CARTESIAN_POINT('Ctrl Pts',(150.559581116908,-47.518876299645,-0.576396742334709));
#10396=CARTESIAN_POINT('Ctrl Pts',(151.016607901126,-47.64323173118,-0.602724913488423));
#10397=CARTESIAN_POINT('Ctrl Pts',(151.317948173329,-47.9307568768616,-0.629053084642138));
#10398=CARTESIAN_POINT('Ctrl Pts',(151.619288445531,-48.2182820225432,-0.655381255795854));
#10399=CARTESIAN_POINT('Ctrl Pts',(151.764942205718,-48.6689768823714,-0.681709426949569));
#10400=CARTESIAN_POINT('Ctrl Pts',(151.688862238052,-49.0784755980773,-0.708037598103284));
#10401=CARTESIAN_POINT('Ctrl Pts',(151.612782270386,-49.4879743137831,-0.734365769256999));
#10402=CARTESIAN_POINT('Ctrl Pts',(151.314968574867,-49.8562768853666,-0.760693940410713));
#10403=CARTESIAN_POINT('Ctrl Pts',(150.93046335953,-50.016379976032,-0.787022111564428));
#10404=CARTESIAN_POINT('Ctrl Pts',(150.545958144193,-50.1764830666975,-0.813350282718143));
#10405=CARTESIAN_POINT('Ctrl Pts',(150.074761409039,-50.1283866764449,-0.839678453871858));
#10406=CARTESIAN_POINT('Ctrl Pts',(149.730533487053,-49.8938993892123,-0.866006625025574));
#10407=CARTESIAN_POINT('Ctrl Pts',(149.393154275809,-49.6640774283527,-0.891810974556855));
#10408=CARTESIAN_POINT('Ctrl Pts',(149.177741830128,-49.2552076031556,-0.917615324088136));
#10409=CARTESIAN_POINT('Ctrl Pts',(149.177046990314,-48.8469683189972,-0.943419673619417));
#10410=CARTESIAN_POINT('Origin',(150.443597668578,-48.8471193473221,0.));
#10411=CARTESIAN_POINT('Origin',(150.443597668578,-48.8471193473221,-6.));
#10412=CARTESIAN_POINT('Ctrl Pts',(79.9761080844025,-47.7807251946196,1.22124532708767E-14));
#10413=CARTESIAN_POINT('Ctrl Pts',(80.2491288765226,-48.0977174986468,-0.0263281711537029));
#10414=CARTESIAN_POINT('Ctrl Pts',(80.4511352639621,-49.0187298038114,-0.0789845134611324));
#10415=CARTESIAN_POINT('Ctrl Pts',(79.4543390363779,-50.0336661700541,-0.157969026922278));
#10416=CARTESIAN_POINT('Ctrl Pts',(78.0614701816362,-49.7507174659319,-0.236953540383423));
#10417=CARTESIAN_POINT('Ctrl Pts',(77.5362388625026,-48.4310878714404,-0.315938053844568));
#10418=CARTESIAN_POINT('Ctrl Pts',(78.3546965523393,-47.2692846609445,-0.394922567305713));
#10419=CARTESIAN_POINT('Ctrl Pts',(79.7747322267671,-47.320037862091,-0.473907080766858));
#10420=CARTESIAN_POINT('Ctrl Pts',(80.5084688953334,-48.5367724627331,-0.552891594228003));
#10421=CARTESIAN_POINT('Ctrl Pts',(79.8905248882077,-49.8163205368156,-0.631876107689149));
#10422=CARTESIAN_POINT('Ctrl Pts',(78.48128806945,-49.9981447330106,-0.710860621150294));
#10423=CARTESIAN_POINT('Ctrl Pts',(77.5587828184913,-48.9174176020242,-0.789845134611439));
#10424=CARTESIAN_POINT('Ctrl Pts',(77.9596115924121,-47.5542019761427,-0.868829648072585));
#10425=CARTESIAN_POINT('Ctrl Pts',(79.3202706462359,-47.1447943334701,-0.94781416153373));
#10426=CARTESIAN_POINT('Ctrl Pts',(80.4067972369766,-48.0604724511029,-1.02679867499487));
#10427=CARTESIAN_POINT('Ctrl Pts',(80.2338368104917,-49.4708252268032,-1.10578318845602));
#10428=CARTESIAN_POINT('Ctrl Pts',(78.9582444014058,-50.0968224363671,-1.18476770191716));
#10429=CARTESIAN_POINT('Ctrl Pts',(77.7368361914586,-49.3707573537645,-1.26375221537831));
#10430=CARTESIAN_POINT('Ctrl Pts',(77.677289327764,-47.9510872826275,-1.34273672883945));
#10431=CARTESIAN_POINT('Ctrl Pts',(78.833606017573,-47.1252904427051,-1.4217212423006));
#10432=CARTESIAN_POINT('Ctrl Pts',(80.1571395859768,-47.6422697690004,-1.50070575576174));
#10433=CARTESIAN_POINT('Ctrl Pts',(80.4475968429812,-49.0331843446997,-1.57969026922289));
#10434=CARTESIAN_POINT('Ctrl Pts',(79.4415663552522,-50.0366340959122,-1.65867478268404));
#10435=CARTESIAN_POINT('Ctrl Pts',(78.0514024307392,-49.7426051627509,-1.73765929614518));
#10436=CARTESIAN_POINT('Ctrl Pts',(77.5378243592212,-48.4177480687637,-1.81664380960633));
#10437=CARTESIAN_POINT('Ctrl Pts',(78.3665885678303,-47.2635563005161,-1.89562832306747));
#10438=CARTESIAN_POINT('Ctrl Pts',(79.786100940895,-47.3267494565297,-1.97461283652862));
#10439=CARTESIAN_POINT('Ctrl Pts',(80.5090265099787,-48.5500185905443,-2.05359734998976));
#10440=CARTESIAN_POINT('Ctrl Pts',(79.8797546707173,-49.8239988511989,-2.13258186345091));
#10441=CARTESIAN_POINT('Ctrl Pts',(78.4689628323443,-49.9933362101687,-2.21156637691205));
#10442=CARTESIAN_POINT('Ctrl Pts',(77.5560774382738,-48.904461098097,-2.2905508903732));
#10443=CARTESIAN_POINT('Ctrl Pts',(77.9689808742921,-47.5448583969859,-2.36953540383434));
#10444=CARTESIAN_POINT('Ctrl Pts',(79.3332170652656,-47.1475318718175,-2.44851991729549));
#10445=CARTESIAN_POINT('Ctrl Pts',(80.4115802021349,-48.072811125561,-2.52750443075663));
#10446=CARTESIAN_POINT('Ctrl Pts',(80.2261185592085,-49.4815739627211,-2.60648894421778));
#10447=CARTESIAN_POINT('Ctrl Pts',(78.9450245825641,-50.09623401134,-2.68547345767892));
#10448=CARTESIAN_POINT('Ctrl Pts',(77.730103625515,-49.3593650810096,-2.76445797114007));
#10449=CARTESIAN_POINT('Ctrl Pts',(77.6831496996532,-47.9392228060215,-2.84344248460122));
#10450=CARTESIAN_POINT('Ctrl Pts',(78.8467446322446,-47.1237134037396,-2.92242699806236));
#10451=CARTESIAN_POINT('Ctrl Pts',(80.1656412311089,-47.6524104000118,-3.00141151152351));
#10452=CARTESIAN_POINT('Ctrl Pts',(80.4437514988285,-49.045846236838,-3.08039602498465));
#10453=CARTESIAN_POINT('Ctrl Pts',(79.4288613092437,-50.0403343742469,-3.1593805384458));
#10454=CARTESIAN_POINT('Ctrl Pts',(78.0413597023321,-49.7339880943918,-3.23836505190694));
#10455=CARTESIAN_POINT('Ctrl Pts',(77.5395515519208,-48.404628349047,-3.31734956536808));
#10456=CARTESIAN_POINT('Ctrl Pts',(78.378519315747,-47.2578320098381,-3.39633407882923));
#10457=CARTESIAN_POINT('Ctrl Pts',(79.7974154236555,-47.3336118707863,-3.47531859229037));
#10458=CARTESIAN_POINT('Ctrl Pts',(80.5094637889434,-48.5632442865325,-3.55430310575152));
#10459=CARTESIAN_POINT('Ctrl Pts',(79.8689181840191,-49.8315936391844,-3.63328761921267));
#10460=CARTESIAN_POINT('Ctrl Pts',(78.4566800309541,-49.9884124881599,-3.71227213267381));
#10461=CARTESIAN_POINT('Ctrl Pts',(77.5534874147779,-48.8914841174588,-3.79125664613496));
#10462=CARTESIAN_POINT('Ctrl Pts',(77.9784324830354,-47.5355967912741,-3.8702411595961));
#10463=CARTESIAN_POINT('Ctrl Pts',(79.3461387808018,-47.1503848555215,-3.94922567305725));
#10464=CARTESIAN_POINT('Ctrl Pts',(80.4162535099857,-48.0851913695908,-4.02821018651839));
#10465=CARTESIAN_POINT('Ctrl Pts',(80.2183053050161,-49.4922540051455,-4.10719469997954));
#10466=CARTESIAN_POINT('Ctrl Pts',(78.9318104919618,-50.0955282783018,-4.18617921344068));
#10467=CARTESIAN_POINT('Ctrl Pts',(77.7234723638079,-49.3479135912467,-4.26516372690183));
#10468=CARTESIAN_POINT('Ctrl Pts',(77.6891150605262,-47.9274107482107,-4.34414824036297));
#10469=CARTESIAN_POINT('Ctrl Pts',(78.8598967181067,-47.122252959138,-4.42313275382412));
#10470=CARTESIAN_POINT('Ctrl Pts',(80.1740526064877,-47.6626260261831,-4.50211726728526));
#10471=CARTESIAN_POINT('Ctrl Pts',(80.4397940137826,-49.0584735285622,-4.58110178074641));
#10472=CARTESIAN_POINT('Ctrl Pts',(79.4161239426504,-50.0439218328924,-4.66008629420755));
#10473=CARTESIAN_POINT('Ctrl Pts',(78.0313937980604,-49.7252822917616,-4.7390708076687));
#10474=CARTESIAN_POINT('Ctrl Pts',(77.54139501669,-48.3915244793338,-4.81805532112984));
#10475=CARTESIAN_POINT('Ctrl Pts',(78.3905003905737,-47.2522137210683,-4.89703983459099));
#10476=CARTESIAN_POINT('Ctrl Pts',(79.8086685418123,-47.3405744267803,-4.97602434805213));
#10477=CARTESIAN_POINT('Ctrl Pts',(80.5097838758966,-48.576473204517,-5.05500886151328));
#10478=CARTESIAN_POINT('Ctrl Pts',(79.8580145260924,-49.8390922981916,-5.13399337497442));
#10479=CARTESIAN_POINT('Ctrl Pts',(78.4444418682264,-49.9833794716741,-5.21297788843557));
#10480=CARTESIAN_POINT('Ctrl Pts',(77.5510115935269,-48.8784858012779,-5.29196240189671));
#10481=CARTESIAN_POINT('Ctrl Pts',(77.9879678563215,-47.5264170999706,-5.37094691535787));
#10482=CARTESIAN_POINT('Ctrl Pts',(79.3590306458894,-47.1533569215024,-5.449931428819));
#10483=CARTESIAN_POINT('Ctrl Pts',(80.4208250066365,-48.0976032797954,-5.52891594228015));
#10484=CARTESIAN_POINT('Ctrl Pts',(80.210381123064,-49.5028831244165,-5.6079004557413));
#10485=CARTESIAN_POINT('Ctrl Pts',(78.9186365772088,-50.094667388698,-5.68688496920244));
#10486=CARTESIAN_POINT('Ctrl Pts',(77.7168753940403,-49.3364805629725,-5.76586948266358));
#10487=CARTESIAN_POINT('Ctrl Pts',(77.695321489088,-47.915496706923,-5.84485399612473));
#10488=CARTESIAN_POINT('Ctrl Pts',(78.8727850672641,-47.121223625845,-5.92383850958587));
#10489=CARTESIAN_POINT('Ctrl Pts',(80.1829325014486,-47.6722747272625,-6.00282302304702));
#10490=CARTESIAN_POINT('Ctrl Pts',(80.4345728989005,-49.0724088841269,-6.08180753650817));
#10491=CARTESIAN_POINT('Ctrl Pts',(79.7487422561407,-49.7194842864431,-6.1344638788156));
#10492=CARTESIAN_POINT('Ctrl Pts',(79.3445769952113,-49.8275348098118,-6.16079204996931));
#10493=CARTESIAN_POINT('Ctrl Pts',(80.0464482316368,-47.7201422641454,0.0535973499897824));
#10494=CARTESIAN_POINT('Ctrl Pts',(80.3395128594245,-48.0604065746762,0.0272691788360673));
#10495=CARTESIAN_POINT('Ctrl Pts',(80.5563495563149,-49.049035046175,-0.0253871634713622));
#10496=CARTESIAN_POINT('Ctrl Pts',(79.4863734817867,-50.1384830185857,-0.104371676932508));
#10497=CARTESIAN_POINT('Ctrl Pts',(77.9912470875576,-49.8347616206193,-0.183356190393653));
#10498=CARTESIAN_POINT('Ctrl Pts',(77.4274558837847,-48.4182513507447,-0.262340703854798));
#10499=CARTESIAN_POINT('Ctrl Pts',(78.3060006875321,-47.1711542970635,-0.341325217315943));
#10500=CARTESIAN_POINT('Ctrl Pts',(79.8302883549288,-47.2256335471147,-0.420309730777088));
#10501=CARTESIAN_POINT('Ctrl Pts',(80.6178923392183,-48.5316947818093,-0.499294244238234));
#10502=CARTESIAN_POINT('Ctrl Pts',(79.9545819406376,-49.9051809443675,-0.578278757699379));
#10503=CARTESIAN_POINT('Ctrl Pts',(78.4418859274621,-50.1003537733922,-0.657263271160525));
#10504=CARTESIAN_POINT('Ctrl Pts',(77.4516549054761,-48.940285003819,-0.736247784621669));
#10505=CARTESIAN_POINT('Ctrl Pts',(77.8819105447027,-47.4769888317906,-0.815232298082815));
#10506=CARTESIAN_POINT('Ctrl Pts',(79.3424624538025,-47.0375245057164,-0.894216811543958));
#10507=CARTESIAN_POINT('Ctrl Pts',(80.50875645077,-48.0204271800278,-0.973201325005105));
#10508=CARTESIAN_POINT('Ctrl Pts',(80.3230981255698,-49.5343210781831,-1.05218583846625));
#10509=CARTESIAN_POINT('Ctrl Pts',(78.9538580333601,-50.2062759054782,-1.13117035192739));
#10510=CARTESIAN_POINT('Ctrl Pts',(77.6427800760897,-49.4269067170354,-1.21015486538854));
#10511=CARTESIAN_POINT('Ctrl Pts',(77.5788615762969,-47.903011493714,-1.28913937884968));
#10512=CARTESIAN_POINT('Ctrl Pts',(78.8200693160891,-47.0165887357953,-1.36812389231083));
#10513=CARTESIAN_POINT('Ctrl Pts',(80.2407701703241,-47.571522126246,-1.44710840577198));
#10514=CARTESIAN_POINT('Ctrl Pts',(80.5525513619735,-49.0645507679351,-1.52609291923312));
#10515=CARTESIAN_POINT('Ctrl Pts',(79.4726630936111,-50.1416688348753,-1.60507743269427));
#10516=CARTESIAN_POINT('Ctrl Pts',(77.9804402122042,-49.8260537522778,-1.68406194615541));
#10517=CARTESIAN_POINT('Ctrl Pts',(77.4291577798276,-48.40393220576,-1.76304645961656));
#10518=CARTESIAN_POINT('Ctrl Pts',(78.3187657559594,-47.165005388756,-1.8420309730777));
#10519=CARTESIAN_POINT('Ctrl Pts',(79.8424917037964,-47.2328378736084,-1.92101548653885));
#10520=CARTESIAN_POINT('Ctrl Pts',(80.6184908911718,-48.5459133747835,-1.99999999999999));
#10521=CARTESIAN_POINT('Ctrl Pts',(79.9430210270695,-49.9134229626009,-2.07898451346114));
#10522=CARTESIAN_POINT('Ctrl Pts',(78.4286558324326,-50.0951922325956,-2.15796902692228));
#10523=CARTESIAN_POINT('Ctrl Pts',(77.4487509096292,-48.9263772974814,-2.23695354038343));
#10524=CARTESIAN_POINT('Ctrl Pts',(77.8919676728996,-47.4669592932835,-2.31593805384457));
#10525=CARTESIAN_POINT('Ctrl Pts',(79.3563593348593,-47.0404630205841,-2.39492256730572));
#10526=CARTESIAN_POINT('Ctrl Pts',(80.5138905575643,-48.0336716989136,-2.47390708076686));
#10527=CARTESIAN_POINT('Ctrl Pts',(80.3148132384669,-49.5458589331079,-2.55289159422801));
#10528=CARTESIAN_POINT('Ctrl Pts',(78.9396676808299,-50.205644281197,-2.63187610768915));
#10529=CARTESIAN_POINT('Ctrl Pts',(77.6355532384669,-49.4146780799831,-2.7108606211503));
#10530=CARTESIAN_POINT('Ctrl Pts',(77.5851521876933,-47.8902759859401,-2.78984513461144));
#10531=CARTESIAN_POINT('Ctrl Pts',(78.834172502841,-47.0148959184322,-2.86882964807259));
#10532=CARTESIAN_POINT('Ctrl Pts',(80.2498959641762,-47.582407232211,-2.94781416153373));
#10533=CARTESIAN_POINT('Ctrl Pts',(80.5484237116796,-49.078142233544,-3.02679867499488));
#10534=CARTESIAN_POINT('Ctrl Pts',(79.4590253059884,-50.1456407693364,-3.10578318845602));
#10535=CARTESIAN_POINT('Ctrl Pts',(77.9696601963684,-49.8168040613966,-3.18476770191717));
#10536=CARTESIAN_POINT('Ctrl Pts',(77.4310117744691,-48.3898493011372,-3.26375221537831));
#10537=CARTESIAN_POINT('Ctrl Pts',(78.3315724003556,-47.15886084898,-3.34273672883946));
#10538=CARTESIAN_POINT('Ctrl Pts',(79.8546368398978,-47.2402040923649,-3.4217212423006));
#10539=CARTESIAN_POINT('Ctrl Pts',(80.6189602729945,-48.5601100359312,-3.50070575576175));
#10540=CARTESIAN_POINT('Ctrl Pts',(79.9313889791361,-49.9215753223417,-3.5796902692229));
#10541=CARTESIAN_POINT('Ctrl Pts',(78.4154712885389,-50.0899070352793,-3.65867478268404));
#10542=CARTESIAN_POINT('Ctrl Pts',(77.4459707394234,-48.912447611134,-3.73765929614519));
#10543=CARTESIAN_POINT('Ctrl Pts',(77.9021131719908,-47.4570177463063,-3.81664380960633));
#10544=CARTESIAN_POINT('Ctrl Pts',(79.3702296988143,-47.0435254562352,-3.89562832306747));
#10545=CARTESIAN_POINT('Ctrl Pts',(80.5189069565542,-48.0469608392034,-3.97461283652862));
#10546=CARTESIAN_POINT('Ctrl Pts',(80.3064263738112,-49.5573230514031,-4.05359734998977));
#10547=CARTESIAN_POINT('Ctrl Pts',(78.925483477078,-50.2048867367311,-4.13258186345091));
#10548=CARTESIAN_POINT('Ctrl Pts',(77.6284351423364,-49.402385878503,-4.21156637691206));
#10549=CARTESIAN_POINT('Ctrl Pts',(77.5915554958454,-47.8775967452903,-4.2905508903732));
#10550=CARTESIAN_POINT('Ctrl Pts',(78.8482901497714,-47.0133282552141,-4.36953540383435));
#10551=CARTESIAN_POINT('Ctrl Pts',(80.2589248611163,-47.5933728391096,-4.44851991729549));
#10552=CARTESIAN_POINT('Ctrl Pts',(80.544175687663,-49.0916965585474,-4.52750443075663));
#10553=CARTESIAN_POINT('Ctrl Pts',(79.4453528249637,-50.1494916014453,-4.60648894421778));
#10554=CARTESIAN_POINT('Ctrl Pts',(77.9589626447157,-49.8074591218131,-4.68547345767892));
#10555=CARTESIAN_POINT('Ctrl Pts',(77.4329905773004,-48.3757834101468,-4.76445797114007));
#10556=CARTESIAN_POINT('Ctrl Pts',(78.3444330664145,-47.1528300932475,-4.84344248460122));
#10557=CARTESIAN_POINT('Ctrl Pts',(79.8667161063098,-47.2476778047698,-4.92242699806236));
#10558=CARTESIAN_POINT('Ctrl Pts',(80.6193038591481,-48.5743101556183,-5.00141151152351));
#10559=CARTESIAN_POINT('Ctrl Pts',(79.9196848285949,-49.9296244957903,-5.08039602498465));
#10560=CARTESIAN_POINT('Ctrl Pts',(78.4023346604574,-50.0845045196262,-5.1593805384458));
#10561=CARTESIAN_POINT('Ctrl Pts',(77.4433131556263,-48.898495022894,-5.23836505190694));
#10562=CARTESIAN_POINT('Ctrl Pts',(77.9123485852033,-47.4471641274878,-5.31734956536809));
#10563=CARTESIAN_POINT('Ctrl Pts',(79.3840680208484,-47.0467157165948,-5.39633407882923));
#10564=CARTESIAN_POINT('Ctrl Pts',(80.5238140698699,-48.060283970442,-5.47531859229037));
#10565=CARTESIAN_POINT('Ctrl Pts',(80.2979204376285,-49.5687325080186,-5.55430310575153));
#10566=CARTESIAN_POINT('Ctrl Pts',(78.9113423986875,-50.2039626448722,-5.63328761921267));
#10567=CARTESIAN_POINT('Ctrl Pts',(77.6213538556899,-49.3901134938628,-5.71227213267381));
#10568=CARTESIAN_POINT('Ctrl Pts',(77.5982175696831,-47.8648080340411,-5.79125664613496));
#10569=CARTESIAN_POINT('Ctrl Pts',(78.8621246977532,-47.0122233533638,-5.8702411595961));
#10570=CARTESIAN_POINT('Ctrl Pts',(80.2684566740281,-47.6037299000811,-5.94922567305725));
#10571=CARTESIAN_POINT('Ctrl Pts',(80.5385712643601,-49.1066549789665,-6.0282101865184));
#10572=CARTESIAN_POINT('Ctrl Pts',(79.8023903292558,-49.8012354556323,-6.08086652882583));
#10573=CARTESIAN_POINT('Ctrl Pts',(79.3685532546533,-49.9172185137994,-6.10719469997954));
#10574=CARTESIAN_POINT('Ctrl Pts',(80.116788378871,-47.6595593336712,0.107194699979553));
#10575=CARTESIAN_POINT('Ctrl Pts',(80.4298968423265,-48.0230956507057,0.0808665288258374));
#10576=CARTESIAN_POINT('Ctrl Pts',(80.6615638486677,-49.0793402885385,0.028210186518408));
#10577=CARTESIAN_POINT('Ctrl Pts',(79.5184079271955,-50.2432998671173,-0.0507743269427375));
#10578=CARTESIAN_POINT('Ctrl Pts',(77.921023993479,-49.9188057753067,-0.129758840403883));
#10579=CARTESIAN_POINT('Ctrl Pts',(77.3186729050669,-48.405414830049,-0.208743353865028));
#10580=CARTESIAN_POINT('Ctrl Pts',(78.2573048227248,-47.0730239331826,-0.287727867326173));
#10581=CARTESIAN_POINT('Ctrl Pts',(79.8858444830906,-47.1312292321382,-0.366712380787318));
#10582=CARTESIAN_POINT('Ctrl Pts',(80.7273157831032,-48.5266171008855,-0.445696894248463));
#10583=CARTESIAN_POINT('Ctrl Pts',(80.0186389930676,-49.9940413519192,-0.524681407709609));
#10584=CARTESIAN_POINT('Ctrl Pts',(78.4024837854741,-50.202562813774,-0.603665921170754));
#10585=CARTESIAN_POINT('Ctrl Pts',(77.344526992461,-48.9631524056137,-0.682650434631898));
#10586=CARTESIAN_POINT('Ctrl Pts',(77.8042094969931,-47.3997756874385,-0.761634948093045));
#10587=CARTESIAN_POINT('Ctrl Pts',(79.364654261369,-46.9302546779626,-0.840619461554189));
#10588=CARTESIAN_POINT('Ctrl Pts',(80.6107156645633,-47.9803819089527,-0.919603975015336));
#10589=CARTESIAN_POINT('Ctrl Pts',(80.4123594406479,-49.5978169295629,-0.998588488476479));
#10590=CARTESIAN_POINT('Ctrl Pts',(78.9494716653144,-50.3157293745892,-1.07757300193762));
#10591=CARTESIAN_POINT('Ctrl Pts',(77.5487239607208,-49.4830560803063,-1.15655751539877));
#10592=CARTESIAN_POINT('Ctrl Pts',(77.4804338248297,-47.8549357048003,-1.23554202885991));
#10593=CARTESIAN_POINT('Ctrl Pts',(78.8065326146054,-46.9078870288857,-1.31452654232106));
#10594=CARTESIAN_POINT('Ctrl Pts',(80.3244007546713,-47.5007744834916,-1.3935110557822));
#10595=CARTESIAN_POINT('Ctrl Pts',(80.6575058809658,-49.0959171911705,-1.47249556924335));
#10596=CARTESIAN_POINT('Ctrl Pts',(79.5037598319701,-50.2467035738383,-1.5514800827045));
#10597=CARTESIAN_POINT('Ctrl Pts',(77.9094779936693,-49.9095023418048,-1.63046459616564));
#10598=CARTESIAN_POINT('Ctrl Pts',(77.320491200434,-48.3901163427563,-1.70944910962679));
#10599=CARTESIAN_POINT('Ctrl Pts',(78.2709429440885,-47.066454476996,-1.78843362308793));
#10600=CARTESIAN_POINT('Ctrl Pts',(79.8988824666977,-47.1389262906871,-1.86741813654908));
#10601=CARTESIAN_POINT('Ctrl Pts',(80.7279552723649,-48.5418081590226,-1.94640265001022));
#10602=CARTESIAN_POINT('Ctrl Pts',(80.0062873834216,-50.0028470740029,-2.02538716347137));
#10603=CARTESIAN_POINT('Ctrl Pts',(78.388348832521,-50.1970482550226,-2.10437167693251));
#10604=CARTESIAN_POINT('Ctrl Pts',(77.3414243809844,-48.9482934968658,-2.18335619039366));
#10605=CARTESIAN_POINT('Ctrl Pts',(77.8149544715071,-47.3890601895812,-2.2623407038548));
#10606=CARTESIAN_POINT('Ctrl Pts',(79.379501604453,-46.9333941693506,-2.34132521731595));
#10607=CARTESIAN_POINT('Ctrl Pts',(80.6162009129937,-47.9945322722663,-2.42030973077709));
#10608=CARTESIAN_POINT('Ctrl Pts',(80.4035079177253,-49.6101439034948,-2.49929424423824));
#10609=CARTESIAN_POINT('Ctrl Pts',(78.9343107790956,-50.3150545510541,-2.57827875769938));
#10610=CARTESIAN_POINT('Ctrl Pts',(77.5410028514188,-49.4699910789565,-2.65726327116053));
#10611=CARTESIAN_POINT('Ctrl Pts',(77.4871546757335,-47.8413291658589,-2.73624778462167));
#10612=CARTESIAN_POINT('Ctrl Pts',(78.8216003734374,-46.9060784331247,-2.81523229808282));
#10613=CARTESIAN_POINT('Ctrl Pts',(80.3341506972436,-47.5124040644103,-2.89421681154396));
#10614=CARTESIAN_POINT('Ctrl Pts',(80.6530959245308,-49.1104382302499,-2.97320132500511));
#10615=CARTESIAN_POINT('Ctrl Pts',(79.4891893027332,-50.250947164426,-3.05218583846626));
#10616=CARTESIAN_POINT('Ctrl Pts',(77.8979606904046,-49.8996200284014,-3.1311703519274));
#10617=CARTESIAN_POINT('Ctrl Pts',(77.3224719970174,-48.3750702532274,-3.21015486538854));
#10618=CARTESIAN_POINT('Ctrl Pts',(78.2846254849641,-47.0598896881218,-3.28913937884969));
#10619=CARTESIAN_POINT('Ctrl Pts',(79.9118582561401,-47.1467963139436,-3.36812389231083));
#10620=CARTESIAN_POINT('Ctrl Pts',(80.7284567570456,-48.5569757853298,-3.44710840577198));
#10621=CARTESIAN_POINT('Ctrl Pts',(79.993859774253,-50.0115570054991,-3.52609291923312));
#10622=CARTESIAN_POINT('Ctrl Pts',(78.3742625461237,-50.1914015823986,-3.60507743269427));
#10623=CARTESIAN_POINT('Ctrl Pts',(77.3384540640689,-48.9334111048092,-3.68406194615542));
#10624=CARTESIAN_POINT('Ctrl Pts',(77.8257938609462,-47.3784387013385,-3.76304645961656));
#10625=CARTESIAN_POINT('Ctrl Pts',(79.3943206168267,-46.9366660569488,-3.84203097307771));
#10626=CARTESIAN_POINT('Ctrl Pts',(80.6215604031229,-48.0087303088161,-3.92101548653885));
#10627=CARTESIAN_POINT('Ctrl Pts',(80.3945474426062,-49.6223920976605,-4.));
#10628=CARTESIAN_POINT('Ctrl Pts',(78.9191564621943,-50.3142451951604,-4.07898451346114));
#10629=CARTESIAN_POINT('Ctrl Pts',(77.5333979208647,-49.4568581657593,-4.15796902692228));
#10630=CARTESIAN_POINT('Ctrl Pts',(77.4939959311647,-47.8277827423698,-4.23695354038343));
#10631=CARTESIAN_POINT('Ctrl Pts',(78.8366835814361,-46.9044035512902,-4.31593805384457));
#10632=CARTESIAN_POINT('Ctrl Pts',(80.343797115745,-47.5241196520361,-4.39492256730572));
#10633=CARTESIAN_POINT('Ctrl Pts',(80.6485573615435,-49.1249195885327,-4.47390708076686));
#10634=CARTESIAN_POINT('Ctrl Pts',(79.4745817072769,-50.2550613699982,-4.55289159422801));
#10635=CARTESIAN_POINT('Ctrl Pts',(77.886531491371,-49.8896359518644,-4.63187610768916));
#10636=CARTESIAN_POINT('Ctrl Pts',(77.3245861379107,-48.3600423409599,-4.7108606211503));
#10637=CARTESIAN_POINT('Ctrl Pts',(78.2983657422552,-47.0534464654267,-4.78984513461145));
#10638=CARTESIAN_POINT('Ctrl Pts',(79.9247636708075,-47.1547811827593,-4.86882964807259));
#10639=CARTESIAN_POINT('Ctrl Pts',(80.7288238423994,-48.5721471067195,-4.94781416153374));
#10640=CARTESIAN_POINT('Ctrl Pts',(79.9813551310976,-50.0201566933891,-5.02679867499488));
#10641=CARTESIAN_POINT('Ctrl Pts',(78.3602274526884,-50.1856295675781,-5.10578318845603));
#10642=CARTESIAN_POINT('Ctrl Pts',(77.3356147177258,-48.9185042445101,-5.18476770191717));
#10643=CARTESIAN_POINT('Ctrl Pts',(77.8367293140849,-47.3679111550049,-5.26375221537832));
#10644=CARTESIAN_POINT('Ctrl Pts',(79.4091053958074,-46.9400745116872,-5.34273672883946));
#10645=CARTESIAN_POINT('Ctrl Pts',(80.6268031331031,-48.0229646610886,-5.4217212423006));
#10646=CARTESIAN_POINT('Ctrl Pts',(80.3854597521929,-49.6345818916206,-5.50070575576176));
#10647=CARTESIAN_POINT('Ctrl Pts',(78.9040482201662,-50.3132579010465,-5.57969026922289));
#10648=CARTESIAN_POINT('Ctrl Pts',(77.5258323173394,-49.4437464247531,-5.65867478268405));
#10649=CARTESIAN_POINT('Ctrl Pts',(77.5011136502784,-47.8141193611593,-5.73765929614518));
#10650=CARTESIAN_POINT('Ctrl Pts',(78.8514643282421,-46.9032230808825,-5.81664380960633));
#10651=CARTESIAN_POINT('Ctrl Pts',(80.3539808466078,-47.5351850728996,-5.89562832306748));
#10652=CARTESIAN_POINT('Ctrl Pts',(80.6425696298195,-49.1409010738061,-5.97461283652863));
#10653=CARTESIAN_POINT('Ctrl Pts',(79.8560384023709,-49.8829866248214,-6.02726917883605));
#10654=CARTESIAN_POINT('Ctrl Pts',(79.3925295140954,-50.0069022177871,-6.05359734998977));
#10655=CARTESIAN_POINT('Ctrl Pts',(80.1871285261053,-47.598976403197,0.160792049969323));
#10656=CARTESIAN_POINT('Ctrl Pts',(80.5202808252284,-47.9857847267352,0.134463878815608));
#10657=CARTESIAN_POINT('Ctrl Pts',(80.7667781410205,-49.1096455309021,0.0818075365081782));
#10658=CARTESIAN_POINT('Ctrl Pts',(79.5504423726044,-50.3481167156489,0.00282302304703262));
#10659=CARTESIAN_POINT('Ctrl Pts',(77.8508008994003,-50.0028499299942,-0.0761614904141123));
#10660=CARTESIAN_POINT('Ctrl Pts',(77.2098899263492,-48.3925783093531,-0.155146003875258));
#10661=CARTESIAN_POINT('Ctrl Pts',(78.2086089579175,-46.9748935693017,-0.234130517336403));
#10662=CARTESIAN_POINT('Ctrl Pts',(79.9414006112523,-47.0368249171618,-0.313115030797548));
#10663=CARTESIAN_POINT('Ctrl Pts',(80.8367392269881,-48.5215394199618,-0.392099544258693));
#10664=CARTESIAN_POINT('Ctrl Pts',(80.0826960454975,-50.082901759471,-0.471084057719839));
#10665=CARTESIAN_POINT('Ctrl Pts',(78.3630816434863,-50.3047718541557,-0.550068571180984));
#10666=CARTESIAN_POINT('Ctrl Pts',(77.2373990794458,-48.9860198074084,-0.629053084642129));
#10667=CARTESIAN_POINT('Ctrl Pts',(77.7265084492836,-47.3225625430864,-0.708037598103274));
#10668=CARTESIAN_POINT('Ctrl Pts',(79.3868460689357,-46.8229848502088,-0.787022111564419));
#10669=CARTESIAN_POINT('Ctrl Pts',(80.7126748783566,-47.9403366378776,-0.866006625025565));
#10670=CARTESIAN_POINT('Ctrl Pts',(80.5016207557262,-49.6613127809428,-0.944991138486709));
#10671=CARTESIAN_POINT('Ctrl Pts',(78.9450852972686,-50.4251828437002,-1.02397565194785));
#10672=CARTESIAN_POINT('Ctrl Pts',(77.454667845352,-49.5392054435771,-1.102960165409));
#10673=CARTESIAN_POINT('Ctrl Pts',(77.3820060733626,-47.8068599158868,-1.18194467887014));
#10674=CARTESIAN_POINT('Ctrl Pts',(78.7929959131215,-46.7991853219759,-1.26092919233129));
#10675=CARTESIAN_POINT('Ctrl Pts',(80.4080313390187,-47.4300268407373,-1.33991370579244));
#10676=CARTESIAN_POINT('Ctrl Pts',(80.7624603999582,-49.1272836144058,-1.41889821925358));
#10677=CARTESIAN_POINT('Ctrl Pts',(79.5348565703291,-50.3517383128013,-1.49788273271473));
#10678=CARTESIAN_POINT('Ctrl Pts',(77.8385157751344,-49.9929509313318,-1.57686724617587));
#10679=CARTESIAN_POINT('Ctrl Pts',(77.2118246210403,-48.3763004797526,-1.65585175963702));
#10680=CARTESIAN_POINT('Ctrl Pts',(78.2231201322176,-46.9679035652359,-1.73483627309816));
#10681=CARTESIAN_POINT('Ctrl Pts',(79.9552732295991,-47.0450147077659,-1.81382078655931));
#10682=CARTESIAN_POINT('Ctrl Pts',(80.8374196535581,-48.5377029432617,-1.89280530002045));
#10683=CARTESIAN_POINT('Ctrl Pts',(80.0695537397737,-50.0922711854049,-1.9717898134816));
#10684=CARTESIAN_POINT('Ctrl Pts',(78.3480418326093,-50.2989042774495,-2.05077432694274));
#10685=CARTESIAN_POINT('Ctrl Pts',(77.2340978523397,-48.9702096962502,-2.12975884040388));
#10686=CARTESIAN_POINT('Ctrl Pts',(77.7379412701145,-47.3111610858789,-2.20874335386503));
#10687=CARTESIAN_POINT('Ctrl Pts',(79.4026438740467,-46.8263253181172,-2.28772786732618));
#10688=CARTESIAN_POINT('Ctrl Pts',(80.7185112684232,-47.9553928456189,-2.36671238078732));
#10689=CARTESIAN_POINT('Ctrl Pts',(80.4922025969838,-49.6744288738816,-2.44569689424847));
#10690=CARTESIAN_POINT('Ctrl Pts',(78.9289538773612,-50.4244648209112,-2.52468140770961));
#10691=CARTESIAN_POINT('Ctrl Pts',(77.4464524643708,-49.52530407793,-2.60366592117076));
#10692=CARTESIAN_POINT('Ctrl Pts',(77.3891571637736,-47.7923823457776,-2.6826504346319));
#10693=CARTESIAN_POINT('Ctrl Pts',(78.8090282440338,-46.7972609478172,-2.76163494809305));
#10694=CARTESIAN_POINT('Ctrl Pts',(80.4184054303108,-47.4424008966096,-2.84061946155419));
#10695=CARTESIAN_POINT('Ctrl Pts',(80.7577681373819,-49.1427342269558,-2.91960397501534));
#10696=CARTESIAN_POINT('Ctrl Pts',(79.519353299478,-50.3562535595156,-2.99858848847648));
#10697=CARTESIAN_POINT('Ctrl Pts',(77.826261184441,-49.9824359954062,-3.07757300193763));
#10698=CARTESIAN_POINT('Ctrl Pts',(77.2139322195657,-48.3602912053177,-3.15655751539877));
#10699=CARTESIAN_POINT('Ctrl Pts',(78.2376785695727,-46.9609185272636,-3.23554202885992));
#10700=CARTESIAN_POINT('Ctrl Pts',(79.9690796723823,-47.0533885355222,-3.31452654232107));
#10701=CARTESIAN_POINT('Ctrl Pts',(80.8379532410966,-48.5538415347285,-3.39351105578221));
#10702=CARTESIAN_POINT('Ctrl Pts',(80.0563305693701,-50.1015386886564,-3.47249556924336));
#10703=CARTESIAN_POINT('Ctrl Pts',(78.3330538037084,-50.2928961295179,-3.5514800827045));
#10704=CARTESIAN_POINT('Ctrl Pts',(77.2309373887144,-48.9543745984844,-3.63046459616564));
#10705=CARTESIAN_POINT('Ctrl Pts',(77.7494745499016,-47.2998596563706,-3.70944910962679));
#10706=CARTESIAN_POINT('Ctrl Pts',(79.4184115348393,-46.8298066576625,-3.78843362308793));
#10707=CARTESIAN_POINT('Ctrl Pts',(80.7242138496915,-47.9704997784288,-3.86741813654909));
#10708=CARTESIAN_POINT('Ctrl Pts',(80.4826685114013,-49.6874611439179,-3.94640265001022));
#10709=CARTESIAN_POINT('Ctrl Pts',(78.9128294473105,-50.4236036535898,-4.02538716347137));
#10710=CARTESIAN_POINT('Ctrl Pts',(77.4383606993932,-49.5113304530156,-4.10437167693252));
#10711=CARTESIAN_POINT('Ctrl Pts',(77.3964363664839,-47.7779687394494,-4.18335619039366));
#10712=CARTESIAN_POINT('Ctrl Pts',(78.8250770131007,-46.7954788473662,-4.26234070385481));
#10713=CARTESIAN_POINT('Ctrl Pts',(80.4286693703737,-47.4548664649625,-4.34132521731594));
#10714=CARTESIAN_POINT('Ctrl Pts',(80.7529390354239,-49.158142618518,-4.4203097307771));
#10715=CARTESIAN_POINT('Ctrl Pts',(79.5038105895901,-50.3606311385509,-4.49929424423824));
#10716=CARTESIAN_POINT('Ctrl Pts',(77.8141003380263,-49.971812781916,-4.57827875769939));
#10717=CARTESIAN_POINT('Ctrl Pts',(77.216181698521,-48.3443012717727,-4.65726327116053));
#10718=CARTESIAN_POINT('Ctrl Pts',(78.2522984180959,-46.9540628376061,-4.73624778462168));
#10719=CARTESIAN_POINT('Ctrl Pts',(79.9828112353051,-47.0618845607487,-4.81523229808282));
#10720=CARTESIAN_POINT('Ctrl Pts',(80.8383438256509,-48.5699840578208,-4.89421681154397));
#10721=CARTESIAN_POINT('Ctrl Pts',(80.0430254336002,-50.1106888909879,-4.97320132500511));
#10722=CARTESIAN_POINT('Ctrl Pts',(78.3181202449193,-50.2867546155301,-5.05218583846626));
#10723=CARTESIAN_POINT('Ctrl Pts',(77.2279162798253,-48.9385134661261,-5.1311703519274));
#10724=CARTESIAN_POINT('Ctrl Pts',(77.7611100429665,-47.2886581825222,-5.21015486538855));
#10725=CARTESIAN_POINT('Ctrl Pts',(79.4341427707666,-46.8334333067796,-5.28913937884969));
#10726=CARTESIAN_POINT('Ctrl Pts',(80.7297921963363,-47.9856453517351,-5.36812389231084));
#10727=CARTESIAN_POINT('Ctrl Pts',(80.4729990667574,-49.7004312752227,-5.44710840577198));
#10728=CARTESIAN_POINT('Ctrl Pts',(78.896754041645,-50.4225531572208,-5.52609291923313));
#10729=CARTESIAN_POINT('Ctrl Pts',(77.4303107789888,-49.4973793556434,-5.60507743269427));
#10730=CARTESIAN_POINT('Ctrl Pts',(77.4040097308736,-47.7634306882775,-5.68406194615543));
#10731=CARTESIAN_POINT('Ctrl Pts',(78.8408039587312,-46.7942228084012,-5.76304645961656));
#10732=CARTESIAN_POINT('Ctrl Pts',(80.4395050191873,-47.4666402457183,-5.84203097307771));
#10733=CARTESIAN_POINT('Ctrl Pts',(80.7465679952791,-49.1751471686456,-5.92101548653885));
#10734=CARTESIAN_POINT('Ctrl Pts',(79.909686475486,-49.9647377940106,-5.97367182884628));
#10735=CARTESIAN_POINT('Ctrl Pts',(79.4165057735374,-50.0965859217747,-6.));
#10736=CARTESIAN_POINT('Ctrl Pts',(79.9761080844027,-47.7807251946197,-2.27049483291698E-16));
#10737=CARTESIAN_POINT('Ctrl Pts',(80.0129806239538,-47.8151592462023,-2.34331003414607E-16));
#10738=CARTESIAN_POINT('Ctrl Pts',(80.0474729562758,-47.8518324779726,1.73375573609289E-16));
#10739=CARTESIAN_POINT('Ctrl Pts',(80.0795841060105,-47.8904247928375,-7.97972798949331E-17));
#10740=CARTESIAN_POINT('Ctrl Pts',(80.1131401054402,-47.9307535791406,-3.44361713059628E-16));
#10741=CARTESIAN_POINT('Ctrl Pts',(80.1440964364358,-47.9731784891409,1.53927618903127E-15));
#10742=CARTESIAN_POINT('Ctrl Pts',(80.1724238987971,-48.0173839774597,2.35228503342455E-15));
#10743=CARTESIAN_POINT('Ctrl Pts',(80.1953333131099,-48.0531345093597,3.00979385714576E-15));
#10744=CARTESIAN_POINT('Ctrl Pts',(80.2165228707712,-48.0900507910976,8.77077227760796E-16));
#10745=CARTESIAN_POINT('Ctrl Pts',(80.235960388457,-48.1279843707095,7.04297731246584E-16));
#10746=CARTESIAN_POINT('Ctrl Pts',(80.2446488545615,-48.1449404772457,6.27066223434E-16));
#10747=CARTESIAN_POINT('Ctrl Pts',(80.2529870396317,-48.1621000316668,5.16043920971485E-16));
#10748=CARTESIAN_POINT('Ctrl Pts',(80.2609709610728,-48.1794505685063,5.93275428784068E-16));
#10749=CARTESIAN_POINT('Ctrl Pts',(80.2646015999598,-48.187340617804,6.28395979209316E-16));
#10750=CARTESIAN_POINT('Ctrl Pts',(80.2681582606066,-48.1952687704663,4.82096380858208E-16));
#10751=CARTESIAN_POINT('Ctrl Pts',(80.2716369143706,-48.2032249581791,4.44089209850063E-16));
#10752=CARTESIAN_POINT('Ctrl Pts',(80.2934472822921,-48.253108445598,2.05792891909063E-16));
#10753=CARTESIAN_POINT('Ctrl Pts',(80.3122376986899,-48.3041847126333,-3.88843956470939E-16));
#10754=CARTESIAN_POINT('Ctrl Pts',(80.3279817900978,-48.3561218628865,-1.73472347597681E-16));
#10755=CARTESIAN_POINT('Ctrl Pts',(80.3440228334969,-48.409038608582,4.5961421895342E-17));
#10756=CARTESIAN_POINT('Ctrl Pts',(80.3569021512316,-48.4628499427481,1.91505294495269E-15));
#10757=CARTESIAN_POINT('Ctrl Pts',(80.3665510504252,-48.5172394914171,1.93595139919012E-15));
#10758=CARTESIAN_POINT('Ctrl Pts',(80.3735673337997,-48.5567893383387,1.95114789716105E-15));
#10759=CARTESIAN_POINT('Ctrl Pts',(80.3788746770711,-48.5966457139273,1.23069787127855E-15));
#10760=CARTESIAN_POINT('Ctrl Pts',(80.3824307508487,-48.6366937146984,1.26287869051112E-15));
#10761=CARTESIAN_POINT('Ctrl Pts',(80.3836910430831,-48.6508869478908,1.27428375101087E-15));
#10762=CARTESIAN_POINT('Ctrl Pts',(80.3847312384433,-48.6651042824169,4.54370888397512E-16));
#10763=CARTESIAN_POINT('Ctrl Pts',(80.3855490051821,-48.6793406814897,5.89805981832114E-16));
#10764=CARTESIAN_POINT('Ctrl Pts',(80.3861160145391,-48.6892116766047,6.83711690631389E-16));
#10765=CARTESIAN_POINT('Ctrl Pts',(80.3865759630523,-48.6990914462033,1.1334828435523E-15));
#10766=CARTESIAN_POINT('Ctrl Pts',(80.3869278393352,-48.7089645440225,1.17961196366423E-15));
#10767=CARTESIAN_POINT('Ctrl Pts',(80.3889527453612,-48.7657802381636,1.44506643674657E-15));
#10768=CARTESIAN_POINT('Ctrl Pts',(80.3874099190498,-48.8224887536564,4.23166414646058E-16));
#10769=CARTESIAN_POINT('Ctrl Pts',(80.3822422492817,-48.8787565506933,1.52655665885959E-16));
#10770=CARTESIAN_POINT('Ctrl Pts',(80.3786398100248,-48.9179814489629,-3.59203431228953E-17));
#10771=CARTESIAN_POINT('Ctrl Pts',(80.3732749384227,-48.956992855475,8.46789596817088E-16));
#10772=CARTESIAN_POINT('Ctrl Pts',(80.3661140502826,-48.9956825145987,5.27355936696949E-16));
#10773=CARTESIAN_POINT('Ctrl Pts',(80.3561068299097,-49.0497506605367,8.09527854644322E-17));
#10774=CARTESIAN_POINT('Ctrl Pts',(80.3425944259505,-49.1031910516868,1.24502815557223E-15));
#10775=CARTESIAN_POINT('Ctrl Pts',(80.3258034133891,-49.1558007674386,1.62370117351429E-15));
#10776=CARTESIAN_POINT('Ctrl Pts',(80.321199107109,-49.1702270114631,1.72753806531822E-15));
#10777=CARTESIAN_POINT('Ctrl Pts',(80.3163479739288,-49.1845907624567,6.60632312889929E-16));
#10778=CARTESIAN_POINT('Ctrl Pts',(80.3112540260106,-49.1988877267941,6.24500451351651E-16));
#10779=CARTESIAN_POINT('Ctrl Pts',(80.3066772031137,-49.2117332985954,5.92036607227006E-16));
#10780=CARTESIAN_POINT('Ctrl Pts',(80.3019025792887,-49.2245290940124,1.64713051219494E-15));
#10781=CARTESIAN_POINT('Ctrl Pts',(80.296943955553,-49.2372448236344,1.66533453693773E-15));
#10782=CARTESIAN_POINT('Ctrl Pts',(80.2763429793558,-49.2900732811323,1.74096453034029E-15));
#10783=CARTESIAN_POINT('Ctrl Pts',(80.2525426709138,-49.3416043850791,1.28249017291085E-15));
#10784=CARTESIAN_POINT('Ctrl Pts',(80.2258287222447,-49.3916302815726,1.346145417358E-15));
#10785=CARTESIAN_POINT('Ctrl Pts',(80.198477490157,-49.4428495873495,1.41131921049648E-15));
#10786=CARTESIAN_POINT('Ctrl Pts',(80.1680715978055,-49.4924919131055,1.13967914302492E-15));
#10787=CARTESIAN_POINT('Ctrl Pts',(80.134862207031,-49.5403284999616,1.42941214420489E-15));
#10788=CARTESIAN_POINT('Ctrl Pts',(80.1142389865002,-49.5700352924431,1.60933798563173E-15));
#10789=CARTESIAN_POINT('Ctrl Pts',(80.0925335257282,-49.5990455439767,8.05501685653501E-16));
#10790=CARTESIAN_POINT('Ctrl Pts',(80.0697965799037,-49.6273010007274,4.85722573273506E-16));
#10791=CARTESIAN_POINT('Ctrl Pts',(80.0584965983477,-49.6413436141287,3.26796299718803E-16));
#10792=CARTESIAN_POINT('Ctrl Pts',(80.0469417391852,-49.6551997427455,3.28879307251494E-15));
#10793=CARTESIAN_POINT('Ctrl Pts',(80.035137649192,-49.6688618673599,3.38618022510673E-15));
#10794=CARTESIAN_POINT('Ctrl Pts',(80.0277037778767,-49.6774658746435,3.44751181106942E-15));
#10795=CARTESIAN_POINT('Ctrl Pts',(80.0201710513124,-49.6859929324969,2.09065448279891E-15));
#10796=CARTESIAN_POINT('Ctrl Pts',(80.0125408071602,-49.6944411031483,2.09554595897998E-15));
#10797=CARTESIAN_POINT('Ctrl Pts',(80.0051822729449,-49.702588437828,2.10026325165426E-15));
#10798=CARTESIAN_POINT('Ctrl Pts',(79.997739491709,-49.7106552553775,2.46337498968801E-15));
#10799=CARTESIAN_POINT('Ctrl Pts',(79.9902145477687,-49.7186396992963,2.3037127760972E-15));
#10800=CARTESIAN_POINT('Ctrl Pts',(79.9487767996749,-49.7626077844283,1.42449790892971E-15));
#10801=CARTESIAN_POINT('Ctrl Pts',(79.9048476539887,-49.8040839177286,2.02595306348296E-15));
#10802=CARTESIAN_POINT('Ctrl Pts',(79.8586829277789,-49.8428162311286,2.22044604925031E-15));
#10803=CARTESIAN_POINT('Ctrl Pts',(79.8267776628961,-49.8695848230819,2.35486361734253E-15));
#10804=CARTESIAN_POINT('Ctrl Pts',(79.7938034936448,-49.8950425313528,7.78104808880131E-16));
#10805=CARTESIAN_POINT('Ctrl Pts',(79.7598328089271,-49.9190980719733,9.71445146547012E-16));
#10806=CARTESIAN_POINT('Ctrl Pts',(79.7461806471551,-49.928765528923,1.0491448923367E-15));
#10807=CARTESIAN_POINT('Ctrl Pts',(79.7323649129167,-49.9382078811085,1.25769587425596E-15));
#10808=CARTESIAN_POINT('Ctrl Pts',(79.7184110495818,-49.9474055240727,1.2490009027033E-15));
#10809=CARTESIAN_POINT('Ctrl Pts',(79.6676364044564,-49.9808734638316,1.21736205944067E-15));
#10810=CARTESIAN_POINT('Ctrl Pts',(79.6149819730868,-50.0111437357488,1.69603897847699E-15));
#10811=CARTESIAN_POINT('Ctrl Pts',(79.5606860958362,-50.0379520810729,1.49880108324396E-15));
#10812=CARTESIAN_POINT('Ctrl Pts',(79.5304417368714,-50.0528850973587,1.38893392560769E-15));
#10813=CARTESIAN_POINT('Ctrl Pts',(79.499687342506,-50.0667433936385,2.03587797357024E-16));
#10814=CARTESIAN_POINT('Ctrl Pts',(79.468459395565,-50.0794760371826,-8.32667268468867E-17));
#10815=CARTESIAN_POINT('Ctrl Pts',(79.4516026481458,-50.0863490780716,-2.3770507694038E-16));
#10816=CARTESIAN_POINT('Ctrl Pts',(79.4346078643252,-50.0928940527826,-3.71170852710495E-16));
#10817=CARTESIAN_POINT('Ctrl Pts',(79.4174837915611,-50.0991134587828,-3.88578058618805E-16));
#10818=CARTESIAN_POINT('Ctrl Pts',(77.7532001106575,-48.6070446721199,-0.806580326380599));
#10819=CARTESIAN_POINT('Ctrl Pts',(77.7523957018274,-48.6956155194672,-0.801001929124217));
#10820=CARTESIAN_POINT('Ctrl Pts',(77.7609164056536,-48.7840326630729,-0.795423531867836));
#10821=CARTESIAN_POINT('Ctrl Pts',(77.7793384893046,-48.8703361862083,-0.789845134611455));
#10822=CARTESIAN_POINT('Ctrl Pts',(77.8662845688109,-49.2776599790197,-0.76351696345774));
#10823=CARTESIAN_POINT('Ctrl Pts',(78.1737863191305,-49.6379023560151,-0.737188792304025));
#10824=CARTESIAN_POINT('Ctrl Pts',(78.5624099974165,-49.7877195118137,-0.71086062115031));
#10825=CARTESIAN_POINT('Ctrl Pts',(78.9510336757026,-49.9375366676122,-0.684532449996594));
#10826=CARTESIAN_POINT('Ctrl Pts',(79.4207792819551,-49.8769286022139,-0.65820427884288));
#10827=CARTESIAN_POINT('Ctrl Pts',(79.7586427529357,-49.6333665571677,-0.631876107689164));
#10828=CARTESIAN_POINT('Ctrl Pts',(80.0965062239163,-49.3898045121214,-0.60554793653545));
#10829=CARTESIAN_POINT('Ctrl Pts',(80.3024875596248,-48.9632884874272,-0.579219765381734));
#10830=CARTESIAN_POINT('Ctrl Pts',(80.283188782718,-48.5472413749732,-0.552891594228019));
#10831=CARTESIAN_POINT('Ctrl Pts',(80.2638900058112,-48.1311942625191,-0.526563423074304));
#10832=CARTESIAN_POINT('Ctrl Pts',(80.0193111162891,-47.725616062305,-0.500235251920589));
#10833=CARTESIAN_POINT('Ctrl Pts',(79.6603490591235,-47.5143680953403,-0.473907080766874));
#10834=CARTESIAN_POINT('Ctrl Pts',(79.3013870019578,-47.3031201283755,-0.447578909613159));
#10835=CARTESIAN_POINT('Ctrl Pts',(78.8280417771486,-47.28620239466,-0.421250738459444));
#10836=CARTESIAN_POINT('Ctrl Pts',(78.4549595497712,-47.4713773962183,-0.394922567305729));
#10837=CARTESIAN_POINT('Ctrl Pts',(78.0818773223938,-47.6565523977765,-0.368594396152014));
#10838=CARTESIAN_POINT('Ctrl Pts',(77.8090580924482,-48.0438201346085,-0.342266224998299));
#10839=CARTESIAN_POINT('Ctrl Pts',(77.7601870306643,-48.457392268773,-0.315938053844583));
#10840=CARTESIAN_POINT('Ctrl Pts',(77.7543970085827,-48.5063904223176,-0.312818811356588));
#10841=CARTESIAN_POINT('Ctrl Pts',(77.751750420926,-48.5557577958865,-0.309699568868592));
#10842=CARTESIAN_POINT('Ctrl Pts',(77.7521153241947,-48.6051633171504,-0.306580326380597));
#10843=CARTESIAN_POINT('Ctrl Pts',(79.4165057735375,-50.0965859217747,-6.));
#10844=CARTESIAN_POINT('Ctrl Pts',(79.4741892807195,-50.0755086056692,-6.));
#10845=CARTESIAN_POINT('Ctrl Pts',(79.53036892045,-50.0507567639181,-6.));
#10846=CARTESIAN_POINT('Ctrl Pts',(79.584827096622,-50.0226122565035,-6.));
#10847=CARTESIAN_POINT('Ctrl Pts',(79.6362313907507,-49.9960460245996,-6.));
#10848=CARTESIAN_POINT('Ctrl Pts',(79.6861021833812,-49.9664558354464,-6.));
#10849=CARTESIAN_POINT('Ctrl Pts',(79.7342265388492,-49.934046259439,-6.));
#10850=CARTESIAN_POINT('Ctrl Pts',(79.7440278215463,-49.9274455390043,-6.));
#10851=CARTESIAN_POINT('Ctrl Pts',(79.7537554685203,-49.9207284259135,-6.));
#10852=CARTESIAN_POINT('Ctrl Pts',(79.7633997305242,-49.9139024144153,-6.));
#10853=CARTESIAN_POINT('Ctrl Pts',(79.8125347629482,-49.8791256428845,-6.));
#10854=CARTESIAN_POINT('Ctrl Pts',(79.8595666805475,-49.841486298054,-6.));
#10855=CARTESIAN_POINT('Ctrl Pts',(79.9042668953613,-49.8012306850238,-6.));
#10856=CARTESIAN_POINT('Ctrl Pts',(79.9321315670352,-49.7761366346978,-6.));
#10857=CARTESIAN_POINT('Ctrl Pts',(79.959089425101,-49.7500252031913,-6.));
#10858=CARTESIAN_POINT('Ctrl Pts',(79.9850763183429,-49.7229507159233,-6.));
#10859=CARTESIAN_POINT('Ctrl Pts',(79.9933654019357,-49.7143147206118,-6.));
#10860=CARTESIAN_POINT('Ctrl Pts',(80.0015556401104,-49.7055807171939,-6.));
#10861=CARTESIAN_POINT('Ctrl Pts',(80.0096447867171,-49.6967504084442,-6.));
#10862=CARTESIAN_POINT('Ctrl Pts',(80.0173255304899,-49.6883659221395,-6.));
#10863=CARTESIAN_POINT('Ctrl Pts',(80.0249115798785,-49.679898400573,-6.));
#10864=CARTESIAN_POINT('Ctrl Pts',(80.0323961392735,-49.6713555542818,-6.));
#10865=CARTESIAN_POINT('Ctrl Pts',(80.0718009259855,-49.6263790876324,-6.));
#10866=CARTESIAN_POINT('Ctrl Pts',(80.1084424100465,-49.5792671297186,-6.));
#10867=CARTESIAN_POINT('Ctrl Pts',(80.1420958705607,-49.5302619328357,-6.));
#10868=CARTESIAN_POINT('Ctrl Pts',(80.1743573899572,-49.4832836403922,-6.));
#10869=CARTESIAN_POINT('Ctrl Pts',(80.2038732000228,-49.4345644924864,-6.));
#10870=CARTESIAN_POINT('Ctrl Pts',(80.2303993751514,-49.384299634247,-6.00000000000001));
#10871=CARTESIAN_POINT('Ctrl Pts',(80.2451004304463,-49.3564423779038,-6.00000000000001));
#10872=CARTESIAN_POINT('Ctrl Pts',(80.2588823784935,-49.3281101152478,-6.));
#10873=CARTESIAN_POINT('Ctrl Pts',(80.2716968018503,-49.2993350843171,-6.));
#10874=CARTESIAN_POINT('Ctrl Pts',(80.2827529416001,-49.2745083126072,-6.));
#10875=CARTESIAN_POINT('Ctrl Pts',(80.2930887826608,-49.2493519184246,-6.));
#10876=CARTESIAN_POINT('Ctrl Pts',(80.3026699835561,-49.2238866277117,-6.));
#10877=CARTESIAN_POINT('Ctrl Pts',(80.3058387674971,-49.2154645097384,-6.));
#10878=CARTESIAN_POINT('Ctrl Pts',(80.3089242557041,-49.2070103643193,-6.));
#10879=CARTESIAN_POINT('Ctrl Pts',(80.3119223855372,-49.1985335911548,-6.));
#10880=CARTESIAN_POINT('Ctrl Pts',(80.3297226815383,-49.1482058602496,-6.));
#10881=CARTESIAN_POINT('Ctrl Pts',(80.344479562296,-49.0969960921317,-6.));
#10882=CARTESIAN_POINT('Ctrl Pts',(80.3559990709292,-49.0450713361736,-6.));
#10883=CARTESIAN_POINT('Ctrl Pts',(80.3682395533962,-48.9898967549354,-6.));
#10884=CARTESIAN_POINT('Ctrl Pts',(80.3768250094653,-48.9339138415114,-6.));
#10885=CARTESIAN_POINT('Ctrl Pts',(80.3818466749004,-48.877459053929,-6.));
#10886=CARTESIAN_POINT('Ctrl Pts',(80.3861319382022,-48.8292830787351,-6.00000000000001));
#10887=CARTESIAN_POINT('Ctrl Pts',(80.3878209182116,-48.7807630241425,-6.));
#10888=CARTESIAN_POINT('Ctrl Pts',(80.3869414550951,-48.7321162914978,-6.));
#10889=CARTESIAN_POINT('Ctrl Pts',(80.386729031123,-48.7203662453761,-6.));
#10890=CARTESIAN_POINT('Ctrl Pts',(80.3863666489992,-48.7086088667851,-6.));
#10891=CARTESIAN_POINT('Ctrl Pts',(80.385854489617,-48.6968473443563,-6.));
#10892=CARTESIAN_POINT('Ctrl Pts',(80.3854259286422,-48.6870056238041,-6.));
#10893=CARTESIAN_POINT('Ctrl Pts',(80.3848924545916,-48.6771621498317,-6.));
#10894=CARTESIAN_POINT('Ctrl Pts',(80.3842552892069,-48.667331421354,-6.));
#10895=CARTESIAN_POINT('Ctrl Pts',(80.3806650074682,-48.6119375067125,-6.));
#10896=CARTESIAN_POINT('Ctrl Pts',(80.3737824862469,-48.5568390032039,-6.));
#10897=CARTESIAN_POINT('Ctrl Pts',(80.3637052498468,-48.5023507634692,-6.));
#10898=CARTESIAN_POINT('Ctrl Pts',(80.3536857990854,-48.448174974253,-6.));
#10899=CARTESIAN_POINT('Ctrl Pts',(80.3405076688425,-48.3946013785921,-6.));
#10900=CARTESIAN_POINT('Ctrl Pts',(80.3242199596764,-48.3419596718423,-6.));
#10901=CARTESIAN_POINT('Ctrl Pts',(80.308517770399,-48.2912103592876,-6.));
#10902=CARTESIAN_POINT('Ctrl Pts',(80.2899249556502,-48.2413263952302,-6.));
#10903=CARTESIAN_POINT('Ctrl Pts',(80.2684502263956,-48.1926351209513,-6.));
#10904=CARTESIAN_POINT('Ctrl Pts',(80.2644732862112,-48.1836179043422,-6.));
#10905=CARTESIAN_POINT('Ctrl Pts',(80.2603973115098,-48.174641712722,-6.));
#10906=CARTESIAN_POINT('Ctrl Pts',(80.2562286388759,-48.1657217270143,-6.));
#10907=CARTESIAN_POINT('Ctrl Pts',(80.2337295586347,-48.1175789506883,-6.));
#10908=CARTESIAN_POINT('Ctrl Pts',(80.2084914711092,-48.070973668262,-6.));
#10909=CARTESIAN_POINT('Ctrl Pts',(80.1805697344325,-48.0262013218226,-6.));
#10910=CARTESIAN_POINT('Ctrl Pts',(80.1536218978445,-47.9829906186531,-6.));
#10911=CARTESIAN_POINT('Ctrl Pts',(80.1241737703792,-47.9414865729498,-6.));
#10912=CARTESIAN_POINT('Ctrl Pts',(80.0922420759259,-47.901988796908,-6.));
#10913=CARTESIAN_POINT('Ctrl Pts',(80.0665502486417,-47.8702093984905,-6.));
#10914=CARTESIAN_POINT('Ctrl Pts',(80.0392499701245,-47.8397292584869,-6.));
#10915=CARTESIAN_POINT('Ctrl Pts',(80.0103371213593,-47.8107254604542,-6.));
#10916=CARTESIAN_POINT('Ctrl Pts',(79.9997511801713,-47.8001062197596,-6.));
#10917=CARTESIAN_POINT('Ctrl Pts',(79.9889489582436,-47.7896850994179,-6.));
#10918=CARTESIAN_POINT('Ctrl Pts',(79.977937329337,-47.7794655579658,-6.));
#10919=CARTESIAN_POINT('Ctrl Pts',(77.473312133064,-48.6049930287921,-0.145788276411273));
#10920=CARTESIAN_POINT('Ctrl Pts',(77.4728668616179,-48.5447061807808,-0.148907518899268));
#10921=CARTESIAN_POINT('Ctrl Pts',(77.5033550341917,-47.9760036852843,-0.178354932540978));
#10922=CARTESIAN_POINT('Ctrl Pts',(78.2086089579175,-46.9748935693017,-0.234130517336403));
#10923=CARTESIAN_POINT('Ctrl Pts',(79.9414006112523,-47.0368249171618,-0.313115030797548));
#10924=CARTESIAN_POINT('Ctrl Pts',(80.8367392269881,-48.5215394199618,-0.392099544258693));
#10925=CARTESIAN_POINT('Ctrl Pts',(80.0826960454975,-50.082901759471,-0.471084057719839));
#10926=CARTESIAN_POINT('Ctrl Pts',(78.3630816434863,-50.3047718541557,-0.550068571180984));
#10927=CARTESIAN_POINT('Ctrl Pts',(77.5331236165792,-49.3324650230279,-0.608303310744796));
#10928=CARTESIAN_POINT('Ctrl Pts',(77.4736542625122,-48.7153668905357,-0.640209879154894));
#10929=CARTESIAN_POINT('Ctrl Pts',(77.4746358384907,-48.6072887430806,-0.645788276411276));
#10930=CARTESIAN_POINT('Origin',(79.0179919316802,-48.6059364935562,7.10421172358873));
#10931=CARTESIAN_POINT('Ctrl Pts',(77.4766004213656,-48.6075458962561,-0.104211723588728));
#10932=CARTESIAN_POINT('Ctrl Pts',(77.4791135836224,-48.2594689561276,-0.122130824699915));
#10933=CARTESIAN_POINT('Ctrl Pts',(77.7666842436917,-47.3950514158716,-0.166378096964817));
#10934=CARTESIAN_POINT('Ctrl Pts',(79.1951799026224,-46.7942228602332,-0.236953540383435));
#10935=CARTESIAN_POINT('Ctrl Pts',(80.6319741176045,-47.7634306740791,-0.315938053844579));
#10936=CARTESIAN_POINT('Ctrl Pts',(80.6056730737822,-49.4973793601485,-0.394922567305724));
#10937=CARTESIAN_POINT('Ctrl Pts',(79.1392298191451,-50.4225531363053,-0.47390708076687));
#10938=CARTESIAN_POINT('Ctrl Pts',(77.7470118017622,-49.7847391753937,-0.543670132861205));
#10939=CARTESIAN_POINT('Ctrl Pts',(77.4787281323732,-48.9373480747629,-0.587105013801825));
#10940=CARTESIAN_POINT('Ctrl Pts',(77.4765569149051,-48.6048614069685,-0.604211723588731));
#10941=CARTESIAN_POINT('Ctrl Pts',(78.619478089823,-50.0965859217747,1.11022302462516E-15));
#10942=CARTESIAN_POINT('Ctrl Pts',(78.1262973878744,-49.9647377940105,-0.026328171153714));
#10943=CARTESIAN_POINT('Ctrl Pts',(77.2894158436797,-49.1751473286033,-0.0789845134611446));
#10944=CARTESIAN_POINT('Ctrl Pts',(77.5964788653119,-47.4666401890082,-0.157969026922289));
#10945=CARTESIAN_POINT('Ctrl Pts',(79.1951799026224,-46.7942228602332,-0.236953540383435));
#10946=CARTESIAN_POINT('Ctrl Pts',(80.6319741176045,-47.7634306740791,-0.315938053844579));
#10947=CARTESIAN_POINT('Ctrl Pts',(80.6056730737822,-49.4973793601485,-0.394922567305724));
#10948=CARTESIAN_POINT('Ctrl Pts',(79.1392298191451,-50.4225531363053,-0.47390708076687));
#10949=CARTESIAN_POINT('Ctrl Pts',(77.5629848093062,-49.7004312699454,-0.552891594228014));
#10950=CARTESIAN_POINT('Ctrl Pts',(77.3061916800471,-47.985645354821,-0.63187610768916));
#10951=CARTESIAN_POINT('Ctrl Pts',(78.6018410963184,-46.833433321957,-0.710860621150305));
#10952=CARTESIAN_POINT('Ctrl Pts',(80.2748738101137,-47.288658192521,-0.78984513461145));
#10953=CARTESIAN_POINT('Ctrl Pts',(80.8080675693513,-48.9385134637499,-0.868829648072594));
#10954=CARTESIAN_POINT('Ctrl Pts',(79.7178636127722,-50.2867546019403,-0.947814161533739));
#10955=CARTESIAN_POINT('Ctrl Pts',(77.9929584379967,-50.1106888790339,-1.02679867499489));
#10956=CARTESIAN_POINT('Ctrl Pts',(77.197640052244,-48.5699840580671,-1.10578318845603));
#10957=CARTESIAN_POINT('Ctrl Pts',(78.0531726357821,-47.061884573117,-1.18476770191717));
#10958=CARTESIAN_POINT('Ctrl Pts',(79.7836854391354,-46.9540628508039,-1.26375221537832));
#10959=CARTESIAN_POINT('Ctrl Pts',(80.8198021504349,-48.3443012738707,-1.34273672883946));
#10960=CARTESIAN_POINT('Ctrl Pts',(80.2218835157056,-49.9718127709909,-1.42172124230061));
#10961=CARTESIAN_POINT('Ctrl Pts',(78.5321732776561,-50.3606311245214,-1.50070575576176));
#10962=CARTESIAN_POINT('Ctrl Pts',(77.2830448418092,-49.1581426141015,-1.5796902692229));
#10963=CARTESIAN_POINT('Ctrl Pts',(77.6073145042674,-47.4548664741674,-1.65867478268405));
#10964=CARTESIAN_POINT('Ctrl Pts',(79.210906848717,-46.7954788618431,-1.73765929614519));
#10965=CARTESIAN_POINT('Ctrl Pts',(80.6395474839101,-47.7779687460702,-1.81664380960634));
#10966=CARTESIAN_POINT('Ctrl Pts',(80.5976231513359,-49.5113304457757,-1.89562832306748));
#10967=CARTESIAN_POINT('Ctrl Pts',(79.1231544152092,-50.4236036390551,-1.97461283652862));
#10968=CARTESIAN_POINT('Ctrl Pts',(77.5533153636712,-49.6874611352696,-2.05359734998977));
#10969=CARTESIAN_POINT('Ctrl Pts',(77.3117700273126,-47.97049978351,-2.13258186345091));
#10970=CARTESIAN_POINT('Ctrl Pts',(78.6175723317231,-46.829806671865,-2.21156637691206));
#10971=CARTESIAN_POINT('Ctrl Pts',(80.2865093033152,-47.2998596668144,-2.2905508903732));
#10972=CARTESIAN_POINT('Ctrl Pts',(80.8050464603562,-48.9543745956981,-2.36953540383435));
#10973=CARTESIAN_POINT('Ctrl Pts',(79.702930054175,-50.2928961160284,-2.44851991729549));
#10974=CARTESIAN_POINT('Ctrl Pts',(77.9796533022934,-50.1015386766971,-2.52750443075664));
#10975=CARTESIAN_POINT('Ctrl Pts',(77.1980306368168,-48.5538415351451,-2.60648894421778));
#10976=CARTESIAN_POINT('Ctrl Pts',(78.0669041985834,-47.0533885479369,-2.68547345767893));
#10977=CARTESIAN_POINT('Ctrl Pts',(79.798305287548,-46.9609185404178,-2.76445797114008));
#10978=CARTESIAN_POINT('Ctrl Pts',(80.8220516293689,-48.3602912072817,-2.84344248460122));
#10979=CARTESIAN_POINT('Ctrl Pts',(80.2097226693901,-49.9824359843993,-2.92242699806237));
#10980=CARTESIAN_POINT('Ctrl Pts',(78.5166305678916,-50.3562535455194,-3.00141151152351));
#10981=CARTESIAN_POINT('Ctrl Pts',(77.2782157398905,-49.1427342226635,-3.08039602498466));
#10982=CARTESIAN_POINT('Ctrl Pts',(77.6175784442477,-47.4424009059137,-3.1593805384458));
#10983=CARTESIAN_POINT('Ctrl Pts',(79.2269556176557,-46.79726096228,-3.23836505190694));
#10984=CARTESIAN_POINT('Ctrl Pts',(80.6468266865619,-47.792382352283,-3.31734956536809));
#10985=CARTESIAN_POINT('Ctrl Pts',(80.5895313864232,-49.5253040705782,-3.39633407882923));
#10986=CARTESIAN_POINT('Ctrl Pts',(79.1070299852872,-50.4244648063697,-3.47531859229038));
#10987=CARTESIAN_POINT('Ctrl Pts',(77.5437812781651,-49.6744288653375,-3.55430310575152));
#10988=CARTESIAN_POINT('Ctrl Pts',(77.3174726085352,-47.9553928508211,-3.63328761921267));
#10989=CARTESIAN_POINT('Ctrl Pts',(78.6333399923896,-46.8263253323476,-3.71227213267382));
#10990=CARTESIAN_POINT('Ctrl Pts',(80.2980425830101,-47.3111610962323,-3.79125664613496));
#10991=CARTESIAN_POINT('Ctrl Pts',(80.8018859967562,-48.9702096933372,-3.87024115959611));
#10992=CARTESIAN_POINT('Ctrl Pts',(79.6879420253941,-50.2989042639119,-3.94922567305725));
#10993=CARTESIAN_POINT('Ctrl Pts',(77.9664301319956,-50.0922711735197,-4.0282101865184));
#10994=CARTESIAN_POINT('Ctrl Pts',(77.1985642243511,-48.5377029438075,-4.10719469997954));
#10995=CARTESIAN_POINT('Ctrl Pts',(78.0807106412562,-47.0450147202475,-4.18617921344068));
#10996=CARTESIAN_POINT('Ctrl Pts',(79.8128637247866,-46.9679035783343,-4.26516372690183));
#10997=CARTESIAN_POINT('Ctrl Pts',(80.8241592278774,-48.3763004815886,-4.34414824036298));
#10998=CARTESIAN_POINT('Ctrl Pts',(80.1974680787946,-49.9929509202409,-4.42313275382412));
#10999=CARTESIAN_POINT('Ctrl Pts',(78.5011272971645,-50.3517382988408,-4.50211726728527));
#11000=CARTESIAN_POINT('Ctrl Pts',(77.2735234773518,-49.1272836102381,-4.58110178074641));
#11001=CARTESIAN_POINT('Ctrl Pts',(77.6279525354567,-47.4300268501385,-4.66008629420756));
#11002=CARTESIAN_POINT('Ctrl Pts',(79.24298794844,-46.7991853364268,-4.7390708076687));
#11003=CARTESIAN_POINT('Ctrl Pts',(80.6539777769154,-47.8068599222697,-4.81805532112985));
#11004=CARTESIAN_POINT('Ctrl Pts',(80.5813160055088,-49.539205436127,-4.89703983459099));
#11005=CARTESIAN_POINT('Ctrl Pts',(79.0908985655066,-50.4251828291286,-4.97602434805214));
#11006=CARTESIAN_POINT('Ctrl Pts',(77.5343631195033,-49.6613127725499,-5.05500886151328));
#11007=CARTESIAN_POINT('Ctrl Pts',(77.3233089985438,-47.9403366431128,-5.13399337497442));
#11008=CARTESIAN_POINT('Ctrl Pts',(78.6491377973984,-46.8229848646303,-5.21297788843557));
#11009=CARTESIAN_POINT('Ctrl Pts',(80.3094754036975,-47.3225625530413,-5.29196240189671));
#11010=CARTESIAN_POINT('Ctrl Pts',(80.798584769788,-48.98601980494,-5.37094691535786));
#11011=CARTESIAN_POINT('Ctrl Pts',(79.6729022143995,-50.3047718395182,-5.44993142881901));
#11012=CARTESIAN_POINT('Ctrl Pts',(77.9532878268833,-50.082901749584,-5.52891594228015));
#11013=CARTESIAN_POINT('Ctrl Pts',(77.1992446498407,-48.5215394171643,-5.6079004557413));
#11014=CARTESIAN_POINT('Ctrl Pts',(78.0945832617692,-47.0368249358896,-5.68688496920244));
#11015=CARTESIAN_POINT('Ctrl Pts',(79.827374894156,-46.9748935715463,-5.76586948266359));
#11016=CARTESIAN_POINT('Ctrl Pts',(80.8260939327164,-48.3925783294686,-5.84485399612473));
#11017=CARTESIAN_POINT('Ctrl Pts',(80.1851829330976,-50.0028498883038,-5.92383850958588));
#11018=CARTESIAN_POINT('Ctrl Pts',(78.4855415401732,-50.3481167505895,-6.00282302304703));
#11019=CARTESIAN_POINT('Ctrl Pts',(77.2692056120527,-49.109645412502,-6.08180753650816));
#11020=CARTESIAN_POINT('Ctrl Pts',(77.515703038132,-47.9857847267353,-6.1344638788156));
#11021=CARTESIAN_POINT('Ctrl Pts',(77.8488553372551,-47.5989764031971,-6.16079204996931));
#11022=CARTESIAN_POINT('Ctrl Pts',(78.643454349265,-50.0069022177871,0.0535973499897713));
#11023=CARTESIAN_POINT('Ctrl Pts',(78.1799454609895,-49.8829866248214,0.0272691788360562));
#11024=CARTESIAN_POINT('Ctrl Pts',(77.3934142106074,-49.14090122414,-0.0253871634713745));
#11025=CARTESIAN_POINT('Ctrl Pts',(77.6820030366195,-47.5351850196016,-0.104371676932519));
#11026=CARTESIAN_POINT('Ctrl Pts',(79.1845195332322,-46.9032231295961,-0.183356190393665));
#11027=CARTESIAN_POINT('Ctrl Pts',(80.5348701990951,-47.8141193478151,-0.262340703854809));
#11028=CARTESIAN_POINT('Ctrl Pts',(80.5101515360689,-49.4437464289872,-0.341325217315954));
#11029=CARTESIAN_POINT('Ctrl Pts',(79.1319356407784,-50.3132578813893,-0.420309730777099));
#11030=CARTESIAN_POINT('Ctrl Pts',(77.6505241231065,-49.6345818866608,-0.499294244238244));
#11031=CARTESIAN_POINT('Ctrl Pts',(77.4091807424967,-48.0229646639888,-0.57827875769939));
#11032=CARTESIAN_POINT('Ctrl Pts',(78.6268784710534,-46.9400745259515,-0.657263271160535));
#11033=CARTESIAN_POINT('Ctrl Pts',(80.1992545396139,-47.3679111644022,-0.736247784621679));
#11034=CARTESIAN_POINT('Ctrl Pts',(80.7003691323042,-48.9185042422768,-0.815232298082824));
#11035=CARTESIAN_POINT('Ctrl Pts',(79.6757564053441,-50.1856295548059,-0.894216811543969));
#11036=CARTESIAN_POINT('Ctrl Pts',(78.0546287400038,-50.0201566821543,-0.973201325005116));
#11037=CARTESIAN_POINT('Ctrl Pts',(77.3071600346209,-48.5721471069511,-1.05218583846626));
#11038=CARTESIAN_POINT('Ctrl Pts',(78.1112201998149,-47.1547811943834,-1.13117035192741));
#11039=CARTESIAN_POINT('Ctrl Pts',(79.737618115345,-47.0534464778305,-1.21015486538855));
#11040=CARTESIAN_POINT('Ctrl Pts',(80.7113977119118,-48.3600423429315,-1.28913937884969));
#11041=CARTESIAN_POINT('Ctrl Pts',(80.1494523629403,-49.8896359415967,-1.36812389231084));
#11042=CARTESIAN_POINT('Ctrl Pts',(78.5614021597355,-50.2550613568127,-1.44710840577198));
#11043=CARTESIAN_POINT('Ctrl Pts',(77.3874265148551,-49.1249195843819,-1.52609291923313));
#11044=CARTESIAN_POINT('Ctrl Pts',(77.6921867582173,-47.5241196606871,-1.60507743269427));
#11045=CARTESIAN_POINT('Ctrl Pts',(79.1993002804745,-46.9044035648961,-1.68406194615542));
#11046=CARTESIAN_POINT('Ctrl Pts',(80.5419879200094,-47.8277827485923,-1.76304645961656));
#11047=CARTESIAN_POINT('Ctrl Pts',(80.5025859306243,-49.456858158955,-1.84203097307771));
#11048=CARTESIAN_POINT('Ctrl Pts',(79.116827400376,-50.3142451815002,-1.92101548653886));
#11049=CARTESIAN_POINT('Ctrl Pts',(77.6414364317616,-49.6223920895326,-2.));
#11050=CARTESIAN_POINT('Ctrl Pts',(77.4144234730604,-48.0087303135916,-2.07898451346114));
#11051=CARTESIAN_POINT('Ctrl Pts',(78.6416632495428,-46.936666070297,-2.15796902692229));
#11052=CARTESIAN_POINT('Ctrl Pts',(80.210189992881,-47.3784387111538,-2.23695354038343));
#11053=CARTESIAN_POINT('Ctrl Pts',(80.6975297858614,-48.9334111021906,-2.31593805384458));
#11054=CARTESIAN_POINT('Ctrl Pts',(79.6617213120894,-50.1914015697206,-2.39492256730572));
#11055=CARTESIAN_POINT('Ctrl Pts',(78.0421240969108,-50.0115569942593,-2.47390708076687));
#11056=CARTESIAN_POINT('Ctrl Pts',(77.3075271199924,-48.5569757857213,-2.55289159422802));
#11057=CARTESIAN_POINT('Ctrl Pts',(78.124125614368,-47.1467963256114,-2.63187610768916));
#11058=CARTESIAN_POINT('Ctrl Pts',(79.751358372532,-47.0598897004846,-2.71086062115031));
#11059=CARTESIAN_POINT('Ctrl Pts',(80.7135118527851,-48.3750702550733,-2.78984513461144));
#11060=CARTESIAN_POINT('Ctrl Pts',(80.1380231639997,-49.8996200180567,-2.8688296480726));
#11061=CARTESIAN_POINT('Ctrl Pts',(78.5467945643952,-50.2509471512719,-2.94781416153374));
#11062=CARTESIAN_POINT('Ctrl Pts',(77.3828879519046,-49.1104382262159,-3.02679867499489));
#11063=CARTESIAN_POINT('Ctrl Pts',(77.7018331766413,-47.5124040731546,-3.10578318845603));
#11064=CARTESIAN_POINT('Ctrl Pts',(79.2143834883526,-46.9060784467174,-3.18476770191717));
#11065=CARTESIAN_POINT('Ctrl Pts',(80.5488291753858,-47.8413291719728,-3.26375221537832));
#11066=CARTESIAN_POINT('Ctrl Pts',(80.4949810001311,-49.4699910720472,-3.34273672883947));
#11067=CARTESIAN_POINT('Ctrl Pts',(79.1016730835959,-50.3150545373874,-3.42172124230061));
#11068=CARTESIAN_POINT('Ctrl Pts',(77.6324759567142,-49.6101438954648,-3.50070575576176));
#11069=CARTESIAN_POINT('Ctrl Pts',(77.4197829631465,-47.9945322771554,-3.5796902692229));
#11070=CARTESIAN_POINT('Ctrl Pts',(78.6564822617981,-46.9333941827249,-3.65867478268405));
#11071=CARTESIAN_POINT('Ctrl Pts',(80.2210293822334,-47.3890601993118,-3.73765929614519));
#11072=CARTESIAN_POINT('Ctrl Pts',(80.6945594689696,-48.948293494128,-3.81664380960634));
#11073=CARTESIAN_POINT('Ctrl Pts',(79.6476350258048,-50.1970482422995,-3.89562832306748));
#11074=CARTESIAN_POINT('Ctrl Pts',(78.0296964878418,-50.0028470628328,-3.97461283652863));
#11075=CARTESIAN_POINT('Ctrl Pts',(77.3080286046689,-48.5418081595355,-4.05359734998977));
#11076=CARTESIAN_POINT('Ctrl Pts',(78.1371014037066,-47.1389263024179,-4.13258186345092));
#11077=CARTESIAN_POINT('Ctrl Pts',(79.7650409132981,-47.0664544893062,-4.21156637691206));
#11078=CARTESIAN_POINT('Ctrl Pts',(80.7154926493527,-48.3901163444819,-4.29055089037321));
#11079=CARTESIAN_POINT('Ctrl Pts',(80.1265058608272,-49.9095023313811,-4.36953540383435));
#11080=CARTESIAN_POINT('Ctrl Pts',(78.5322240352748,-50.2467035607178,-4.4485199172955));
#11081=CARTESIAN_POINT('Ctrl Pts',(77.3784779955048,-49.0959171872534,-4.52750443075664));
#11082=CARTESIAN_POINT('Ctrl Pts',(77.7115831191354,-47.5007744923273,-4.60648894421778));
#11083=CARTESIAN_POINT('Ctrl Pts',(79.2294512470643,-46.9078870424672,-4.68547345767893));
#11084=CARTESIAN_POINT('Ctrl Pts',(80.5555500262353,-47.8549357107992,-4.76445797114008));
#11085=CARTESIAN_POINT('Ctrl Pts',(80.4872598908919,-49.4830560733044,-4.84344248460122));
#11086=CARTESIAN_POINT('Ctrl Pts',(79.0865121974961,-50.3157293608942,-4.92242699806237));
#11087=CARTESIAN_POINT('Ctrl Pts',(77.6236244338672,-49.5978169216751,-5.00141151152351));
#11088=CARTESIAN_POINT('Ctrl Pts',(77.4252682115226,-47.9803819138729,-5.08039602498465));
#11089=CARTESIAN_POINT('Ctrl Pts',(78.6713296047861,-46.9302546915164,-5.1593805384458));
#11090=CARTESIAN_POINT('Ctrl Pts',(80.2317743566124,-47.3997756967944,-5.23836505190694));
#11091=CARTESIAN_POINT('Ctrl Pts',(80.6914568576227,-48.9631524032938,-5.31734956536809));
#11092=CARTESIAN_POINT('Ctrl Pts',(79.633500072741,-50.2025628000172,-5.39633407882924));
#11093=CARTESIAN_POINT('Ctrl Pts',(78.0173448787705,-49.994041342627,-5.47531859229037));
#11094=CARTESIAN_POINT('Ctrl Pts',(77.3086680929152,-48.5266170982563,-5.55430310575153));
#11095=CARTESIAN_POINT('Ctrl Pts',(78.1501393893498,-47.1312292497392,-5.63328761921267));
#11096=CARTESIAN_POINT('Ctrl Pts',(79.7786790300277,-47.0730239352922,-5.71227213267382));
#11097=CARTESIAN_POINT('Ctrl Pts',(80.7173109542571,-48.4054148489541,-5.79125664613496));
#11098=CARTESIAN_POINT('Ctrl Pts',(80.1149598408757,-49.9188057361246,-5.87024115959611));
#11099=CARTESIAN_POINT('Ctrl Pts',(78.5175759826089,-50.2432998999558,-5.94922567305725));
#11100=CARTESIAN_POINT('Ctrl Pts',(77.3744199110408,-49.0793401772619,-6.0282101865184));
#11101=CARTESIAN_POINT('Ctrl Pts',(77.6060870210339,-48.0230956507059,-6.08086652882583));
#11102=CARTESIAN_POINT('Ctrl Pts',(77.9191954844893,-47.6595593336713,-6.10719469997954));
#11103=CARTESIAN_POINT('Ctrl Pts',(78.6674306087071,-49.9172185137994,0.107194699979541));
#11104=CARTESIAN_POINT('Ctrl Pts',(78.2335935341047,-49.8012354556323,0.0808665288258263));
#11105=CARTESIAN_POINT('Ctrl Pts',(77.4974125775352,-49.1066551196767,0.0282101865183957));
#11106=CARTESIAN_POINT('Ctrl Pts',(77.7675272079273,-47.603729850195,-0.0507743269427487));
#11107=CARTESIAN_POINT('Ctrl Pts',(79.1738591638419,-47.0122233989588,-0.129758840403895));
#11108=CARTESIAN_POINT('Ctrl Pts',(80.4377662805858,-47.8648080215512,-0.208743353865039));
#11109=CARTESIAN_POINT('Ctrl Pts',(80.4146299983554,-49.3901134978258,-0.287727867326184));
#11110=CARTESIAN_POINT('Ctrl Pts',(79.1246414624119,-50.2039626264735,-0.366712380787329));
#11111=CARTESIAN_POINT('Ctrl Pts',(77.7380634369066,-49.5687325033762,-0.445696894248475));
#11112=CARTESIAN_POINT('Ctrl Pts',(77.5121698049466,-48.0602839731566,-0.524681407709619));
#11113=CARTESIAN_POINT('Ctrl Pts',(78.6519158457883,-47.0467157299459,-0.603665921170765));
#11114=CARTESIAN_POINT('Ctrl Pts',(80.1236352691142,-47.4471641362835,-0.682650434631908));
#11115=CARTESIAN_POINT('Ctrl Pts',(80.5926706952569,-48.8984950208038,-0.761634948093055));
#11116=CARTESIAN_POINT('Ctrl Pts',(79.6336491979163,-50.0845045076715,-0.840619461554198));
#11117=CARTESIAN_POINT('Ctrl Pts',(78.1162990420109,-49.9296244852748,-0.919603975015346));
#11118=CARTESIAN_POINT('Ctrl Pts',(77.416680016998,-48.5743101558349,-0.998588488476488));
#11119=CARTESIAN_POINT('Ctrl Pts',(78.1692677638476,-47.2476778156499,-1.07757300193764));
#11120=CARTESIAN_POINT('Ctrl Pts',(79.6915507915545,-47.1528301048572,-1.15655751539878));
#11121=CARTESIAN_POINT('Ctrl Pts',(80.6029932733887,-48.3757834119923,-1.23554202885992));
#11122=CARTESIAN_POINT('Ctrl Pts',(80.0770212101749,-49.8074591122026,-1.31452654232107));
#11123=CARTESIAN_POINT('Ctrl Pts',(78.5906310418149,-50.1494915891039,-1.39351105578221));
#11124=CARTESIAN_POINT('Ctrl Pts',(77.4918081879009,-49.0916965546624,-1.47249556924336));
#11125=CARTESIAN_POINT('Ctrl Pts',(77.7770590121673,-47.5933728472068,-1.5514800827045));
#11126=CARTESIAN_POINT('Ctrl Pts',(79.1876937122319,-47.013328267949,-1.63046459616565));
#11127=CARTESIAN_POINT('Ctrl Pts',(80.4444283561088,-47.8775967511144,-1.70944910962679));
#11128=CARTESIAN_POINT('Ctrl Pts',(80.4075487099127,-49.4023858721343,-1.78843362308794));
#11129=CARTESIAN_POINT('Ctrl Pts',(79.1105003855427,-50.2048867239454,-1.86741813654908));
#11130=CARTESIAN_POINT('Ctrl Pts',(77.7295574998521,-49.5573230437954,-1.94640265001023));
#11131=CARTESIAN_POINT('Ctrl Pts',(77.5170769188081,-48.0469608436733,-2.02538716347137));
#11132=CARTESIAN_POINT('Ctrl Pts',(78.6657541673627,-47.0435254687287,-2.10437167693252));
#11133=CARTESIAN_POINT('Ctrl Pts',(80.1338706824467,-47.4570177554934,-2.18335619039366));
#11134=CARTESIAN_POINT('Ctrl Pts',(80.5900131113666,-48.912447608683,-2.26234070385481));
#11135=CARTESIAN_POINT('Ctrl Pts',(79.6205125700036,-50.0899070234129,-2.34132521731595));
#11136=CARTESIAN_POINT('Ctrl Pts',(78.1045948915283,-49.9215753118214,-2.4203097307771));
#11137=CARTESIAN_POINT('Ctrl Pts',(77.4170236031678,-48.5601100362977,-2.49929424423825));
#11138=CARTESIAN_POINT('Ctrl Pts',(78.1813470301528,-47.2402041032857,-2.57827875769939));
#11139=CARTESIAN_POINT('Ctrl Pts',(79.704411457516,-47.1588608605514,-2.65726327116053));
#11140=CARTESIAN_POINT('Ctrl Pts',(80.6049720762013,-48.389849302865,-2.73624778462168));
#11141=CARTESIAN_POINT('Ctrl Pts',(80.0663236586093,-49.8168040517141,-2.81523229808282));
#11142=CARTESIAN_POINT('Ctrl Pts',(78.5769585608988,-50.1456407570244,-2.89421681154397));
#11143=CARTESIAN_POINT('Ctrl Pts',(77.4875601639187,-49.0781422297682,-2.97320132500511));
#11144=CARTESIAN_POINT('Ctrl Pts',(77.7860879090349,-47.5824072403956,-3.05218583846626));
#11145=CARTESIAN_POINT('Ctrl Pts',(79.2018113590495,-47.0148959311547,-3.1311703519274));
#11146=CARTESIAN_POINT('Ctrl Pts',(80.4508316642096,-47.8902759916628,-3.21015486538855));
#11147=CARTESIAN_POINT('Ctrl Pts',(80.4004306138391,-49.414678073516,-3.28913937884969));
#11148=CARTESIAN_POINT('Ctrl Pts',(79.0963161819044,-50.2056442684053,-3.36812389231084));
#11149=CARTESIAN_POINT('Ctrl Pts',(77.7211706352634,-49.545858925592,-3.44710840577198));
#11150=CARTESIAN_POINT('Ctrl Pts',(77.5220933177578,-48.0336717034898,-3.52609291923313));
#11151=CARTESIAN_POINT('Ctrl Pts',(78.6796245312068,-47.0404630331023,-3.60507743269427));
#11152=CARTESIAN_POINT('Ctrl Pts',(80.1440161814567,-47.4669593023912,-3.68406194615542));
#11153=CARTESIAN_POINT('Ctrl Pts',(80.5872329411832,-48.926377294919,-3.76304645961656));
#11154=CARTESIAN_POINT('Ctrl Pts',(79.6073280262154,-50.095192220687,-3.84203097307771));
#11155=CARTESIAN_POINT('Ctrl Pts',(78.092962843688,-49.9134229521458,-3.92101548653885));
#11156=CARTESIAN_POINT('Ctrl Pts',(77.4174929849868,-48.5459133752635,-4.));
#11157=CARTESIAN_POINT('Ctrl Pts',(78.193492166157,-47.2328378845882,-4.07898451346114));
#11158=CARTESIAN_POINT('Ctrl Pts',(79.7172181018097,-47.1650054002782,-4.15796902692229));
#11159=CARTESIAN_POINT('Ctrl Pts',(80.606826070828,-48.4039322073751,-4.23695354038344));
#11160=CARTESIAN_POINT('Ctrl Pts',(80.0555436428597,-49.8260537425214,-4.31593805384458));
#11161=CARTESIAN_POINT('Ctrl Pts',(78.5633207733851,-50.1416688225947,-4.39492256730573));
#11162=CARTESIAN_POINT('Ctrl Pts',(77.4834325136579,-49.0645507642688,-4.47390708076687));
#11163=CARTESIAN_POINT('Ctrl Pts',(77.795213702814,-47.5715221345161,-4.55289159422801));
#11164=CARTESIAN_POINT('Ctrl Pts',(79.2159145456887,-47.0165887485074,-4.63187610768916));
#11165=CARTESIAN_POINT('Ctrl Pts',(80.4571222755553,-47.9030114993289,-4.7108606211503));
#11166=CARTESIAN_POINT('Ctrl Pts',(80.3932037762751,-49.4269067104817,-4.78984513461145));
#11167=CARTESIAN_POINT('Ctrl Pts',(79.0821258294856,-50.2062758926598,-4.8688296480726));
#11168=CARTESIAN_POINT('Ctrl Pts',(77.7128857482313,-49.5343210708002,-4.94781416153374));
#11169=CARTESIAN_POINT('Ctrl Pts',(77.5272274245013,-48.020427184633,-5.02679867499489));
#11170=CARTESIAN_POINT('Ctrl Pts',(78.6935214121737,-47.0375245184025,-5.10578318845603));
#11171=CARTESIAN_POINT('Ctrl Pts',(80.1540733095273,-47.4769888405477,-5.18476770191717));
#11172=CARTESIAN_POINT('Ctrl Pts',(80.5843289454575,-48.9402850016475,-5.26375221537832));
#11173=CARTESIAN_POINT('Ctrl Pts',(79.5940979310825,-50.1003537605162,-5.34273672883946));
#11174=CARTESIAN_POINT('Ctrl Pts',(78.0814019306576,-49.90518093567,-5.42172124230061));
#11175=CARTESIAN_POINT('Ctrl Pts',(77.4180915359899,-48.5316947793485,-5.50070575576176));
#11176=CARTESIAN_POINT('Ctrl Pts',(78.2056955169302,-47.2256335635889,-5.5796902692229));
#11177=CARTESIAN_POINT('Ctrl Pts',(79.7299831658996,-47.1711542990381,-5.65867478268405));
#11178=CARTESIAN_POINT('Ctrl Pts',(80.6085279757976,-48.4182513684396,-5.73765929614519));
#11179=CARTESIAN_POINT('Ctrl Pts',(80.044736748654,-49.8347615839455,-5.81664380960634));
#11180=CARTESIAN_POINT('Ctrl Pts',(78.5496104250445,-50.138483049322,-5.89562832306748));
#11181=CARTESIAN_POINT('Ctrl Pts',(77.479634210029,-49.0490349420218,-5.97461283652862));
#11182=CARTESIAN_POINT('Ctrl Pts',(77.6964710039359,-48.0604065746764,-6.02726917883605));
#11183=CARTESIAN_POINT('Ctrl Pts',(77.9895356317236,-47.7201422641455,-6.05359734998977));
#11184=CARTESIAN_POINT('Ctrl Pts',(78.6914068681491,-49.8275348098118,0.160792049969312));
#11185=CARTESIAN_POINT('Ctrl Pts',(78.2872416072198,-49.7194842864431,0.134463878815597));
#11186=CARTESIAN_POINT('Ctrl Pts',(77.6014109444627,-49.0724090152134,0.0818075365081659));
#11187=CARTESIAN_POINT('Ctrl Pts',(77.8530513792351,-47.6722746807883,0.00282302304702141));
#11188=CARTESIAN_POINT('Ctrl Pts',(79.1631987944517,-47.1212236683216,-0.0761614904141241));
#11189=CARTESIAN_POINT('Ctrl Pts',(80.3406623620764,-47.9154966952873,-0.155146003875269));
#11190=CARTESIAN_POINT('Ctrl Pts',(80.319108460642,-49.3364805666644,-0.234130517336414));
#11191=CARTESIAN_POINT('Ctrl Pts',(79.1173472840452,-50.0946673715576,-0.313115030797559));
#11192=CARTESIAN_POINT('Ctrl Pts',(77.8256027507069,-49.5028831200916,-0.392099544258704));
#11193=CARTESIAN_POINT('Ctrl Pts',(77.6151588673963,-48.0976032823244,-0.47108405771985));
#11194=CARTESIAN_POINT('Ctrl Pts',(78.6769532205233,-47.1533569339404,-0.550068571180994));
#11195=CARTESIAN_POINT('Ctrl Pts',(80.0480159986143,-47.5264171081647,-0.629053084642139));
#11196=CARTESIAN_POINT('Ctrl Pts',(80.4849722582097,-48.8784857993306,-0.708037598103284));
#11197=CARTESIAN_POINT('Ctrl Pts',(79.5915419904883,-49.9833794605372,-0.787022111564428));
#11198=CARTESIAN_POINT('Ctrl Pts',(78.177969344018,-49.8390922883952,-0.866006625025576));
#11199=CARTESIAN_POINT('Ctrl Pts',(77.5261999993749,-48.5764732047189,-0.944991138486718));
#11200=CARTESIAN_POINT('Ctrl Pts',(78.2273153278804,-47.3405744369163,-1.02397565194787));
#11201=CARTESIAN_POINT('Ctrl Pts',(79.6454834677639,-47.2522137318839,-1.10296016540901));
#11202=CARTESIAN_POINT('Ctrl Pts',(80.4945888348657,-48.391524481053,-1.18194467887015));
#11203=CARTESIAN_POINT('Ctrl Pts',(80.0045900574095,-49.7252822828084,-1.2609291923313));
#11204=CARTESIAN_POINT('Ctrl Pts',(78.6198599238943,-50.0439218213951,-1.33991370579244));
#11205=CARTESIAN_POINT('Ctrl Pts',(77.5961898609468,-49.0584735249429,-1.41889821925359));
#11206=CARTESIAN_POINT('Ctrl Pts',(77.8619312661172,-47.6626260337265,-1.49788273271473));
#11207=CARTESIAN_POINT('Ctrl Pts',(79.1760871439894,-47.122252971002,-1.57686724617588));
#11208=CARTESIAN_POINT('Ctrl Pts',(80.3468687922082,-47.9274107536365,-1.65585175963702));
#11209=CARTESIAN_POINT('Ctrl Pts',(80.312511489201,-49.3479135853135,-1.73483627309817));
#11210=CARTESIAN_POINT('Ctrl Pts',(79.1041733707096,-50.0955282663905,-1.81382078655931));
#11211=CARTESIAN_POINT('Ctrl Pts',(77.8176785679424,-49.4922539980583,-1.89280530002046));
#11212=CARTESIAN_POINT('Ctrl Pts',(77.6197303645559,-48.0851913737548,-1.9717898134816));
#11213=CARTESIAN_POINT('Ctrl Pts',(78.6898450851825,-47.1503848671607,-2.05077432694275));
#11214=CARTESIAN_POINT('Ctrl Pts',(80.0575513720124,-47.5355967998329,-2.12975884040389));
#11215=CARTESIAN_POINT('Ctrl Pts',(80.4824964368719,-48.8914841151755,-2.20874335386504));
#11216=CARTESIAN_POINT('Ctrl Pts',(79.5793038279179,-49.9884124771052,-2.28772786732619));
#11217=CARTESIAN_POINT('Ctrl Pts',(78.1670656861458,-49.8315936293836,-2.36671238078733));
#11218=CARTESIAN_POINT('Ctrl Pts',(77.5265200863433,-48.5632442868739,-2.44569689424848));
#11219=CARTESIAN_POINT('Ctrl Pts',(78.2385684459375,-47.3336118809602,-2.52468140770962));
#11220=CARTESIAN_POINT('Ctrl Pts',(79.6574645424999,-47.2578320206181,-2.60366592117077));
#11221=CARTESIAN_POINT('Ctrl Pts',(80.4964322996176,-48.4046283506566,-2.68265043463191));
#11222=CARTESIAN_POINT('Ctrl Pts',(79.9946241532188,-49.7339880853715,-2.76163494809306));
#11223=CARTESIAN_POINT('Ctrl Pts',(78.6071225574024,-50.0403343627769,-2.8406194615542));
#11224=CARTESIAN_POINT('Ctrl Pts',(77.5922323759329,-49.0458462333204,-2.91960397501535));
#11225=CARTESIAN_POINT('Ctrl Pts',(77.8703426414285,-47.6524104076366,-2.99858848847649));
#11226=CARTESIAN_POINT('Ctrl Pts',(79.1892392297463,-47.123713415592,-3.07757300193763));
#11227=CARTESIAN_POINT('Ctrl Pts',(80.3528341530334,-47.9392228113527,-3.15655751539878));
#11228=CARTESIAN_POINT('Ctrl Pts',(80.305880227547,-49.3593650749848,-3.23554202885993));
#11229=CARTESIAN_POINT('Ctrl Pts',(79.0909592802131,-50.0962339994231,-3.31452654232107));
#11230=CARTESIAN_POINT('Ctrl Pts',(77.8098653138125,-49.4815739557192,-3.39351105578221));
#11231=CARTESIAN_POINT('Ctrl Pts',(77.6244036723692,-48.0728111298242,-3.47249556924336));
#11232=CARTESIAN_POINT('Ctrl Pts',(78.7027668006154,-47.1475318834795,-3.5514800827045));
#11233=CARTESIAN_POINT('Ctrl Pts',(80.06700298068,-47.5448584054706,-3.63046459616565));
#11234=CARTESIAN_POINT('Ctrl Pts',(80.4799064133967,-48.9044610957098,-3.7094491096268));
#11235=CARTESIAN_POINT('Ctrl Pts',(79.567021026626,-49.9933361990745,-3.78843362308794));
#11236=CARTESIAN_POINT('Ctrl Pts',(78.1562291995342,-49.823998841459,-3.86741813654908));
#11237=CARTESIAN_POINT('Ctrl Pts',(77.5269573653046,-48.5500185909915,-3.94640265001023));
#11238=CARTESIAN_POINT('Ctrl Pts',(78.2498829286075,-47.3267494667586,-4.02538716347137));
#11239=CARTESIAN_POINT('Ctrl Pts',(79.6693952903212,-47.2635563112502,-4.10437167693252));
#11240=CARTESIAN_POINT('Ctrl Pts',(80.4981594923032,-48.4177480702684,-4.18335619039366));
#11241=CARTESIAN_POINT('Ctrl Pts',(79.9845814248923,-49.7426051536617,-4.26234070385481));
#11242=CARTESIAN_POINT('Ctrl Pts',(78.5944175114954,-50.0366340844716,-4.34132521731596));
#11243=CARTESIAN_POINT('Ctrl Pts',(77.588387031811,-49.0331843412841,-4.4203097307771));
#11244=CARTESIAN_POINT('Ctrl Pts',(77.8788442864925,-47.6422697767049,-4.49929424423825));
#11245=CARTESIAN_POINT('Ctrl Pts',(79.2023778443132,-47.1252904545477,-4.57827875769939));
#11246=CARTESIAN_POINT('Ctrl Pts',(80.3586945248751,-47.9510872878584,-4.65726327116054));
#11247=CARTESIAN_POINT('Ctrl Pts',(80.2991476616584,-49.3707573476591,-4.73624778462167));
#11248=CARTESIAN_POINT('Ctrl Pts',(79.077739461475,-50.0968224244255,-4.81523229808283));
#11249=CARTESIAN_POINT('Ctrl Pts',(77.8021470625954,-49.4708252199253,-4.89421681154397));
#11250=CARTESIAN_POINT('Ctrl Pts',(77.62918663748,-48.0604724553931,-4.97320132500511));
#11251=CARTESIAN_POINT('Ctrl Pts',(78.7157132195613,-47.1447943452887,-5.05218583846626));
#11252=CARTESIAN_POINT('Ctrl Pts',(80.0763722624423,-47.5542019843007,-5.13117035192741));
#11253=CARTESIAN_POINT('Ctrl Pts',(80.4772010332921,-48.9174176000014,-5.21015486538855));
#11254=CARTESIAN_POINT('Ctrl Pts',(79.554695789424,-49.998144721015,-5.28913937884969));
#11255=CARTESIAN_POINT('Ctrl Pts',(78.1454589825449,-49.8163205287131,-5.36812389231084));
#11256=CARTESIAN_POINT('Ctrl Pts',(77.5275149790644,-48.5367724604405,-5.44710840577198));
#11257=CARTESIAN_POINT('Ctrl Pts',(78.2612516445108,-47.3200378774386,-5.52609291923313));
#11258=CARTESIAN_POINT('Ctrl Pts',(79.6812873017713,-47.2692846627839,-5.60507743269428));
#11259=CARTESIAN_POINT('Ctrl Pts',(80.4997449973382,-48.4310878879251,-5.68406194615542));
#11260=CARTESIAN_POINT('Ctrl Pts',(79.9745136564322,-49.7507174317664,-5.76304645961657));
#11261=CARTESIAN_POINT('Ctrl Pts',(78.5816448674802,-50.0336661986881,-5.84203097307771));
#11262=CARTESIAN_POINT('Ctrl Pts',(77.5848485090172,-49.0187297067817,-5.92101548653886));
#11263=CARTESIAN_POINT('Ctrl Pts',(77.7868549868379,-48.0977174986469,-5.97367182884628));
#11264=CARTESIAN_POINT('Ctrl Pts',(78.0598757789578,-47.7807251946197,-6.));
#11265=CARTESIAN_POINT('Ctrl Pts',(78.619478089823,-50.0965859217747,-2.0640862117427E-17));
#11266=CARTESIAN_POINT('Ctrl Pts',(78.5617054480155,-50.075476036244,-1.5860685199678E-17));
#11267=CARTESIAN_POINT('Ctrl Pts',(78.5055158207949,-50.050707996895,-2.02878465844256E-15));
#11268=CARTESIAN_POINT('Ctrl Pts',(78.4511098524709,-50.0225880131164,-1.95503335742586E-15));
#11269=CARTESIAN_POINT('Ctrl Pts',(78.3973279380702,-49.9947905745794,-1.88212800750905E-15));
#11270=CARTESIAN_POINT('Ctrl Pts',(78.3452883369602,-49.9637165632549,-6.08127061420053E-16));
#11271=CARTESIAN_POINT('Ctrl Pts',(78.2952169601548,-49.9296169303659,-8.91647866652079E-16));
#11272=CARTESIAN_POINT('Ctrl Pts',(78.2571550534151,-49.9036959925031,-1.1071670541799E-15));
#11273=CARTESIAN_POINT('Ctrl Pts',(78.2202310238092,-49.8760257472463,8.1691315510252E-16));
#11274=CARTESIAN_POINT('Ctrl Pts',(78.1845602463231,-49.8467043728647,1.00267016911459E-15));
#11275=CARTESIAN_POINT('Ctrl Pts',(78.1656184177708,-49.8311341922969,1.10131050610116E-15));
#11276=CARTESIAN_POINT('Ctrl Pts',(78.1470302372541,-49.8150982778619,-1.48432449085519E-15));
#11277=CARTESIAN_POINT('Ctrl Pts',(78.1288148704122,-49.7986105263409,-1.47451495458029E-15));
#11278=CARTESIAN_POINT('Ctrl Pts',(78.1209523842122,-49.7914937485166,-1.4702807635119E-15));
#11279=CARTESIAN_POINT('Ctrl Pts',(78.1131591744123,-49.7842924594859,-1.33121145574063E-15));
#11280=CARTESIAN_POINT('Ctrl Pts',(78.105447681997,-49.7770183547258,-1.29757316003065E-15));
#11281=CARTESIAN_POINT('Ctrl Pts',(78.0623698889187,-49.7363838882946,-1.10966354875864E-15));
#11282=CARTESIAN_POINT('Ctrl Pts',(78.0217522613723,-49.6934026551486,-9.10324349744833E-16));
#11283=CARTESIAN_POINT('Ctrl Pts',(77.9838014547966,-49.6483157810259,-7.97972798949331E-16));
#11284=CARTESIAN_POINT('Ctrl Pts',(77.9466231736755,-49.6041466939298,-6.87908272875549E-16));
#11285=CARTESIAN_POINT('Ctrl Pts',(77.9120038035074,-49.5579558758531,-1.28199963078071E-15));
#11286=CARTESIAN_POINT('Ctrl Pts',(77.8801806070752,-49.5099469305106,-1.08246744900953E-15));
#11287=CARTESIAN_POINT('Ctrl Pts',(77.8566809624301,-49.4744950186408,-9.35124130532412E-16));
#11288=CARTESIAN_POINT('Ctrl Pts',(77.8347069091667,-49.4380511571114,5.99957881099143E-16));
#11289=CARTESIAN_POINT('Ctrl Pts',(77.8143716518046,-49.400693338086,8.60422844084496E-16));
#11290=CARTESIAN_POINT('Ctrl Pts',(77.8039855305734,-49.3816130367933,9.93453896207376E-16));
#11291=CARTESIAN_POINT('Ctrl Pts',(77.7940271615118,-49.3622942872023,-1.13164989182797E-15));
#11292=CARTESIAN_POINT('Ctrl Pts',(77.7845133177524,-49.3427473952459,-1.42247325030098E-15));
#11293=CARTESIAN_POINT('Ctrl Pts',(77.7795353192556,-49.3325197310929,-1.57464289675769E-15));
#11294=CARTESIAN_POINT('Ctrl Pts',(77.7746825676987,-49.3222367063626,1.45582872416276E-15));
#11295=CARTESIAN_POINT('Ctrl Pts',(77.7699601275501,-49.3119071759791,1.37390099297363E-15));
#11296=CARTESIAN_POINT('Ctrl Pts',(77.746790945331,-49.261228551336,9.71948088760612E-16));
#11297=CARTESIAN_POINT('Ctrl Pts',(77.7267282633664,-49.2093776890781,-4.93535942785094E-16));
#11298=CARTESIAN_POINT('Ctrl Pts',(77.7099851182697,-49.1565451343958,-8.74300631892311E-16));
#11299=CARTESIAN_POINT('Ctrl Pts',(77.6983531700721,-49.1198408273102,-1.13882889785265E-15));
#11300=CARTESIAN_POINT('Ctrl Pts',(77.6883243279166,-49.0826623265599,2.39842488041335E-16));
#11301=CARTESIAN_POINT('Ctrl Pts',(77.6799847826697,-49.0450714125957,2.4980018054066E-16));
#11302=CARTESIAN_POINT('Ctrl Pts',(77.6680277926636,-48.9911746869007,2.48957951938226E-16));
#11303=CARTESIAN_POINT('Ctrl Pts',(77.659541944296,-48.9364291638902,-1.00137475383465E-15));
#11304=CARTESIAN_POINT('Ctrl Pts',(77.6544706819167,-48.8811505667008,-9.0205620750794E-16));
#11305=CARTESIAN_POINT('Ctrl Pts',(77.6529868979342,-48.864976783734,-8.72996920649298E-16));
#11306=CARTESIAN_POINT('Ctrl Pts',(77.6517957153094,-48.8487574547388,-4.73670882558421E-16));
#11307=CARTESIAN_POINT('Ctrl Pts',(77.6508964136051,-48.8325007676516,-5.41233724504764E-16));
#11308=CARTESIAN_POINT('Ctrl Pts',(77.6502052630096,-48.8200068305157,-5.93158565985305E-16));
#11309=CARTESIAN_POINT('Ctrl Pts',(77.6496865754458,-48.8074877183045,-1.30676880699707E-16));
#11310=CARTESIAN_POINT('Ctrl Pts',(77.6493404025744,-48.794971986044,-2.35922392732846E-16));
#11311=CARTESIAN_POINT('Ctrl Pts',(77.6478012637283,-48.7393250786842,-7.03860435528173E-16));
#11312=CARTESIAN_POINT('Ctrl Pts',(77.6496609433254,-48.6836461816754,-1.64008894152165E-15));
#11313=CARTESIAN_POINT('Ctrl Pts',(77.6548116774218,-48.6282526355836,-1.33226762955019E-15));
#11314=CARTESIAN_POINT('Ctrl Pts',(77.6599584387378,-48.5729018147408,-1.02468374130595E-15));
#11315=CARTESIAN_POINT('Ctrl Pts',(77.6683916422782,-48.5178347621877,-1.30008641892776E-15));
#11316=CARTESIAN_POINT('Ctrl Pts',(77.6800530543286,-48.4633833441843,-1.26287869051112E-15));
#11317=CARTESIAN_POINT('Ctrl Pts',(77.6872817011493,-48.4296301359168,-1.23981445724671E-15));
#11318=CARTESIAN_POINT('Ctrl Pts',(77.6957517245282,-48.3961138530342,1.2901886409192E-16));
#11319=CARTESIAN_POINT('Ctrl Pts',(77.7054576142044,-48.3629193777025,2.22044604925031E-16));
#11320=CARTESIAN_POINT('Ctrl Pts',(77.7104727622243,-48.3457673995959,2.70112105741634E-16));
#11321=CARTESIAN_POINT('Ctrl Pts',(77.7158179744218,-48.3287014281274,9.31902182457661E-16));
#11322=CARTESIAN_POINT('Ctrl Pts',(77.7214930954138,-48.3117338061561,8.74300631892311E-16));
#11323=CARTESIAN_POINT('Ctrl Pts',(77.7256347016544,-48.2993511258323,8.32264005427534E-16));
#11324=CARTESIAN_POINT('Ctrl Pts',(77.729952684444,-48.2870194644621,9.28620553436927E-16));
#11325=CARTESIAN_POINT('Ctrl Pts',(77.7344395384463,-48.2747631427376,8.88178419700125E-16));
#11326=CARTESIAN_POINT('Ctrl Pts',(77.7528735717435,-48.2244086086571,7.22023773363213E-16));
#11327=CARTESIAN_POINT('Ctrl Pts',(77.7741795153086,-48.1752466133238,2.59905457341197E-16));
#11328=CARTESIAN_POINT('Ctrl Pts',(77.79831313655,-48.1275908236369,1.02695629777827E-15));
#11329=CARTESIAN_POINT('Ctrl Pts',(77.8144053926023,-48.0958140271776,1.53842444447414E-15));
#11330=CARTESIAN_POINT('Ctrl Pts',(77.8317557406447,-48.0647074523671,-3.73510806049103E-16));
#11331=CARTESIAN_POINT('Ctrl Pts',(77.8503600000835,-48.0343734494589,-6.38378239159465E-16));
#11332=CARTESIAN_POINT('Ctrl Pts',(77.8590016902537,-48.0202832860953,-7.61409327853328E-16));
#11333=CARTESIAN_POINT('Ctrl Pts',(77.8679166083426,-48.0063564154752,6.85918560829461E-16));
#11334=CARTESIAN_POINT('Ctrl Pts',(77.8770886180348,-47.9926269370965,3.88578058618805E-16));
#11335=CARTESIAN_POINT('Ctrl Pts',(77.9055501671196,-47.9500231636707,-5.34095551921972E-16));
#11336=CARTESIAN_POINT('Ctrl Pts',(77.9365093318606,-47.9092742568502,1.18618227330227E-15));
#11337=CARTESIAN_POINT('Ctrl Pts',(77.9699424256004,-47.8706811940777,4.16333634234434E-16));
#11338=CARTESIAN_POINT('Ctrl Pts',(77.987803955092,-47.8500629666936,5.04432078306962E-18));
#11339=CARTESIAN_POINT('Ctrl Pts',(78.006372135054,-47.8300607049888,5.77108430185634E-16));
#11340=CARTESIAN_POINT('Ctrl Pts',(78.0256467499737,-47.8107254583906,4.44089209850063E-16));
#11341=CARTESIAN_POINT('Ctrl Pts',(78.0362358090156,-47.8001030896081,3.71347300391372E-16));
#11342=CARTESIAN_POINT('Ctrl Pts',(78.0470381288523,-47.7896821120859,1.4728675340282E-16));
#11343=CARTESIAN_POINT('Ctrl Pts',(78.0580465422579,-47.7794655544937,2.22044604925031E-16));
#11344=CARTESIAN_POINT('Ctrl Pts',(78.0598757789578,-47.7807251946197,-6.));
#11345=CARTESIAN_POINT('Ctrl Pts',(78.0226897556694,-47.815451998351,-6.));
#11346=CARTESIAN_POINT('Ctrl Pts',(77.9878880222323,-47.8524903455548,-6.));
#11347=CARTESIAN_POINT('Ctrl Pts',(77.9554837486638,-47.8915269803533,-6.));
#11348=CARTESIAN_POINT('Ctrl Pts',(77.9327331954011,-47.9189340147158,-6.));
#11349=CARTESIAN_POINT('Ctrl Pts',(77.9111648460419,-47.947327148285,-6.));
#11350=CARTESIAN_POINT('Ctrl Pts',(77.890791147313,-47.9766103111659,-5.99999999999999));
#11351=CARTESIAN_POINT('Ctrl Pts',(77.8824742511159,-47.9885642047246,-5.99999999999999));
#11352=CARTESIAN_POINT('Ctrl Pts',(77.8743565155153,-48.0006665183354,-6.));
#11353=CARTESIAN_POINT('Ctrl Pts',(77.8664391445036,-48.0129111177409,-6.));
#11354=CARTESIAN_POINT('Ctrl Pts',(77.8592972584473,-48.02395639194,-6.));
#11355=CARTESIAN_POINT('Ctrl Pts',(77.8523226841515,-48.0351109562087,-6.));
#11356=CARTESIAN_POINT('Ctrl Pts',(77.8455190494467,-48.0463644380865,-6.));
#11357=CARTESIAN_POINT('Ctrl Pts',(77.8177076064312,-48.092365668833,-6.));
#11358=CARTESIAN_POINT('Ctrl Pts',(77.7927319137682,-48.1400440341101,-6.));
#11359=CARTESIAN_POINT('Ctrl Pts',(77.7706294425752,-48.1890747333322,-6.));
#11360=CARTESIAN_POINT('Ctrl Pts',(77.7619697293245,-48.2082848837284,-6.));
#11361=CARTESIAN_POINT('Ctrl Pts',(77.7537514539324,-48.2277030638237,-6.));
#11362=CARTESIAN_POINT('Ctrl Pts',(77.7459784360167,-48.2473112430105,-6.));
#11363=CARTESIAN_POINT('Ctrl Pts',(77.7396940938514,-48.2631640956067,-6.));
#11364=CARTESIAN_POINT('Ctrl Pts',(77.7337008071484,-48.2791411564648,-6.));
#11365=CARTESIAN_POINT('Ctrl Pts',(77.7280010594721,-48.2952332124509,-6.));
#11366=CARTESIAN_POINT('Ctrl Pts',(77.7238668458665,-48.306905307529,-6.));
#11367=CARTESIAN_POINT('Ctrl Pts',(77.7198899066713,-48.3186301062034,-6.));
#11368=CARTESIAN_POINT('Ctrl Pts',(77.7160727924154,-48.3303968831418,-6.));
#11369=CARTESIAN_POINT('Ctrl Pts',(77.6986572585398,-48.384082649048,-6.));
#11370=CARTESIAN_POINT('Ctrl Pts',(77.6845496919085,-48.4386831837792,-6.));
#11371=CARTESIAN_POINT('Ctrl Pts',(77.6737893369497,-48.4938452373115,-6.));
#11372=CARTESIAN_POINT('Ctrl Pts',(77.6631487913057,-48.5483930984808,-6.));
#11373=CARTESIAN_POINT('Ctrl Pts',(77.6557809260532,-48.6034911962839,-6.));
#11374=CARTESIAN_POINT('Ctrl Pts',(77.6517678566146,-48.6588268212829,-6.));
#11375=CARTESIAN_POINT('Ctrl Pts',(77.6497274324373,-48.6869619305409,-6.));
#11376=CARTESIAN_POINT('Ctrl Pts',(77.6485550235685,-48.715158801896,-6.));
#11377=CARTESIAN_POINT('Ctrl Pts',(77.6482664031995,-48.7433777894583,-6.));
#11378=CARTESIAN_POINT('Ctrl Pts',(77.648068826906,-48.7626952166684,-6.));
#11379=CARTESIAN_POINT('Ctrl Pts',(77.6482854778556,-48.7820230248994,-6.));
#11380=CARTESIAN_POINT('Ctrl Pts',(77.648922407366,-48.8013485771707,-6.));
#11381=CARTESIAN_POINT('Ctrl Pts',(77.6493164413849,-48.8133042565724,-6.));
#11382=CARTESIAN_POINT('Ctrl Pts',(77.6498716006883,-48.8252608389031,-6.));
#11383=CARTESIAN_POINT('Ctrl Pts',(77.650587692239,-48.8371931745737,-6.));
#11384=CARTESIAN_POINT('Ctrl Pts',(77.6537867917506,-48.8905002261377,-6.));
#11385=CARTESIAN_POINT('Ctrl Pts',(77.6601968224254,-48.9434203998203,-6.));
#11386=CARTESIAN_POINT('Ctrl Pts',(77.6698697621313,-48.9956824571631,-6.));
#11387=CARTESIAN_POINT('Ctrl Pts',(77.6798078388889,-49.0493770270847,-6.));
#11388=CARTESIAN_POINT('Ctrl Pts',(77.6931890309732,-49.1023779176109,-6.));
#11389=CARTESIAN_POINT('Ctrl Pts',(77.7097624351372,-49.1544888355981,-6.));
#11390=CARTESIAN_POINT('Ctrl Pts',(77.7260724594473,-49.2057716216078,-6.));
#11391=CARTESIAN_POINT('Ctrl Pts',(77.7454745916783,-49.2561932006495,-6.));
#11392=CARTESIAN_POINT('Ctrl Pts',(77.767776192939,-49.3055619888403,-6.));
#11393=CARTESIAN_POINT('Ctrl Pts',(77.7721898267435,-49.3153323972473,-6.));
#11394=CARTESIAN_POINT('Ctrl Pts',(77.7767171572932,-49.3250615375766,-6.));
#11395=CARTESIAN_POINT('Ctrl Pts',(77.7813568832997,-49.3347478663487,-6.));
#11396=CARTESIAN_POINT('Ctrl Pts',(77.7855425219227,-49.3434861995538,-6.));
#11397=CARTESIAN_POINT('Ctrl Pts',(77.7898179425574,-49.3521860357417,-6.));
#11398=CARTESIAN_POINT('Ctrl Pts',(77.7941781870219,-49.3608390973235,-6.));
#11399=CARTESIAN_POINT('Ctrl Pts',(77.8200968955829,-49.4122757044045,-6.));
#11400=CARTESIAN_POINT('Ctrl Pts',(77.8490451023667,-49.4621367087256,-6.));
#11401=CARTESIAN_POINT('Ctrl Pts',(77.8807411754917,-49.5102092211443,-6.));
#11402=CARTESIAN_POINT('Ctrl Pts',(77.9131198110794,-49.5593169562018,-6.));
#11403=CARTESIAN_POINT('Ctrl Pts',(77.9483663402779,-49.606559286391,-6.));
#11404=CARTESIAN_POINT('Ctrl Pts',(77.9862342486445,-49.6516991097913,-6.));
#11405=CARTESIAN_POINT('Ctrl Pts',(78.0253383987461,-49.6983125750168,-6.));
#11406=CARTESIAN_POINT('Ctrl Pts',(78.0672383066802,-49.742685247057,-6.));
#11407=CARTESIAN_POINT('Ctrl Pts',(78.111712890903,-49.7845284805917,-6.));
#11408=CARTESIAN_POINT('Ctrl Pts',(78.1198136580646,-49.7921499636944,-6.));
#11409=CARTESIAN_POINT('Ctrl Pts',(78.1280008778654,-49.7996881157086,-6.));
#11410=CARTESIAN_POINT('Ctrl Pts',(78.1362601964156,-49.8071295871069,-6.));
#11411=CARTESIAN_POINT('Ctrl Pts',(78.1814759950907,-49.8478680657771,-6.));
#11412=CARTESIAN_POINT('Ctrl Pts',(78.2289347204902,-49.8857931511854,-6.));
#11413=CARTESIAN_POINT('Ctrl Pts',(78.2783666228361,-49.9206639743758,-6.));
#11414=CARTESIAN_POINT('Ctrl Pts',(78.327339884031,-49.955211257631,-6.));
#11415=CARTESIAN_POINT('Ctrl Pts',(78.3782506093349,-49.9867616108467,-6.));
#11416=CARTESIAN_POINT('Ctrl Pts',(78.4308782890432,-50.0150532387967,-6.));
#11417=CARTESIAN_POINT('Ctrl Pts',(78.4752440357743,-50.0389034105543,-6.));
#11418=CARTESIAN_POINT('Ctrl Pts',(78.5208308889899,-50.0604375476203,-6.));
#11419=CARTESIAN_POINT('Ctrl Pts',(78.5675244771855,-50.0794760338054,-6.));
#11420=CARTESIAN_POINT('Ctrl Pts',(78.5843748598912,-50.0863464798507,-6.));
#11421=CARTESIAN_POINT('Ctrl Pts',(78.6013695019816,-50.0928916868115,-6.));
#11422=CARTESIAN_POINT('Ctrl Pts',(78.6185000824876,-50.0991134566215,-6.));
#11423=CARTESIAN_POINT('Ctrl Pts',(77.7547744470969,-48.605055452085,-0.4434196736194));
#11424=CARTESIAN_POINT('Ctrl Pts',(77.7538152905502,-48.4581762155321,-0.452641134986212));
#11425=CARTESIAN_POINT('Ctrl Pts',(77.7775008851313,-48.3115960771817,-0.461862596353023));
#11426=CARTESIAN_POINT('Ctrl Pts',(77.8271985734692,-48.1744421972216,-0.471084057719834));
#11427=CARTESIAN_POINT('Ctrl Pts',(77.9690903184386,-47.7828544995298,-0.497412228873549));
#11428=CARTESIAN_POINT('Ctrl Pts',(78.323021769481,-47.4681057167351,-0.523740400027264));
#11429=CARTESIAN_POINT('Ctrl Pts',(78.7284979580173,-47.3729080210418,-0.550068571180979));
#11430=CARTESIAN_POINT('Ctrl Pts',(79.1339741465536,-47.2777103253485,-0.576396742334694));
#11431=CARTESIAN_POINT('Ctrl Pts',(79.590995072584,-47.4020637167566,-0.602724913488409));
#11432=CARTESIAN_POINT('Ctrl Pts',(79.892331578865,-47.6895851943217,-0.629053084642123));
#11433=CARTESIAN_POINT('Ctrl Pts',(80.1936680851461,-47.9771066718867,-0.655381255795839));
#11434=CARTESIAN_POINT('Ctrl Pts',(80.3393201716779,-48.4277962356087,-0.681709426949555));
#11435=CARTESIAN_POINT('Ctrl Pts',(80.2632411703236,-48.8372899610041,-0.70803759810327));
#11436=CARTESIAN_POINT('Ctrl Pts',(80.1871621689692,-49.2467836863995,-0.734365769256985));
#11437=CARTESIAN_POINT('Ctrl Pts',(79.8893520797288,-49.6150815734683,-0.760693940410698));
#11438=CARTESIAN_POINT('Ctrl Pts',(79.5048515940301,-49.7751826549791,-0.787022111564413));
#11439=CARTESIAN_POINT('Ctrl Pts',(79.1203511083315,-49.9352837364898,-0.813350282718128));
#11440=CARTESIAN_POINT('Ctrl Pts',(78.6491602261747,-49.8871880124425,-0.839678453871846));
#11441=CARTESIAN_POINT('Ctrl Pts',(78.3049365609892,-49.6527036364728,-0.866006625025561));
#11442=CARTESIAN_POINT('Ctrl Pts',(77.9675615218523,-49.4228845289541,-0.891810974556841));
#11443=CARTESIAN_POINT('Ctrl Pts',(77.7521517149661,-49.0140197137095,-0.917615324088121));
#11444=CARTESIAN_POINT('Ctrl Pts',(77.7514568784621,-48.6057854576488,-0.943419673619401));
#11445=CARTESIAN_POINT('Origin',(79.0179919316802,-48.6059364935562,0.));
#11446=CARTESIAN_POINT('Origin',(79.0179919316802,-48.6059364935562,-6.));
#11447=CARTESIAN_POINT('Origin',(78.422,-130.747,0.));
#11448=CARTESIAN_POINT('',(80.422,-126.747,0.));
#11449=CARTESIAN_POINT('',(82.422,-128.747,0.));
#11450=CARTESIAN_POINT('Origin',(80.422,-128.747,0.));
#11451=CARTESIAN_POINT('',(73.422,-126.747,0.));
#11452=CARTESIAN_POINT('',(94.6149725626708,-126.747,0.));
#11453=CARTESIAN_POINT('',(71.422,-128.747,0.));
#11454=CARTESIAN_POINT('Origin',(73.422,-128.747,0.));
#11455=CARTESIAN_POINT('',(71.4219826012339,-135.747,0.));
#11456=CARTESIAN_POINT('',(71.422,-65.3337179467124,0.));
#11457=CARTESIAN_POINT('',(73.4219826012339,-137.747,0.));
#11458=CARTESIAN_POINT('Origin',(73.4219826012339,-135.747,0.));
#11459=CARTESIAN_POINT('',(80.422,-137.747,0.));
#11460=CARTESIAN_POINT('',(131.000972562671,-137.747,0.));
#11461=CARTESIAN_POINT('',(82.422,-135.747,0.));
#11462=CARTESIAN_POINT('Origin',(80.422,-135.747,0.));
#11463=CARTESIAN_POINT('',(82.422,-108.109217946712,0.));
#11464=CARTESIAN_POINT('Origin',(147.194,-126.747,0.));
#11465=CARTESIAN_POINT('',(156.194,-126.747,0.));
#11466=CARTESIAN_POINT('',(149.194,-126.747,0.));
#11467=CARTESIAN_POINT('',(131.000972562671,-126.747,0.));
#11468=CARTESIAN_POINT('',(156.194,-126.747,-8.));
#11469=CARTESIAN_POINT('',(156.194,-126.747,-4.));
#11470=CARTESIAN_POINT('',(149.194,-126.747,-8.));
#11471=CARTESIAN_POINT('',(147.194,-126.747,-8.));
#11472=CARTESIAN_POINT('',(149.194,-126.747,0.));
#11473=CARTESIAN_POINT('Origin',(151.194,-130.747,0.));
#11474=CARTESIAN_POINT('',(147.194,-128.747,0.));
#11475=CARTESIAN_POINT('Origin',(149.194,-128.747,0.));
#11476=CARTESIAN_POINT('',(147.194,-135.747,0.));
#11477=CARTESIAN_POINT('',(147.194,-112.109217946712,0.));
#11478=CARTESIAN_POINT('',(149.194,-137.747,0.));
#11479=CARTESIAN_POINT('Origin',(149.194,-135.747,0.));
#11480=CARTESIAN_POINT('',(156.194,-137.747,0.));
#11481=CARTESIAN_POINT('',(131.000972562671,-137.747,0.));
#11482=CARTESIAN_POINT('',(158.194,-135.747,0.));
#11483=CARTESIAN_POINT('Origin',(156.194,-135.747,0.));
#11484=CARTESIAN_POINT('',(158.194,-128.747,0.));
#11485=CARTESIAN_POINT('',(158.194,-70.8337179467124,0.));
#11486=CARTESIAN_POINT('Origin',(156.194,-128.747,0.));
#11487=CARTESIAN_POINT('Origin',(149.194,-128.747,0.));
#11488=CARTESIAN_POINT('',(147.194,-128.747,-8.));
#11489=CARTESIAN_POINT('Origin',(149.194,-128.747,-8.));
#11490=CARTESIAN_POINT('',(147.194,-128.747,0.));
#11491=CARTESIAN_POINT('Origin',(80.422,-128.747,0.));
#11492=CARTESIAN_POINT('',(82.422,-128.747,-8.));
#11493=CARTESIAN_POINT('',(80.422,-126.747,-8.));
#11494=CARTESIAN_POINT('Origin',(80.422,-128.747,-8.));
#11495=CARTESIAN_POINT('',(80.422,-126.747,0.));
#11496=CARTESIAN_POINT('',(82.422,-128.747,0.));
#11497=CARTESIAN_POINT('Origin',(78.422,-48.196,0.));
#11498=CARTESIAN_POINT('',(82.422,-50.196,0.));
#11499=CARTESIAN_POINT('',(80.422,-52.196,0.));
#11500=CARTESIAN_POINT('Origin',(80.422,-50.196,0.));
#11501=CARTESIAN_POINT('',(82.422,-43.196,0.));
#11502=CARTESIAN_POINT('',(82.422,-66.8337179467124,0.));
#11503=CARTESIAN_POINT('',(80.422,-41.196,0.));
#11504=CARTESIAN_POINT('Origin',(80.422,-43.196,0.));
#11505=CARTESIAN_POINT('',(73.4219826012339,-41.1960641060752,0.));
#11506=CARTESIAN_POINT('',(98.6149725626708,-41.196,0.));
#11507=CARTESIAN_POINT('',(71.4219826012339,-43.1960641060752,0.));
#11508=CARTESIAN_POINT('Origin',(73.4219826012339,-43.1960641060752,0.));
#11509=CARTESIAN_POINT('',(71.422,-50.196,0.));
#11510=CARTESIAN_POINT('',(71.422,-65.3337179467124,0.));
#11511=CARTESIAN_POINT('',(73.422,-52.196,0.));
#11512=CARTESIAN_POINT('Origin',(73.422,-50.196,0.));
#11513=CARTESIAN_POINT('',(98.6149725626708,-52.196,0.));
#11514=CARTESIAN_POINT('Origin',(80.422,-50.196,0.));
#11515=CARTESIAN_POINT('',(80.422,-52.196,-8.));
#11516=CARTESIAN_POINT('',(80.422,-52.196,0.));
#11517=CARTESIAN_POINT('',(82.422,-50.196,-8.));
#11518=CARTESIAN_POINT('Origin',(80.422,-50.196,-8.));
#11519=CARTESIAN_POINT('',(82.422,-50.196,0.));
#11520=CARTESIAN_POINT('Origin',(151.194,-48.196,0.));
#11521=CARTESIAN_POINT('',(149.194,-52.196,0.));
#11522=CARTESIAN_POINT('',(147.194,-50.196,0.));
#11523=CARTESIAN_POINT('Origin',(149.194,-50.196,0.));
#11524=CARTESIAN_POINT('',(156.194,-52.196,0.));
#11525=CARTESIAN_POINT('',(135.000972562671,-52.196,0.));
#11526=CARTESIAN_POINT('',(158.194,-50.196,0.));
#11527=CARTESIAN_POINT('Origin',(156.194,-50.196,0.));
#11528=CARTESIAN_POINT('',(158.194,-43.1960641060752,0.));
#11529=CARTESIAN_POINT('',(158.194,-70.8337179467124,0.));
#11530=CARTESIAN_POINT('',(156.194,-41.1960641060752,0.));
#11531=CARTESIAN_POINT('Origin',(156.194,-43.1960641060752,0.));
#11532=CARTESIAN_POINT('',(149.194,-41.196,0.));
#11533=CARTESIAN_POINT('',(98.6149725626708,-41.196,0.));
#11534=CARTESIAN_POINT('',(147.194,-43.196,0.));
#11535=CARTESIAN_POINT('Origin',(149.194,-43.196,0.));
#11536=CARTESIAN_POINT('',(147.194,-70.8337179467124,0.));
#11537=CARTESIAN_POINT('Origin',(149.194,-50.196,0.));
#11538=CARTESIAN_POINT('',(147.194,-50.196,-8.));
#11539=CARTESIAN_POINT('',(147.194,-50.196,0.));
#11540=CARTESIAN_POINT('',(149.194,-52.196,-8.));
#11541=CARTESIAN_POINT('Origin',(149.194,-50.196,-8.));
#11542=CARTESIAN_POINT('',(149.194,-52.196,0.));
#11543=CARTESIAN_POINT('Origin',(71.4219518180504,-41.1960359021943,-8.));
#11544=CARTESIAN_POINT('',(156.194,-41.1960641060752,-8.));
#11545=CARTESIAN_POINT('',(156.194,-41.1960359021943,-11.));
#11546=CARTESIAN_POINT('',(156.194,-41.1960641060752,11.));
#11547=CARTESIAN_POINT('',(73.4219826012339,-41.1960359021943,-11.));
#11548=CARTESIAN_POINT('',(71.4219518180504,-41.1960359021943,-11.));
#11549=CARTESIAN_POINT('',(73.4219826012339,-41.1960320530376,-8.));
#11550=CARTESIAN_POINT('',(73.4219826012339,-41.1960641060752,11.));
#11551=CARTESIAN_POINT('',(80.422,-41.196,-8.));
#11552=CARTESIAN_POINT('',(98.6149879545126,-41.196,-8.));
#11553=CARTESIAN_POINT('',(80.433983634183,-41.1960359021943,-8.));
#11554=CARTESIAN_POINT('Origin',(80.422,-43.196,-8.));
#11555=CARTESIAN_POINT('',(149.182016365819,-41.1960359021943,-8.));
#11556=CARTESIAN_POINT('',(74.9219759090252,-41.1960359021943,-8.));
#11557=CARTESIAN_POINT('',(149.194,-41.196,-8.));
#11558=CARTESIAN_POINT('Origin',(149.194,-43.196,-8.));
#11559=CARTESIAN_POINT('',(111.307975909025,-41.1960359021943,-8.));
#11560=CARTESIAN_POINT('Origin',(114.807975909025,-89.4715179510972,-8.));
#11561=CARTESIAN_POINT('',(71.422,-50.196,-8.));
#11562=CARTESIAN_POINT('',(73.422,-52.196,-8.));
#11563=CARTESIAN_POINT('Origin',(73.422,-50.196,-8.));
#11564=CARTESIAN_POINT('',(71.422,-128.747,-8.));
#11565=CARTESIAN_POINT('',(71.4219518180504,-92.9715,-8.));
#11566=CARTESIAN_POINT('',(73.422,-126.747,-8.));
#11567=CARTESIAN_POINT('Origin',(73.422,-128.747,-8.));
#11568=CARTESIAN_POINT('',(82.422,-126.747,-8.));
#11569=CARTESIAN_POINT('',(82.422,-135.747,-8.));
#11570=CARTESIAN_POINT('',(82.422,-134.747,-8.));
#11571=CARTESIAN_POINT('',(80.422,-137.747,-8.));
#11572=CARTESIAN_POINT('Origin',(80.422,-135.747,-8.));
#11573=CARTESIAN_POINT('',(149.194,-137.747,-8.));
#11574=CARTESIAN_POINT('',(158.194,-137.747,-8.));
#11575=CARTESIAN_POINT('',(147.194,-135.747,-8.));
#11576=CARTESIAN_POINT('Origin',(149.194,-135.747,-8.));
#11577=CARTESIAN_POINT('',(147.194,-137.747,-8.));
#11578=CARTESIAN_POINT('',(158.194,-128.747,-8.));
#11579=CARTESIAN_POINT('Origin',(156.194,-128.747,-8.));
#11580=CARTESIAN_POINT('',(158.194,-50.196,-8.));
#11581=CARTESIAN_POINT('',(158.194,-41.1960359021943,-8.));
#11582=CARTESIAN_POINT('',(156.194,-52.196,-8.));
#11583=CARTESIAN_POINT('Origin',(156.194,-50.196,-8.));
#11584=CARTESIAN_POINT('',(147.194,-52.196,-8.));
#11585=CARTESIAN_POINT('',(147.194,-43.196,-8.));
#11586=CARTESIAN_POINT('',(147.194,-44.196,-8.));
#11587=CARTESIAN_POINT('Origin',(149.194,-43.196,-8.));
#11588=CARTESIAN_POINT('',(82.422,-43.196,-8.));
#11589=CARTESIAN_POINT('Origin',(80.422,-43.196,-8.));
#11590=CARTESIAN_POINT('',(82.422,-41.196,-8.));
#11591=CARTESIAN_POINT('',(82.422,-52.196,-8.));
#11592=CARTESIAN_POINT('Origin',(80.422,-135.747,-4.));
#11593=CARTESIAN_POINT('',(80.422,-137.747,-4.));
#11594=CARTESIAN_POINT('',(82.422,-135.747,-4.));
#11595=CARTESIAN_POINT('Origin',(82.422,-126.747,0.));
#11596=CARTESIAN_POINT('Origin',(149.194,-43.196,-4.));
#11597=CARTESIAN_POINT('',(149.194,-41.196,-4.));
#11598=CARTESIAN_POINT('',(147.194,-43.196,-4.));
#11599=CARTESIAN_POINT('Origin',(73.422,-50.196,-4.));
#11600=CARTESIAN_POINT('',(71.422,-50.196,-4.));
#11601=CARTESIAN_POINT('',(73.422,-52.196,-4.));
#11602=CARTESIAN_POINT('Origin',(156.194,-128.747,-4.));
#11603=CARTESIAN_POINT('',(158.194,-128.747,-4.));
#11604=CARTESIAN_POINT('Origin',(156.194,-135.747,-8.));
#11605=CARTESIAN_POINT('',(156.194,-137.747,-11.));
#11606=CARTESIAN_POINT('',(156.194,-137.747,-8.));
#11607=CARTESIAN_POINT('',(158.194,-135.747,-11.));
#11608=CARTESIAN_POINT('Origin',(156.194,-135.747,-11.));
#11609=CARTESIAN_POINT('',(158.194,-135.747,-8.));
#11610=CARTESIAN_POINT('Origin',(71.422,-41.196,-8.));
#11611=CARTESIAN_POINT('',(71.422,-43.1960641060752,-8.));
#11612=CARTESIAN_POINT('',(71.4219826012339,-43.1960641060752,11.));
#11613=CARTESIAN_POINT('',(71.422,-44.696,-8.));
#11614=CARTESIAN_POINT('Origin',(71.4219518180504,-137.747,-8.));
#11615=CARTESIAN_POINT('',(71.4219518180504,-43.1960641060752,-11.));
#11616=CARTESIAN_POINT('',(71.4219826012339,-43.1960641060752,11.));
#11617=CARTESIAN_POINT('',(71.4219518180504,-135.747,-11.));
#11618=CARTESIAN_POINT('',(71.4219518180504,-137.747,-11.));
#11619=CARTESIAN_POINT('',(71.422,-135.747,-8.));
#11620=CARTESIAN_POINT('',(71.4219826012339,-135.747,11.));
#11621=CARTESIAN_POINT('',(71.422,-126.747,-8.));
#11622=CARTESIAN_POINT('Origin',(114.807975909025,-89.4715179510972,-11.));
#11623=CARTESIAN_POINT('',(158.194,-43.1960641060752,-11.));
#11624=CARTESIAN_POINT('Origin',(156.194,-43.1960641060752,-11.));
#11625=CARTESIAN_POINT('',(158.194,-41.1960359021943,-11.));
#11626=CARTESIAN_POINT('',(73.4219826012339,-137.747,-11.));
#11627=CARTESIAN_POINT('',(158.194,-137.747,-11.));
#11628=CARTESIAN_POINT('Origin',(73.4219826012339,-135.747,-11.));
#11629=CARTESIAN_POINT('Origin',(73.4219826012339,-43.1960641060752,-11.));
#11630=CARTESIAN_POINT('Origin',(82.422,-41.196,-8.));
#11631=CARTESIAN_POINT('',(80.422,-41.196,-4.));
#11632=CARTESIAN_POINT('',(73.4219826012339,-41.1960641060752,11.));
#11633=CARTESIAN_POINT('Origin',(158.194,-52.196,-8.));
#11634=CARTESIAN_POINT('',(158.194,-50.196,-4.));
#11635=CARTESIAN_POINT('',(158.194,-43.1960641060752,11.));
#11636=CARTESIAN_POINT('Origin',(73.4219826012339,-43.1960641060752,11.));
#11637=CARTESIAN_POINT('Origin',(156.194,-43.1960641060752,11.));
#11638=CARTESIAN_POINT('',(156.194,-41.1960641060752,11.));
#11639=CARTESIAN_POINT('Origin',(147.194,-134.747,0.));
#11640=CARTESIAN_POINT('',(147.194,-135.747,-4.));
#11641=CARTESIAN_POINT('Origin',(149.194,-135.747,-4.));
#11642=CARTESIAN_POINT('',(149.194,-137.747,-4.));
#11643=CARTESIAN_POINT('Origin',(147.194,-137.747,-8.));
#11644=CARTESIAN_POINT('',(73.4219826012339,-137.747,11.));
#11645=CARTESIAN_POINT('Origin',(74.422,-126.747,0.));
#11646=CARTESIAN_POINT('',(73.422,-126.747,-4.));
#11647=CARTESIAN_POINT('Origin',(73.422,-128.747,-4.));
#11648=CARTESIAN_POINT('',(71.422,-128.747,-4.));
#11649=CARTESIAN_POINT('Origin',(71.422,-41.196,-8.));
#11650=CARTESIAN_POINT('',(71.4219826012339,-135.747,11.));
#11651=CARTESIAN_POINT('Origin',(73.4219826012339,-135.747,11.));
#11652=CARTESIAN_POINT('Origin',(147.194,-52.196,0.));
#11653=CARTESIAN_POINT('Origin',(82.422,-41.196,-8.));
#11654=CARTESIAN_POINT('Origin',(155.194,-52.196,0.));
#11655=CARTESIAN_POINT('',(156.194,-52.196,-4.));
#11656=CARTESIAN_POINT('Origin',(156.194,-50.196,-4.));
#11657=CARTESIAN_POINT('Origin',(82.422,-52.196,0.));
#11658=CARTESIAN_POINT('Origin',(82.422,-44.196,0.));
#11659=CARTESIAN_POINT('',(82.422,-43.196,-4.));
#11660=CARTESIAN_POINT('Origin',(80.422,-43.196,-4.));
#11661=UNCERTAINTY_MEASURE_WITH_UNIT(LENGTH_MEASURE(0.01),#11665,
'DISTANCE_ACCURACY_VALUE',
'Maximum model space distance between geometric entities at asserted c
onnectivities');
#11662=UNCERTAINTY_MEASURE_WITH_UNIT(LENGTH_MEASURE(0.01),#11665,
'DISTANCE_ACCURACY_VALUE',
'Maximum model space distance between geometric entities at asserted c
onnectivities');
#11663=(
GEOMETRIC_REPRESENTATION_CONTEXT(3)
GLOBAL_UNCERTAINTY_ASSIGNED_CONTEXT((#11661))
GLOBAL_UNIT_ASSIGNED_CONTEXT((#11665,#11667,#11668))
REPRESENTATION_CONTEXT('','3D')
);
#11664=(
GEOMETRIC_REPRESENTATION_CONTEXT(3)
GLOBAL_UNCERTAINTY_ASSIGNED_CONTEXT((#11662))
GLOBAL_UNIT_ASSIGNED_CONTEXT((#11665,#11667,#11668))
REPRESENTATION_CONTEXT('','3D')
);
#11665=(
LENGTH_UNIT()
NAMED_UNIT(*)
SI_UNIT(.MILLI.,.METRE.)
);
#11666=(
LENGTH_UNIT()
NAMED_UNIT(*)
SI_UNIT($,.METRE.)
);
#11667=(
NAMED_UNIT(*)
PLANE_ANGLE_UNIT()
SI_UNIT($,.RADIAN.)
);
#11668=(
NAMED_UNIT(*)
SI_UNIT($,.STERADIAN.)
SOLID_ANGLE_UNIT()
);
#11669=SHAPE_DEFINITION_REPRESENTATION(#11670,#11671);
#11670=PRODUCT_DEFINITION_SHAPE('',$,#11673);
#11671=SHAPE_REPRESENTATION('',(#3046),#11663);
#11672=PRODUCT_DEFINITION_CONTEXT('part definition',#11677,'design');
#11673=PRODUCT_DEFINITION('lower_part','lower_part',#11674,#11672);
#11674=PRODUCT_DEFINITION_FORMATION('',$,#11679);
#11675=PRODUCT_RELATED_PRODUCT_CATEGORY('lower_part','lower_part',(#11679));
#11676=APPLICATION_PROTOCOL_DEFINITION('international standard',
'automotive_design',2009,#11677);
#11677=APPLICATION_CONTEXT(
'Core Data for Automotive Mechanical Design Process');
#11678=PRODUCT_CONTEXT('part definition',#11677,'mechanical');
#11679=PRODUCT('lower_part','lower_part',$,(#11678));
#11680=PRESENTATION_STYLE_ASSIGNMENT((#11681));
#11681=SURFACE_STYLE_USAGE(.BOTH.,#11682);
#11682=SURFACE_SIDE_STYLE('',(#11683));
#11683=SURFACE_STYLE_FILL_AREA(#11684);
#11684=FILL_AREA_STYLE('Steel - Satin',(#11685));
#11685=FILL_AREA_STYLE_COLOUR('Steel - Satin',#11686);
#11686=COLOUR_RGB('Steel - Satin',0.627450980392157,0.627450980392157,0.627450980392157);
ENDSEC;
END-ISO-10303-21;
