ISO-10303-21;
HEADER;
/* Generated by software containing ST-Developer
 * from STEP Tools, Inc. (www.steptools.com) 
 */

FILE_DESCRIPTION(
/* description */ (''),
/* implementation_level */ '2;1');

FILE_NAME(
/* name */ 'Upper_Part.step',
/* time_stamp */ '2026-03-30T16:00:44+02:00',
/* author */ (''),
/* organization */ (''),
/* preprocessor_version */ 'ST-DEVELOPER v20.1',
/* originating_system */ 'Autodesk Translation Framework v14.24.0.0',
/* authorisation */ '');

FILE_SCHEMA (('AUTOMOTIVE_DESIGN { 1 0 10303 214 3 1 1 }'));
ENDSEC;

DATA;
#10=MECHANICAL_DESIGN_GEOMETRIC_PRESENTATION_REPRESENTATION('',(#13),#10291);
#11=SHAPE_REPRESENTATION_RELATIONSHIP('SRR','None',#10298,#12);
#12=ADVANCED_BREP_SHAPE_REPRESENTATION('',(#14),#10290);
#13=STYLED_ITEM('',(#10307),#14);
#14=MANIFOLD_SOLID_BREP('upper_part',#3263);
#15=B_SPLINE_SURFACE_WITH_KNOTS('',3,3,((#7063,#7064,#7065,#7066,#7067,
#7068,#7069,#7070,#7071,#7072,#7073,#7074,#7075,#7076,#7077,#7078,#7079,
#7080,#7081,#7082,#7083,#7084,#7085,#7086,#7087,#7088,#7089,#7090,#7091,
#7092,#7093,#7094,#7095,#7096,#7097,#7098,#7099,#7100,#7101,#7102,#7103,
#7104,#7105,#7106,#7107,#7108,#7109,#7110,#7111,#7112,#7113,#7114,#7115,
#7116,#7117,#7118),(#7119,#7120,#7121,#7122,#7123,#7124,#7125,#7126,#7127,
#7128,#7129,#7130,#7131,#7132,#7133,#7134,#7135,#7136,#7137,#7138,#7139,
#7140,#7141,#7142,#7143,#7144,#7145,#7146,#7147,#7148,#7149,#7150,#7151,
#7152,#7153,#7154,#7155,#7156,#7157,#7158,#7159,#7160,#7161,#7162,#7163,
#7164,#7165,#7166,#7167,#7168,#7169,#7170,#7171,#7172,#7173,#7174),(#7175,
#7176,#7177,#7178,#7179,#7180,#7181,#7182,#7183,#7184,#7185,#7186,#7187,
#7188,#7189,#7190,#7191,#7192,#7193,#7194,#7195,#7196,#7197,#7198,#7199,
#7200,#7201,#7202,#7203,#7204,#7205,#7206,#7207,#7208,#7209,#7210,#7211,
#7212,#7213,#7214,#7215,#7216,#7217,#7218,#7219,#7220,#7221,#7222,#7223,
#7224,#7225,#7226,#7227,#7228,#7229,#7230),(#7231,#7232,#7233,#7234,#7235,
#7236,#7237,#7238,#7239,#7240,#7241,#7242,#7243,#7244,#7245,#7246,#7247,
#7248,#7249,#7250,#7251,#7252,#7253,#7254,#7255,#7256,#7257,#7258,#7259,
#7260,#7261,#7262,#7263,#7264,#7265,#7266,#7267,#7268,#7269,#7270,#7271,
#7272,#7273,#7274,#7275,#7276,#7277,#7278,#7279,#7280,#7281,#7282,#7283,
#7284,#7285,#7286)),.UNSPECIFIED.,.F.,.F.,.F.,(4,4),(4,1,1,1,1,1,1,1,1,
1,1,1,1,1,1,1,1,1,1,1,1,1,1,1,1,1,1,1,1,1,1,1,1,1,1,1,1,1,1,1,1,1,1,1,1,
1,1,1,1,1,1,1,1,4),(0.,0.0321584099938621),(11.8553612635793,12.8418906022434,
13.8284199409074,14.8149492795714,15.8014786182355,16.7880079568995,17.7745372955635,
18.7610666342275,19.7475959728916,20.7341253115556,21.7206546502196,22.7071839888837,
23.6937133275477,24.6802426662117,25.6667720048758,26.6533013435398,27.6398306822038,
28.6263600208678,29.6128893595319,30.5994186981959,31.5859480368599,32.572477375524,
33.559006714188,34.545536052852,35.5320653915161,36.5185947301801,37.5051240688441,
38.4916534075082,39.4781827461722,40.4647120848362,41.4512414235002,42.4377707621643,
43.4243001008283,44.4108294394923,45.3973587781564,46.3838881168204,47.3704174554844,
48.3569467941484,49.3434761328125,50.3300054714765,51.3165348101405,52.3030641488046,
53.2895934874686,54.2761228261326,55.2626521647967,56.2491815034607,57.2357108421247,
58.2222401807888,59.2087695194528,60.1952988581168,61.1818281967808,62.1683575354449,
63.1548868741089,64.1414162127729),.UNSPECIFIED.);
#16=B_SPLINE_SURFACE_WITH_KNOTS('',3,3,((#7473,#7474,#7475,#7476,#7477,
#7478,#7479,#7480,#7481,#7482,#7483,#7484,#7485,#7486,#7487,#7488,#7489,
#7490,#7491,#7492,#7493,#7494,#7495,#7496,#7497,#7498,#7499,#7500,#7501,
#7502,#7503,#7504,#7505,#7506,#7507,#7508,#7509,#7510,#7511,#7512,#7513,
#7514,#7515,#7516,#7517,#7518,#7519,#7520,#7521,#7522,#7523,#7524,#7525,
#7526,#7527,#7528),(#7529,#7530,#7531,#7532,#7533,#7534,#7535,#7536,#7537,
#7538,#7539,#7540,#7541,#7542,#7543,#7544,#7545,#7546,#7547,#7548,#7549,
#7550,#7551,#7552,#7553,#7554,#7555,#7556,#7557,#7558,#7559,#7560,#7561,
#7562,#7563,#7564,#7565,#7566,#7567,#7568,#7569,#7570,#7571,#7572,#7573,
#7574,#7575,#7576,#7577,#7578,#7579,#7580,#7581,#7582,#7583,#7584),(#7585,
#7586,#7587,#7588,#7589,#7590,#7591,#7592,#7593,#7594,#7595,#7596,#7597,
#7598,#7599,#7600,#7601,#7602,#7603,#7604,#7605,#7606,#7607,#7608,#7609,
#7610,#7611,#7612,#7613,#7614,#7615,#7616,#7617,#7618,#7619,#7620,#7621,
#7622,#7623,#7624,#7625,#7626,#7627,#7628,#7629,#7630,#7631,#7632,#7633,
#7634,#7635,#7636,#7637,#7638,#7639,#7640),(#7641,#7642,#7643,#7644,#7645,
#7646,#7647,#7648,#7649,#7650,#7651,#7652,#7653,#7654,#7655,#7656,#7657,
#7658,#7659,#7660,#7661,#7662,#7663,#7664,#7665,#7666,#7667,#7668,#7669,
#7670,#7671,#7672,#7673,#7674,#7675,#7676,#7677,#7678,#7679,#7680,#7681,
#7682,#7683,#7684,#7685,#7686,#7687,#7688,#7689,#7690,#7691,#7692,#7693,
#7694,#7695,#7696)),.UNSPECIFIED.,.F.,.F.,.F.,(4,4),(4,1,1,1,1,1,1,1,1,
1,1,1,1,1,1,1,1,1,1,1,1,1,1,1,1,1,1,1,1,1,1,1,1,1,1,1,1,1,1,1,1,1,1,1,1,
1,1,1,1,1,1,1,1,4),(0.,0.0321584099938621),(14.3984001269718,15.3849294656359,
16.3714588042999,17.3579881429639,18.344517481628,19.331046820292,20.317576158956,
21.30410549762,22.2906348362841,23.2771641749481,24.2636935136121,25.2502228522762,
26.2367521909402,27.2232815296042,28.2098108682683,29.1963402069323,30.1828695455963,
31.1693988842604,32.1559282229244,33.1424575615884,34.1289869002524,35.1155162389165,
36.1020455775805,37.0885749162445,38.0751042549086,39.0616335935726,40.0481629322366,
41.0346922709007,42.0212216095647,43.0077509482287,43.9942802868928,44.9808096255568,
45.9673389642208,46.9538683028848,47.9403976415489,48.9269269802129,49.9134563188769,
50.899985657541,51.886514996205,52.873044334869,53.8595736735331,54.8461030121971,
55.8326323508611,56.8191616895251,57.8056910281892,58.7922203668532,59.7787497055172,
60.7652790441813,61.7518083828453,62.7383377215093,63.7248670601734,64.7113963988374,
65.6979257375014,66.6844550761654),.UNSPECIFIED.);
#17=B_SPLINE_SURFACE_WITH_KNOTS('',3,3,((#7908,#7909,#7910,#7911,#7912,
#7913,#7914,#7915,#7916,#7917,#7918,#7919,#7920,#7921,#7922,#7923,#7924,
#7925,#7926,#7927,#7928,#7929,#7930,#7931,#7932,#7933,#7934,#7935,#7936,
#7937,#7938,#7939,#7940,#7941,#7942,#7943,#7944,#7945,#7946,#7947,#7948,
#7949,#7950,#7951,#7952,#7953,#7954,#7955,#7956,#7957,#7958,#7959,#7960,
#7961,#7962,#7963),(#7964,#7965,#7966,#7967,#7968,#7969,#7970,#7971,#7972,
#7973,#7974,#7975,#7976,#7977,#7978,#7979,#7980,#7981,#7982,#7983,#7984,
#7985,#7986,#7987,#7988,#7989,#7990,#7991,#7992,#7993,#7994,#7995,#7996,
#7997,#7998,#7999,#8000,#8001,#8002,#8003,#8004,#8005,#8006,#8007,#8008,
#8009,#8010,#8011,#8012,#8013,#8014,#8015,#8016,#8017,#8018,#8019),(#8020,
#8021,#8022,#8023,#8024,#8025,#8026,#8027,#8028,#8029,#8030,#8031,#8032,
#8033,#8034,#8035,#8036,#8037,#8038,#8039,#8040,#8041,#8042,#8043,#8044,
#8045,#8046,#8047,#8048,#8049,#8050,#8051,#8052,#8053,#8054,#8055,#8056,
#8057,#8058,#8059,#8060,#8061,#8062,#8063,#8064,#8065,#8066,#8067,#8068,
#8069,#8070,#8071,#8072,#8073,#8074,#8075),(#8076,#8077,#8078,#8079,#8080,
#8081,#8082,#8083,#8084,#8085,#8086,#8087,#8088,#8089,#8090,#8091,#8092,
#8093,#8094,#8095,#8096,#8097,#8098,#8099,#8100,#8101,#8102,#8103,#8104,
#8105,#8106,#8107,#8108,#8109,#8110,#8111,#8112,#8113,#8114,#8115,#8116,
#8117,#8118,#8119,#8120,#8121,#8122,#8123,#8124,#8125,#8126,#8127,#8128,
#8129,#8130,#8131)),.UNSPECIFIED.,.F.,.F.,.F.,(4,4),(4,1,1,1,1,1,1,1,1,
1,1,1,1,1,1,1,1,1,1,1,1,1,1,1,1,1,1,1,1,1,1,1,1,1,1,1,1,1,1,1,1,1,1,1,1,
1,1,1,1,1,1,1,1,4),(0.,0.0321584099938629),(11.8553612635793,12.8418906022434,
13.8284199409074,14.8149492795714,15.8014786182354,16.7880079568995,17.7745372955635,
18.7610666342275,19.7475959728916,20.7341253115556,21.7206546502196,22.7071839888837,
23.6937133275477,24.6802426662117,25.6667720048758,26.6533013435398,27.6398306822038,
28.6263600208678,29.6128893595319,30.5994186981959,31.5859480368599,32.572477375524,
33.559006714188,34.545536052852,35.5320653915161,36.5185947301801,37.5051240688441,
38.4916534075082,39.4781827461722,40.4647120848362,41.4512414235002,42.4377707621643,
43.4243001008283,44.4108294394923,45.3973587781564,46.3838881168204,47.3704174554844,
48.3569467941485,49.3434761328125,50.3300054714765,51.3165348101405,52.3030641488046,
53.2895934874686,54.2761228261326,55.2626521647967,56.2491815034607,57.2357108421247,
58.2222401807888,59.2087695194528,60.1952988581168,61.1818281967808,62.1683575354449,
63.1548868741089,64.1414162127729),.UNSPECIFIED.);
#18=B_SPLINE_SURFACE_WITH_KNOTS('',3,3,((#8236,#8237,#8238,#8239,#8240,
#8241,#8242,#8243,#8244,#8245,#8246,#8247,#8248,#8249,#8250,#8251,#8252,
#8253,#8254,#8255,#8256,#8257,#8258,#8259,#8260,#8261,#8262,#8263,#8264,
#8265,#8266,#8267,#8268,#8269,#8270,#8271,#8272,#8273,#8274,#8275,#8276,
#8277,#8278,#8279,#8280,#8281,#8282,#8283,#8284,#8285,#8286,#8287,#8288,
#8289,#8290,#8291),(#8292,#8293,#8294,#8295,#8296,#8297,#8298,#8299,#8300,
#8301,#8302,#8303,#8304,#8305,#8306,#8307,#8308,#8309,#8310,#8311,#8312,
#8313,#8314,#8315,#8316,#8317,#8318,#8319,#8320,#8321,#8322,#8323,#8324,
#8325,#8326,#8327,#8328,#8329,#8330,#8331,#8332,#8333,#8334,#8335,#8336,
#8337,#8338,#8339,#8340,#8341,#8342,#8343,#8344,#8345,#8346,#8347),(#8348,
#8349,#8350,#8351,#8352,#8353,#8354,#8355,#8356,#8357,#8358,#8359,#8360,
#8361,#8362,#8363,#8364,#8365,#8366,#8367,#8368,#8369,#8370,#8371,#8372,
#8373,#8374,#8375,#8376,#8377,#8378,#8379,#8380,#8381,#8382,#8383,#8384,
#8385,#8386,#8387,#8388,#8389,#8390,#8391,#8392,#8393,#8394,#8395,#8396,
#8397,#8398,#8399,#8400,#8401,#8402,#8403),(#8404,#8405,#8406,#8407,#8408,
#8409,#8410,#8411,#8412,#8413,#8414,#8415,#8416,#8417,#8418,#8419,#8420,
#8421,#8422,#8423,#8424,#8425,#8426,#8427,#8428,#8429,#8430,#8431,#8432,
#8433,#8434,#8435,#8436,#8437,#8438,#8439,#8440,#8441,#8442,#8443,#8444,
#8445,#8446,#8447,#8448,#8449,#8450,#8451,#8452,#8453,#8454,#8455,#8456,
#8457,#8458,#8459)),.UNSPECIFIED.,.F.,.F.,.F.,(4,4),(4,1,1,1,1,1,1,1,1,
1,1,1,1,1,1,1,1,1,1,1,1,1,1,1,1,1,1,1,1,1,1,1,1,1,1,1,1,1,1,1,1,1,1,1,1,
1,1,1,1,1,1,1,1,4),(0.,0.0321584099938629),(14.3984001269718,15.3849294656358,
16.3714588042999,17.3579881429639,18.3445174816279,19.331046820292,20.317576158956,
21.30410549762,22.2906348362841,23.2771641749481,24.2636935136121,25.2502228522762,
26.2367521909402,27.2232815296042,28.2098108682682,29.1963402069323,30.1828695455963,
31.1693988842603,32.1559282229244,33.1424575615884,34.1289869002524,35.1155162389165,
36.1020455775805,37.0885749162445,38.0751042549086,39.0616335935726,40.0481629322366,
41.0346922709006,42.0212216095647,43.0077509482287,43.9942802868927,44.9808096255568,
45.9673389642208,46.9538683028848,47.9403976415489,48.9269269802129,49.9134563188769,
50.899985657541,51.886514996205,52.873044334869,53.859573673533,54.8461030121971,
55.8326323508611,56.8191616895251,57.8056910281892,58.7922203668532,59.7787497055172,
60.7652790441813,61.7518083828453,62.7383377215093,63.7248670601734,64.7113963988374,
65.6979257375014,66.6844550761654),.UNSPECIFIED.);
#19=B_SPLINE_SURFACE_WITH_KNOTS('',3,3,((#8590,#8591,#8592,#8593,#8594,
#8595,#8596,#8597,#8598,#8599,#8600,#8601,#8602,#8603,#8604,#8605,#8606,
#8607,#8608,#8609,#8610,#8611,#8612,#8613,#8614,#8615,#8616,#8617,#8618,
#8619,#8620,#8621,#8622,#8623,#8624,#8625,#8626,#8627,#8628,#8629,#8630,
#8631,#8632,#8633,#8634,#8635,#8636,#8637,#8638,#8639,#8640,#8641,#8642,
#8643,#8644,#8645),(#8646,#8647,#8648,#8649,#8650,#8651,#8652,#8653,#8654,
#8655,#8656,#8657,#8658,#8659,#8660,#8661,#8662,#8663,#8664,#8665,#8666,
#8667,#8668,#8669,#8670,#8671,#8672,#8673,#8674,#8675,#8676,#8677,#8678,
#8679,#8680,#8681,#8682,#8683,#8684,#8685,#8686,#8687,#8688,#8689,#8690,
#8691,#8692,#8693,#8694,#8695,#8696,#8697,#8698,#8699,#8700,#8701),(#8702,
#8703,#8704,#8705,#8706,#8707,#8708,#8709,#8710,#8711,#8712,#8713,#8714,
#8715,#8716,#8717,#8718,#8719,#8720,#8721,#8722,#8723,#8724,#8725,#8726,
#8727,#8728,#8729,#8730,#8731,#8732,#8733,#8734,#8735,#8736,#8737,#8738,
#8739,#8740,#8741,#8742,#8743,#8744,#8745,#8746,#8747,#8748,#8749,#8750,
#8751,#8752,#8753,#8754,#8755,#8756,#8757),(#8758,#8759,#8760,#8761,#8762,
#8763,#8764,#8765,#8766,#8767,#8768,#8769,#8770,#8771,#8772,#8773,#8774,
#8775,#8776,#8777,#8778,#8779,#8780,#8781,#8782,#8783,#8784,#8785,#8786,
#8787,#8788,#8789,#8790,#8791,#8792,#8793,#8794,#8795,#8796,#8797,#8798,
#8799,#8800,#8801,#8802,#8803,#8804,#8805,#8806,#8807,#8808,#8809,#8810,
#8811,#8812,#8813)),.UNSPECIFIED.,.F.,.F.,.F.,(4,4),(4,1,1,1,1,1,1,1,1,
1,1,1,1,1,1,1,1,1,1,1,1,1,1,1,1,1,1,1,1,1,1,1,1,1,1,1,1,1,1,1,1,1,1,1,1,
1,1,1,1,1,1,1,1,4),(0.,0.0321584099938629),(11.8553612635794,12.8418906022434,
13.8284199409074,14.8149492795714,15.8014786182355,16.7880079568995,17.7745372955635,
18.7610666342276,19.7475959728916,20.7341253115556,21.7206546502197,22.7071839888837,
23.6937133275477,24.6802426662118,25.6667720048758,26.6533013435398,27.6398306822038,
28.6263600208679,29.6128893595319,30.5994186981959,31.58594803686,32.572477375524,
33.559006714188,34.5455360528521,35.5320653915161,36.5185947301801,37.5051240688441,
38.4916534075082,39.4781827461722,40.4647120848362,41.4512414235003,42.4377707621643,
43.4243001008283,44.4108294394924,45.3973587781564,46.3838881168204,47.3704174554844,
48.3569467941485,49.3434761328125,50.3300054714765,51.3165348101406,52.3030641488046,
53.2895934874686,54.2761228261327,55.2626521647967,56.2491815034607,57.2357108421248,
58.2222401807888,59.2087695194528,60.1952988581168,61.1818281967809,62.1683575354449,
63.1548868741089,64.141416212773),.UNSPECIFIED.);
#20=B_SPLINE_SURFACE_WITH_KNOTS('',3,3,((#8918,#8919,#8920,#8921,#8922,
#8923,#8924,#8925,#8926,#8927,#8928,#8929,#8930,#8931,#8932,#8933,#8934,
#8935,#8936,#8937,#8938,#8939,#8940,#8941,#8942,#8943,#8944,#8945,#8946,
#8947,#8948,#8949,#8950,#8951,#8952,#8953,#8954,#8955,#8956,#8957,#8958,
#8959,#8960,#8961,#8962,#8963,#8964,#8965,#8966,#8967,#8968,#8969,#8970,
#8971,#8972,#8973),(#8974,#8975,#8976,#8977,#8978,#8979,#8980,#8981,#8982,
#8983,#8984,#8985,#8986,#8987,#8988,#8989,#8990,#8991,#8992,#8993,#8994,
#8995,#8996,#8997,#8998,#8999,#9000,#9001,#9002,#9003,#9004,#9005,#9006,
#9007,#9008,#9009,#9010,#9011,#9012,#9013,#9014,#9015,#9016,#9017,#9018,
#9019,#9020,#9021,#9022,#9023,#9024,#9025,#9026,#9027,#9028,#9029),(#9030,
#9031,#9032,#9033,#9034,#9035,#9036,#9037,#9038,#9039,#9040,#9041,#9042,
#9043,#9044,#9045,#9046,#9047,#9048,#9049,#9050,#9051,#9052,#9053,#9054,
#9055,#9056,#9057,#9058,#9059,#9060,#9061,#9062,#9063,#9064,#9065,#9066,
#9067,#9068,#9069,#9070,#9071,#9072,#9073,#9074,#9075,#9076,#9077,#9078,
#9079,#9080,#9081,#9082,#9083,#9084,#9085),(#9086,#9087,#9088,#9089,#9090,
#9091,#9092,#9093,#9094,#9095,#9096,#9097,#9098,#9099,#9100,#9101,#9102,
#9103,#9104,#9105,#9106,#9107,#9108,#9109,#9110,#9111,#9112,#9113,#9114,
#9115,#9116,#9117,#9118,#9119,#9120,#9121,#9122,#9123,#9124,#9125,#9126,
#9127,#9128,#9129,#9130,#9131,#9132,#9133,#9134,#9135,#9136,#9137,#9138,
#9139,#9140,#9141)),.UNSPECIFIED.,.F.,.F.,.F.,(4,4),(4,1,1,1,1,1,1,1,1,
1,1,1,1,1,1,1,1,1,1,1,1,1,1,1,1,1,1,1,1,1,1,1,1,1,1,1,1,1,1,1,1,1,1,1,1,
1,1,1,1,1,1,1,1,4),(0.,0.0321584099938629),(14.3984001269719,15.3849294656359,
16.3714588042999,17.357988142964,18.344517481628,19.331046820292,20.317576158956,
21.3041054976201,22.2906348362841,23.2771641749481,24.2636935136122,25.2502228522762,
26.2367521909402,27.2232815296043,28.2098108682683,29.1963402069323,30.1828695455963,
31.1693988842604,32.1559282229244,33.1424575615884,34.1289869002525,35.1155162389165,
36.1020455775805,37.0885749162446,38.0751042549086,39.0616335935726,40.0481629322366,
41.0346922709007,42.0212216095647,43.0077509482287,43.9942802868928,44.9808096255568,
45.9673389642208,46.9538683028849,47.9403976415489,48.9269269802129,49.9134563188769,
50.899985657541,51.886514996205,52.873044334869,53.8595736735331,54.8461030121971,
55.8326323508611,56.8191616895252,57.8056910281892,58.7922203668532,59.7787497055172,
60.7652790441813,61.7518083828453,62.7383377215093,63.7248670601734,64.7113963988374,
65.6979257375014,66.6844550761655),.UNSPECIFIED.);
#21=B_SPLINE_SURFACE_WITH_KNOTS('',3,3,((#9272,#9273,#9274,#9275,#9276,
#9277,#9278,#9279,#9280,#9281,#9282,#9283,#9284,#9285,#9286,#9287,#9288,
#9289,#9290,#9291,#9292,#9293,#9294,#9295,#9296,#9297,#9298,#9299,#9300,
#9301,#9302,#9303,#9304,#9305,#9306,#9307,#9308,#9309,#9310,#9311,#9312,
#9313,#9314,#9315,#9316,#9317,#9318,#9319,#9320,#9321,#9322,#9323,#9324,
#9325,#9326,#9327),(#9328,#9329,#9330,#9331,#9332,#9333,#9334,#9335,#9336,
#9337,#9338,#9339,#9340,#9341,#9342,#9343,#9344,#9345,#9346,#9347,#9348,
#9349,#9350,#9351,#9352,#9353,#9354,#9355,#9356,#9357,#9358,#9359,#9360,
#9361,#9362,#9363,#9364,#9365,#9366,#9367,#9368,#9369,#9370,#9371,#9372,
#9373,#9374,#9375,#9376,#9377,#9378,#9379,#9380,#9381,#9382,#9383),(#9384,
#9385,#9386,#9387,#9388,#9389,#9390,#9391,#9392,#9393,#9394,#9395,#9396,
#9397,#9398,#9399,#9400,#9401,#9402,#9403,#9404,#9405,#9406,#9407,#9408,
#9409,#9410,#9411,#9412,#9413,#9414,#9415,#9416,#9417,#9418,#9419,#9420,
#9421,#9422,#9423,#9424,#9425,#9426,#9427,#9428,#9429,#9430,#9431,#9432,
#9433,#9434,#9435,#9436,#9437,#9438,#9439),(#9440,#9441,#9442,#9443,#9444,
#9445,#9446,#9447,#9448,#9449,#9450,#9451,#9452,#9453,#9454,#9455,#9456,
#9457,#9458,#9459,#9460,#9461,#9462,#9463,#9464,#9465,#9466,#9467,#9468,
#9469,#9470,#9471,#9472,#9473,#9474,#9475,#9476,#9477,#9478,#9479,#9480,
#9481,#9482,#9483,#9484,#9485,#9486,#9487,#9488,#9489,#9490,#9491,#9492,
#9493,#9494,#9495)),.UNSPECIFIED.,.F.,.F.,.F.,(4,4),(4,1,1,1,1,1,1,1,1,
1,1,1,1,1,1,1,1,1,1,1,1,1,1,1,1,1,1,1,1,1,1,1,1,1,1,1,1,1,1,1,1,1,1,1,1,
1,1,1,1,1,1,1,1,4),(0.,0.0321584099938621),(11.8553612635793,12.8418906022434,
13.8284199409074,14.8149492795714,15.8014786182355,16.7880079568995,17.7745372955635,
18.7610666342276,19.7475959728916,20.7341253115556,21.7206546502197,22.7071839888837,
23.6937133275477,24.6802426662117,25.6667720048758,26.6533013435398,27.6398306822038,
28.6263600208679,29.6128893595319,30.5994186981959,31.58594803686,32.572477375524,
33.559006714188,34.5455360528521,35.5320653915161,36.5185947301801,37.5051240688441,
38.4916534075082,39.4781827461722,40.4647120848362,41.4512414235003,42.4377707621643,
43.4243001008283,44.4108294394924,45.3973587781564,46.3838881168204,47.3704174554844,
48.3569467941485,49.3434761328125,50.3300054714765,51.3165348101406,52.3030641488046,
53.2895934874686,54.2761228261327,55.2626521647967,56.2491815034607,57.2357108421248,
58.2222401807888,59.2087695194528,60.1952988581168,61.1818281967809,62.1683575354449,
63.1548868741089,64.141416212773),.UNSPECIFIED.);
#22=B_SPLINE_SURFACE_WITH_KNOTS('',3,3,((#9682,#9683,#9684,#9685,#9686,
#9687,#9688,#9689,#9690,#9691,#9692,#9693,#9694,#9695,#9696,#9697,#9698,
#9699,#9700,#9701,#9702,#9703,#9704,#9705,#9706,#9707,#9708,#9709,#9710,
#9711,#9712,#9713,#9714,#9715,#9716,#9717,#9718,#9719,#9720,#9721,#9722,
#9723,#9724,#9725,#9726,#9727,#9728,#9729,#9730,#9731,#9732,#9733,#9734,
#9735,#9736,#9737),(#9738,#9739,#9740,#9741,#9742,#9743,#9744,#9745,#9746,
#9747,#9748,#9749,#9750,#9751,#9752,#9753,#9754,#9755,#9756,#9757,#9758,
#9759,#9760,#9761,#9762,#9763,#9764,#9765,#9766,#9767,#9768,#9769,#9770,
#9771,#9772,#9773,#9774,#9775,#9776,#9777,#9778,#9779,#9780,#9781,#9782,
#9783,#9784,#9785,#9786,#9787,#9788,#9789,#9790,#9791,#9792,#9793),(#9794,
#9795,#9796,#9797,#9798,#9799,#9800,#9801,#9802,#9803,#9804,#9805,#9806,
#9807,#9808,#9809,#9810,#9811,#9812,#9813,#9814,#9815,#9816,#9817,#9818,
#9819,#9820,#9821,#9822,#9823,#9824,#9825,#9826,#9827,#9828,#9829,#9830,
#9831,#9832,#9833,#9834,#9835,#9836,#9837,#9838,#9839,#9840,#9841,#9842,
#9843,#9844,#9845,#9846,#9847,#9848,#9849),(#9850,#9851,#9852,#9853,#9854,
#9855,#9856,#9857,#9858,#9859,#9860,#9861,#9862,#9863,#9864,#9865,#9866,
#9867,#9868,#9869,#9870,#9871,#9872,#9873,#9874,#9875,#9876,#9877,#9878,
#9879,#9880,#9881,#9882,#9883,#9884,#9885,#9886,#9887,#9888,#9889,#9890,
#9891,#9892,#9893,#9894,#9895,#9896,#9897,#9898,#9899,#9900,#9901,#9902,
#9903,#9904,#9905)),.UNSPECIFIED.,.F.,.F.,.F.,(4,4),(4,1,1,1,1,1,1,1,1,
1,1,1,1,1,1,1,1,1,1,1,1,1,1,1,1,1,1,1,1,1,1,1,1,1,1,1,1,1,1,1,1,1,1,1,1,
1,1,1,1,1,1,1,1,4),(0.,0.0321584099938621),(14.3984001269719,15.3849294656359,
16.3714588042999,17.357988142964,18.344517481628,19.331046820292,20.317576158956,
21.3041054976201,22.2906348362841,23.2771641749481,24.2636935136122,25.2502228522762,
26.2367521909402,27.2232815296043,28.2098108682683,29.1963402069323,30.1828695455963,
31.1693988842604,32.1559282229244,33.1424575615884,34.1289869002525,35.1155162389165,
36.1020455775805,37.0885749162446,38.0751042549086,39.0616335935726,40.0481629322366,
41.0346922709007,42.0212216095647,43.0077509482287,43.9942802868928,44.9808096255568,
45.9673389642208,46.9538683028849,47.9403976415489,48.9269269802129,49.9134563188769,
50.899985657541,51.886514996205,52.873044334869,53.8595736735331,54.8461030121971,
55.8326323508611,56.8191616895252,57.8056910281892,58.7922203668532,59.7787497055172,
60.7652790441813,61.7518083828453,62.7383377215093,63.7248670601734,64.7113963988374,
65.6979257375014,66.6844550761655),.UNSPECIFIED.);
#23=FACE_BOUND('',#322,.T.);
#24=FACE_BOUND('',#326,.T.);
#25=FACE_BOUND('',#334,.T.);
#26=FACE_BOUND('',#346,.T.);
#27=FACE_BOUND('',#358,.T.);
#28=FACE_BOUND('',#372,.T.);
#29=FACE_BOUND('',#414,.T.);
#30=FACE_BOUND('',#416,.T.);
#31=FACE_BOUND('',#422,.T.);
#32=FACE_BOUND('',#428,.T.);
#33=PLANE('',#3357);
#34=PLANE('',#3366);
#35=PLANE('',#3367);
#36=PLANE('',#3368);
#37=PLANE('',#3379);
#38=PLANE('',#3382);
#39=PLANE('',#3385);
#40=PLANE('',#3388);
#41=PLANE('',#3390);
#42=PLANE('',#3393);
#43=PLANE('',#3394);
#44=PLANE('',#3395);
#45=PLANE('',#3396);
#46=PLANE('',#3397);
#47=PLANE('',#3398);
#48=PLANE('',#3399);
#49=PLANE('',#3400);
#50=PLANE('',#3401);
#51=PLANE('',#3403);
#52=PLANE('',#3404);
#53=PLANE('',#3407);
#54=PLANE('',#3409);
#55=PLANE('',#3412);
#56=PLANE('',#3415);
#57=PLANE('',#3423);
#58=PLANE('',#3428);
#59=PLANE('',#3431);
#60=PLANE('',#3432);
#61=PLANE('',#3433);
#62=PLANE('',#3434);
#63=PLANE('',#3435);
#64=PLANE('',#3436);
#65=PLANE('',#3437);
#66=PLANE('',#3438);
#67=PLANE('',#3439);
#68=PLANE('',#3440);
#69=PLANE('',#3441);
#70=PLANE('',#3444);
#71=PLANE('',#3447);
#72=PLANE('',#3452);
#73=PLANE('',#3456);
#74=PLANE('',#3460);
#75=PLANE('',#3464);
#76=PLANE('',#3472);
#77=PLANE('',#3475);
#78=PLANE('',#3477);
#79=PLANE('',#3480);
#80=PLANE('',#3481);
#81=PLANE('',#3485);
#82=PLANE('',#3486);
#83=PLANE('',#3489);
#84=PLANE('',#3490);
#85=PLANE('',#3491);
#86=PLANE('',#3492);
#87=PLANE('',#3493);
#88=PLANE('',#3494);
#89=PLANE('',#3495);
#90=PLANE('',#3496);
#91=PLANE('',#3497);
#92=PLANE('',#3498);
#93=FACE_OUTER_BOUND('',#257,.T.);
#94=FACE_OUTER_BOUND('',#258,.T.);
#95=FACE_OUTER_BOUND('',#259,.T.);
#96=FACE_OUTER_BOUND('',#260,.T.);
#97=FACE_OUTER_BOUND('',#261,.T.);
#98=FACE_OUTER_BOUND('',#262,.T.);
#99=FACE_OUTER_BOUND('',#263,.T.);
#100=FACE_OUTER_BOUND('',#264,.T.);
#101=FACE_OUTER_BOUND('',#265,.T.);
#102=FACE_OUTER_BOUND('',#266,.T.);
#103=FACE_OUTER_BOUND('',#267,.T.);
#104=FACE_OUTER_BOUND('',#268,.T.);
#105=FACE_OUTER_BOUND('',#269,.T.);
#106=FACE_OUTER_BOUND('',#270,.T.);
#107=FACE_OUTER_BOUND('',#271,.T.);
#108=FACE_OUTER_BOUND('',#272,.T.);
#109=FACE_OUTER_BOUND('',#273,.T.);
#110=FACE_OUTER_BOUND('',#274,.T.);
#111=FACE_OUTER_BOUND('',#275,.T.);
#112=FACE_OUTER_BOUND('',#276,.T.);
#113=FACE_OUTER_BOUND('',#277,.T.);
#114=FACE_OUTER_BOUND('',#278,.T.);
#115=FACE_OUTER_BOUND('',#279,.T.);
#116=FACE_OUTER_BOUND('',#280,.T.);
#117=FACE_OUTER_BOUND('',#281,.T.);
#118=FACE_OUTER_BOUND('',#282,.T.);
#119=FACE_OUTER_BOUND('',#283,.T.);
#120=FACE_OUTER_BOUND('',#284,.T.);
#121=FACE_OUTER_BOUND('',#285,.T.);
#122=FACE_OUTER_BOUND('',#286,.T.);
#123=FACE_OUTER_BOUND('',#287,.T.);
#124=FACE_OUTER_BOUND('',#288,.T.);
#125=FACE_OUTER_BOUND('',#289,.T.);
#126=FACE_OUTER_BOUND('',#290,.T.);
#127=FACE_OUTER_BOUND('',#291,.T.);
#128=FACE_OUTER_BOUND('',#292,.T.);
#129=FACE_OUTER_BOUND('',#293,.T.);
#130=FACE_OUTER_BOUND('',#294,.T.);
#131=FACE_OUTER_BOUND('',#295,.T.);
#132=FACE_OUTER_BOUND('',#296,.T.);
#133=FACE_OUTER_BOUND('',#297,.T.);
#134=FACE_OUTER_BOUND('',#298,.T.);
#135=FACE_OUTER_BOUND('',#299,.T.);
#136=FACE_OUTER_BOUND('',#300,.T.);
#137=FACE_OUTER_BOUND('',#301,.T.);
#138=FACE_OUTER_BOUND('',#302,.T.);
#139=FACE_OUTER_BOUND('',#303,.T.);
#140=FACE_OUTER_BOUND('',#304,.T.);
#141=FACE_OUTER_BOUND('',#305,.T.);
#142=FACE_OUTER_BOUND('',#306,.T.);
#143=FACE_OUTER_BOUND('',#307,.T.);
#144=FACE_OUTER_BOUND('',#308,.T.);
#145=FACE_OUTER_BOUND('',#309,.T.);
#146=FACE_OUTER_BOUND('',#310,.T.);
#147=FACE_OUTER_BOUND('',#311,.T.);
#148=FACE_OUTER_BOUND('',#312,.T.);
#149=FACE_OUTER_BOUND('',#313,.T.);
#150=FACE_OUTER_BOUND('',#314,.T.);
#151=FACE_OUTER_BOUND('',#315,.T.);
#152=FACE_OUTER_BOUND('',#316,.T.);
#153=FACE_OUTER_BOUND('',#317,.T.);
#154=FACE_OUTER_BOUND('',#318,.T.);
#155=FACE_OUTER_BOUND('',#319,.T.);
#156=FACE_OUTER_BOUND('',#320,.T.);
#157=FACE_OUTER_BOUND('',#321,.T.);
#158=FACE_OUTER_BOUND('',#323,.T.);
#159=FACE_OUTER_BOUND('',#324,.T.);
#160=FACE_OUTER_BOUND('',#325,.T.);
#161=FACE_OUTER_BOUND('',#327,.T.);
#162=FACE_OUTER_BOUND('',#328,.T.);
#163=FACE_OUTER_BOUND('',#329,.T.);
#164=FACE_OUTER_BOUND('',#330,.T.);
#165=FACE_OUTER_BOUND('',#331,.T.);
#166=FACE_OUTER_BOUND('',#332,.T.);
#167=FACE_OUTER_BOUND('',#333,.T.);
#168=FACE_OUTER_BOUND('',#335,.T.);
#169=FACE_OUTER_BOUND('',#336,.T.);
#170=FACE_OUTER_BOUND('',#337,.T.);
#171=FACE_OUTER_BOUND('',#338,.T.);
#172=FACE_OUTER_BOUND('',#339,.T.);
#173=FACE_OUTER_BOUND('',#340,.T.);
#174=FACE_OUTER_BOUND('',#341,.T.);
#175=FACE_OUTER_BOUND('',#342,.T.);
#176=FACE_OUTER_BOUND('',#343,.T.);
#177=FACE_OUTER_BOUND('',#344,.T.);
#178=FACE_OUTER_BOUND('',#345,.T.);
#179=FACE_OUTER_BOUND('',#347,.T.);
#180=FACE_OUTER_BOUND('',#348,.T.);
#181=FACE_OUTER_BOUND('',#349,.T.);
#182=FACE_OUTER_BOUND('',#350,.T.);
#183=FACE_OUTER_BOUND('',#351,.T.);
#184=FACE_OUTER_BOUND('',#352,.T.);
#185=FACE_OUTER_BOUND('',#353,.T.);
#186=FACE_OUTER_BOUND('',#354,.T.);
#187=FACE_OUTER_BOUND('',#355,.T.);
#188=FACE_OUTER_BOUND('',#356,.T.);
#189=FACE_OUTER_BOUND('',#357,.T.);
#190=FACE_OUTER_BOUND('',#359,.T.);
#191=FACE_OUTER_BOUND('',#360,.T.);
#192=FACE_OUTER_BOUND('',#361,.T.);
#193=FACE_OUTER_BOUND('',#362,.T.);
#194=FACE_OUTER_BOUND('',#363,.T.);
#195=FACE_OUTER_BOUND('',#364,.T.);
#196=FACE_OUTER_BOUND('',#365,.T.);
#197=FACE_OUTER_BOUND('',#366,.T.);
#198=FACE_OUTER_BOUND('',#367,.T.);
#199=FACE_OUTER_BOUND('',#368,.T.);
#200=FACE_OUTER_BOUND('',#369,.T.);
#201=FACE_OUTER_BOUND('',#370,.T.);
#202=FACE_OUTER_BOUND('',#371,.T.);
#203=FACE_OUTER_BOUND('',#373,.T.);
#204=FACE_OUTER_BOUND('',#374,.T.);
#205=FACE_OUTER_BOUND('',#375,.T.);
#206=FACE_OUTER_BOUND('',#376,.T.);
#207=FACE_OUTER_BOUND('',#377,.T.);
#208=FACE_OUTER_BOUND('',#378,.T.);
#209=FACE_OUTER_BOUND('',#379,.T.);
#210=FACE_OUTER_BOUND('',#380,.T.);
#211=FACE_OUTER_BOUND('',#381,.T.);
#212=FACE_OUTER_BOUND('',#382,.T.);
#213=FACE_OUTER_BOUND('',#383,.T.);
#214=FACE_OUTER_BOUND('',#384,.T.);
#215=FACE_OUTER_BOUND('',#385,.T.);
#216=FACE_OUTER_BOUND('',#386,.T.);
#217=FACE_OUTER_BOUND('',#387,.T.);
#218=FACE_OUTER_BOUND('',#388,.T.);
#219=FACE_OUTER_BOUND('',#389,.T.);
#220=FACE_OUTER_BOUND('',#390,.T.);
#221=FACE_OUTER_BOUND('',#391,.T.);
#222=FACE_OUTER_BOUND('',#392,.T.);
#223=FACE_OUTER_BOUND('',#393,.T.);
#224=FACE_OUTER_BOUND('',#394,.T.);
#225=FACE_OUTER_BOUND('',#395,.T.);
#226=FACE_OUTER_BOUND('',#396,.T.);
#227=FACE_OUTER_BOUND('',#397,.T.);
#228=FACE_OUTER_BOUND('',#398,.T.);
#229=FACE_OUTER_BOUND('',#399,.T.);
#230=FACE_OUTER_BOUND('',#400,.T.);
#231=FACE_OUTER_BOUND('',#401,.T.);
#232=FACE_OUTER_BOUND('',#402,.T.);
#233=FACE_OUTER_BOUND('',#403,.T.);
#234=FACE_OUTER_BOUND('',#404,.T.);
#235=FACE_OUTER_BOUND('',#405,.T.);
#236=FACE_OUTER_BOUND('',#406,.T.);
#237=FACE_OUTER_BOUND('',#407,.T.);
#238=FACE_OUTER_BOUND('',#408,.T.);
#239=FACE_OUTER_BOUND('',#409,.T.);
#240=FACE_OUTER_BOUND('',#410,.T.);
#241=FACE_OUTER_BOUND('',#411,.T.);
#242=FACE_OUTER_BOUND('',#412,.T.);
#243=FACE_OUTER_BOUND('',#413,.T.);
#244=FACE_OUTER_BOUND('',#415,.T.);
#245=FACE_OUTER_BOUND('',#417,.T.);
#246=FACE_OUTER_BOUND('',#418,.T.);
#247=FACE_OUTER_BOUND('',#419,.T.);
#248=FACE_OUTER_BOUND('',#420,.T.);
#249=FACE_OUTER_BOUND('',#421,.T.);
#250=FACE_OUTER_BOUND('',#423,.T.);
#251=FACE_OUTER_BOUND('',#424,.T.);
#252=FACE_OUTER_BOUND('',#425,.T.);
#253=FACE_OUTER_BOUND('',#426,.T.);
#254=FACE_OUTER_BOUND('',#427,.T.);
#255=FACE_OUTER_BOUND('',#429,.T.);
#256=FACE_OUTER_BOUND('',#430,.T.);
#257=EDGE_LOOP('',(#2015,#2016,#2017,#2018));
#258=EDGE_LOOP('',(#2019,#2020,#2021,#2022));
#259=EDGE_LOOP('',(#2023,#2024,#2025,#2026));
#260=EDGE_LOOP('',(#2027,#2028,#2029,#2030));
#261=EDGE_LOOP('',(#2031,#2032,#2033,#2034));
#262=EDGE_LOOP('',(#2035,#2036,#2037,#2038));
#263=EDGE_LOOP('',(#2039,#2040,#2041,#2042));
#264=EDGE_LOOP('',(#2043,#2044,#2045,#2046));
#265=EDGE_LOOP('',(#2047,#2048,#2049,#2050));
#266=EDGE_LOOP('',(#2051,#2052,#2053,#2054));
#267=EDGE_LOOP('',(#2055,#2056,#2057,#2058));
#268=EDGE_LOOP('',(#2059,#2060,#2061,#2062));
#269=EDGE_LOOP('',(#2063,#2064,#2065,#2066));
#270=EDGE_LOOP('',(#2067,#2068,#2069,#2070));
#271=EDGE_LOOP('',(#2071,#2072,#2073,#2074));
#272=EDGE_LOOP('',(#2075,#2076,#2077,#2078));
#273=EDGE_LOOP('',(#2079,#2080,#2081,#2082));
#274=EDGE_LOOP('',(#2083,#2084,#2085,#2086));
#275=EDGE_LOOP('',(#2087,#2088,#2089,#2090));
#276=EDGE_LOOP('',(#2091,#2092,#2093,#2094));
#277=EDGE_LOOP('',(#2095,#2096,#2097,#2098));
#278=EDGE_LOOP('',(#2099,#2100,#2101,#2102));
#279=EDGE_LOOP('',(#2103,#2104,#2105,#2106));
#280=EDGE_LOOP('',(#2107,#2108,#2109,#2110));
#281=EDGE_LOOP('',(#2111,#2112,#2113,#2114));
#282=EDGE_LOOP('',(#2115,#2116,#2117,#2118));
#283=EDGE_LOOP('',(#2119,#2120,#2121,#2122));
#284=EDGE_LOOP('',(#2123,#2124,#2125,#2126));
#285=EDGE_LOOP('',(#2127,#2128,#2129,#2130));
#286=EDGE_LOOP('',(#2131,#2132,#2133,#2134));
#287=EDGE_LOOP('',(#2135,#2136,#2137,#2138));
#288=EDGE_LOOP('',(#2139,#2140,#2141,#2142));
#289=EDGE_LOOP('',(#2143,#2144,#2145,#2146));
#290=EDGE_LOOP('',(#2147,#2148,#2149,#2150));
#291=EDGE_LOOP('',(#2151,#2152,#2153,#2154));
#292=EDGE_LOOP('',(#2155,#2156,#2157,#2158));
#293=EDGE_LOOP('',(#2159,#2160,#2161,#2162));
#294=EDGE_LOOP('',(#2163,#2164,#2165,#2166));
#295=EDGE_LOOP('',(#2167,#2168,#2169,#2170));
#296=EDGE_LOOP('',(#2171,#2172,#2173,#2174));
#297=EDGE_LOOP('',(#2175,#2176,#2177,#2178));
#298=EDGE_LOOP('',(#2179,#2180,#2181,#2182));
#299=EDGE_LOOP('',(#2183,#2184,#2185,#2186));
#300=EDGE_LOOP('',(#2187,#2188,#2189,#2190));
#301=EDGE_LOOP('',(#2191,#2192,#2193,#2194));
#302=EDGE_LOOP('',(#2195,#2196,#2197,#2198));
#303=EDGE_LOOP('',(#2199,#2200,#2201,#2202));
#304=EDGE_LOOP('',(#2203,#2204,#2205,#2206));
#305=EDGE_LOOP('',(#2207,#2208,#2209,#2210));
#306=EDGE_LOOP('',(#2211,#2212,#2213,#2214));
#307=EDGE_LOOP('',(#2215,#2216,#2217,#2218));
#308=EDGE_LOOP('',(#2219,#2220,#2221,#2222));
#309=EDGE_LOOP('',(#2223,#2224,#2225,#2226));
#310=EDGE_LOOP('',(#2227,#2228,#2229,#2230));
#311=EDGE_LOOP('',(#2231,#2232,#2233,#2234));
#312=EDGE_LOOP('',(#2235,#2236,#2237,#2238));
#313=EDGE_LOOP('',(#2239,#2240,#2241,#2242));
#314=EDGE_LOOP('',(#2243,#2244,#2245,#2246));
#315=EDGE_LOOP('',(#2247,#2248,#2249,#2250));
#316=EDGE_LOOP('',(#2251,#2252,#2253,#2254));
#317=EDGE_LOOP('',(#2255,#2256,#2257,#2258));
#318=EDGE_LOOP('',(#2259,#2260,#2261,#2262));
#319=EDGE_LOOP('',(#2263,#2264,#2265,#2266));
#320=EDGE_LOOP('',(#2267,#2268,#2269,#2270));
#321=EDGE_LOOP('',(#2271,#2272,#2273,#2274,#2275,#2276,#2277,#2278,#2279,
#2280,#2281,#2282,#2283,#2284,#2285,#2286,#2287,#2288,#2289,#2290,#2291,
#2292));
#322=EDGE_LOOP('',(#2293,#2294,#2295,#2296,#2297,#2298));
#323=EDGE_LOOP('',(#2299,#2300,#2301,#2302,#2303,#2304));
#324=EDGE_LOOP('',(#2305,#2306,#2307,#2308));
#325=EDGE_LOOP('',(#2309,#2310,#2311,#2312,#2313,#2314,#2315,#2316));
#326=EDGE_LOOP('',(#2317,#2318,#2319,#2320,#2321,#2322,#2323,#2324,#2325,
#2326,#2327,#2328,#2329,#2330,#2331,#2332,#2333,#2334,#2335,#2336,#2337,
#2338));
#327=EDGE_LOOP('',(#2339,#2340,#2341,#2342));
#328=EDGE_LOOP('',(#2343,#2344,#2345,#2346));
#329=EDGE_LOOP('',(#2347,#2348,#2349,#2350,#2351,#2352,#2353,#2354));
#330=EDGE_LOOP('',(#2355,#2356,#2357,#2358));
#331=EDGE_LOOP('',(#2359,#2360,#2361,#2362,#2363,#2364));
#332=EDGE_LOOP('',(#2365,#2366,#2367,#2368));
#333=EDGE_LOOP('',(#2369,#2370,#2371,#2372,#2373,#2374));
#334=EDGE_LOOP('',(#2375,#2376,#2377,#2378));
#335=EDGE_LOOP('',(#2379,#2380,#2381,#2382,#2383,#2384));
#336=EDGE_LOOP('',(#2385,#2386,#2387,#2388));
#337=EDGE_LOOP('',(#2389,#2390,#2391,#2392,#2393,#2394,#2395,#2396));
#338=EDGE_LOOP('',(#2397,#2398,#2399,#2400,#2401,#2402));
#339=EDGE_LOOP('',(#2403,#2404,#2405,#2406,#2407,#2408));
#340=EDGE_LOOP('',(#2409,#2410,#2411,#2412,#2413,#2414));
#341=EDGE_LOOP('',(#2415,#2416,#2417,#2418,#2419,#2420,#2421,#2422));
#342=EDGE_LOOP('',(#2423,#2424,#2425,#2426,#2427,#2428,#2429,#2430));
#343=EDGE_LOOP('',(#2431,#2432,#2433,#2434,#2435,#2436,#2437,#2438));
#344=EDGE_LOOP('',(#2439,#2440,#2441,#2442,#2443,#2444,#2445,#2446));
#345=EDGE_LOOP('',(#2447,#2448,#2449,#2450,#2451,#2452));
#346=EDGE_LOOP('',(#2453,#2454,#2455,#2456));
#347=EDGE_LOOP('',(#2457,#2458,#2459,#2460,#2461,#2462,#2463,#2464));
#348=EDGE_LOOP('',(#2465,#2466,#2467,#2468,#2469,#2470));
#349=EDGE_LOOP('',(#2471,#2472,#2473,#2474,#2475,#2476,#2477,#2478));
#350=EDGE_LOOP('',(#2479,#2480,#2481,#2482));
#351=EDGE_LOOP('',(#2483,#2484,#2485,#2486,#2487));
#352=EDGE_LOOP('',(#2488,#2489,#2490,#2491));
#353=EDGE_LOOP('',(#2492,#2493,#2494,#2495,#2496,#2497,#2498,#2499,#2500,
#2501));
#354=EDGE_LOOP('',(#2502,#2503,#2504,#2505));
#355=EDGE_LOOP('',(#2506,#2507,#2508,#2509,#2510,#2511,#2512,#2513,#2514,
#2515,#2516,#2517,#2518,#2519,#2520,#2521,#2522,#2523,#2524,#2525));
#356=EDGE_LOOP('',(#2526,#2527,#2528,#2529,#2530,#2531,#2532,#2533,#2534,
#2535,#2536,#2537,#2538,#2539,#2540,#2541,#2542,#2543,#2544,#2545));
#357=EDGE_LOOP('',(#2546,#2547,#2548,#2549,#2550,#2551));
#358=EDGE_LOOP('',(#2552,#2553,#2554,#2555));
#359=EDGE_LOOP('',(#2556,#2557,#2558,#2559));
#360=EDGE_LOOP('',(#2560,#2561,#2562,#2563));
#361=EDGE_LOOP('',(#2564,#2565,#2566,#2567,#2568,#2569,#2570,#2571,#2572,
#2573,#2574,#2575,#2576,#2577,#2578,#2579,#2580,#2581,#2582,#2583));
#362=EDGE_LOOP('',(#2584,#2585,#2586,#2587,#2588,#2589,#2590,#2591,#2592,
#2593,#2594,#2595,#2596,#2597,#2598,#2599,#2600,#2601,#2602,#2603));
#363=EDGE_LOOP('',(#2604,#2605,#2606,#2607));
#364=EDGE_LOOP('',(#2608,#2609,#2610,#2611));
#365=EDGE_LOOP('',(#2612,#2613,#2614,#2615,#2616,#2617,#2618,#2619,#2620,
#2621,#2622,#2623,#2624,#2625,#2626,#2627,#2628,#2629,#2630,#2631));
#366=EDGE_LOOP('',(#2632,#2633,#2634,#2635,#2636,#2637,#2638,#2639,#2640,
#2641,#2642,#2643,#2644,#2645,#2646,#2647,#2648,#2649,#2650,#2651));
#367=EDGE_LOOP('',(#2652,#2653,#2654,#2655));
#368=EDGE_LOOP('',(#2656,#2657,#2658,#2659));
#369=EDGE_LOOP('',(#2660,#2661,#2662,#2663,#2664,#2665,#2666,#2667,#2668,
#2669,#2670,#2671,#2672,#2673,#2674,#2675,#2676,#2677,#2678,#2679));
#370=EDGE_LOOP('',(#2680,#2681,#2682,#2683,#2684,#2685,#2686,#2687,#2688,
#2689,#2690,#2691,#2692,#2693,#2694,#2695,#2696,#2697,#2698,#2699));
#371=EDGE_LOOP('',(#2700,#2701,#2702,#2703,#2704,#2705));
#372=EDGE_LOOP('',(#2706,#2707,#2708,#2709));
#373=EDGE_LOOP('',(#2710,#2711,#2712,#2713));
#374=EDGE_LOOP('',(#2714,#2715,#2716,#2717,#2718,#2719));
#375=EDGE_LOOP('',(#2720,#2721,#2722,#2723,#2724,#2725,#2726));
#376=EDGE_LOOP('',(#2727,#2728,#2729,#2730,#2731,#2732));
#377=EDGE_LOOP('',(#2733,#2734,#2735,#2736,#2737,#2738,#2739));
#378=EDGE_LOOP('',(#2740,#2741,#2742,#2743));
#379=EDGE_LOOP('',(#2744,#2745,#2746,#2747));
#380=EDGE_LOOP('',(#2748,#2749,#2750,#2751));
#381=EDGE_LOOP('',(#2752,#2753,#2754,#2755));
#382=EDGE_LOOP('',(#2756,#2757,#2758,#2759));
#383=EDGE_LOOP('',(#2760,#2761,#2762,#2763));
#384=EDGE_LOOP('',(#2764,#2765,#2766,#2767));
#385=EDGE_LOOP('',(#2768,#2769,#2770,#2771));
#386=EDGE_LOOP('',(#2772,#2773,#2774,#2775));
#387=EDGE_LOOP('',(#2776,#2777,#2778,#2779,#2780));
#388=EDGE_LOOP('',(#2781,#2782,#2783,#2784));
#389=EDGE_LOOP('',(#2785,#2786,#2787,#2788,#2789,#2790,#2791,#2792));
#390=EDGE_LOOP('',(#2793,#2794,#2795,#2796));
#391=EDGE_LOOP('',(#2797,#2798,#2799,#2800,#2801,#2802,#2803,#2804));
#392=EDGE_LOOP('',(#2805,#2806,#2807,#2808));
#393=EDGE_LOOP('',(#2809,#2810,#2811,#2812));
#394=EDGE_LOOP('',(#2813,#2814,#2815,#2816,#2817,#2818,#2819,#2820,#2821));
#395=EDGE_LOOP('',(#2822,#2823,#2824,#2825,#2826,#2827,#2828,#2829,#2830));
#396=EDGE_LOOP('',(#2831,#2832,#2833,#2834,#2835,#2836,#2837,#2838,#2839));
#397=EDGE_LOOP('',(#2840,#2841,#2842,#2843,#2844,#2845,#2846,#2847,#2848));
#398=EDGE_LOOP('',(#2849,#2850,#2851,#2852));
#399=EDGE_LOOP('',(#2853,#2854,#2855,#2856));
#400=EDGE_LOOP('',(#2857,#2858,#2859,#2860));
#401=EDGE_LOOP('',(#2861,#2862,#2863,#2864,#2865,#2866,#2867,#2868));
#402=EDGE_LOOP('',(#2869,#2870,#2871,#2872));
#403=EDGE_LOOP('',(#2873,#2874,#2875,#2876));
#404=EDGE_LOOP('',(#2877,#2878,#2879,#2880,#2881,#2882,#2883,#2884));
#405=EDGE_LOOP('',(#2885,#2886,#2887,#2888));
#406=EDGE_LOOP('',(#2889,#2890,#2891,#2892,#2893,#2894,#2895,#2896));
#407=EDGE_LOOP('',(#2897,#2898,#2899,#2900));
#408=EDGE_LOOP('',(#2901,#2902,#2903,#2904));
#409=EDGE_LOOP('',(#2905,#2906,#2907,#2908,#2909,#2910,#2911,#2912));
#410=EDGE_LOOP('',(#2913,#2914,#2915,#2916,#2917,#2918));
#411=EDGE_LOOP('',(#2919,#2920,#2921,#2922));
#412=EDGE_LOOP('',(#2923,#2924,#2925,#2926));
#413=EDGE_LOOP('',(#2927,#2928,#2929,#2930,#2931));
#414=EDGE_LOOP('',(#2932,#2933,#2934,#2935));
#415=EDGE_LOOP('',(#2936,#2937,#2938,#2939,#2940));
#416=EDGE_LOOP('',(#2941,#2942,#2943,#2944));
#417=EDGE_LOOP('',(#2945,#2946,#2947,#2948));
#418=EDGE_LOOP('',(#2949,#2950,#2951,#2952));
#419=EDGE_LOOP('',(#2953,#2954,#2955,#2956));
#420=EDGE_LOOP('',(#2957,#2958,#2959,#2960));
#421=EDGE_LOOP('',(#2961,#2962,#2963,#2964,#2965));
#422=EDGE_LOOP('',(#2966,#2967,#2968,#2969));
#423=EDGE_LOOP('',(#2970,#2971,#2972,#2973));
#424=EDGE_LOOP('',(#2974,#2975,#2976,#2977));
#425=EDGE_LOOP('',(#2978,#2979,#2980,#2981));
#426=EDGE_LOOP('',(#2982,#2983,#2984,#2985));
#427=EDGE_LOOP('',(#2986,#2987,#2988,#2989,#2990));
#428=EDGE_LOOP('',(#2991,#2992,#2993,#2994));
#429=EDGE_LOOP('',(#2995,#2996,#2997,#2998));
#430=EDGE_LOOP('',(#2999,#3000,#3001,#3002));
#431=CIRCLE('',#3278,1.2645);
#432=CIRCLE('',#3286,1.2645);
#433=CIRCLE('',#3288,1.54299999999999);
#434=CIRCLE('',#3296,1.54299999999999);
#435=CIRCLE('',#3298,1.2645);
#436=CIRCLE('',#3306,1.2645);
#437=CIRCLE('',#3308,1.54300000000001);
#438=CIRCLE('',#3316,1.54300000000001);
#439=CIRCLE('',#3318,1.2645);
#440=CIRCLE('',#3326,1.2645);
#441=CIRCLE('',#3328,1.54300000000003);
#442=CIRCLE('',#3336,1.54300000000003);
#443=CIRCLE('',#3338,1.2645);
#444=CIRCLE('',#3346,1.2645);
#445=CIRCLE('',#3348,1.543);
#446=CIRCLE('',#3356,1.543);
#447=CIRCLE('',#3358,2.);
#448=CIRCLE('',#3359,2.);
#449=CIRCLE('',#3360,4.);
#450=CIRCLE('',#3361,2.);
#451=CIRCLE('',#3362,2.);
#452=CIRCLE('',#3363,4.);
#453=CIRCLE('',#3364,4.);
#454=CIRCLE('',#3365,4.);
#455=CIRCLE('',#3369,2.00000000000003);
#456=CIRCLE('',#3370,2.00000000000002);
#457=CIRCLE('',#3371,1.99999999999998);
#458=CIRCLE('',#3372,2.);
#459=CIRCLE('',#3373,4.);
#460=CIRCLE('',#3374,4.);
#461=CIRCLE('',#3375,2.);
#462=CIRCLE('',#3376,2.);
#463=CIRCLE('',#3377,2.);
#464=CIRCLE('',#3378,2.);
#465=CIRCLE('',#3381,2.);
#466=CIRCLE('',#3384,2.);
#467=CIRCLE('',#3387,2.);
#468=CIRCLE('',#3389,2.);
#469=CIRCLE('',#3392,2.);
#470=CIRCLE('',#3402,2.);
#471=CIRCLE('',#3405,2.);
#472=CIRCLE('',#3406,2.);
#473=CIRCLE('',#3411,4.);
#474=CIRCLE('',#3413,4.);
#475=CIRCLE('',#3416,2.);
#476=CIRCLE('',#3424,2.);
#477=CIRCLE('',#3427,4.);
#478=CIRCLE('',#3430,4.);
#479=CIRCLE('',#3443,2.);
#480=CIRCLE('',#3446,2.);
#481=CIRCLE('',#3449,2.);
#482=CIRCLE('',#3451,2.);
#483=CIRCLE('',#3453,2.);
#484=CIRCLE('',#3454,2.00000000000002);
#485=CIRCLE('',#3455,2.);
#486=CIRCLE('',#3457,2.);
#487=CIRCLE('',#3458,2.00000000000003);
#488=CIRCLE('',#3459,2.);
#489=CIRCLE('',#3461,2.);
#490=CIRCLE('',#3462,1.99999999999998);
#491=CIRCLE('',#3463,2.);
#492=CIRCLE('',#3465,2.);
#493=CIRCLE('',#3466,2.);
#494=CIRCLE('',#3467,2.);
#495=CIRCLE('',#3470,2.);
#496=CIRCLE('',#3482,2.);
#497=B_SPLINE_CURVE_WITH_KNOTS('',3,(#4219,#4220,#4221,#4222),
 .UNSPECIFIED.,.F.,.F.,(4,4),(51.5750455984138,52.2860549491936),
 .UNSPECIFIED.);
#498=B_SPLINE_CURVE_WITH_KNOTS('',3,(#4225,#4226,#4227,#4228,#4229,#4230,
#4231,#4232,#4233,#4234),.UNSPECIFIED.,.F.,.F.,(4,3,3,4),(-50.2654824574368,
-49.3264669332015,-48.3399375945375,-47.8348991546267),.UNSPECIFIED.);
#499=B_SPLINE_CURVE_WITH_KNOTS('',3,(#4239,#4240,#4241,#4242,#4243,#4244,
#4245,#4246,#4247,#4248,#4249,#4250,#4251,#4252,#4253,#4254,#4255,#4256,
#4257,#4258,#4259,#4260,#4261,#4262,#4263),.UNSPECIFIED.,.F.,.F.,(4,3,3,
3,3,3,3,3,4),(45.2918602912342,45.3803495785454,46.3668789172094,47.3534082558735,
48.3399375945375,49.3264669332015,50.3129962718656,51.2995256105296,51.5750455984138),
 .UNSPECIFIED.);
#500=B_SPLINE_CURVE_WITH_KNOTS('',3,(#4264,#4265,#4266,#4267,#4268,#4269,
#4270,#4271,#4272,#4273,#4274,#4275,#4276,#4277,#4278,#4279,#4280,#4281,
#4282,#4283,#4284,#4285),.UNSPECIFIED.,.F.,.F.,(4,3,3,3,3,3,3,4),(-47.8348991546267,
-47.3534082558735,-46.3668789172094,-45.3803495785454,-44.3938202398814,
-43.4072909012173,-42.4207615625533,-41.5517138474471),.UNSPECIFIED.);
#501=B_SPLINE_CURVE_WITH_KNOTS('',3,(#4290,#4291,#4292,#4293,#4294,#4295,
#4296,#4297,#4298,#4299,#4300,#4301,#4302,#4303,#4304,#4305,#4306,#4307,
#4308,#4309,#4310,#4311),.UNSPECIFIED.,.F.,.F.,(4,3,3,3,3,3,3,4),(39.0086749840546,
39.4611735465612,40.4477028852252,41.4342322238893,42.4207615625533,43.4072909012173,
44.3938202398814,45.2918602912342),.UNSPECIFIED.);
#502=B_SPLINE_CURVE_WITH_KNOTS('',3,(#4312,#4313,#4314,#4315,#4316,#4317,
#4318,#4319,#4320,#4321,#4322,#4323,#4324,#4325,#4326,#4327,#4328,#4329,
#4330,#4331,#4332,#4333,#4334,#4335,#4336),.UNSPECIFIED.,.F.,.F.,(4,3,3,
3,3,3,3,3,4),(-41.5517138474471,-41.4342322238893,-40.4477028852253,-39.4611735465612,
-38.4746442078972,-37.4881148692332,-36.5015855305691,-35.5150561919051,
-35.2685285402675),.UNSPECIFIED.);
#503=B_SPLINE_CURVE_WITH_KNOTS('',3,(#4341,#4342,#4343,#4344,#4345,#4346,
#4347,#4348,#4349,#4350,#4351,#4352,#4353,#4354,#4355,#4356,#4357,#4358,
#4359,#4360,#4361,#4362),.UNSPECIFIED.,.F.,.F.,(4,3,3,3,3,3,3,4),(32.725489676875,
33.541997514577,34.5285268532411,35.5150561919051,36.5015855305691,37.4881148692332,
38.4746442078972,39.0086749840546),.UNSPECIFIED.);
#504=B_SPLINE_CURVE_WITH_KNOTS('',3,(#4363,#4364,#4365,#4366,#4367,#4368,
#4369,#4370,#4371,#4372,#4373,#4374,#4375,#4376,#4377,#4378,#4379,#4380,
#4381,#4382,#4383,#4384),.UNSPECIFIED.,.F.,.F.,(4,3,3,3,3,3,3,4),(-35.2685285402675,
-34.5285268532411,-33.541997514577,-32.555468175913,-31.568938837249,-30.582409498585,
-29.5958801599209,-28.9853432330879),.UNSPECIFIED.);
#505=B_SPLINE_CURVE_WITH_KNOTS('',3,(#4389,#4390,#4391,#4392,#4393,#4394,
#4395,#4396,#4397,#4398,#4399,#4400,#4401,#4402,#4403,#4404,#4405,#4406,
#4407,#4408,#4409,#4410,#4411,#4412,#4413),.UNSPECIFIED.,.F.,.F.,(4,3,3,
3,3,3,3,3,4),(26.4423043696954,26.6362921439288,27.6228214825928,28.6093508212569,
29.5958801599209,30.5824094985849,31.568938837249,32.555468175913,32.725489676875),
 .UNSPECIFIED.);
#506=B_SPLINE_CURVE_WITH_KNOTS('',3,(#4414,#4415,#4416,#4417,#4418,#4419,
#4420,#4421,#4422,#4423,#4424,#4425,#4426,#4427,#4428,#4429,#4430,#4431,
#4432,#4433,#4434,#4435),.UNSPECIFIED.,.F.,.F.,(4,3,3,3,3,3,3,4),(-28.9853432330879,
-28.6093508212569,-27.6228214825929,-26.6362921439288,-25.6497628052648,
-24.6632334666008,-23.6767041279367,-22.7021579259084),.UNSPECIFIED.);
#507=B_SPLINE_CURVE_WITH_KNOTS('',3,(#4440,#4441,#4442,#4443,#4444,#4445,
#4446,#4447,#4448,#4449,#4450,#4451,#4452,#4453,#4454,#4455,#4456,#4457,
#4458,#4459,#4460,#4461),.UNSPECIFIED.,.F.,.F.,(4,3,3,3,3,3,3,4),(20.1591190625158,
20.7171161119446,21.7036454506087,22.6901747892727,23.6767041279367,24.6632334666008,
25.6497628052648,26.4423043696954),.UNSPECIFIED.);
#508=B_SPLINE_CURVE_WITH_KNOTS('',3,(#4462,#4463,#4464,#4465,#4466,#4467,
#4468,#4469,#4470,#4471,#4472,#4473,#4474,#4475,#4476,#4477,#4478,#4479,
#4480,#4481,#4482,#4483,#4484,#4485,#4486),.UNSPECIFIED.,.F.,.F.,(4,3,3,
3,3,3,3,3,4),(-22.7021579259084,-22.6901747892727,-21.7036454506087,-20.7171161119446,
-19.7305867732806,-18.7440574346166,-17.7575280959525,-16.7709987572885,
-16.4189726187288),.UNSPECIFIED.);
#509=B_SPLINE_CURVE_WITH_KNOTS('',3,(#4491,#4492,#4493,#4494,#4495,#4496,
#4497,#4498,#4499,#4500,#4501,#4502,#4503,#4504,#4505,#4506,#4507,#4508,
#4509,#4510,#4511,#4512),.UNSPECIFIED.,.F.,.F.,(4,3,3,3,3,3,3,4),(13.8759337553363,
14.7979400799605,15.7844694186245,16.7709987572885,17.7575280959525,18.7440574346166,
19.7305867732806,20.1591190625158),.UNSPECIFIED.);
#510=B_SPLINE_CURVE_WITH_KNOTS('',3,(#4513,#4514,#4515,#4516,#4517,#4518,
#4519,#4520,#4521,#4522,#4523,#4524,#4525,#4526,#4527,#4528,#4529,#4530,
#4531,#4532,#4533,#4534),.UNSPECIFIED.,.F.,.F.,(4,3,3,3,3,3,3,4),(-16.4189726187288,
-15.7844694186245,-14.7979400799605,-13.8114107412964,-12.8248814026324,
-11.8383520639684,-10.8518227253043,-10.1357873115492),.UNSPECIFIED.);
#511=B_SPLINE_CURVE_WITH_KNOTS('',3,(#4540,#4541,#4542,#4543,#4544,#4545,
#4546,#4547,#4548,#4549,#4550,#4551,#4552),.UNSPECIFIED.,.F.,.F.,(4,3,3,
3,4),(-3.85260200436961,-2.95958801599209,-1.97305867732806,-0.986529338664027,
0.),.UNSPECIFIED.);
#512=B_SPLINE_CURVE_WITH_KNOTS('',3,(#4555,#4556,#4557,#4558,#4559,#4560,
#4561,#4562,#4563,#4564,#4565,#4566,#4567,#4568,#4569,#4570,#4571,#4572,
#4573),.UNSPECIFIED.,.F.,.F.,(4,3,3,3,3,3,4),(2.02057249175683,2.95958801599209,
3.94611735465612,4.93264669332015,5.91917603198418,6.90570537064821,7.59274844815667),
 .UNSPECIFIED.);
#513=B_SPLINE_CURVE_WITH_KNOTS('',3,(#4579,#4580,#4581,#4582,#4583,#4584,
#4585,#4586),.UNSPECIFIED.,.F.,.F.,(4,1,1,1,1,4),(59.6902604182061,60.1952988581168,
61.1818281967809,62.1683575354449,63.1548868741089,64.141416212773),
 .UNSPECIFIED.);
#514=B_SPLINE_CURVE_WITH_KNOTS('',3,(#4589,#4590,#4591,#4592,#4593,#4594,
#4595,#4596,#4597),.UNSPECIFIED.,.F.,.F.,(4,1,1,1,1,1,4),(59.6902604182061,
59.7787497055172,60.7652790441813,61.7518083828453,62.7383377215093,63.7248670601734,
64.6638825844085),.UNSPECIFIED.);
#515=B_SPLINE_CURVE_WITH_KNOTS('',3,(#4602,#4603,#4604,#4605,#4606,#4607,
#4608,#4609,#4610,#4611),.UNSPECIFIED.,.F.,.F.,(4,1,1,1,1,1,1,4),(53.4070751110265,
54.2761228261327,55.2626521647967,56.2491815034607,57.2357108421248,58.2222401807888,
59.2087695194528,59.6902604182061),.UNSPECIFIED.);
#516=B_SPLINE_CURVE_WITH_KNOTS('',3,(#4612,#4613,#4614,#4615,#4616,#4617,
#4618,#4619,#4620,#4621),.UNSPECIFIED.,.F.,.F.,(4,1,1,1,1,1,1,4),(53.4070751110265,
53.8595736735331,54.8461030121971,55.8326323508611,56.8191616895252,57.8056910281892,
58.7922203668532,59.6902604182061),.UNSPECIFIED.);
#517=B_SPLINE_CURVE_WITH_KNOTS('',3,(#4626,#4627,#4628,#4629,#4630,#4631,
#4632,#4633,#4634,#4635,#4636),.UNSPECIFIED.,.F.,.F.,(4,1,1,1,1,1,1,1,4),
(47.1238898038469,47.3704174554844,48.3569467941485,49.3434761328125,50.3300054714765,
51.3165348101406,52.3030641488046,53.2895934874686,53.4070751110265),
 .UNSPECIFIED.);
#518=B_SPLINE_CURVE_WITH_KNOTS('',3,(#4637,#4638,#4639,#4640,#4641,#4642,
#4643,#4644,#4645,#4646),.UNSPECIFIED.,.F.,.F.,(4,1,1,1,1,1,1,4),(47.1238898038469,
47.9403976415489,48.9269269802129,49.9134563188769,50.899985657541,51.886514996205,
52.873044334869,53.4070751110265),.UNSPECIFIED.);
#519=B_SPLINE_CURVE_WITH_KNOTS('',3,(#4651,#4652,#4653,#4654,#4655,#4656,
#4657,#4658,#4659,#4660),.UNSPECIFIED.,.F.,.F.,(4,1,1,1,1,1,1,4),(40.8407044966673,
41.4512414235003,42.4377707621643,43.4243001008283,44.4108294394924,45.3973587781564,
46.3838881168204,47.1238898038469),.UNSPECIFIED.);
#520=B_SPLINE_CURVE_WITH_KNOTS('',3,(#4661,#4662,#4663,#4664,#4665,#4666,
#4667,#4668,#4669,#4670,#4671),.UNSPECIFIED.,.F.,.F.,(4,1,1,1,1,1,1,1,4),
(40.8407044966673,41.0346922709007,42.0212216095647,43.0077509482287,43.9942802868928,
44.9808096255568,45.9673389642208,46.9538683028849,47.1238898038469),
 .UNSPECIFIED.);
#521=B_SPLINE_CURVE_WITH_KNOTS('',3,(#4676,#4677,#4678,#4679,#4680,#4681,
#4682,#4683,#4684,#4685),.UNSPECIFIED.,.F.,.F.,(4,1,1,1,1,1,1,4),(34.5575191894877,
35.5320653915161,36.5185947301801,37.5051240688441,38.4916534075082,39.4781827461722,
40.4647120848362,40.8407044966673),.UNSPECIFIED.);
#522=B_SPLINE_CURVE_WITH_KNOTS('',3,(#4686,#4687,#4688,#4689,#4690,#4691,
#4692,#4693,#4694,#4695),.UNSPECIFIED.,.F.,.F.,(4,1,1,1,1,1,1,4),(34.5575191894877,
35.1155162389165,36.1020455775805,37.0885749162446,38.0751042549086,39.0616335935726,
40.0481629322366,40.8407044966673),.UNSPECIFIED.);
#523=B_SPLINE_CURVE_WITH_KNOTS('',3,(#4700,#4701,#4702,#4703,#4704,#4705,
#4706,#4707,#4708,#4709,#4710),.UNSPECIFIED.,.F.,.F.,(4,1,1,1,1,1,1,1,4),
(28.2743338823081,28.6263600208679,29.6128893595319,30.5994186981959,31.58594803686,
32.572477375524,33.559006714188,34.5455360528521,34.5575191894877),
 .UNSPECIFIED.);
#524=B_SPLINE_CURVE_WITH_KNOTS('',3,(#4711,#4712,#4713,#4714,#4715,#4716,
#4717,#4718,#4719,#4720),.UNSPECIFIED.,.F.,.F.,(4,1,1,1,1,1,1,4),(28.2743338823081,
29.1963402069323,30.1828695455963,31.1693988842604,32.1559282229244,33.1424575615884,
34.1289869002525,34.5575191894877),.UNSPECIFIED.);
#525=B_SPLINE_CURVE_WITH_KNOTS('',3,(#4725,#4726,#4727,#4728,#4729,#4730,
#4731,#4732,#4733,#4734),.UNSPECIFIED.,.F.,.F.,(4,1,1,1,1,1,1,4),(21.9911485751285,
22.7071839888837,23.6937133275477,24.6802426662117,25.6667720048758,26.6533013435398,
27.6398306822038,28.2743338823081),.UNSPECIFIED.);
#526=B_SPLINE_CURVE_WITH_KNOTS('',3,(#4735,#4736,#4737,#4738,#4739,#4740,
#4741,#4742,#4743,#4744,#4745),.UNSPECIFIED.,.F.,.F.,(4,1,1,1,1,1,1,1,4),
(21.9911485751285,22.2906348362841,23.2771641749481,24.2636935136122,25.2502228522762,
26.2367521909402,27.2232815296043,28.2098108682683,28.2743338823081),
 .UNSPECIFIED.);
#527=B_SPLINE_CURVE_WITH_KNOTS('',3,(#4751,#4752,#4753,#4754,#4755),
 .UNSPECIFIED.,.F.,.F.,(4,1,4),(14.3984001269719,15.3849294656359,15.7079632679489),
 .UNSPECIFIED.);
#528=B_SPLINE_CURVE_WITH_KNOTS('',3,(#4758,#4759,#4760,#4761,#4762),
 .UNSPECIFIED.,.F.,.F.,(4,1,4),(13.8759337553363,14.8149492795714,15.707963267949),
 .UNSPECIFIED.);
#529=B_SPLINE_CURVE_WITH_KNOTS('',3,(#4768,#4769,#4770,#4771),
 .UNSPECIFIED.,.F.,.F.,(4,4),(51.5750455984138,52.2860549491936),
 .UNSPECIFIED.);
#530=B_SPLINE_CURVE_WITH_KNOTS('',3,(#4774,#4775,#4776,#4777,#4778,#4779,
#4780,#4781,#4782,#4783),.UNSPECIFIED.,.F.,.F.,(4,3,3,4),(-50.2654824574366,
-49.3264669332015,-48.3399375945375,-47.8348991546267),.UNSPECIFIED.);
#531=B_SPLINE_CURVE_WITH_KNOTS('',3,(#4788,#4789,#4790,#4791,#4792,#4793,
#4794,#4795,#4796,#4797,#4798,#4799,#4800,#4801,#4802,#4803,#4804,#4805,
#4806,#4807,#4808,#4809,#4810,#4811,#4812),.UNSPECIFIED.,.F.,.F.,(4,3,3,
3,3,3,3,3,4),(45.2918602912342,45.3803495785454,46.3668789172094,47.3534082558735,
48.3399375945375,49.3264669332015,50.3129962718656,51.2995256105296,51.5750455984138),
 .UNSPECIFIED.);
#532=B_SPLINE_CURVE_WITH_KNOTS('',3,(#4813,#4814,#4815,#4816,#4817,#4818,
#4819,#4820,#4821,#4822,#4823,#4824,#4825,#4826,#4827,#4828,#4829,#4830,
#4831,#4832,#4833,#4834),.UNSPECIFIED.,.F.,.F.,(4,3,3,3,3,3,3,4),(-47.8348991546267,
-47.3534082558735,-46.3668789172094,-45.3803495785454,-44.3938202398814,
-43.4072909012173,-42.4207615625533,-41.5517138474471),.UNSPECIFIED.);
#533=B_SPLINE_CURVE_WITH_KNOTS('',3,(#4839,#4840,#4841,#4842,#4843,#4844,
#4845,#4846,#4847,#4848,#4849,#4850,#4851,#4852,#4853,#4854,#4855,#4856,
#4857,#4858,#4859,#4860),.UNSPECIFIED.,.F.,.F.,(4,3,3,3,3,3,3,4),(39.0086749840546,
39.4611735465612,40.4477028852252,41.4342322238893,42.4207615625533,43.4072909012173,
44.3938202398814,45.2918602912342),.UNSPECIFIED.);
#534=B_SPLINE_CURVE_WITH_KNOTS('',3,(#4861,#4862,#4863,#4864,#4865,#4866,
#4867,#4868,#4869,#4870,#4871,#4872,#4873,#4874,#4875,#4876,#4877,#4878,
#4879,#4880,#4881,#4882,#4883,#4884,#4885),.UNSPECIFIED.,.F.,.F.,(4,3,3,
3,3,3,3,3,4),(-41.5517138474471,-41.4342322238893,-40.4477028852253,-39.4611735465612,
-38.4746442078972,-37.4881148692332,-36.5015855305691,-35.5150561919051,
-35.2685285402675),.UNSPECIFIED.);
#535=B_SPLINE_CURVE_WITH_KNOTS('',3,(#4890,#4891,#4892,#4893,#4894,#4895,
#4896,#4897,#4898,#4899,#4900,#4901,#4902,#4903,#4904,#4905,#4906,#4907,
#4908,#4909,#4910,#4911),.UNSPECIFIED.,.F.,.F.,(4,3,3,3,3,3,3,4),(32.725489676875,
33.541997514577,34.5285268532411,35.5150561919051,36.5015855305691,37.4881148692332,
38.4746442078972,39.0086749840546),.UNSPECIFIED.);
#536=B_SPLINE_CURVE_WITH_KNOTS('',3,(#4912,#4913,#4914,#4915,#4916,#4917,
#4918,#4919,#4920,#4921,#4922,#4923,#4924,#4925,#4926,#4927,#4928,#4929,
#4930,#4931,#4932,#4933),.UNSPECIFIED.,.F.,.F.,(4,3,3,3,3,3,3,4),(-35.2685285402675,
-34.5285268532411,-33.541997514577,-32.555468175913,-31.568938837249,-30.5824094985849,
-29.5958801599209,-28.985343233088),.UNSPECIFIED.);
#537=B_SPLINE_CURVE_WITH_KNOTS('',3,(#4938,#4939,#4940,#4941,#4942,#4943,
#4944,#4945,#4946,#4947,#4948,#4949,#4950,#4951,#4952,#4953,#4954,#4955,
#4956,#4957,#4958,#4959,#4960,#4961,#4962),.UNSPECIFIED.,.F.,.F.,(4,3,3,
3,3,3,3,3,4),(26.4423043696954,26.6362921439288,27.6228214825928,28.6093508212569,
29.5958801599209,30.5824094985849,31.568938837249,32.555468175913,32.725489676875),
 .UNSPECIFIED.);
#538=B_SPLINE_CURVE_WITH_KNOTS('',3,(#4963,#4964,#4965,#4966,#4967,#4968,
#4969,#4970,#4971,#4972,#4973,#4974,#4975,#4976,#4977,#4978,#4979,#4980,
#4981,#4982,#4983,#4984),.UNSPECIFIED.,.F.,.F.,(4,3,3,3,3,3,3,4),(-28.985343233088,
-28.6093508212569,-27.6228214825929,-26.6362921439288,-25.6497628052648,
-24.6632334666008,-23.6767041279367,-22.7021579259084),.UNSPECIFIED.);
#539=B_SPLINE_CURVE_WITH_KNOTS('',3,(#4989,#4990,#4991,#4992,#4993,#4994,
#4995,#4996,#4997,#4998,#4999,#5000,#5001,#5002,#5003,#5004,#5005,#5006,
#5007,#5008,#5009,#5010),.UNSPECIFIED.,.F.,.F.,(4,3,3,3,3,3,3,4),(20.1591190625158,
20.7171161119446,21.7036454506087,22.6901747892727,23.6767041279367,24.6632334666008,
25.6497628052648,26.4423043696954),.UNSPECIFIED.);
#540=B_SPLINE_CURVE_WITH_KNOTS('',3,(#5011,#5012,#5013,#5014,#5015,#5016,
#5017,#5018,#5019,#5020,#5021,#5022,#5023,#5024,#5025,#5026,#5027,#5028,
#5029,#5030,#5031,#5032,#5033,#5034,#5035),.UNSPECIFIED.,.F.,.F.,(4,3,3,
3,3,3,3,3,4),(-22.7021579259084,-22.6901747892727,-21.7036454506087,-20.7171161119446,
-19.7305867732806,-18.7440574346166,-17.7575280959526,-16.7709987572885,
-16.4189726187288),.UNSPECIFIED.);
#541=B_SPLINE_CURVE_WITH_KNOTS('',3,(#5040,#5041,#5042,#5043,#5044,#5045,
#5046,#5047,#5048,#5049,#5050,#5051,#5052,#5053,#5054,#5055,#5056,#5057,
#5058,#5059,#5060,#5061),.UNSPECIFIED.,.F.,.F.,(4,3,3,3,3,3,3,4),(13.8759337553363,
14.7979400799605,15.7844694186245,16.7709987572885,17.7575280959525,18.7440574346166,
19.7305867732806,20.1591190625158),.UNSPECIFIED.);
#542=B_SPLINE_CURVE_WITH_KNOTS('',3,(#5062,#5063,#5064,#5065,#5066,#5067,
#5068,#5069,#5070,#5071,#5072,#5073,#5074,#5075,#5076,#5077,#5078,#5079,
#5080,#5081,#5082,#5083),.UNSPECIFIED.,.F.,.F.,(4,3,3,3,3,3,3,4),(-16.4189726187288,
-15.7844694186245,-14.7979400799605,-13.8114107412964,-12.8248814026324,
-11.8383520639684,-10.8518227253043,-10.1357873115492),.UNSPECIFIED.);
#543=B_SPLINE_CURVE_WITH_KNOTS('',3,(#5089,#5090,#5091,#5092,#5093,#5094,
#5095,#5096,#5097,#5098,#5099,#5100,#5101),.UNSPECIFIED.,.F.,.F.,(4,3,3,
3,4),(-3.85260200436961,-2.95958801599209,-1.97305867732806,-0.986529338664031,
0.),.UNSPECIFIED.);
#544=B_SPLINE_CURVE_WITH_KNOTS('',3,(#5104,#5105,#5106,#5107,#5108,#5109,
#5110,#5111,#5112,#5113,#5114,#5115,#5116,#5117,#5118,#5119,#5120,#5121,
#5122),.UNSPECIFIED.,.F.,.F.,(4,3,3,3,3,3,4),(2.02057249175689,2.95958801599209,
3.94611735465612,4.93264669332015,5.91917603198418,6.90570537064821,7.59274844815667),
 .UNSPECIFIED.);
#545=B_SPLINE_CURVE_WITH_KNOTS('',3,(#5128,#5129,#5130,#5131,#5132,#5133,
#5134,#5135),.UNSPECIFIED.,.F.,.F.,(4,1,1,1,1,4),(59.6902604182061,60.1952988581168,
61.1818281967809,62.1683575354449,63.1548868741089,64.141416212773),
 .UNSPECIFIED.);
#546=B_SPLINE_CURVE_WITH_KNOTS('',3,(#5138,#5139,#5140,#5141,#5142,#5143,
#5144,#5145,#5146),.UNSPECIFIED.,.F.,.F.,(4,1,1,1,1,1,4),(59.6902604182061,
59.7787497055172,60.7652790441813,61.7518083828453,62.7383377215093,63.7248670601734,
64.6638825844085),.UNSPECIFIED.);
#547=B_SPLINE_CURVE_WITH_KNOTS('',3,(#5151,#5152,#5153,#5154,#5155,#5156,
#5157,#5158,#5159,#5160),.UNSPECIFIED.,.F.,.F.,(4,1,1,1,1,1,1,4),(53.4070751110265,
54.2761228261327,55.2626521647967,56.2491815034607,57.2357108421248,58.2222401807888,
59.2087695194528,59.6902604182061),.UNSPECIFIED.);
#548=B_SPLINE_CURVE_WITH_KNOTS('',3,(#5161,#5162,#5163,#5164,#5165,#5166,
#5167,#5168,#5169,#5170),.UNSPECIFIED.,.F.,.F.,(4,1,1,1,1,1,1,4),(53.4070751110265,
53.8595736735331,54.8461030121971,55.8326323508611,56.8191616895252,57.8056910281892,
58.7922203668532,59.6902604182061),.UNSPECIFIED.);
#549=B_SPLINE_CURVE_WITH_KNOTS('',3,(#5175,#5176,#5177,#5178,#5179,#5180,
#5181,#5182,#5183,#5184,#5185),.UNSPECIFIED.,.F.,.F.,(4,1,1,1,1,1,1,1,4),
(47.1238898038469,47.3704174554844,48.3569467941485,49.3434761328125,50.3300054714765,
51.3165348101406,52.3030641488046,53.2895934874686,53.4070751110265),
 .UNSPECIFIED.);
#550=B_SPLINE_CURVE_WITH_KNOTS('',3,(#5186,#5187,#5188,#5189,#5190,#5191,
#5192,#5193,#5194,#5195),.UNSPECIFIED.,.F.,.F.,(4,1,1,1,1,1,1,4),(47.1238898038469,
47.9403976415489,48.9269269802129,49.9134563188769,50.899985657541,51.886514996205,
52.873044334869,53.4070751110265),.UNSPECIFIED.);
#551=B_SPLINE_CURVE_WITH_KNOTS('',3,(#5200,#5201,#5202,#5203,#5204,#5205,
#5206,#5207,#5208,#5209),.UNSPECIFIED.,.F.,.F.,(4,1,1,1,1,1,1,4),(40.8407044966673,
41.4512414235003,42.4377707621643,43.4243001008283,44.4108294394924,45.3973587781564,
46.3838881168204,47.1238898038469),.UNSPECIFIED.);
#552=B_SPLINE_CURVE_WITH_KNOTS('',3,(#5210,#5211,#5212,#5213,#5214,#5215,
#5216,#5217,#5218,#5219,#5220),.UNSPECIFIED.,.F.,.F.,(4,1,1,1,1,1,1,1,4),
(40.8407044966673,41.0346922709007,42.0212216095647,43.0077509482287,43.9942802868928,
44.9808096255568,45.9673389642208,46.9538683028849,47.1238898038469),
 .UNSPECIFIED.);
#553=B_SPLINE_CURVE_WITH_KNOTS('',3,(#5225,#5226,#5227,#5228,#5229,#5230,
#5231,#5232,#5233,#5234),.UNSPECIFIED.,.F.,.F.,(4,1,1,1,1,1,1,4),(34.5575191894877,
35.5320653915161,36.5185947301801,37.5051240688441,38.4916534075082,39.4781827461722,
40.4647120848362,40.8407044966673),.UNSPECIFIED.);
#554=B_SPLINE_CURVE_WITH_KNOTS('',3,(#5235,#5236,#5237,#5238,#5239,#5240,
#5241,#5242,#5243,#5244),.UNSPECIFIED.,.F.,.F.,(4,1,1,1,1,1,1,4),(34.5575191894877,
35.1155162389165,36.1020455775805,37.0885749162446,38.0751042549086,39.0616335935726,
40.0481629322366,40.8407044966673),.UNSPECIFIED.);
#555=B_SPLINE_CURVE_WITH_KNOTS('',3,(#5249,#5250,#5251,#5252,#5253,#5254,
#5255,#5256,#5257,#5258,#5259),.UNSPECIFIED.,.F.,.F.,(4,1,1,1,1,1,1,1,4),
(28.2743338823081,28.6263600208679,29.6128893595319,30.5994186981959,31.58594803686,
32.572477375524,33.559006714188,34.5455360528521,34.5575191894877),
 .UNSPECIFIED.);
#556=B_SPLINE_CURVE_WITH_KNOTS('',3,(#5260,#5261,#5262,#5263,#5264,#5265,
#5266,#5267,#5268,#5269),.UNSPECIFIED.,.F.,.F.,(4,1,1,1,1,1,1,4),(28.2743338823081,
29.1963402069323,30.1828695455963,31.1693988842604,32.1559282229244,33.1424575615884,
34.1289869002525,34.5575191894877),.UNSPECIFIED.);
#557=B_SPLINE_CURVE_WITH_KNOTS('',3,(#5274,#5275,#5276,#5277,#5278,#5279,
#5280,#5281,#5282,#5283),.UNSPECIFIED.,.F.,.F.,(4,1,1,1,1,1,1,4),(21.9911485751285,
22.7071839888837,23.6937133275477,24.6802426662118,25.6667720048758,26.6533013435398,
27.6398306822038,28.2743338823081),.UNSPECIFIED.);
#558=B_SPLINE_CURVE_WITH_KNOTS('',3,(#5284,#5285,#5286,#5287,#5288,#5289,
#5290,#5291,#5292,#5293,#5294),.UNSPECIFIED.,.F.,.F.,(4,1,1,1,1,1,1,1,4),
(21.9911485751285,22.2906348362841,23.2771641749481,24.2636935136122,25.2502228522762,
26.2367521909402,27.2232815296043,28.2098108682683,28.2743338823081),
 .UNSPECIFIED.);
#559=B_SPLINE_CURVE_WITH_KNOTS('',3,(#5300,#5301,#5302,#5303,#5304),
 .UNSPECIFIED.,.F.,.F.,(4,1,4),(14.3984001269719,15.3849294656359,15.7079632679489),
 .UNSPECIFIED.);
#560=B_SPLINE_CURVE_WITH_KNOTS('',3,(#5307,#5308,#5309,#5310,#5311),
 .UNSPECIFIED.,.F.,.F.,(4,1,4),(13.8759337553363,14.8149492795714,15.7079632679489),
 .UNSPECIFIED.);
#561=B_SPLINE_CURVE_WITH_KNOTS('',3,(#5317,#5318,#5319,#5320),
 .UNSPECIFIED.,.F.,.F.,(4,4),(51.5750455984138,52.2860549491936),
 .UNSPECIFIED.);
#562=B_SPLINE_CURVE_WITH_KNOTS('',3,(#5323,#5324,#5325,#5326,#5327,#5328,
#5329,#5330,#5331,#5332),.UNSPECIFIED.,.F.,.F.,(4,3,3,4),(-50.2654824574365,
-49.3264669332015,-48.3399375945375,-47.8348991546268),.UNSPECIFIED.);
#563=B_SPLINE_CURVE_WITH_KNOTS('',3,(#5337,#5338,#5339,#5340,#5341,#5342,
#5343,#5344,#5345,#5346,#5347,#5348,#5349,#5350,#5351,#5352,#5353,#5354,
#5355,#5356,#5357,#5358,#5359,#5360,#5361),.UNSPECIFIED.,.F.,.F.,(4,3,3,
3,3,3,3,3,4),(45.2918602912343,45.3803495785454,46.3668789172095,47.3534082558735,
48.3399375945375,49.3264669332015,50.3129962718656,51.2995256105296,51.5750455984138),
 .UNSPECIFIED.);
#564=B_SPLINE_CURVE_WITH_KNOTS('',3,(#5362,#5363,#5364,#5365,#5366,#5367,
#5368,#5369,#5370,#5371,#5372,#5373,#5374,#5375,#5376,#5377,#5378,#5379,
#5380,#5381,#5382,#5383),.UNSPECIFIED.,.F.,.F.,(4,3,3,3,3,3,3,4),(-47.8348991546268,
-47.3534082558735,-46.3668789172094,-45.3803495785454,-44.3938202398814,
-43.4072909012173,-42.4207615625533,-41.5517138474472),.UNSPECIFIED.);
#565=B_SPLINE_CURVE_WITH_KNOTS('',3,(#5388,#5389,#5390,#5391,#5392,#5393,
#5394,#5395,#5396,#5397,#5398,#5399,#5400,#5401,#5402,#5403,#5404,#5405,
#5406,#5407,#5408,#5409),.UNSPECIFIED.,.F.,.F.,(4,3,3,3,3,3,3,4),(39.0086749840547,
39.4611735465612,40.4477028852253,41.4342322238893,42.4207615625533,43.4072909012174,
44.3938202398814,45.2918602912343),.UNSPECIFIED.);
#566=B_SPLINE_CURVE_WITH_KNOTS('',3,(#5410,#5411,#5412,#5413,#5414,#5415,
#5416,#5417,#5418,#5419,#5420,#5421,#5422,#5423,#5424,#5425,#5426,#5427,
#5428,#5429,#5430,#5431,#5432,#5433,#5434),.UNSPECIFIED.,.F.,.F.,(4,3,3,
3,3,3,3,3,4),(-41.5517138474472,-41.4342322238893,-40.4477028852252,-39.4611735465612,
-38.4746442078972,-37.4881148692332,-36.5015855305691,-35.5150561919051,
-35.2685285402676),.UNSPECIFIED.);
#567=B_SPLINE_CURVE_WITH_KNOTS('',3,(#5439,#5440,#5441,#5442,#5443,#5444,
#5445,#5446,#5447,#5448,#5449,#5450,#5451,#5452,#5453,#5454,#5455,#5456,
#5457,#5458,#5459,#5460),.UNSPECIFIED.,.F.,.F.,(4,3,3,3,3,3,3,4),(32.7254896768751,
33.541997514577,34.5285268532411,35.5150561919051,36.5015855305691,37.4881148692332,
38.4746442078972,39.0086749840547),.UNSPECIFIED.);
#568=B_SPLINE_CURVE_WITH_KNOTS('',3,(#5461,#5462,#5463,#5464,#5465,#5466,
#5467,#5468,#5469,#5470,#5471,#5472,#5473,#5474,#5475,#5476,#5477,#5478,
#5479,#5480,#5481,#5482),.UNSPECIFIED.,.F.,.F.,(4,3,3,3,3,3,3,4),(-35.2685285402676,
-34.5285268532411,-33.541997514577,-32.555468175913,-31.568938837249,-30.5824094985849,
-29.5958801599209,-28.985343233088),.UNSPECIFIED.);
#569=B_SPLINE_CURVE_WITH_KNOTS('',3,(#5487,#5488,#5489,#5490,#5491,#5492,
#5493,#5494,#5495,#5496,#5497,#5498,#5499,#5500,#5501,#5502,#5503,#5504,
#5505,#5506,#5507,#5508,#5509,#5510,#5511),.UNSPECIFIED.,.F.,.F.,(4,3,3,
3,3,3,3,3,4),(26.4423043696955,26.6362921439288,27.6228214825929,28.6093508212569,
29.5958801599209,30.582409498585,31.568938837249,32.555468175913,32.7254896768751),
 .UNSPECIFIED.);
#570=B_SPLINE_CURVE_WITH_KNOTS('',3,(#5512,#5513,#5514,#5515,#5516,#5517,
#5518,#5519,#5520,#5521,#5522,#5523,#5524,#5525,#5526,#5527,#5528,#5529,
#5530,#5531,#5532,#5533),.UNSPECIFIED.,.F.,.F.,(4,3,3,3,3,3,3,4),(-28.985343233088,
-28.6093508212569,-27.6228214825928,-26.6362921439288,-25.6497628052648,
-24.6632334666008,-23.6767041279367,-22.7021579259084),.UNSPECIFIED.);
#571=B_SPLINE_CURVE_WITH_KNOTS('',3,(#5538,#5539,#5540,#5541,#5542,#5543,
#5544,#5545,#5546,#5547,#5548,#5549,#5550,#5551,#5552,#5553,#5554,#5555,
#5556,#5557,#5558,#5559),.UNSPECIFIED.,.F.,.F.,(4,3,3,3,3,3,3,4),(20.1591190625159,
20.7171161119446,21.7036454506087,22.6901747892727,23.6767041279367,24.6632334666008,
25.6497628052648,26.4423043696955),.UNSPECIFIED.);
#572=B_SPLINE_CURVE_WITH_KNOTS('',3,(#5560,#5561,#5562,#5563,#5564,#5565,
#5566,#5567,#5568,#5569,#5570,#5571,#5572,#5573,#5574,#5575,#5576,#5577,
#5578,#5579,#5580,#5581,#5582,#5583,#5584),.UNSPECIFIED.,.F.,.F.,(4,3,3,
3,3,3,3,3,4),(-22.7021579259084,-22.6901747892727,-21.7036454506087,-20.7171161119446,
-19.7305867732806,-18.7440574346166,-17.7575280959525,-16.7709987572885,
-16.4189726187288),.UNSPECIFIED.);
#573=B_SPLINE_CURVE_WITH_KNOTS('',3,(#5589,#5590,#5591,#5592,#5593,#5594,
#5595,#5596,#5597,#5598,#5599,#5600,#5601,#5602,#5603,#5604,#5605,#5606,
#5607,#5608,#5609,#5610),.UNSPECIFIED.,.F.,.F.,(4,3,3,3,3,3,3,4),(13.8759337553363,
14.7979400799605,15.7844694186245,16.7709987572885,17.7575280959526,18.7440574346166,
19.7305867732806,20.1591190625159),.UNSPECIFIED.);
#574=B_SPLINE_CURVE_WITH_KNOTS('',3,(#5611,#5612,#5613,#5614,#5615,#5616,
#5617,#5618,#5619,#5620,#5621,#5622,#5623,#5624,#5625,#5626,#5627,#5628,
#5629,#5630,#5631,#5632),.UNSPECIFIED.,.F.,.F.,(4,3,3,3,3,3,3,4),(-16.4189726187288,
-15.7844694186245,-14.7979400799604,-13.8114107412964,-12.8248814026324,
-11.8383520639684,-10.8518227253043,-10.1357873115492),.UNSPECIFIED.);
#575=B_SPLINE_CURVE_WITH_KNOTS('',3,(#5638,#5639,#5640,#5641,#5642,#5643,
#5644,#5645,#5646,#5647,#5648,#5649,#5650),.UNSPECIFIED.,.F.,.F.,(4,3,3,
3,4),(-3.85260200436963,-2.95958801599209,-1.97305867732806,-0.986529338664027,
0.),.UNSPECIFIED.);
#576=B_SPLINE_CURVE_WITH_KNOTS('',3,(#5653,#5654,#5655,#5656,#5657,#5658,
#5659,#5660,#5661,#5662,#5663,#5664,#5665,#5666,#5667,#5668,#5669,#5670,
#5671),.UNSPECIFIED.,.F.,.F.,(4,3,3,3,3,3,4),(2.02057249175705,2.9595880159921,
3.94611735465613,4.93264669332016,5.91917603198419,6.90570537064822,7.59274844815672),
 .UNSPECIFIED.);
#577=B_SPLINE_CURVE_WITH_KNOTS('',3,(#5677,#5678,#5679,#5680,#5681,#5682,
#5683,#5684),.UNSPECIFIED.,.F.,.F.,(4,1,1,1,1,4),(59.6902604182061,60.1952988581168,
61.1818281967808,62.1683575354449,63.1548868741089,64.1414162127729),
 .UNSPECIFIED.);
#578=B_SPLINE_CURVE_WITH_KNOTS('',3,(#5687,#5688,#5689,#5690,#5691,#5692,
#5693,#5694,#5695),.UNSPECIFIED.,.F.,.F.,(4,1,1,1,1,1,4),(59.6902604182061,
59.7787497055172,60.7652790441813,61.7518083828453,62.7383377215093,63.7248670601734,
64.6638825844085),.UNSPECIFIED.);
#579=B_SPLINE_CURVE_WITH_KNOTS('',3,(#5700,#5701,#5702,#5703,#5704,#5705,
#5706,#5707,#5708,#5709),.UNSPECIFIED.,.F.,.F.,(4,1,1,1,1,1,1,4),(53.4070751110265,
54.2761228261326,55.2626521647967,56.2491815034607,57.2357108421247,58.2222401807888,
59.2087695194528,59.6902604182061),.UNSPECIFIED.);
#580=B_SPLINE_CURVE_WITH_KNOTS('',3,(#5710,#5711,#5712,#5713,#5714,#5715,
#5716,#5717,#5718,#5719),.UNSPECIFIED.,.F.,.F.,(4,1,1,1,1,1,1,4),(53.4070751110265,
53.859573673533,54.8461030121971,55.8326323508611,56.8191616895251,57.8056910281892,
58.7922203668532,59.6902604182061),.UNSPECIFIED.);
#581=B_SPLINE_CURVE_WITH_KNOTS('',3,(#5724,#5725,#5726,#5727,#5728,#5729,
#5730,#5731,#5732,#5733,#5734),.UNSPECIFIED.,.F.,.F.,(4,1,1,1,1,1,1,1,4),
(47.1238898038469,47.3704174554844,48.3569467941485,49.3434761328125,50.3300054714765,
51.3165348101405,52.3030641488046,53.2895934874686,53.4070751110265),
 .UNSPECIFIED.);
#582=B_SPLINE_CURVE_WITH_KNOTS('',3,(#5735,#5736,#5737,#5738,#5739,#5740,
#5741,#5742,#5743,#5744),.UNSPECIFIED.,.F.,.F.,(4,1,1,1,1,1,1,4),(47.1238898038469,
47.9403976415489,48.9269269802129,49.9134563188769,50.899985657541,51.886514996205,
52.873044334869,53.4070751110265),.UNSPECIFIED.);
#583=B_SPLINE_CURVE_WITH_KNOTS('',3,(#5749,#5750,#5751,#5752,#5753,#5754,
#5755,#5756,#5757,#5758),.UNSPECIFIED.,.F.,.F.,(4,1,1,1,1,1,1,4),(40.8407044966673,
41.4512414235002,42.4377707621643,43.4243001008283,44.4108294394923,45.3973587781564,
46.3838881168204,47.1238898038469),.UNSPECIFIED.);
#584=B_SPLINE_CURVE_WITH_KNOTS('',3,(#5759,#5760,#5761,#5762,#5763,#5764,
#5765,#5766,#5767,#5768,#5769),.UNSPECIFIED.,.F.,.F.,(4,1,1,1,1,1,1,1,4),
(40.8407044966673,41.0346922709006,42.0212216095647,43.0077509482287,43.9942802868927,
44.9808096255568,45.9673389642208,46.9538683028848,47.1238898038469),
 .UNSPECIFIED.);
#585=B_SPLINE_CURVE_WITH_KNOTS('',3,(#5774,#5775,#5776,#5777,#5778,#5779,
#5780,#5781,#5782,#5783),.UNSPECIFIED.,.F.,.F.,(4,1,1,1,1,1,1,4),(34.5575191894877,
35.5320653915161,36.5185947301801,37.5051240688441,38.4916534075082,39.4781827461722,
40.4647120848362,40.8407044966673),.UNSPECIFIED.);
#586=B_SPLINE_CURVE_WITH_KNOTS('',3,(#5784,#5785,#5786,#5787,#5788,#5789,
#5790,#5791,#5792,#5793),.UNSPECIFIED.,.F.,.F.,(4,1,1,1,1,1,1,4),(34.5575191894877,
35.1155162389165,36.1020455775805,37.0885749162445,38.0751042549086,39.0616335935726,
40.0481629322366,40.8407044966673),.UNSPECIFIED.);
#587=B_SPLINE_CURVE_WITH_KNOTS('',3,(#5798,#5799,#5800,#5801,#5802,#5803,
#5804,#5805,#5806,#5807,#5808),.UNSPECIFIED.,.F.,.F.,(4,1,1,1,1,1,1,1,4),
(28.2743338823081,28.6263600208678,29.6128893595319,30.5994186981959,31.5859480368599,
32.572477375524,33.559006714188,34.545536052852,34.5575191894877),
 .UNSPECIFIED.);
#588=B_SPLINE_CURVE_WITH_KNOTS('',3,(#5809,#5810,#5811,#5812,#5813,#5814,
#5815,#5816,#5817,#5818),.UNSPECIFIED.,.F.,.F.,(4,1,1,1,1,1,1,4),(28.2743338823081,
29.1963402069323,30.1828695455963,31.1693988842603,32.1559282229244,33.1424575615884,
34.1289869002524,34.5575191894877),.UNSPECIFIED.);
#589=B_SPLINE_CURVE_WITH_KNOTS('',3,(#5823,#5824,#5825,#5826,#5827,#5828,
#5829,#5830,#5831,#5832),.UNSPECIFIED.,.F.,.F.,(4,1,1,1,1,1,1,4),(21.9911485751285,
22.7071839888837,23.6937133275477,24.6802426662117,25.6667720048758,26.6533013435398,
27.6398306822038,28.2743338823081),.UNSPECIFIED.);
#590=B_SPLINE_CURVE_WITH_KNOTS('',3,(#5833,#5834,#5835,#5836,#5837,#5838,
#5839,#5840,#5841,#5842,#5843),.UNSPECIFIED.,.F.,.F.,(4,1,1,1,1,1,1,1,4),
(21.9911485751285,22.2906348362841,23.2771641749481,24.2636935136121,25.2502228522762,
26.2367521909402,27.2232815296042,28.2098108682682,28.2743338823081),
 .UNSPECIFIED.);
#591=B_SPLINE_CURVE_WITH_KNOTS('',3,(#5849,#5850,#5851,#5852,#5853),
 .UNSPECIFIED.,.F.,.F.,(4,1,4),(14.3984001269718,15.3849294656358,15.7079632679489),
 .UNSPECIFIED.);
#592=B_SPLINE_CURVE_WITH_KNOTS('',3,(#5856,#5857,#5858,#5859,#5860),
 .UNSPECIFIED.,.F.,.F.,(4,1,4),(13.8759337553362,14.8149492795714,15.7079632679489),
 .UNSPECIFIED.);
#593=B_SPLINE_CURVE_WITH_KNOTS('',3,(#5866,#5867,#5868,#5869),
 .UNSPECIFIED.,.F.,.F.,(4,4),(51.5750455984138,52.2860549491936),
 .UNSPECIFIED.);
#594=B_SPLINE_CURVE_WITH_KNOTS('',3,(#5872,#5873,#5874,#5875,#5876,#5877,
#5878,#5879,#5880,#5881),.UNSPECIFIED.,.F.,.F.,(4,3,3,4),(-50.2654824574366,
-49.3264669332015,-48.3399375945375,-47.8348991546267),.UNSPECIFIED.);
#595=B_SPLINE_CURVE_WITH_KNOTS('',3,(#5886,#5887,#5888,#5889,#5890,#5891,
#5892,#5893,#5894,#5895,#5896,#5897,#5898,#5899,#5900,#5901,#5902,#5903,
#5904,#5905,#5906,#5907,#5908,#5909,#5910),.UNSPECIFIED.,.F.,.F.,(4,3,3,
3,3,3,3,3,4),(45.2918602912342,45.3803495785454,46.3668789172094,47.3534082558735,
48.3399375945375,49.3264669332015,50.3129962718656,51.2995256105296,51.5750455984138),
 .UNSPECIFIED.);
#596=B_SPLINE_CURVE_WITH_KNOTS('',3,(#5911,#5912,#5913,#5914,#5915,#5916,
#5917,#5918,#5919,#5920,#5921,#5922,#5923,#5924,#5925,#5926,#5927,#5928,
#5929,#5930,#5931,#5932),.UNSPECIFIED.,.F.,.F.,(4,3,3,3,3,3,3,4),(-47.8348991546267,
-47.3534082558734,-46.3668789172094,-45.3803495785454,-44.3938202398814,
-43.4072909012173,-42.4207615625533,-41.5517138474471),.UNSPECIFIED.);
#597=B_SPLINE_CURVE_WITH_KNOTS('',3,(#5937,#5938,#5939,#5940,#5941,#5942,
#5943,#5944,#5945,#5946,#5947,#5948,#5949,#5950,#5951,#5952,#5953,#5954,
#5955,#5956,#5957,#5958),.UNSPECIFIED.,.F.,.F.,(4,3,3,3,3,3,3,4),(39.0086749840546,
39.4611735465612,40.4477028852252,41.4342322238893,42.4207615625533,43.4072909012173,
44.3938202398814,45.2918602912342),.UNSPECIFIED.);
#598=B_SPLINE_CURVE_WITH_KNOTS('',3,(#5959,#5960,#5961,#5962,#5963,#5964,
#5965,#5966,#5967,#5968,#5969,#5970,#5971,#5972,#5973,#5974,#5975,#5976,
#5977,#5978,#5979,#5980,#5981,#5982,#5983),.UNSPECIFIED.,.F.,.F.,(4,3,3,
3,3,3,3,3,4),(-41.5517138474471,-41.4342322238893,-40.4477028852252,-39.4611735465612,
-38.4746442078972,-37.4881148692332,-36.5015855305691,-35.5150561919051,
-35.2685285402675),.UNSPECIFIED.);
#599=B_SPLINE_CURVE_WITH_KNOTS('',3,(#5988,#5989,#5990,#5991,#5992,#5993,
#5994,#5995,#5996,#5997,#5998,#5999,#6000,#6001,#6002,#6003,#6004,#6005,
#6006,#6007,#6008,#6009),.UNSPECIFIED.,.F.,.F.,(4,3,3,3,3,3,3,4),(32.725489676875,
33.541997514577,34.5285268532411,35.5150561919051,36.5015855305691,37.4881148692332,
38.4746442078972,39.0086749840546),.UNSPECIFIED.);
#600=B_SPLINE_CURVE_WITH_KNOTS('',3,(#6010,#6011,#6012,#6013,#6014,#6015,
#6016,#6017,#6018,#6019,#6020,#6021,#6022,#6023,#6024,#6025,#6026,#6027,
#6028,#6029,#6030,#6031),.UNSPECIFIED.,.F.,.F.,(4,3,3,3,3,3,3,4),(-35.2685285402675,
-34.5285268532411,-33.541997514577,-32.555468175913,-31.568938837249,-30.5824094985849,
-29.5958801599209,-28.9853432330879),.UNSPECIFIED.);
#601=B_SPLINE_CURVE_WITH_KNOTS('',3,(#6036,#6037,#6038,#6039,#6040,#6041,
#6042,#6043,#6044,#6045,#6046,#6047,#6048,#6049,#6050,#6051,#6052,#6053,
#6054,#6055,#6056,#6057,#6058,#6059,#6060),.UNSPECIFIED.,.F.,.F.,(4,3,3,
3,3,3,3,3,4),(26.4423043696954,26.6362921439288,27.6228214825929,28.6093508212569,
29.5958801599209,30.582409498585,31.568938837249,32.555468175913,32.725489676875),
 .UNSPECIFIED.);
#602=B_SPLINE_CURVE_WITH_KNOTS('',3,(#6061,#6062,#6063,#6064,#6065,#6066,
#6067,#6068,#6069,#6070,#6071,#6072,#6073,#6074,#6075,#6076,#6077,#6078,
#6079,#6080,#6081,#6082),.UNSPECIFIED.,.F.,.F.,(4,3,3,3,3,3,3,4),(-28.9853432330879,
-28.6093508212569,-27.6228214825928,-26.6362921439288,-25.6497628052648,
-24.6632334666008,-23.6767041279367,-22.7021579259083),.UNSPECIFIED.);
#603=B_SPLINE_CURVE_WITH_KNOTS('',3,(#6087,#6088,#6089,#6090,#6091,#6092,
#6093,#6094,#6095,#6096,#6097,#6098,#6099,#6100,#6101,#6102,#6103,#6104,
#6105,#6106,#6107,#6108),.UNSPECIFIED.,.F.,.F.,(4,3,3,3,3,3,3,4),(20.1591190625158,
20.7171161119446,21.7036454506087,22.6901747892727,23.6767041279367,24.6632334666008,
25.6497628052648,26.4423043696954),.UNSPECIFIED.);
#604=B_SPLINE_CURVE_WITH_KNOTS('',3,(#6109,#6110,#6111,#6112,#6113,#6114,
#6115,#6116,#6117,#6118,#6119,#6120,#6121,#6122,#6123,#6124,#6125,#6126,
#6127,#6128,#6129,#6130,#6131,#6132,#6133),.UNSPECIFIED.,.F.,.F.,(4,3,3,
3,3,3,3,3,4),(-22.7021579259083,-22.6901747892727,-21.7036454506087,-20.7171161119446,
-19.7305867732806,-18.7440574346166,-17.7575280959525,-16.7709987572885,
-16.4189726187287),.UNSPECIFIED.);
#605=B_SPLINE_CURVE_WITH_KNOTS('',3,(#6138,#6139,#6140,#6141,#6142,#6143,
#6144,#6145,#6146,#6147,#6148,#6149,#6150,#6151,#6152,#6153,#6154,#6155,
#6156,#6157,#6158,#6159),.UNSPECIFIED.,.F.,.F.,(4,3,3,3,3,3,3,4),(13.8759337553363,
14.7979400799605,15.7844694186245,16.7709987572885,17.7575280959525,18.7440574346166,
19.7305867732806,20.1591190625158),.UNSPECIFIED.);
#606=B_SPLINE_CURVE_WITH_KNOTS('',3,(#6160,#6161,#6162,#6163,#6164,#6165,
#6166,#6167,#6168,#6169,#6170,#6171,#6172,#6173,#6174,#6175,#6176,#6177,
#6178,#6179,#6180,#6181),.UNSPECIFIED.,.F.,.F.,(4,3,3,3,3,3,3,4),(-16.4189726187287,
-15.7844694186245,-14.7979400799605,-13.8114107412964,-12.8248814026324,
-11.8383520639684,-10.8518227253043,-10.1357873115492),.UNSPECIFIED.);
#607=B_SPLINE_CURVE_WITH_KNOTS('',3,(#6187,#6188,#6189,#6190,#6191,#6192,
#6193,#6194,#6195,#6196,#6197,#6198,#6199),.UNSPECIFIED.,.F.,.F.,(4,3,3,
3,4),(-3.85260200436958,-2.95958801599209,-1.97305867732806,-0.986529338664032,
0.),.UNSPECIFIED.);
#608=B_SPLINE_CURVE_WITH_KNOTS('',3,(#6202,#6203,#6204,#6205,#6206,#6207,
#6208,#6209,#6210,#6211,#6212,#6213,#6214,#6215,#6216,#6217,#6218,#6219,
#6220),.UNSPECIFIED.,.F.,.F.,(4,3,3,3,3,3,4),(2.02057249175715,2.95958801599209,
3.94611735465612,4.93264669332016,5.91917603198419,6.90570537064822,7.59274844815667),
 .UNSPECIFIED.);
#609=B_SPLINE_CURVE_WITH_KNOTS('',3,(#6226,#6227,#6228,#6229,#6230,#6231,
#6232,#6233),.UNSPECIFIED.,.F.,.F.,(4,1,1,1,1,4),(59.6902604182061,60.1952988581168,
61.1818281967808,62.1683575354449,63.1548868741089,64.1414162127729),
 .UNSPECIFIED.);
#610=B_SPLINE_CURVE_WITH_KNOTS('',3,(#6236,#6237,#6238,#6239,#6240,#6241,
#6242,#6243,#6244),.UNSPECIFIED.,.F.,.F.,(4,1,1,1,1,1,4),(59.6902604182061,
59.7787497055172,60.7652790441813,61.7518083828453,62.7383377215093,63.7248670601734,
64.6638825844085),.UNSPECIFIED.);
#611=B_SPLINE_CURVE_WITH_KNOTS('',3,(#6249,#6250,#6251,#6252,#6253,#6254,
#6255,#6256,#6257,#6258),.UNSPECIFIED.,.F.,.F.,(4,1,1,1,1,1,1,4),(53.4070751110265,
54.2761228261326,55.2626521647967,56.2491815034607,57.2357108421247,58.2222401807888,
59.2087695194528,59.6902604182061),.UNSPECIFIED.);
#612=B_SPLINE_CURVE_WITH_KNOTS('',3,(#6259,#6260,#6261,#6262,#6263,#6264,
#6265,#6266,#6267,#6268),.UNSPECIFIED.,.F.,.F.,(4,1,1,1,1,1,1,4),(53.4070751110265,
53.8595736735331,54.8461030121971,55.8326323508611,56.8191616895251,57.8056910281892,
58.7922203668532,59.6902604182061),.UNSPECIFIED.);
#613=B_SPLINE_CURVE_WITH_KNOTS('',3,(#6273,#6274,#6275,#6276,#6277,#6278,
#6279,#6280,#6281,#6282,#6283),.UNSPECIFIED.,.F.,.F.,(4,1,1,1,1,1,1,1,4),
(47.1238898038469,47.3704174554844,48.3569467941484,49.3434761328125,50.3300054714765,
51.3165348101405,52.3030641488046,53.2895934874686,53.4070751110265),
 .UNSPECIFIED.);
#614=B_SPLINE_CURVE_WITH_KNOTS('',3,(#6284,#6285,#6286,#6287,#6288,#6289,
#6290,#6291,#6292,#6293),.UNSPECIFIED.,.F.,.F.,(4,1,1,1,1,1,1,4),(47.1238898038469,
47.9403976415489,48.9269269802129,49.9134563188769,50.899985657541,51.886514996205,
52.873044334869,53.4070751110265),.UNSPECIFIED.);
#615=B_SPLINE_CURVE_WITH_KNOTS('',3,(#6298,#6299,#6300,#6301,#6302,#6303,
#6304,#6305,#6306,#6307),.UNSPECIFIED.,.F.,.F.,(4,1,1,1,1,1,1,4),(40.8407044966673,
41.4512414235002,42.4377707621643,43.4243001008283,44.4108294394923,45.3973587781564,
46.3838881168204,47.1238898038469),.UNSPECIFIED.);
#616=B_SPLINE_CURVE_WITH_KNOTS('',3,(#6308,#6309,#6310,#6311,#6312,#6313,
#6314,#6315,#6316,#6317,#6318),.UNSPECIFIED.,.F.,.F.,(4,1,1,1,1,1,1,1,4),
(40.8407044966673,41.0346922709007,42.0212216095647,43.0077509482287,43.9942802868928,
44.9808096255568,45.9673389642208,46.9538683028848,47.1238898038469),
 .UNSPECIFIED.);
#617=B_SPLINE_CURVE_WITH_KNOTS('',3,(#6323,#6324,#6325,#6326,#6327,#6328,
#6329,#6330,#6331,#6332),.UNSPECIFIED.,.F.,.F.,(4,1,1,1,1,1,1,4),(34.5575191894877,
35.5320653915161,36.5185947301801,37.5051240688441,38.4916534075082,39.4781827461722,
40.4647120848362,40.8407044966673),.UNSPECIFIED.);
#618=B_SPLINE_CURVE_WITH_KNOTS('',3,(#6333,#6334,#6335,#6336,#6337,#6338,
#6339,#6340,#6341,#6342),.UNSPECIFIED.,.F.,.F.,(4,1,1,1,1,1,1,4),(34.5575191894877,
35.1155162389165,36.1020455775805,37.0885749162445,38.0751042549086,39.0616335935726,
40.0481629322366,40.8407044966673),.UNSPECIFIED.);
#619=B_SPLINE_CURVE_WITH_KNOTS('',3,(#6347,#6348,#6349,#6350,#6351,#6352,
#6353,#6354,#6355,#6356,#6357),.UNSPECIFIED.,.F.,.F.,(4,1,1,1,1,1,1,1,4),
(28.2743338823081,28.6263600208678,29.6128893595319,30.5994186981959,31.5859480368599,
32.572477375524,33.559006714188,34.545536052852,34.5575191894877),
 .UNSPECIFIED.);
#620=B_SPLINE_CURVE_WITH_KNOTS('',3,(#6358,#6359,#6360,#6361,#6362,#6363,
#6364,#6365,#6366,#6367),.UNSPECIFIED.,.F.,.F.,(4,1,1,1,1,1,1,4),(28.2743338823081,
29.1963402069323,30.1828695455963,31.1693988842604,32.1559282229244,33.1424575615884,
34.1289869002524,34.5575191894877),.UNSPECIFIED.);
#621=B_SPLINE_CURVE_WITH_KNOTS('',3,(#6372,#6373,#6374,#6375,#6376,#6377,
#6378,#6379,#6380,#6381),.UNSPECIFIED.,.F.,.F.,(4,1,1,1,1,1,1,4),(21.9911485751285,
22.7071839888837,23.6937133275477,24.6802426662117,25.6667720048758,26.6533013435398,
27.6398306822038,28.2743338823081),.UNSPECIFIED.);
#622=B_SPLINE_CURVE_WITH_KNOTS('',3,(#6382,#6383,#6384,#6385,#6386,#6387,
#6388,#6389,#6390,#6391,#6392),.UNSPECIFIED.,.F.,.F.,(4,1,1,1,1,1,1,1,4),
(21.9911485751285,22.2906348362841,23.2771641749481,24.2636935136121,25.2502228522762,
26.2367521909402,27.2232815296042,28.2098108682683,28.2743338823081),
 .UNSPECIFIED.);
#623=B_SPLINE_CURVE_WITH_KNOTS('',3,(#6398,#6399,#6400,#6401,#6402),
 .UNSPECIFIED.,.F.,.F.,(4,1,4),(14.3984001269718,15.3849294656359,15.707963267949),
 .UNSPECIFIED.);
#624=B_SPLINE_CURVE_WITH_KNOTS('',3,(#6405,#6406,#6407,#6408,#6409),
 .UNSPECIFIED.,.F.,.F.,(4,1,4),(13.8759337553363,14.8149492795714,15.7079632679489),
 .UNSPECIFIED.);
#625=B_SPLINE_CURVE_WITH_KNOTS('',3,(#6578,#6579,#6580,#6581,#6582,#6583,
#6584,#6585,#6586,#6587,#6588,#6589,#6590,#6591,#6592,#6593,#6594,#6595,
#6596,#6597,#6598,#6599,#6600,#6601,#6602,#6603,#6604,#6605,#6606,#6607,
#6608,#6609,#6610,#6611,#6612,#6613,#6614,#6615,#6616,#6617,#6618,#6619,
#6620,#6621,#6622,#6623,#6624,#6625,#6626,#6627,#6628,#6629,#6630,#6631,
#6632,#6633,#6634,#6635,#6636,#6637,#6638,#6639,#6640,#6641,#6642,#6643,
#6644,#6645,#6646,#6647,#6648,#6649,#6650,#6651,#6652,#6653,#6654,#6655,
#6656,#6657,#6658,#6659),.UNSPECIFIED.,.F.,.F.,(4,3,3,3,3,3,3,3,3,3,3,3,
3,3,3,3,3,3,3,3,3,3,3,3,3,3,3,4),(0.,0.0151333794952733,0.0309465414736129,
0.0436321552050598,0.0489813990422993,0.0520419605675142,0.0683396696082511,
0.0849381965010501,0.0968115102070845,0.101850388003786,0.104848895637847,
0.121925018663818,0.132431451325188,0.149059620150848,0.154032119729582,
0.158630709491076,0.175671173195535,0.193113212797294,0.203701578886633,
0.209531956108835,0.213042419429677,0.231033417222492,0.242730098294872,
0.247570783691926,0.251110581876073,0.269306529546716,0.277820141512012,
0.285142803995019),.UNSPECIFIED.);
#626=B_SPLINE_CURVE_WITH_KNOTS('',3,(#6660,#6661,#6662,#6663,#6664,#6665,
#6666,#6667,#6668,#6669,#6670,#6671,#6672,#6673,#6674,#6675,#6676,#6677,
#6678,#6679,#6680,#6681,#6682,#6683,#6684,#6685,#6686,#6687,#6688,#6689,
#6690,#6691,#6692,#6693,#6694,#6695,#6696,#6697,#6698,#6699,#6700,#6701,
#6702,#6703,#6704,#6705,#6706,#6707,#6708,#6709,#6710,#6711,#6712,#6713,
#6714,#6715,#6716,#6717,#6718,#6719,#6720,#6721,#6722,#6723,#6724,#6725,
#6726,#6727,#6728,#6729,#6730,#6731,#6732,#6733,#6734,#6735,#6736,#6737,
#6738),.UNSPECIFIED.,.F.,.F.,(4,3,3,3,3,3,3,3,3,3,3,3,3,3,3,3,3,3,3,3,3,
3,3,3,3,3,4),(0.,0.0183455177171488,0.036583950779267,0.0503564746490074,
0.0575057241412853,0.0612713023247703,0.0790228930139497,0.0964131284946708,
0.109000881805301,0.115579362829466,0.118638827641675,0.135490318960527,
0.14676414173719,0.163451454243384,0.168606859289246,0.173127601549087,
0.189898088370112,0.206648616591261,0.217354225355509,0.222872248646599,
0.226200118122566,0.242292077128543,0.252397515645638,0.256093835327074,
0.271604201213591,0.280262641786739,0.286347380332248),.UNSPECIFIED.);
#627=B_SPLINE_CURVE_WITH_KNOTS('',3,(#6827,#6828,#6829,#6830,#6831,#6832,
#6833,#6834,#6835,#6836,#6837,#6838,#6839,#6840,#6841,#6842,#6843,#6844,
#6845,#6846,#6847,#6848,#6849,#6850,#6851,#6852,#6853,#6854,#6855,#6856,
#6857,#6858,#6859,#6860,#6861,#6862,#6863,#6864,#6865,#6866,#6867,#6868,
#6869,#6870,#6871,#6872,#6873,#6874,#6875,#6876,#6877,#6878,#6879,#6880,
#6881,#6882,#6883,#6884,#6885,#6886,#6887,#6888,#6889,#6890,#6891,#6892,
#6893,#6894,#6895,#6896,#6897,#6898,#6899,#6900,#6901,#6902,#6903,#6904,
#6905,#6906,#6907,#6908),.UNSPECIFIED.,.F.,.F.,(4,3,3,3,3,3,3,3,3,3,3,3,
3,3,3,3,3,3,3,3,3,3,3,3,3,3,3,4),(0.,0.0151314018014203,0.0309431222050299,
0.0436291633450503,0.0489725958177925,0.0520413354284905,0.0683376348549445,
0.0849356873548065,0.0968096283474034,0.101845044337878,0.104840191783761,
0.121916432734165,0.132431451325194,0.149060497461358,0.154032199027489,
0.15863067963868,0.175672097759549,0.19311459344244,0.20370278695114,0.209533210717132,
0.213043629447073,0.231034714888966,0.242731071544733,0.247574287830554,
0.251114343412925,0.269310212001291,0.277820141512036,0.285142803995039),
 .UNSPECIFIED.);
#628=B_SPLINE_CURVE_WITH_KNOTS('',3,(#6909,#6910,#6911,#6912,#6913,#6914,
#6915,#6916,#6917,#6918,#6919,#6920,#6921,#6922,#6923,#6924,#6925,#6926,
#6927,#6928,#6929,#6930,#6931,#6932,#6933,#6934,#6935,#6936,#6937,#6938,
#6939,#6940,#6941,#6942,#6943,#6944,#6945,#6946,#6947,#6948,#6949,#6950,
#6951,#6952,#6953,#6954,#6955,#6956,#6957,#6958,#6959,#6960,#6961,#6962,
#6963,#6964,#6965,#6966,#6967,#6968,#6969,#6970,#6971,#6972,#6973,#6974,
#6975,#6976,#6977,#6978,#6979,#6980,#6981,#6982,#6983,#6984,#6985,#6986,
#6987),.UNSPECIFIED.,.F.,.F.,(4,3,3,3,3,3,3,3,3,3,3,3,3,3,3,3,3,3,3,3,3,
3,3,3,3,3,4),(0.,0.0183455177171436,0.036583794210304,0.0503563376511596,
0.0575053637551395,0.0612710904082526,0.0790226399229023,0.0964133624860013,
0.109001057298788,0.115579231310411,0.118638511731261,0.135490461324804,
0.146764141737149,0.163451454243342,0.168607476611556,0.17312741267715,
0.189897818822682,0.206648325501345,0.217353667959328,0.222872131352902,
0.226200174027947,0.242292455173136,0.252398226446969,0.256095248395255,
0.271606197701207,0.280262641786694,0.286347380332206),.UNSPECIFIED.);
#629=B_SPLINE_CURVE_WITH_KNOTS('',3,(#7042,#7043,#7044,#7045,#7046,#7047,
#7048,#7049,#7050,#7051,#7052),.UNSPECIFIED.,.F.,.F.,(4,1,1,1,1,1,1,1,4),
(15.7079632679489,15.8014786182355,16.7880079568995,17.7745372955635,18.7610666342275,
19.7475959728916,20.7341253115556,21.7206546502196,21.9911485751285),
 .UNSPECIFIED.);
#630=B_SPLINE_CURVE_WITH_KNOTS('',3,(#7053,#7054,#7055,#7056,#7057,#7058,
#7059,#7060,#7061,#7062),.UNSPECIFIED.,.F.,.F.,(4,1,1,1,1,1,1,4),(15.707963267949,
16.3714588042999,17.3579881429639,18.344517481628,19.331046820292,20.317576158956,
21.30410549762,21.9911485751285),.UNSPECIFIED.);
#631=B_SPLINE_CURVE_WITH_KNOTS('',3,(#7287,#7288,#7289,#7290,#7291,#7292,
#7293,#7294,#7295,#7296,#7297,#7298,#7299,#7300,#7301,#7302,#7303,#7304,
#7305,#7306,#7307,#7308,#7309,#7310,#7311,#7312,#7313,#7314,#7315,#7316,
#7317,#7318,#7319,#7320,#7321,#7322,#7323,#7324,#7325,#7326,#7327,#7328,
#7329,#7330,#7331,#7332,#7333,#7334,#7335,#7336,#7337,#7338,#7339,#7340,
#7341,#7342,#7343,#7344,#7345,#7346,#7347,#7348,#7349,#7350,#7351,#7352,
#7353,#7354,#7355,#7356,#7357,#7358,#7359,#7360,#7361,#7362,#7363,#7364,
#7365),.UNSPECIFIED.,.F.,.F.,(4,3,3,3,3,3,3,3,3,3,3,3,3,3,3,3,3,3,3,3,3,
3,3,3,3,3,4),(0.,0.0183455177171539,0.0365839299226305,0.0503564563994556,
0.057505675176181,0.0612712732135711,0.0790228594660556,0.0964131657800498,
0.109000909769345,0.115579348365039,0.118638789547602,0.135490347507948,
0.146764141737232,0.163451454243427,0.168606949954017,0.173127574102703,
0.189898050166903,0.206648577348174,0.217354143839825,0.222872232684005,
0.226200127351503,0.242292136068517,0.252397624067672,0.256094048340451,
0.271604502126279,0.280262641786791,0.286347380332303),.UNSPECIFIED.);
#632=B_SPLINE_CURVE_WITH_KNOTS('',3,(#7366,#7367,#7368,#7369,#7370,#7371,
#7372,#7373,#7374,#7375,#7376,#7377,#7378,#7379,#7380,#7381,#7382,#7383,
#7384,#7385,#7386,#7387,#7388,#7389,#7390,#7391,#7392,#7393,#7394,#7395,
#7396,#7397,#7398,#7399,#7400,#7401,#7402,#7403,#7404,#7405,#7406,#7407,
#7408,#7409,#7410,#7411,#7412,#7413,#7414,#7415,#7416,#7417,#7418,#7419,
#7420,#7421,#7422,#7423,#7424,#7425,#7426,#7427,#7428,#7429,#7430,#7431,
#7432,#7433,#7434,#7435,#7436,#7437,#7438,#7439,#7440,#7441,#7442,#7443,
#7444,#7445,#7446,#7447),.UNSPECIFIED.,.F.,.F.,(4,3,3,3,3,3,3,3,3,3,3,3,
3,3,3,3,3,3,3,3,3,3,3,3,3,3,3,4),(0.,0.0151331126074373,0.0309460808616043,
0.0436317521695561,0.0489802121724028,0.0520418654399721,0.0683393848648052,
0.084937849419835,0.096811249896181,0.101849649949675,0.10484768628874,
0.121923827740867,0.132431451325219,0.149059741263574,0.154032133009024,
0.158630704862995,0.175671300361781,0.193113402676464,0.203701745030916,
0.209532131115608,0.2130425880945,0.231033597967334,0.242730233853521,0.247571271981468,
0.251111103870443,0.269307041383019,0.277820141512083,0.285142803995096),
 .UNSPECIFIED.);
#633=B_SPLINE_CURVE_WITH_KNOTS('',3,(#7448,#7449,#7450,#7451,#7452,#7453,
#7454,#7455,#7456,#7457,#7458,#7459,#7460,#7461,#7462,#7463,#7464,#7465,
#7466,#7467,#7468,#7469,#7470,#7471,#7472),.UNSPECIFIED.,.F.,.F.,(4,3,3,
3,3,3,3,3,4),(-10.1357873115492,-9.8652933866403,-8.87876404797627,-7.89223470931224,
-6.90570537064821,-5.91917603198418,-4.93264669332015,-3.94611735465612,
-3.85260200436958),.UNSPECIFIED.);
#634=B_SPLINE_CURVE_WITH_KNOTS('',3,(#7697,#7698,#7699,#7700,#7701,#7702,
#7703,#7704,#7705,#7706,#7707,#7708,#7709,#7710,#7711,#7712,#7713,#7714,
#7715,#7716,#7717,#7718,#7719,#7720,#7721,#7722,#7723,#7724,#7725,#7726,
#7727,#7728,#7729,#7730,#7731,#7732,#7733,#7734,#7735,#7736,#7737,#7738,
#7739,#7740,#7741,#7742,#7743,#7744,#7745,#7746,#7747,#7748,#7749,#7750,
#7751,#7752,#7753,#7754,#7755,#7756,#7757,#7758,#7759,#7760,#7761,#7762,
#7763,#7764,#7765,#7766,#7767,#7768,#7769,#7770,#7771,#7772,#7773,#7774,
#7775,#7776,#7777,#7778),.UNSPECIFIED.,.F.,.F.,(4,3,3,3,3,3,3,3,3,3,3,3,
3,3,3,3,3,3,3,3,3,3,3,3,3,3,3,4),(0.,0.0151331264084406,0.0309461046858994,
0.0436317730158177,0.0489802735534337,0.052041870251225,0.0683393994836437,
0.0849378672750443,0.0968112632875948,0.101849687927892,0.104847748429992,
0.121923888948126,0.132431451325246,0.149059735022949,0.154032132341555,
0.158630705132803,0.175671293840267,0.193113392921433,0.203701736495279,
0.209532122136813,0.213042579450317,0.231033588700677,0.242730226903558,
0.24757124693599,0.251111077083818,0.269307015124112,0.2778201415122,0.285142803995216),
 .UNSPECIFIED.);
#635=B_SPLINE_CURVE_WITH_KNOTS('',3,(#7779,#7780,#7781,#7782,#7783,#7784,
#7785,#7786,#7787,#7788,#7789,#7790,#7791,#7792,#7793,#7794,#7795,#7796,
#7797,#7798,#7799,#7800,#7801,#7802,#7803),.UNSPECIFIED.,.F.,.F.,(4,3,3,
3,3,3,3,3,4),(7.59274844815667,7.89223470931225,8.87876404797628,9.86529338664031,
10.8518227253043,11.8383520639684,12.8248814026324,13.8114107412964,13.8759337553363),
 .UNSPECIFIED.);
#636=B_SPLINE_CURVE_WITH_KNOTS('',3,(#7804,#7805,#7806,#7807,#7808,#7809,
#7810,#7811,#7812,#7813,#7814,#7815,#7816,#7817,#7818,#7819,#7820,#7821,
#7822,#7823,#7824,#7825,#7826,#7827,#7828,#7829,#7830,#7831,#7832,#7833,
#7834,#7835,#7836,#7837,#7838,#7839,#7840,#7841,#7842,#7843,#7844,#7845,
#7846,#7847,#7848,#7849,#7850,#7851,#7852,#7853,#7854,#7855,#7856,#7857,
#7858,#7859,#7860,#7861,#7862,#7863,#7864,#7865,#7866,#7867,#7868,#7869,
#7870,#7871,#7872,#7873,#7874,#7875,#7876,#7877,#7878,#7879,#7880,#7881,
#7882),.UNSPECIFIED.,.F.,.F.,(4,3,3,3,3,3,3,3,3,3,3,3,3,3,3,3,3,3,3,3,3,
3,3,3,3,3,4),(0.,0.0183455177171516,0.036583930956602,0.0503564573041783,
0.0575056775958771,0.0612712746511531,0.0790228611317898,0.0964131639817377,
0.109000908420607,0.115579349107309,0.118638791471895,0.135490346173431,
0.146764141737213,0.163451454243408,0.168606945526654,0.173127575442546,
0.18989805203975,0.20664857928759,0.217354147824889,0.222872233474257,0.226200126883912,
0.242292133192738,0.252397618772946,0.256094037890568,0.271604487403031,
0.28026264178677,0.28634738033228),.UNSPECIFIED.);
#637=B_SPLINE_CURVE_WITH_KNOTS('',3,(#7887,#7888,#7889,#7890,#7891,#7892,
#7893,#7894,#7895,#7896,#7897),.UNSPECIFIED.,.F.,.F.,(4,1,1,1,1,1,1,1,4),
(15.7079632679489,15.8014786182354,16.7880079568995,17.7745372955635,18.7610666342275,
19.7475959728916,20.7341253115556,21.7206546502196,21.9911485751285),
 .UNSPECIFIED.);
#638=B_SPLINE_CURVE_WITH_KNOTS('',3,(#7898,#7899,#7900,#7901,#7902,#7903,
#7904,#7905,#7906,#7907),.UNSPECIFIED.,.F.,.F.,(4,1,1,1,1,1,1,4),(15.7079632679489,
16.3714588042999,17.3579881429639,18.3445174816279,19.331046820292,20.317576158956,
21.30410549762,21.9911485751285),.UNSPECIFIED.);
#639=B_SPLINE_CURVE_WITH_KNOTS('',3,(#8132,#8133,#8134,#8135,#8136,#8137,
#8138,#8139,#8140,#8141,#8142,#8143,#8144,#8145,#8146,#8147,#8148,#8149,
#8150,#8151,#8152,#8153,#8154,#8155,#8156,#8157,#8158,#8159,#8160,#8161,
#8162,#8163,#8164,#8165,#8166,#8167,#8168,#8169,#8170,#8171,#8172,#8173,
#8174,#8175,#8176,#8177,#8178,#8179,#8180,#8181,#8182,#8183,#8184,#8185,
#8186,#8187,#8188,#8189,#8190,#8191,#8192,#8193,#8194,#8195,#8196,#8197,
#8198,#8199,#8200,#8201,#8202,#8203,#8204,#8205,#8206,#8207,#8208,#8209,
#8210),.UNSPECIFIED.,.F.,.F.,(4,3,3,3,3,3,3,3,3,3,3,3,3,3,3,3,3,3,3,3,3,
3,3,3,3,3,4),(0.,0.0183455177171559,0.0365837932797625,0.0503563368369481,
0.0575053616584899,0.0612710891817677,0.0790226384026844,0.0964133635805648,
0.109001058119735,0.115579230379533,0.118638509637161,0.135490461691159,
0.146764141737247,0.163451454243449,0.168607479882932,0.173127411654451,
0.189897817321415,0.206648323789141,0.217353664991,0.222872130674899,0.226200174278975,
0.242292457024911,0.252398230034295,0.25609525556354,0.271606207864876,
0.28026264178686,0.286347380332379),.UNSPECIFIED.);
#640=B_SPLINE_CURVE_WITH_KNOTS('',3,(#8211,#8212,#8213,#8214,#8215,#8216,
#8217,#8218,#8219,#8220,#8221,#8222,#8223,#8224,#8225,#8226,#8227,#8228,
#8229,#8230,#8231,#8232,#8233,#8234,#8235),.UNSPECIFIED.,.F.,.F.,(4,3,3,
3,3,3,3,3,4),(-10.1357873115492,-9.8652933866403,-8.87876404797628,-7.89223470931224,
-6.90570537064821,-5.91917603198418,-4.93264669332015,-3.94611735465612,
-3.85260200436963),.UNSPECIFIED.);
#641=B_SPLINE_CURVE_WITH_KNOTS('',3,(#8460,#8461,#8462,#8463,#8464,#8465,
#8466,#8467,#8468,#8469,#8470,#8471,#8472,#8473,#8474,#8475,#8476,#8477,
#8478,#8479,#8480,#8481,#8482,#8483,#8484,#8485,#8486,#8487,#8488,#8489,
#8490,#8491,#8492,#8493,#8494,#8495,#8496,#8497,#8498,#8499,#8500,#8501,
#8502,#8503,#8504,#8505,#8506,#8507,#8508,#8509,#8510,#8511,#8512,#8513,
#8514,#8515,#8516,#8517,#8518,#8519,#8520,#8521,#8522,#8523,#8524,#8525,
#8526,#8527,#8528,#8529,#8530,#8531,#8532,#8533,#8534,#8535,#8536,#8537,
#8538,#8539,#8540,#8541),.UNSPECIFIED.,.F.,.F.,(4,3,3,3,3,3,3,3,3,3,3,3,
3,3,3,3,3,3,3,3,3,3,3,3,3,3,3,4),(0.,0.0151314127602101,0.0309431411909309,
0.0436291799577208,0.0489726446526872,0.0520413383880924,0.0683376456560496,
0.0849357008650002,0.0968096384800627,0.101845073164336,0.1048402384371,
0.121916478854933,0.13243145132525,0.149060492732066,0.154032198711818,
0.158630679801767,0.175672092779824,0.193114585993702,0.203702780433514,
0.209533204060445,0.213043623024154,0.231034707994315,0.242731066373785,
0.24757426921719,0.251114323280572,0.269310192331213,0.277820141512197,
0.285142803995216),.UNSPECIFIED.);
#642=B_SPLINE_CURVE_WITH_KNOTS('',3,(#8542,#8543,#8544,#8545,#8546,#8547,
#8548,#8549,#8550,#8551,#8552,#8553,#8554,#8555,#8556,#8557,#8558,#8559,
#8560,#8561,#8562,#8563,#8564,#8565,#8566),.UNSPECIFIED.,.F.,.F.,(4,3,3,
3,3,3,3,3,4),(7.59274844815672,7.89223470931225,8.87876404797628,9.86529338664031,
10.8518227253043,11.8383520639684,12.8248814026324,13.8114107412964,13.8759337553363),
 .UNSPECIFIED.);
#643=B_SPLINE_CURVE_WITH_KNOTS('',3,(#8569,#8570,#8571,#8572,#8573,#8574,
#8575,#8576,#8577,#8578,#8579),.UNSPECIFIED.,.F.,.F.,(4,1,1,1,1,1,1,1,4),
(15.7079632679489,15.8014786182355,16.7880079568995,17.7745372955635,18.7610666342276,
19.7475959728916,20.7341253115556,21.7206546502197,21.9911485751285),
 .UNSPECIFIED.);
#644=B_SPLINE_CURVE_WITH_KNOTS('',3,(#8580,#8581,#8582,#8583,#8584,#8585,
#8586,#8587,#8588,#8589),.UNSPECIFIED.,.F.,.F.,(4,1,1,1,1,1,1,4),(15.7079632679489,
16.3714588042999,17.357988142964,18.344517481628,19.331046820292,20.317576158956,
21.3041054976201,21.9911485751285),.UNSPECIFIED.);
#645=B_SPLINE_CURVE_WITH_KNOTS('',3,(#8814,#8815,#8816,#8817,#8818,#8819,
#8820,#8821,#8822,#8823,#8824,#8825,#8826,#8827,#8828,#8829,#8830,#8831,
#8832,#8833,#8834,#8835,#8836,#8837,#8838,#8839,#8840,#8841,#8842,#8843,
#8844,#8845,#8846,#8847,#8848,#8849,#8850,#8851,#8852,#8853,#8854,#8855,
#8856,#8857,#8858,#8859,#8860,#8861,#8862,#8863,#8864,#8865,#8866,#8867,
#8868,#8869,#8870,#8871,#8872,#8873,#8874,#8875,#8876,#8877,#8878,#8879,
#8880,#8881,#8882,#8883,#8884,#8885,#8886,#8887,#8888,#8889,#8890,#8891,
#8892),.UNSPECIFIED.,.F.,.F.,(4,3,3,3,3,3,3,3,3,3,3,3,3,3,3,3,3,3,3,3,3,
3,3,3,3,3,4),(0.,0.0183455177171509,0.0365839497299702,0.0503564737308748,
0.0575057216697443,0.0612713008718866,0.0790228913470473,0.0964131304407433,
0.109000883264859,0.115579362141654,0.118638825781443,0.135490320499545,
0.146764141737207,0.163451454243407,0.16860686392071,0.173127600144876,
0.18989808642454,0.20664861460892,0.217354221194924,0.222872247842302,0.226200118611845,
0.242292080176068,0.252397521228953,0.256093846227634,0.271604216622944,
0.280262641786807,0.286347380332322),.UNSPECIFIED.);
#646=B_SPLINE_CURVE_WITH_KNOTS('',3,(#8893,#8894,#8895,#8896,#8897,#8898,
#8899,#8900,#8901,#8902,#8903,#8904,#8905,#8906,#8907,#8908,#8909,#8910,
#8911,#8912,#8913,#8914,#8915,#8916,#8917),.UNSPECIFIED.,.F.,.F.,(4,3,3,
3,3,3,3,3,4),(-10.1357873115492,-9.8652933866403,-8.87876404797628,-7.89223470931224,
-6.90570537064822,-5.91917603198418,-4.93264669332015,-3.94611735465612,
-3.85260200436961),.UNSPECIFIED.);
#647=B_SPLINE_CURVE_WITH_KNOTS('',3,(#9142,#9143,#9144,#9145,#9146,#9147,
#9148,#9149,#9150,#9151,#9152,#9153,#9154,#9155,#9156,#9157,#9158,#9159,
#9160,#9161,#9162,#9163,#9164,#9165,#9166,#9167,#9168,#9169,#9170,#9171,
#9172,#9173,#9174,#9175,#9176,#9177,#9178,#9179,#9180,#9181,#9182,#9183,
#9184,#9185,#9186,#9187,#9188,#9189,#9190,#9191,#9192,#9193,#9194,#9195,
#9196,#9197,#9198,#9199,#9200,#9201,#9202,#9203,#9204,#9205,#9206,#9207,
#9208,#9209,#9210,#9211,#9212,#9213,#9214,#9215,#9216,#9217,#9218,#9219,
#9220,#9221,#9222,#9223),.UNSPECIFIED.,.F.,.F.,(4,3,3,3,3,3,3,3,3,3,3,3,
3,3,3,3,3,3,3,3,3,3,3,3,3,3,3,4),(0.,0.0151333937879013,0.0309465661336983,
0.0436321767826417,0.0489814625929644,0.05204196580833,0.0683396850014119,
0.0849382152201416,0.0968115242464175,0.101850427796418,0.104848960900338,
0.121925082917639,0.132431451325245,0.149059613642513,0.154032118997199,
0.15863070973522,0.175671166356309,0.193113202590342,0.203701569955568,
0.209531946682298,0.213042410351371,0.231033407494381,0.242730090998824,
0.24757075740093,0.251110553817804,0.269306502028648,0.277820141512154,
0.285142803995166),.UNSPECIFIED.);
#648=B_SPLINE_CURVE_WITH_KNOTS('',3,(#9224,#9225,#9226,#9227,#9228,#9229,
#9230,#9231,#9232,#9233,#9234,#9235,#9236,#9237,#9238,#9239,#9240,#9241,
#9242,#9243,#9244,#9245,#9246,#9247,#9248),.UNSPECIFIED.,.F.,.F.,(4,3,3,
3,3,3,3,3,4),(7.59274844815667,7.89223470931224,8.87876404797628,9.8652933866403,
10.8518227253043,11.8383520639684,12.8248814026324,13.8114107412964,13.8759337553363),
 .UNSPECIFIED.);
#649=B_SPLINE_CURVE_WITH_KNOTS('',3,(#9251,#9252,#9253,#9254,#9255,#9256,
#9257,#9258,#9259,#9260,#9261),.UNSPECIFIED.,.F.,.F.,(4,1,1,1,1,1,1,1,4),
(15.707963267949,15.8014786182355,16.7880079568995,17.7745372955635,18.7610666342276,
19.7475959728916,20.7341253115556,21.7206546502197,21.9911485751285),
 .UNSPECIFIED.);
#650=B_SPLINE_CURVE_WITH_KNOTS('',3,(#9262,#9263,#9264,#9265,#9266,#9267,
#9268,#9269,#9270,#9271),.UNSPECIFIED.,.F.,.F.,(4,1,1,1,1,1,1,4),(15.7079632679489,
16.3714588042999,17.357988142964,18.344517481628,19.331046820292,20.317576158956,
21.3041054976201,21.9911485751285),.UNSPECIFIED.);
#651=B_SPLINE_CURVE_WITH_KNOTS('',3,(#9496,#9497,#9498,#9499,#9500,#9501,
#9502,#9503,#9504,#9505,#9506,#9507,#9508,#9509,#9510,#9511,#9512,#9513,
#9514,#9515,#9516,#9517,#9518,#9519,#9520,#9521,#9522,#9523,#9524,#9525,
#9526,#9527,#9528,#9529,#9530,#9531,#9532,#9533,#9534,#9535,#9536,#9537,
#9538,#9539,#9540,#9541,#9542,#9543,#9544,#9545,#9546,#9547,#9548,#9549,
#9550,#9551,#9552,#9553,#9554,#9555,#9556,#9557,#9558,#9559,#9560,#9561,
#9562,#9563,#9564,#9565,#9566,#9567,#9568,#9569,#9570,#9571,#9572,#9573,
#9574),.UNSPECIFIED.,.F.,.F.,(4,3,3,3,3,3,3,3,3,3,3,3,3,3,3,3,3,3,3,3,3,
3,3,3,3,3,4),(0.,0.0183455177171506,0.0365841046645364,0.0503566092986199,
0.0575060972105397,0.0612715280941328,0.079023138661407,0.0964127787747303,
0.109000619515349,0.115579432400231,0.118639059591855,0.135489990847172,
0.146764141737205,0.163451454243401,0.16860608712325,0.173127831774299,
0.189898398129274,0.206648910050654,0.217354918787539,0.222872374195628,
0.226200031281691,0.242291536878284,0.252396548031058,0.256091966203799,
0.27160155454803,0.280262641786775,0.286347380332288),.UNSPECIFIED.);
#652=B_SPLINE_CURVE_WITH_KNOTS('',3,(#9575,#9576,#9577,#9578,#9579,#9580,
#9581,#9582,#9583,#9584,#9585,#9586,#9587,#9588,#9589,#9590,#9591,#9592,
#9593,#9594,#9595,#9596,#9597,#9598,#9599,#9600,#9601,#9602,#9603,#9604,
#9605,#9606,#9607,#9608,#9609,#9610,#9611,#9612,#9613,#9614,#9615,#9616,
#9617,#9618,#9619,#9620,#9621,#9622,#9623,#9624,#9625,#9626,#9627,#9628,
#9629,#9630,#9631,#9632,#9633,#9634,#9635,#9636,#9637,#9638,#9639,#9640,
#9641,#9642,#9643,#9644,#9645,#9646,#9647,#9648,#9649,#9650,#9651,#9652,
#9653,#9654,#9655,#9656),.UNSPECIFIED.,.F.,.F.,(4,3,3,3,3,3,3,3,3,3,3,3,
3,3,3,3,3,3,3,3,3,3,3,3,3,3,3,4),(0.,0.0151356812428292,0.0309505038873156,
0.0436356223170566,0.0489916221049301,0.0520429196156527,0.0683422565613689,
0.0849413005657545,0.0968138382556267,0.101856976119478,0.104859796898458,
0.12193573029446,0.132431451325243,0.149058543096565,0.154031973813238,
0.158630756160456,0.17567004723461,0.193111532897644,0.203700108974454,
0.209530377617916,0.213040901394374,0.231031792835697,0.242728880004806,
0.247566394830296,0.25110592177554,0.269301950366946,0.277820141512131,
0.28514280399515),.UNSPECIFIED.);
#653=B_SPLINE_CURVE_WITH_KNOTS('',3,(#9657,#9658,#9659,#9660,#9661,#9662,
#9663,#9664,#9665,#9666,#9667,#9668,#9669,#9670,#9671,#9672,#9673,#9674,
#9675,#9676,#9677,#9678,#9679,#9680,#9681),.UNSPECIFIED.,.F.,.F.,(4,3,3,
3,3,3,3,3,4),(-10.1357873115492,-9.8652933866403,-8.87876404797627,-7.89223470931224,
-6.90570537064821,-5.91917603198418,-4.93264669332015,-3.94611735465612,
-3.85260200436961),.UNSPECIFIED.);
#654=B_SPLINE_CURVE_WITH_KNOTS('',3,(#9906,#9907,#9908,#9909,#9910,#9911,
#9912,#9913,#9914,#9915,#9916,#9917,#9918,#9919,#9920,#9921,#9922,#9923,
#9924,#9925,#9926,#9927,#9928,#9929,#9930,#9931,#9932,#9933,#9934,#9935,
#9936,#9937,#9938,#9939,#9940,#9941,#9942,#9943,#9944,#9945,#9946,#9947,
#9948,#9949,#9950,#9951,#9952,#9953,#9954,#9955,#9956,#9957,#9958,#9959,
#9960,#9961,#9962,#9963,#9964,#9965,#9966,#9967,#9968,#9969,#9970,#9971,
#9972,#9973,#9974,#9975,#9976,#9977,#9978,#9979,#9980,#9981,#9982,#9983,
#9984,#9985,#9986,#9987),.UNSPECIFIED.,.F.,.F.,(4,3,3,3,3,3,3,3,3,3,3,3,
3,3,3,3,3,3,3,3,3,3,3,3,3,3,3,4),(0.,0.0151357003987727,0.0309505367900278,
0.0436356511069263,0.0489917070944486,0.052042928654402,0.0683422790971649,
0.0849413272564115,0.0968138582736126,0.101857032683085,0.104859891347749,
0.121935822943117,0.132431451325216,0.149058533901836,0.154031972371543,
0.158630756569402,0.175670037625776,0.19311151858931,0.203700096454657,
0.209530363960959,0.213040888287767,0.231031778831626,0.24272886950174,
0.247566356998755,0.251105881849402,0.269301911064437,0.277820141512081,
0.285142803995092),.UNSPECIFIED.);
#655=B_SPLINE_CURVE_WITH_KNOTS('',3,(#9988,#9989,#9990,#9991,#9992,#9993,
#9994,#9995,#9996,#9997,#9998,#9999,#10000,#10001,#10002,#10003,#10004,
#10005,#10006,#10007,#10008,#10009,#10010,#10011,#10012),.UNSPECIFIED.,
 .F.,.F.,(4,3,3,3,3,3,3,3,4),(7.59274844815667,7.89223470931224,8.87876404797628,
9.8652933866403,10.8518227253043,11.8383520639684,12.8248814026324,13.8114107412964,
13.8759337553363),.UNSPECIFIED.);
#656=B_SPLINE_CURVE_WITH_KNOTS('',3,(#10013,#10014,#10015,#10016,#10017,
#10018,#10019,#10020,#10021,#10022,#10023,#10024,#10025,#10026,#10027,#10028,
#10029,#10030,#10031,#10032,#10033,#10034,#10035,#10036,#10037,#10038,#10039,
#10040,#10041,#10042,#10043,#10044,#10045,#10046,#10047,#10048,#10049,#10050,
#10051,#10052,#10053,#10054,#10055,#10056,#10057,#10058,#10059,#10060,#10061,
#10062,#10063,#10064,#10065,#10066,#10067,#10068,#10069,#10070,#10071,#10072,
#10073,#10074,#10075,#10076,#10077,#10078,#10079,#10080,#10081,#10082,#10083,
#10084,#10085,#10086,#10087,#10088,#10089,#10090,#10091),.UNSPECIFIED.,
 .F.,.F.,(4,3,3,3,3,3,3,3,3,3,3,3,3,3,3,3,3,3,3,3,3,3,3,3,3,3,4),(0.,0.0183455177171456,
0.036584105839026,0.0503566103262934,0.0575061001519763,0.0612715298974596,
0.0790231405147208,0.096412775507047,0.109000617064576,0.115579432632437,
0.11863906096156,0.135489987400156,0.146764141737165,0.163451454243359,
0.168606080409499,0.173127833752371,0.189898400716636,0.20664891231635,
0.217354924821785,0.222872375227628,0.226200030468093,0.242291531900252,
0.252396539294725,0.256091949604971,0.271601530969126,0.280262641786718,
0.286347380332235),.UNSPECIFIED.);
#657=LINE('',#4217,#925);
#658=LINE('',#4238,#926);
#659=LINE('',#4289,#927);
#660=LINE('',#4340,#928);
#661=LINE('',#4388,#929);
#662=LINE('',#4439,#930);
#663=LINE('',#4490,#931);
#664=LINE('',#4538,#932);
#665=LINE('',#4577,#933);
#666=LINE('',#4601,#934);
#667=LINE('',#4625,#935);
#668=LINE('',#4650,#936);
#669=LINE('',#4675,#937);
#670=LINE('',#4699,#938);
#671=LINE('',#4724,#939);
#672=LINE('',#4749,#940);
#673=LINE('',#4766,#941);
#674=LINE('',#4787,#942);
#675=LINE('',#4838,#943);
#676=LINE('',#4889,#944);
#677=LINE('',#4937,#945);
#678=LINE('',#4988,#946);
#679=LINE('',#5039,#947);
#680=LINE('',#5087,#948);
#681=LINE('',#5126,#949);
#682=LINE('',#5150,#950);
#683=LINE('',#5174,#951);
#684=LINE('',#5199,#952);
#685=LINE('',#5224,#953);
#686=LINE('',#5248,#954);
#687=LINE('',#5273,#955);
#688=LINE('',#5298,#956);
#689=LINE('',#5315,#957);
#690=LINE('',#5336,#958);
#691=LINE('',#5387,#959);
#692=LINE('',#5438,#960);
#693=LINE('',#5486,#961);
#694=LINE('',#5537,#962);
#695=LINE('',#5588,#963);
#696=LINE('',#5636,#964);
#697=LINE('',#5675,#965);
#698=LINE('',#5699,#966);
#699=LINE('',#5723,#967);
#700=LINE('',#5748,#968);
#701=LINE('',#5773,#969);
#702=LINE('',#5797,#970);
#703=LINE('',#5822,#971);
#704=LINE('',#5847,#972);
#705=LINE('',#5864,#973);
#706=LINE('',#5885,#974);
#707=LINE('',#5936,#975);
#708=LINE('',#5987,#976);
#709=LINE('',#6035,#977);
#710=LINE('',#6086,#978);
#711=LINE('',#6137,#979);
#712=LINE('',#6185,#980);
#713=LINE('',#6224,#981);
#714=LINE('',#6248,#982);
#715=LINE('',#6272,#983);
#716=LINE('',#6297,#984);
#717=LINE('',#6322,#985);
#718=LINE('',#6346,#986);
#719=LINE('',#6371,#987);
#720=LINE('',#6396,#988);
#721=LINE('',#6413,#989);
#722=LINE('',#6415,#990);
#723=LINE('',#6419,#991);
#724=LINE('',#6423,#992);
#725=LINE('',#6425,#993);
#726=LINE('',#6427,#994);
#727=LINE('',#6429,#995);
#728=LINE('',#6433,#996);
#729=LINE('',#6435,#997);
#730=LINE('',#6437,#998);
#731=LINE('',#6441,#999);
#732=LINE('',#6445,#1000);
#733=LINE('',#6447,#1001);
#734=LINE('',#6449,#1002);
#735=LINE('',#6451,#1003);
#736=LINE('',#6454,#1004);
#737=LINE('',#6457,#1005);
#738=LINE('',#6459,#1006);
#739=LINE('',#6463,#1007);
#740=LINE('',#6465,#1008);
#741=LINE('',#6469,#1009);
#742=LINE('',#6471,#1010);
#743=LINE('',#6473,#1011);
#744=LINE('',#6475,#1012);
#745=LINE('',#6476,#1013);
#746=LINE('',#6479,#1014);
#747=LINE('',#6480,#1015);
#748=LINE('',#6486,#1016);
#749=LINE('',#6490,#1017);
#750=LINE('',#6494,#1018);
#751=LINE('',#6497,#1019);
#752=LINE('',#6501,#1020);
#753=LINE('',#6503,#1021);
#754=LINE('',#6505,#1022);
#755=LINE('',#6509,#1023);
#756=LINE('',#6511,#1024);
#757=LINE('',#6513,#1025);
#758=LINE('',#6515,#1026);
#759=LINE('',#6519,#1027);
#760=LINE('',#6523,#1028);
#761=LINE('',#6527,#1029);
#762=LINE('',#6529,#1030);
#763=LINE('',#6531,#1031);
#764=LINE('',#6533,#1032);
#765=LINE('',#6535,#1033);
#766=LINE('',#6538,#1034);
#767=LINE('',#6539,#1035);
#768=LINE('',#6544,#1036);
#769=LINE('',#6545,#1037);
#770=LINE('',#6548,#1038);
#771=LINE('',#6550,#1039);
#772=LINE('',#6552,#1040);
#773=LINE('',#6554,#1041);
#774=LINE('',#6556,#1042);
#775=LINE('',#6557,#1043);
#776=LINE('',#6561,#1044);
#777=LINE('',#6564,#1045);
#778=LINE('',#6565,#1046);
#779=LINE('',#6569,#1047);
#780=LINE('',#6572,#1048);
#781=LINE('',#6574,#1049);
#782=LINE('',#6577,#1050);
#783=LINE('',#6740,#1051);
#784=LINE('',#6741,#1052);
#785=LINE('',#6746,#1053);
#786=LINE('',#6747,#1054);
#787=LINE('',#6750,#1055);
#788=LINE('',#6752,#1056);
#789=LINE('',#6754,#1057);
#790=LINE('',#6756,#1058);
#791=LINE('',#6757,#1059);
#792=LINE('',#6760,#1060);
#793=LINE('',#6761,#1061);
#794=LINE('',#6762,#1062);
#795=LINE('',#6765,#1063);
#796=LINE('',#6767,#1064);
#797=LINE('',#6768,#1065);
#798=LINE('',#6771,#1066);
#799=LINE('',#6773,#1067);
#800=LINE('',#6774,#1068);
#801=LINE('',#6777,#1069);
#802=LINE('',#6779,#1070);
#803=LINE('',#6781,#1071);
#804=LINE('',#6783,#1072);
#805=LINE('',#6785,#1073);
#806=LINE('',#6787,#1074);
#807=LINE('',#6788,#1075);
#808=LINE('',#6791,#1076);
#809=LINE('',#6793,#1077);
#810=LINE('',#6795,#1078);
#811=LINE('',#6797,#1079);
#812=LINE('',#6799,#1080);
#813=LINE('',#6800,#1081);
#814=LINE('',#6803,#1082);
#815=LINE('',#6805,#1083);
#816=LINE('',#6807,#1084);
#817=LINE('',#6809,#1085);
#818=LINE('',#6810,#1086);
#819=LINE('',#6813,#1087);
#820=LINE('',#6815,#1088);
#821=LINE('',#6817,#1089);
#822=LINE('',#6819,#1090);
#823=LINE('',#6820,#1091);
#824=LINE('',#6823,#1092);
#825=LINE('',#6826,#1093);
#826=LINE('',#6990,#1094);
#827=LINE('',#6992,#1095);
#828=LINE('',#6994,#1096);
#829=LINE('',#6996,#1097);
#830=LINE('',#6998,#1098);
#831=LINE('',#7000,#1099);
#832=LINE('',#7001,#1100);
#833=LINE('',#7004,#1101);
#834=LINE('',#7008,#1102);
#835=LINE('',#7012,#1103);
#836=LINE('',#7014,#1104);
#837=LINE('',#7016,#1105);
#838=LINE('',#7018,#1106);
#839=LINE('',#7019,#1107);
#840=LINE('',#7021,#1108);
#841=LINE('',#7023,#1109);
#842=LINE('',#7026,#1110);
#843=LINE('',#7030,#1111);
#844=LINE('',#7032,#1112);
#845=LINE('',#7034,#1113);
#846=LINE('',#7038,#1114);
#847=LINE('',#7039,#1115);
#848=LINE('',#7040,#1116);
#849=LINE('',#10094,#1117);
#850=LINE('',#10101,#1118);
#851=LINE('',#10102,#1119);
#852=LINE('',#10103,#1120);
#853=LINE('',#10105,#1121);
#854=LINE('',#10107,#1122);
#855=LINE('',#10109,#1123);
#856=LINE('',#10110,#1124);
#857=LINE('',#10115,#1125);
#858=LINE('',#10116,#1126);
#859=LINE('',#10117,#1127);
#860=LINE('',#10119,#1128);
#861=LINE('',#10121,#1129);
#862=LINE('',#10123,#1130);
#863=LINE('',#10124,#1131);
#864=LINE('',#10126,#1132);
#865=LINE('',#10128,#1133);
#866=LINE('',#10132,#1134);
#867=LINE('',#10134,#1135);
#868=LINE('',#10136,#1136);
#869=LINE('',#10142,#1137);
#870=LINE('',#10146,#1138);
#871=LINE('',#10148,#1139);
#872=LINE('',#10150,#1140);
#873=LINE('',#10151,#1141);
#874=LINE('',#10154,#1142);
#875=LINE('',#10158,#1143);
#876=LINE('',#10160,#1144);
#877=LINE('',#10162,#1145);
#878=LINE('',#10164,#1146);
#879=LINE('',#10165,#1147);
#880=LINE('',#10174,#1148);
#881=LINE('',#10178,#1149);
#882=LINE('',#10181,#1150);
#883=LINE('',#10182,#1151);
#884=LINE('',#10187,#1152);
#885=LINE('',#10191,#1153);
#886=LINE('',#10194,#1154);
#887=LINE('',#10195,#1155);
#888=LINE('',#10198,#1156);
#889=LINE('',#10199,#1157);
#890=LINE('',#10203,#1158);
#891=LINE('',#10207,#1159);
#892=LINE('',#10211,#1160);
#893=LINE('',#10212,#1161);
#894=LINE('',#10216,#1162);
#895=LINE('',#10220,#1163);
#896=LINE('',#10223,#1164);
#897=LINE('',#10224,#1165);
#898=LINE('',#10228,#1166);
#899=LINE('',#10230,#1167);
#900=LINE('',#10231,#1168);
#901=LINE('',#10233,#1169);
#902=LINE('',#10234,#1170);
#903=LINE('',#10237,#1171);
#904=LINE('',#10240,#1172);
#905=LINE('',#10241,#1173);
#906=LINE('',#10242,#1174);
#907=LINE('',#10244,#1175);
#908=LINE('',#10245,#1176);
#909=LINE('',#10247,#1177);
#910=LINE('',#10248,#1178);
#911=LINE('',#10251,#1179);
#912=LINE('',#10253,#1180);
#913=LINE('',#10260,#1181);
#914=LINE('',#10261,#1182);
#915=LINE('',#10264,#1183);
#916=LINE('',#10265,#1184);
#917=LINE('',#10269,#1185);
#918=LINE('',#10273,#1186);
#919=LINE('',#10274,#1187);
#920=LINE('',#10276,#1188);
#921=LINE('',#10279,#1189);
#922=LINE('',#10283,#1190);
#923=LINE('',#10284,#1191);
#924=LINE('',#10286,#1192);
#925=VECTOR('',#3503,1.2645);
#926=VECTOR('',#3508,1.2645);
#927=VECTOR('',#3511,1.2645);
#928=VECTOR('',#3514,1.2645);
#929=VECTOR('',#3517,1.2645);
#930=VECTOR('',#3520,1.2645);
#931=VECTOR('',#3523,1.2645);
#932=VECTOR('',#3526,1.2645);
#933=VECTOR('',#3531,1.54299999999999);
#934=VECTOR('',#3536,1.54299999999999);
#935=VECTOR('',#3539,1.54299999999999);
#936=VECTOR('',#3542,1.54299999999999);
#937=VECTOR('',#3545,1.54299999999999);
#938=VECTOR('',#3548,1.54299999999999);
#939=VECTOR('',#3551,1.54299999999999);
#940=VECTOR('',#3554,1.54299999999999);
#941=VECTOR('',#3559,1.2645);
#942=VECTOR('',#3564,1.2645);
#943=VECTOR('',#3567,1.2645);
#944=VECTOR('',#3570,1.2645);
#945=VECTOR('',#3573,1.2645);
#946=VECTOR('',#3576,1.2645);
#947=VECTOR('',#3579,1.2645);
#948=VECTOR('',#3582,1.2645);
#949=VECTOR('',#3587,1.54300000000001);
#950=VECTOR('',#3592,1.54300000000001);
#951=VECTOR('',#3595,1.54300000000001);
#952=VECTOR('',#3598,1.54300000000001);
#953=VECTOR('',#3601,1.54300000000001);
#954=VECTOR('',#3604,1.54300000000001);
#955=VECTOR('',#3607,1.54300000000001);
#956=VECTOR('',#3610,1.54300000000001);
#957=VECTOR('',#3615,1.2645);
#958=VECTOR('',#3620,1.2645);
#959=VECTOR('',#3623,1.2645);
#960=VECTOR('',#3626,1.2645);
#961=VECTOR('',#3629,1.2645);
#962=VECTOR('',#3632,1.2645);
#963=VECTOR('',#3635,1.2645);
#964=VECTOR('',#3638,1.2645);
#965=VECTOR('',#3643,1.54300000000003);
#966=VECTOR('',#3648,1.54300000000003);
#967=VECTOR('',#3651,1.54300000000003);
#968=VECTOR('',#3654,1.54300000000003);
#969=VECTOR('',#3657,1.54300000000003);
#970=VECTOR('',#3660,1.54300000000003);
#971=VECTOR('',#3663,1.54300000000003);
#972=VECTOR('',#3666,1.54300000000003);
#973=VECTOR('',#3671,1.2645);
#974=VECTOR('',#3676,1.2645);
#975=VECTOR('',#3679,1.2645);
#976=VECTOR('',#3682,1.2645);
#977=VECTOR('',#3685,1.2645);
#978=VECTOR('',#3688,1.2645);
#979=VECTOR('',#3691,1.2645);
#980=VECTOR('',#3694,1.2645);
#981=VECTOR('',#3699,1.543);
#982=VECTOR('',#3704,1.543);
#983=VECTOR('',#3707,1.543);
#984=VECTOR('',#3710,1.543);
#985=VECTOR('',#3713,1.543);
#986=VECTOR('',#3716,1.543);
#987=VECTOR('',#3719,1.543);
#988=VECTOR('',#3722,1.543);
#989=VECTOR('',#3727,10.);
#990=VECTOR('',#3728,10.);
#991=VECTOR('',#3731,10.);
#992=VECTOR('',#3734,10.);
#993=VECTOR('',#3735,10.);
#994=VECTOR('',#3736,10.);
#995=VECTOR('',#3737,10.);
#996=VECTOR('',#3740,10.);
#997=VECTOR('',#3741,10.);
#998=VECTOR('',#3742,10.);
#999=VECTOR('',#3745,10.);
#1000=VECTOR('',#3748,10.);
#1001=VECTOR('',#3749,10.);
#1002=VECTOR('',#3750,10.);
#1003=VECTOR('',#3751,10.);
#1004=VECTOR('',#3754,10.);
#1005=VECTOR('',#3755,10.);
#1006=VECTOR('',#3756,10.);
#1007=VECTOR('',#3759,10.);
#1008=VECTOR('',#3760,10.);
#1009=VECTOR('',#3765,10.);
#1010=VECTOR('',#3766,10.);
#1011=VECTOR('',#3767,10.);
#1012=VECTOR('',#3768,10.);
#1013=VECTOR('',#3769,10.);
#1014=VECTOR('',#3772,10.);
#1015=VECTOR('',#3773,10.);
#1016=VECTOR('',#3778,10.);
#1017=VECTOR('',#3781,10.);
#1018=VECTOR('',#3784,10.);
#1019=VECTOR('',#3787,10.);
#1020=VECTOR('',#3790,10.);
#1021=VECTOR('',#3791,10.);
#1022=VECTOR('',#3792,10.);
#1023=VECTOR('',#3795,10.);
#1024=VECTOR('',#3796,10.);
#1025=VECTOR('',#3797,10.);
#1026=VECTOR('',#3798,10.);
#1027=VECTOR('',#3801,10.);
#1028=VECTOR('',#3804,10.);
#1029=VECTOR('',#3807,10.);
#1030=VECTOR('',#3808,10.);
#1031=VECTOR('',#3809,10.);
#1032=VECTOR('',#3810,10.);
#1033=VECTOR('',#3811,10.);
#1034=VECTOR('',#3816,10.);
#1035=VECTOR('',#3817,10.);
#1036=VECTOR('',#3822,10.);
#1037=VECTOR('',#3823,10.);
#1038=VECTOR('',#3826,10.);
#1039=VECTOR('',#3827,10.);
#1040=VECTOR('',#3828,10.);
#1041=VECTOR('',#3829,10.);
#1042=VECTOR('',#3830,10.);
#1043=VECTOR('',#3831,10.);
#1044=VECTOR('',#3836,10.);
#1045=VECTOR('',#3839,10.);
#1046=VECTOR('',#3840,10.);
#1047=VECTOR('',#3845,10.);
#1048=VECTOR('',#3848,10.);
#1049=VECTOR('',#3849,10.);
#1050=VECTOR('',#3852,10.);
#1051=VECTOR('',#3855,10.);
#1052=VECTOR('',#3856,10.);
#1053=VECTOR('',#3861,10.);
#1054=VECTOR('',#3862,10.);
#1055=VECTOR('',#3865,10.);
#1056=VECTOR('',#3866,10.);
#1057=VECTOR('',#3867,10.);
#1058=VECTOR('',#3868,10.);
#1059=VECTOR('',#3869,10.);
#1060=VECTOR('',#3872,10.);
#1061=VECTOR('',#3873,10.);
#1062=VECTOR('',#3874,10.);
#1063=VECTOR('',#3877,10.);
#1064=VECTOR('',#3878,10.);
#1065=VECTOR('',#3879,10.);
#1066=VECTOR('',#3882,10.);
#1067=VECTOR('',#3883,10.);
#1068=VECTOR('',#3884,10.);
#1069=VECTOR('',#3887,10.);
#1070=VECTOR('',#3888,10.);
#1071=VECTOR('',#3889,10.);
#1072=VECTOR('',#3890,10.);
#1073=VECTOR('',#3891,10.);
#1074=VECTOR('',#3892,10.);
#1075=VECTOR('',#3893,10.);
#1076=VECTOR('',#3896,10.);
#1077=VECTOR('',#3897,10.);
#1078=VECTOR('',#3898,10.);
#1079=VECTOR('',#3899,10.);
#1080=VECTOR('',#3900,10.);
#1081=VECTOR('',#3901,10.);
#1082=VECTOR('',#3904,10.);
#1083=VECTOR('',#3905,10.);
#1084=VECTOR('',#3906,10.);
#1085=VECTOR('',#3907,10.);
#1086=VECTOR('',#3908,10.);
#1087=VECTOR('',#3911,10.);
#1088=VECTOR('',#3912,10.);
#1089=VECTOR('',#3913,10.);
#1090=VECTOR('',#3914,10.);
#1091=VECTOR('',#3915,10.);
#1092=VECTOR('',#3918,10.);
#1093=VECTOR('',#3921,10.);
#1094=VECTOR('',#3924,10.);
#1095=VECTOR('',#3925,10.);
#1096=VECTOR('',#3926,10.);
#1097=VECTOR('',#3927,10.);
#1098=VECTOR('',#3928,10.);
#1099=VECTOR('',#3929,10.);
#1100=VECTOR('',#3930,10.);
#1101=VECTOR('',#3933,10.);
#1102=VECTOR('',#3936,10.);
#1103=VECTOR('',#3941,10.);
#1104=VECTOR('',#3942,10.);
#1105=VECTOR('',#3943,10.);
#1106=VECTOR('',#3944,10.);
#1107=VECTOR('',#3945,10.);
#1108=VECTOR('',#3948,10.);
#1109=VECTOR('',#3951,10.);
#1110=VECTOR('',#3954,10.);
#1111=VECTOR('',#3959,10.);
#1112=VECTOR('',#3960,10.);
#1113=VECTOR('',#3961,10.);
#1114=VECTOR('',#3964,10.);
#1115=VECTOR('',#3965,10.);
#1116=VECTOR('',#3966,10.);
#1117=VECTOR('',#3987,10.);
#1118=VECTOR('',#3996,10.);
#1119=VECTOR('',#3997,10.);
#1120=VECTOR('',#3998,10.);
#1121=VECTOR('',#4001,10.);
#1122=VECTOR('',#4002,10.);
#1123=VECTOR('',#4003,10.);
#1124=VECTOR('',#4004,10.);
#1125=VECTOR('',#4009,10.);
#1126=VECTOR('',#4010,10.);
#1127=VECTOR('',#4011,10.);
#1128=VECTOR('',#4014,10.);
#1129=VECTOR('',#4015,10.);
#1130=VECTOR('',#4016,10.);
#1131=VECTOR('',#4017,10.);
#1132=VECTOR('',#4020,10.);
#1133=VECTOR('',#4023,10.);
#1134=VECTOR('',#4030,10.);
#1135=VECTOR('',#4033,10.);
#1136=VECTOR('',#4036,10.);
#1137=VECTOR('',#4045,10.);
#1138=VECTOR('',#4050,10.);
#1139=VECTOR('',#4051,10.);
#1140=VECTOR('',#4052,10.);
#1141=VECTOR('',#4053,10.);
#1142=VECTOR('',#4056,10.);
#1143=VECTOR('',#4061,10.);
#1144=VECTOR('',#4062,10.);
#1145=VECTOR('',#4063,10.);
#1146=VECTOR('',#4064,10.);
#1147=VECTOR('',#4065,10.);
#1148=VECTOR('',#4078,10.);
#1149=VECTOR('',#4081,10.);
#1150=VECTOR('',#4084,10.);
#1151=VECTOR('',#4085,10.);
#1152=VECTOR('',#4090,10.);
#1153=VECTOR('',#4093,10.);
#1154=VECTOR('',#4096,10.);
#1155=VECTOR('',#4097,10.);
#1156=VECTOR('',#4100,10.);
#1157=VECTOR('',#4101,10.);
#1158=VECTOR('',#4104,10.);
#1159=VECTOR('',#4107,10.);
#1160=VECTOR('',#4112,10.);
#1161=VECTOR('',#4113,10.);
#1162=VECTOR('',#4116,10.);
#1163=VECTOR('',#4119,10.);
#1164=VECTOR('',#4124,10.);
#1165=VECTOR('',#4125,10.);
#1166=VECTOR('',#4130,10.);
#1167=VECTOR('',#4133,10.);
#1168=VECTOR('',#4134,10.);
#1169=VECTOR('',#4137,10.);
#1170=VECTOR('',#4138,10.);
#1171=VECTOR('',#4143,10.);
#1172=VECTOR('',#4146,10.);
#1173=VECTOR('',#4147,10.);
#1174=VECTOR('',#4148,10.);
#1175=VECTOR('',#4151,10.);
#1176=VECTOR('',#4152,10.);
#1177=VECTOR('',#4155,10.);
#1178=VECTOR('',#4156,10.);
#1179=VECTOR('',#4161,10.);
#1180=VECTOR('',#4164,10.);
#1181=VECTOR('',#4175,10.);
#1182=VECTOR('',#4176,10.);
#1183=VECTOR('',#4179,10.);
#1184=VECTOR('',#4180,10.);
#1185=VECTOR('',#4187,10.);
#1186=VECTOR('',#4192,10.);
#1187=VECTOR('',#4193,10.);
#1188=VECTOR('',#4196,10.);
#1189=VECTOR('',#4201,10.);
#1190=VECTOR('',#4206,10.);
#1191=VECTOR('',#4207,10.);
#1192=VECTOR('',#4210,10.);
#1193=VERTEX_POINT('',#4215);
#1194=VERTEX_POINT('',#4216);
#1195=VERTEX_POINT('',#4218);
#1196=VERTEX_POINT('',#4223);
#1197=VERTEX_POINT('',#4236);
#1198=VERTEX_POINT('',#4237);
#1199=VERTEX_POINT('',#4287);
#1200=VERTEX_POINT('',#4288);
#1201=VERTEX_POINT('',#4338);
#1202=VERTEX_POINT('',#4339);
#1203=VERTEX_POINT('',#4386);
#1204=VERTEX_POINT('',#4387);
#1205=VERTEX_POINT('',#4437);
#1206=VERTEX_POINT('',#4438);
#1207=VERTEX_POINT('',#4488);
#1208=VERTEX_POINT('',#4489);
#1209=VERTEX_POINT('',#4536);
#1210=VERTEX_POINT('',#4537);
#1211=VERTEX_POINT('',#4539);
#1212=VERTEX_POINT('',#4553);
#1213=VERTEX_POINT('',#4575);
#1214=VERTEX_POINT('',#4576);
#1215=VERTEX_POINT('',#4578);
#1216=VERTEX_POINT('',#4587);
#1217=VERTEX_POINT('',#4599);
#1218=VERTEX_POINT('',#4600);
#1219=VERTEX_POINT('',#4623);
#1220=VERTEX_POINT('',#4624);
#1221=VERTEX_POINT('',#4648);
#1222=VERTEX_POINT('',#4649);
#1223=VERTEX_POINT('',#4673);
#1224=VERTEX_POINT('',#4674);
#1225=VERTEX_POINT('',#4697);
#1226=VERTEX_POINT('',#4698);
#1227=VERTEX_POINT('',#4722);
#1228=VERTEX_POINT('',#4723);
#1229=VERTEX_POINT('',#4747);
#1230=VERTEX_POINT('',#4748);
#1231=VERTEX_POINT('',#4750);
#1232=VERTEX_POINT('',#4756);
#1233=VERTEX_POINT('',#4764);
#1234=VERTEX_POINT('',#4765);
#1235=VERTEX_POINT('',#4767);
#1236=VERTEX_POINT('',#4772);
#1237=VERTEX_POINT('',#4785);
#1238=VERTEX_POINT('',#4786);
#1239=VERTEX_POINT('',#4836);
#1240=VERTEX_POINT('',#4837);
#1241=VERTEX_POINT('',#4887);
#1242=VERTEX_POINT('',#4888);
#1243=VERTEX_POINT('',#4935);
#1244=VERTEX_POINT('',#4936);
#1245=VERTEX_POINT('',#4986);
#1246=VERTEX_POINT('',#4987);
#1247=VERTEX_POINT('',#5037);
#1248=VERTEX_POINT('',#5038);
#1249=VERTEX_POINT('',#5085);
#1250=VERTEX_POINT('',#5086);
#1251=VERTEX_POINT('',#5088);
#1252=VERTEX_POINT('',#5102);
#1253=VERTEX_POINT('',#5124);
#1254=VERTEX_POINT('',#5125);
#1255=VERTEX_POINT('',#5127);
#1256=VERTEX_POINT('',#5136);
#1257=VERTEX_POINT('',#5148);
#1258=VERTEX_POINT('',#5149);
#1259=VERTEX_POINT('',#5172);
#1260=VERTEX_POINT('',#5173);
#1261=VERTEX_POINT('',#5197);
#1262=VERTEX_POINT('',#5198);
#1263=VERTEX_POINT('',#5222);
#1264=VERTEX_POINT('',#5223);
#1265=VERTEX_POINT('',#5246);
#1266=VERTEX_POINT('',#5247);
#1267=VERTEX_POINT('',#5271);
#1268=VERTEX_POINT('',#5272);
#1269=VERTEX_POINT('',#5296);
#1270=VERTEX_POINT('',#5297);
#1271=VERTEX_POINT('',#5299);
#1272=VERTEX_POINT('',#5305);
#1273=VERTEX_POINT('',#5313);
#1274=VERTEX_POINT('',#5314);
#1275=VERTEX_POINT('',#5316);
#1276=VERTEX_POINT('',#5321);
#1277=VERTEX_POINT('',#5334);
#1278=VERTEX_POINT('',#5335);
#1279=VERTEX_POINT('',#5385);
#1280=VERTEX_POINT('',#5386);
#1281=VERTEX_POINT('',#5436);
#1282=VERTEX_POINT('',#5437);
#1283=VERTEX_POINT('',#5484);
#1284=VERTEX_POINT('',#5485);
#1285=VERTEX_POINT('',#5535);
#1286=VERTEX_POINT('',#5536);
#1287=VERTEX_POINT('',#5586);
#1288=VERTEX_POINT('',#5587);
#1289=VERTEX_POINT('',#5634);
#1290=VERTEX_POINT('',#5635);
#1291=VERTEX_POINT('',#5637);
#1292=VERTEX_POINT('',#5651);
#1293=VERTEX_POINT('',#5673);
#1294=VERTEX_POINT('',#5674);
#1295=VERTEX_POINT('',#5676);
#1296=VERTEX_POINT('',#5685);
#1297=VERTEX_POINT('',#5697);
#1298=VERTEX_POINT('',#5698);
#1299=VERTEX_POINT('',#5721);
#1300=VERTEX_POINT('',#5722);
#1301=VERTEX_POINT('',#5746);
#1302=VERTEX_POINT('',#5747);
#1303=VERTEX_POINT('',#5771);
#1304=VERTEX_POINT('',#5772);
#1305=VERTEX_POINT('',#5795);
#1306=VERTEX_POINT('',#5796);
#1307=VERTEX_POINT('',#5820);
#1308=VERTEX_POINT('',#5821);
#1309=VERTEX_POINT('',#5845);
#1310=VERTEX_POINT('',#5846);
#1311=VERTEX_POINT('',#5848);
#1312=VERTEX_POINT('',#5854);
#1313=VERTEX_POINT('',#5862);
#1314=VERTEX_POINT('',#5863);
#1315=VERTEX_POINT('',#5865);
#1316=VERTEX_POINT('',#5870);
#1317=VERTEX_POINT('',#5883);
#1318=VERTEX_POINT('',#5884);
#1319=VERTEX_POINT('',#5934);
#1320=VERTEX_POINT('',#5935);
#1321=VERTEX_POINT('',#5985);
#1322=VERTEX_POINT('',#5986);
#1323=VERTEX_POINT('',#6033);
#1324=VERTEX_POINT('',#6034);
#1325=VERTEX_POINT('',#6084);
#1326=VERTEX_POINT('',#6085);
#1327=VERTEX_POINT('',#6135);
#1328=VERTEX_POINT('',#6136);
#1329=VERTEX_POINT('',#6183);
#1330=VERTEX_POINT('',#6184);
#1331=VERTEX_POINT('',#6186);
#1332=VERTEX_POINT('',#6200);
#1333=VERTEX_POINT('',#6222);
#1334=VERTEX_POINT('',#6223);
#1335=VERTEX_POINT('',#6225);
#1336=VERTEX_POINT('',#6234);
#1337=VERTEX_POINT('',#6246);
#1338=VERTEX_POINT('',#6247);
#1339=VERTEX_POINT('',#6270);
#1340=VERTEX_POINT('',#6271);
#1341=VERTEX_POINT('',#6295);
#1342=VERTEX_POINT('',#6296);
#1343=VERTEX_POINT('',#6320);
#1344=VERTEX_POINT('',#6321);
#1345=VERTEX_POINT('',#6344);
#1346=VERTEX_POINT('',#6345);
#1347=VERTEX_POINT('',#6369);
#1348=VERTEX_POINT('',#6370);
#1349=VERTEX_POINT('',#6394);
#1350=VERTEX_POINT('',#6395);
#1351=VERTEX_POINT('',#6397);
#1352=VERTEX_POINT('',#6403);
#1353=VERTEX_POINT('',#6411);
#1354=VERTEX_POINT('',#6412);
#1355=VERTEX_POINT('',#6414);
#1356=VERTEX_POINT('',#6416);
#1357=VERTEX_POINT('',#6418);
#1358=VERTEX_POINT('',#6420);
#1359=VERTEX_POINT('',#6422);
#1360=VERTEX_POINT('',#6424);
#1361=VERTEX_POINT('',#6426);
#1362=VERTEX_POINT('',#6428);
#1363=VERTEX_POINT('',#6430);
#1364=VERTEX_POINT('',#6432);
#1365=VERTEX_POINT('',#6434);
#1366=VERTEX_POINT('',#6436);
#1367=VERTEX_POINT('',#6438);
#1368=VERTEX_POINT('',#6440);
#1369=VERTEX_POINT('',#6442);
#1370=VERTEX_POINT('',#6444);
#1371=VERTEX_POINT('',#6446);
#1372=VERTEX_POINT('',#6448);
#1373=VERTEX_POINT('',#6450);
#1374=VERTEX_POINT('',#6452);
#1375=VERTEX_POINT('',#6455);
#1376=VERTEX_POINT('',#6456);
#1377=VERTEX_POINT('',#6458);
#1378=VERTEX_POINT('',#6460);
#1379=VERTEX_POINT('',#6462);
#1380=VERTEX_POINT('',#6464);
#1381=VERTEX_POINT('',#6468);
#1382=VERTEX_POINT('',#6470);
#1383=VERTEX_POINT('',#6472);
#1384=VERTEX_POINT('',#6474);
#1385=VERTEX_POINT('',#6478);
#1386=VERTEX_POINT('',#6482);
#1387=VERTEX_POINT('',#6483);
#1388=VERTEX_POINT('',#6485);
#1389=VERTEX_POINT('',#6487);
#1390=VERTEX_POINT('',#6489);
#1391=VERTEX_POINT('',#6491);
#1392=VERTEX_POINT('',#6493);
#1393=VERTEX_POINT('',#6495);
#1394=VERTEX_POINT('',#6498);
#1395=VERTEX_POINT('',#6500);
#1396=VERTEX_POINT('',#6502);
#1397=VERTEX_POINT('',#6504);
#1398=VERTEX_POINT('',#6506);
#1399=VERTEX_POINT('',#6508);
#1400=VERTEX_POINT('',#6510);
#1401=VERTEX_POINT('',#6512);
#1402=VERTEX_POINT('',#6514);
#1403=VERTEX_POINT('',#6516);
#1404=VERTEX_POINT('',#6518);
#1405=VERTEX_POINT('',#6520);
#1406=VERTEX_POINT('',#6522);
#1407=VERTEX_POINT('',#6524);
#1408=VERTEX_POINT('',#6526);
#1409=VERTEX_POINT('',#6528);
#1410=VERTEX_POINT('',#6530);
#1411=VERTEX_POINT('',#6532);
#1412=VERTEX_POINT('',#6534);
#1413=VERTEX_POINT('',#6541);
#1414=VERTEX_POINT('',#6542);
#1415=VERTEX_POINT('',#6547);
#1416=VERTEX_POINT('',#6549);
#1417=VERTEX_POINT('',#6551);
#1418=VERTEX_POINT('',#6553);
#1419=VERTEX_POINT('',#6555);
#1420=VERTEX_POINT('',#6559);
#1421=VERTEX_POINT('',#6563);
#1422=VERTEX_POINT('',#6567);
#1423=VERTEX_POINT('',#6571);
#1424=VERTEX_POINT('',#6573);
#1425=VERTEX_POINT('',#6575);
#1426=VERTEX_POINT('',#6743);
#1427=VERTEX_POINT('',#6744);
#1428=VERTEX_POINT('',#6749);
#1429=VERTEX_POINT('',#6751);
#1430=VERTEX_POINT('',#6753);
#1431=VERTEX_POINT('',#6755);
#1432=VERTEX_POINT('',#6759);
#1433=VERTEX_POINT('',#6764);
#1434=VERTEX_POINT('',#6766);
#1435=VERTEX_POINT('',#6770);
#1436=VERTEX_POINT('',#6772);
#1437=VERTEX_POINT('',#6776);
#1438=VERTEX_POINT('',#6778);
#1439=VERTEX_POINT('',#6780);
#1440=VERTEX_POINT('',#6782);
#1441=VERTEX_POINT('',#6784);
#1442=VERTEX_POINT('',#6786);
#1443=VERTEX_POINT('',#6790);
#1444=VERTEX_POINT('',#6792);
#1445=VERTEX_POINT('',#6794);
#1446=VERTEX_POINT('',#6796);
#1447=VERTEX_POINT('',#6798);
#1448=VERTEX_POINT('',#6802);
#1449=VERTEX_POINT('',#6804);
#1450=VERTEX_POINT('',#6806);
#1451=VERTEX_POINT('',#6808);
#1452=VERTEX_POINT('',#6812);
#1453=VERTEX_POINT('',#6814);
#1454=VERTEX_POINT('',#6816);
#1455=VERTEX_POINT('',#6818);
#1456=VERTEX_POINT('',#6822);
#1457=VERTEX_POINT('',#6824);
#1458=VERTEX_POINT('',#6989);
#1459=VERTEX_POINT('',#6991);
#1460=VERTEX_POINT('',#6993);
#1461=VERTEX_POINT('',#6995);
#1462=VERTEX_POINT('',#6997);
#1463=VERTEX_POINT('',#6999);
#1464=VERTEX_POINT('',#7003);
#1465=VERTEX_POINT('',#7005);
#1466=VERTEX_POINT('',#7007);
#1467=VERTEX_POINT('',#7011);
#1468=VERTEX_POINT('',#7013);
#1469=VERTEX_POINT('',#7015);
#1470=VERTEX_POINT('',#7017);
#1471=VERTEX_POINT('',#7025);
#1472=VERTEX_POINT('',#7029);
#1473=VERTEX_POINT('',#7031);
#1474=VERTEX_POINT('',#7033);
#1475=VERTEX_POINT('',#7035);
#1476=VERTEX_POINT('',#7037);
#1477=VERTEX_POINT('',#10093);
#1478=VERTEX_POINT('',#10098);
#1479=VERTEX_POINT('',#10099);
#1480=VERTEX_POINT('',#10106);
#1481=VERTEX_POINT('',#10108);
#1482=VERTEX_POINT('',#10112);
#1483=VERTEX_POINT('',#10113);
#1484=VERTEX_POINT('',#10120);
#1485=VERTEX_POINT('',#10122);
#1486=VERTEX_POINT('',#10141);
#1487=VERTEX_POINT('',#10145);
#1488=VERTEX_POINT('',#10147);
#1489=VERTEX_POINT('',#10149);
#1490=VERTEX_POINT('',#10153);
#1491=VERTEX_POINT('',#10157);
#1492=VERTEX_POINT('',#10159);
#1493=VERTEX_POINT('',#10161);
#1494=VERTEX_POINT('',#10163);
#1495=VERTEX_POINT('',#10171);
#1496=VERTEX_POINT('',#10173);
#1497=VERTEX_POINT('',#10175);
#1498=VERTEX_POINT('',#10177);
#1499=VERTEX_POINT('',#10180);
#1500=VERTEX_POINT('',#10184);
#1501=VERTEX_POINT('',#10186);
#1502=VERTEX_POINT('',#10188);
#1503=VERTEX_POINT('',#10190);
#1504=VERTEX_POINT('',#10193);
#1505=VERTEX_POINT('',#10197);
#1506=VERTEX_POINT('',#10200);
#1507=VERTEX_POINT('',#10202);
#1508=VERTEX_POINT('',#10204);
#1509=VERTEX_POINT('',#10206);
#1510=VERTEX_POINT('',#10210);
#1511=VERTEX_POINT('',#10213);
#1512=VERTEX_POINT('',#10215);
#1513=VERTEX_POINT('',#10217);
#1514=VERTEX_POINT('',#10219);
#1515=VERTEX_POINT('',#10226);
#1516=VERTEX_POINT('',#10239);
#1517=VERTEX_POINT('',#10259);
#1518=VERTEX_POINT('',#10263);
#1519=VERTEX_POINT('',#10272);
#1520=VERTEX_POINT('',#10282);
#1521=EDGE_CURVE('',#1193,#1194,#657,.T.);
#1522=EDGE_CURVE('',#1194,#1195,#497,.T.);
#1523=EDGE_CURVE('',#1196,#1195,#431,.T.);
#1524=EDGE_CURVE('',#1196,#1193,#498,.T.);
#1525=EDGE_CURVE('',#1197,#1198,#658,.T.);
#1526=EDGE_CURVE('',#1198,#1194,#499,.T.);
#1527=EDGE_CURVE('',#1193,#1197,#500,.T.);
#1528=EDGE_CURVE('',#1199,#1200,#659,.T.);
#1529=EDGE_CURVE('',#1200,#1198,#501,.T.);
#1530=EDGE_CURVE('',#1197,#1199,#502,.T.);
#1531=EDGE_CURVE('',#1201,#1202,#660,.T.);
#1532=EDGE_CURVE('',#1202,#1200,#503,.T.);
#1533=EDGE_CURVE('',#1199,#1201,#504,.T.);
#1534=EDGE_CURVE('',#1203,#1204,#661,.T.);
#1535=EDGE_CURVE('',#1204,#1202,#505,.T.);
#1536=EDGE_CURVE('',#1201,#1203,#506,.T.);
#1537=EDGE_CURVE('',#1205,#1206,#662,.T.);
#1538=EDGE_CURVE('',#1206,#1204,#507,.T.);
#1539=EDGE_CURVE('',#1203,#1205,#508,.T.);
#1540=EDGE_CURVE('',#1207,#1208,#663,.T.);
#1541=EDGE_CURVE('',#1208,#1206,#509,.T.);
#1542=EDGE_CURVE('',#1205,#1207,#510,.T.);
#1543=EDGE_CURVE('',#1209,#1210,#664,.T.);
#1544=EDGE_CURVE('',#1209,#1211,#511,.T.);
#1545=EDGE_CURVE('',#1212,#1211,#432,.T.);
#1546=EDGE_CURVE('',#1212,#1210,#512,.T.);
#1547=EDGE_CURVE('',#1213,#1214,#665,.T.);
#1548=EDGE_CURVE('',#1214,#1215,#513,.T.);
#1549=EDGE_CURVE('',#1216,#1215,#433,.T.);
#1550=EDGE_CURVE('',#1213,#1216,#514,.T.);
#1551=EDGE_CURVE('',#1217,#1218,#666,.T.);
#1552=EDGE_CURVE('',#1218,#1214,#515,.T.);
#1553=EDGE_CURVE('',#1217,#1213,#516,.T.);
#1554=EDGE_CURVE('',#1219,#1220,#667,.T.);
#1555=EDGE_CURVE('',#1220,#1218,#517,.T.);
#1556=EDGE_CURVE('',#1219,#1217,#518,.T.);
#1557=EDGE_CURVE('',#1221,#1222,#668,.T.);
#1558=EDGE_CURVE('',#1222,#1220,#519,.T.);
#1559=EDGE_CURVE('',#1221,#1219,#520,.T.);
#1560=EDGE_CURVE('',#1223,#1224,#669,.T.);
#1561=EDGE_CURVE('',#1224,#1222,#521,.T.);
#1562=EDGE_CURVE('',#1223,#1221,#522,.T.);
#1563=EDGE_CURVE('',#1225,#1226,#670,.T.);
#1564=EDGE_CURVE('',#1226,#1224,#523,.T.);
#1565=EDGE_CURVE('',#1225,#1223,#524,.T.);
#1566=EDGE_CURVE('',#1227,#1228,#671,.T.);
#1567=EDGE_CURVE('',#1228,#1226,#525,.T.);
#1568=EDGE_CURVE('',#1227,#1225,#526,.T.);
#1569=EDGE_CURVE('',#1229,#1230,#672,.T.);
#1570=EDGE_CURVE('',#1231,#1229,#527,.T.);
#1571=EDGE_CURVE('',#1232,#1231,#434,.T.);
#1572=EDGE_CURVE('',#1232,#1230,#528,.T.);
#1573=EDGE_CURVE('',#1233,#1234,#673,.T.);
#1574=EDGE_CURVE('',#1234,#1235,#529,.T.);
#1575=EDGE_CURVE('',#1236,#1235,#435,.T.);
#1576=EDGE_CURVE('',#1236,#1233,#530,.T.);
#1577=EDGE_CURVE('',#1237,#1238,#674,.T.);
#1578=EDGE_CURVE('',#1238,#1234,#531,.T.);
#1579=EDGE_CURVE('',#1233,#1237,#532,.T.);
#1580=EDGE_CURVE('',#1239,#1240,#675,.T.);
#1581=EDGE_CURVE('',#1240,#1238,#533,.T.);
#1582=EDGE_CURVE('',#1237,#1239,#534,.T.);
#1583=EDGE_CURVE('',#1241,#1242,#676,.T.);
#1584=EDGE_CURVE('',#1242,#1240,#535,.T.);
#1585=EDGE_CURVE('',#1239,#1241,#536,.T.);
#1586=EDGE_CURVE('',#1243,#1244,#677,.T.);
#1587=EDGE_CURVE('',#1244,#1242,#537,.T.);
#1588=EDGE_CURVE('',#1241,#1243,#538,.T.);
#1589=EDGE_CURVE('',#1245,#1246,#678,.T.);
#1590=EDGE_CURVE('',#1246,#1244,#539,.T.);
#1591=EDGE_CURVE('',#1243,#1245,#540,.T.);
#1592=EDGE_CURVE('',#1247,#1248,#679,.T.);
#1593=EDGE_CURVE('',#1248,#1246,#541,.T.);
#1594=EDGE_CURVE('',#1245,#1247,#542,.T.);
#1595=EDGE_CURVE('',#1249,#1250,#680,.T.);
#1596=EDGE_CURVE('',#1249,#1251,#543,.T.);
#1597=EDGE_CURVE('',#1252,#1251,#436,.T.);
#1598=EDGE_CURVE('',#1252,#1250,#544,.T.);
#1599=EDGE_CURVE('',#1253,#1254,#681,.T.);
#1600=EDGE_CURVE('',#1254,#1255,#545,.T.);
#1601=EDGE_CURVE('',#1256,#1255,#437,.T.);
#1602=EDGE_CURVE('',#1253,#1256,#546,.T.);
#1603=EDGE_CURVE('',#1257,#1258,#682,.T.);
#1604=EDGE_CURVE('',#1258,#1254,#547,.T.);
#1605=EDGE_CURVE('',#1257,#1253,#548,.T.);
#1606=EDGE_CURVE('',#1259,#1260,#683,.T.);
#1607=EDGE_CURVE('',#1260,#1258,#549,.T.);
#1608=EDGE_CURVE('',#1259,#1257,#550,.T.);
#1609=EDGE_CURVE('',#1261,#1262,#684,.T.);
#1610=EDGE_CURVE('',#1262,#1260,#551,.T.);
#1611=EDGE_CURVE('',#1261,#1259,#552,.T.);
#1612=EDGE_CURVE('',#1263,#1264,#685,.T.);
#1613=EDGE_CURVE('',#1264,#1262,#553,.T.);
#1614=EDGE_CURVE('',#1263,#1261,#554,.T.);
#1615=EDGE_CURVE('',#1265,#1266,#686,.T.);
#1616=EDGE_CURVE('',#1266,#1264,#555,.T.);
#1617=EDGE_CURVE('',#1265,#1263,#556,.T.);
#1618=EDGE_CURVE('',#1267,#1268,#687,.T.);
#1619=EDGE_CURVE('',#1268,#1266,#557,.T.);
#1620=EDGE_CURVE('',#1267,#1265,#558,.T.);
#1621=EDGE_CURVE('',#1269,#1270,#688,.T.);
#1622=EDGE_CURVE('',#1271,#1269,#559,.T.);
#1623=EDGE_CURVE('',#1272,#1271,#438,.T.);
#1624=EDGE_CURVE('',#1272,#1270,#560,.T.);
#1625=EDGE_CURVE('',#1273,#1274,#689,.T.);
#1626=EDGE_CURVE('',#1274,#1275,#561,.T.);
#1627=EDGE_CURVE('',#1276,#1275,#439,.T.);
#1628=EDGE_CURVE('',#1276,#1273,#562,.T.);
#1629=EDGE_CURVE('',#1277,#1278,#690,.T.);
#1630=EDGE_CURVE('',#1278,#1274,#563,.T.);
#1631=EDGE_CURVE('',#1273,#1277,#564,.T.);
#1632=EDGE_CURVE('',#1279,#1280,#691,.T.);
#1633=EDGE_CURVE('',#1280,#1278,#565,.T.);
#1634=EDGE_CURVE('',#1277,#1279,#566,.T.);
#1635=EDGE_CURVE('',#1281,#1282,#692,.T.);
#1636=EDGE_CURVE('',#1282,#1280,#567,.T.);
#1637=EDGE_CURVE('',#1279,#1281,#568,.T.);
#1638=EDGE_CURVE('',#1283,#1284,#693,.T.);
#1639=EDGE_CURVE('',#1284,#1282,#569,.T.);
#1640=EDGE_CURVE('',#1281,#1283,#570,.T.);
#1641=EDGE_CURVE('',#1285,#1286,#694,.T.);
#1642=EDGE_CURVE('',#1286,#1284,#571,.T.);
#1643=EDGE_CURVE('',#1283,#1285,#572,.T.);
#1644=EDGE_CURVE('',#1287,#1288,#695,.T.);
#1645=EDGE_CURVE('',#1288,#1286,#573,.T.);
#1646=EDGE_CURVE('',#1285,#1287,#574,.T.);
#1647=EDGE_CURVE('',#1289,#1290,#696,.T.);
#1648=EDGE_CURVE('',#1289,#1291,#575,.T.);
#1649=EDGE_CURVE('',#1292,#1291,#440,.T.);
#1650=EDGE_CURVE('',#1292,#1290,#576,.T.);
#1651=EDGE_CURVE('',#1293,#1294,#697,.T.);
#1652=EDGE_CURVE('',#1294,#1295,#577,.T.);
#1653=EDGE_CURVE('',#1296,#1295,#441,.T.);
#1654=EDGE_CURVE('',#1293,#1296,#578,.T.);
#1655=EDGE_CURVE('',#1297,#1298,#698,.T.);
#1656=EDGE_CURVE('',#1298,#1294,#579,.T.);
#1657=EDGE_CURVE('',#1297,#1293,#580,.T.);
#1658=EDGE_CURVE('',#1299,#1300,#699,.T.);
#1659=EDGE_CURVE('',#1300,#1298,#581,.T.);
#1660=EDGE_CURVE('',#1299,#1297,#582,.T.);
#1661=EDGE_CURVE('',#1301,#1302,#700,.T.);
#1662=EDGE_CURVE('',#1302,#1300,#583,.T.);
#1663=EDGE_CURVE('',#1301,#1299,#584,.T.);
#1664=EDGE_CURVE('',#1303,#1304,#701,.T.);
#1665=EDGE_CURVE('',#1304,#1302,#585,.T.);
#1666=EDGE_CURVE('',#1303,#1301,#586,.T.);
#1667=EDGE_CURVE('',#1305,#1306,#702,.T.);
#1668=EDGE_CURVE('',#1306,#1304,#587,.T.);
#1669=EDGE_CURVE('',#1305,#1303,#588,.T.);
#1670=EDGE_CURVE('',#1307,#1308,#703,.T.);
#1671=EDGE_CURVE('',#1308,#1306,#589,.T.);
#1672=EDGE_CURVE('',#1307,#1305,#590,.T.);
#1673=EDGE_CURVE('',#1309,#1310,#704,.T.);
#1674=EDGE_CURVE('',#1311,#1309,#591,.T.);
#1675=EDGE_CURVE('',#1312,#1311,#442,.T.);
#1676=EDGE_CURVE('',#1312,#1310,#592,.T.);
#1677=EDGE_CURVE('',#1313,#1314,#705,.T.);
#1678=EDGE_CURVE('',#1314,#1315,#593,.T.);
#1679=EDGE_CURVE('',#1316,#1315,#443,.T.);
#1680=EDGE_CURVE('',#1316,#1313,#594,.T.);
#1681=EDGE_CURVE('',#1317,#1318,#706,.T.);
#1682=EDGE_CURVE('',#1318,#1314,#595,.T.);
#1683=EDGE_CURVE('',#1313,#1317,#596,.T.);
#1684=EDGE_CURVE('',#1319,#1320,#707,.T.);
#1685=EDGE_CURVE('',#1320,#1318,#597,.T.);
#1686=EDGE_CURVE('',#1317,#1319,#598,.T.);
#1687=EDGE_CURVE('',#1321,#1322,#708,.T.);
#1688=EDGE_CURVE('',#1322,#1320,#599,.T.);
#1689=EDGE_CURVE('',#1319,#1321,#600,.T.);
#1690=EDGE_CURVE('',#1323,#1324,#709,.T.);
#1691=EDGE_CURVE('',#1324,#1322,#601,.T.);
#1692=EDGE_CURVE('',#1321,#1323,#602,.T.);
#1693=EDGE_CURVE('',#1325,#1326,#710,.T.);
#1694=EDGE_CURVE('',#1326,#1324,#603,.T.);
#1695=EDGE_CURVE('',#1323,#1325,#604,.T.);
#1696=EDGE_CURVE('',#1327,#1328,#711,.T.);
#1697=EDGE_CURVE('',#1328,#1326,#605,.T.);
#1698=EDGE_CURVE('',#1325,#1327,#606,.T.);
#1699=EDGE_CURVE('',#1329,#1330,#712,.T.);
#1700=EDGE_CURVE('',#1329,#1331,#607,.T.);
#1701=EDGE_CURVE('',#1332,#1331,#444,.T.);
#1702=EDGE_CURVE('',#1332,#1330,#608,.T.);
#1703=EDGE_CURVE('',#1333,#1334,#713,.T.);
#1704=EDGE_CURVE('',#1334,#1335,#609,.T.);
#1705=EDGE_CURVE('',#1336,#1335,#445,.T.);
#1706=EDGE_CURVE('',#1333,#1336,#610,.T.);
#1707=EDGE_CURVE('',#1337,#1338,#714,.T.);
#1708=EDGE_CURVE('',#1338,#1334,#611,.T.);
#1709=EDGE_CURVE('',#1337,#1333,#612,.T.);
#1710=EDGE_CURVE('',#1339,#1340,#715,.T.);
#1711=EDGE_CURVE('',#1340,#1338,#613,.T.);
#1712=EDGE_CURVE('',#1339,#1337,#614,.T.);
#1713=EDGE_CURVE('',#1341,#1342,#716,.T.);
#1714=EDGE_CURVE('',#1342,#1340,#615,.T.);
#1715=EDGE_CURVE('',#1341,#1339,#616,.T.);
#1716=EDGE_CURVE('',#1343,#1344,#717,.T.);
#1717=EDGE_CURVE('',#1344,#1342,#617,.T.);
#1718=EDGE_CURVE('',#1343,#1341,#618,.T.);
#1719=EDGE_CURVE('',#1345,#1346,#718,.T.);
#1720=EDGE_CURVE('',#1346,#1344,#619,.T.);
#1721=EDGE_CURVE('',#1345,#1343,#620,.T.);
#1722=EDGE_CURVE('',#1347,#1348,#719,.T.);
#1723=EDGE_CURVE('',#1348,#1346,#621,.T.);
#1724=EDGE_CURVE('',#1347,#1345,#622,.T.);
#1725=EDGE_CURVE('',#1349,#1350,#720,.T.);
#1726=EDGE_CURVE('',#1351,#1349,#623,.T.);
#1727=EDGE_CURVE('',#1352,#1351,#446,.T.);
#1728=EDGE_CURVE('',#1352,#1350,#624,.T.);
#1729=EDGE_CURVE('',#1353,#1354,#721,.T.);
#1730=EDGE_CURVE('',#1355,#1354,#722,.T.);
#1731=EDGE_CURVE('',#1356,#1355,#447,.T.);
#1732=EDGE_CURVE('',#1356,#1357,#723,.T.);
#1733=EDGE_CURVE('',#1358,#1357,#448,.T.);
#1734=EDGE_CURVE('',#1359,#1358,#724,.T.);
#1735=EDGE_CURVE('',#1359,#1360,#725,.T.);
#1736=EDGE_CURVE('',#1360,#1361,#726,.T.);
#1737=EDGE_CURVE('',#1361,#1362,#727,.T.);
#1738=EDGE_CURVE('',#1363,#1362,#449,.T.);
#1739=EDGE_CURVE('',#1363,#1364,#728,.T.);
#1740=EDGE_CURVE('',#1364,#1365,#729,.T.);
#1741=EDGE_CURVE('',#1366,#1365,#730,.T.);
#1742=EDGE_CURVE('',#1367,#1366,#450,.T.);
#1743=EDGE_CURVE('',#1367,#1368,#731,.T.);
#1744=EDGE_CURVE('',#1369,#1368,#451,.T.);
#1745=EDGE_CURVE('',#1370,#1369,#732,.T.);
#1746=EDGE_CURVE('',#1370,#1371,#733,.T.);
#1747=EDGE_CURVE('',#1371,#1372,#734,.T.);
#1748=EDGE_CURVE('',#1372,#1373,#735,.T.);
#1749=EDGE_CURVE('',#1374,#1373,#452,.T.);
#1750=EDGE_CURVE('',#1374,#1353,#736,.T.);
#1751=EDGE_CURVE('',#1375,#1376,#737,.T.);
#1752=EDGE_CURVE('',#1376,#1377,#738,.T.);
#1753=EDGE_CURVE('',#1378,#1377,#453,.T.);
#1754=EDGE_CURVE('',#1378,#1379,#739,.T.);
#1755=EDGE_CURVE('',#1379,#1380,#740,.T.);
#1756=EDGE_CURVE('',#1375,#1380,#454,.T.);
#1757=EDGE_CURVE('',#1353,#1381,#741,.T.);
#1758=EDGE_CURVE('',#1382,#1381,#742,.T.);
#1759=EDGE_CURVE('',#1383,#1382,#743,.T.);
#1760=EDGE_CURVE('',#1384,#1383,#744,.T.);
#1761=EDGE_CURVE('',#1354,#1384,#745,.T.);
#1762=EDGE_CURVE('',#1385,#1374,#746,.T.);
#1763=EDGE_CURVE('',#1385,#1381,#747,.T.);
#1764=EDGE_CURVE('',#1386,#1387,#455,.T.);
#1765=EDGE_CURVE('',#1388,#1387,#748,.T.);
#1766=EDGE_CURVE('',#1388,#1389,#456,.T.);
#1767=EDGE_CURVE('',#1390,#1389,#749,.T.);
#1768=EDGE_CURVE('',#1390,#1391,#457,.T.);
#1769=EDGE_CURVE('',#1392,#1391,#750,.T.);
#1770=EDGE_CURVE('',#1393,#1392,#458,.T.);
#1771=EDGE_CURVE('',#1386,#1393,#751,.T.);
#1772=EDGE_CURVE('',#1394,#1385,#459,.T.);
#1773=EDGE_CURVE('',#1395,#1394,#752,.T.);
#1774=EDGE_CURVE('',#1396,#1395,#753,.T.);
#1775=EDGE_CURVE('',#1396,#1397,#754,.T.);
#1776=EDGE_CURVE('',#1398,#1397,#460,.T.);
#1777=EDGE_CURVE('',#1398,#1399,#755,.T.);
#1778=EDGE_CURVE('',#1399,#1400,#756,.T.);
#1779=EDGE_CURVE('',#1400,#1401,#757,.T.);
#1780=EDGE_CURVE('',#1401,#1402,#758,.T.);
#1781=EDGE_CURVE('',#1403,#1402,#461,.T.);
#1782=EDGE_CURVE('',#1403,#1404,#759,.T.);
#1783=EDGE_CURVE('',#1405,#1404,#462,.T.);
#1784=EDGE_CURVE('',#1405,#1406,#760,.T.);
#1785=EDGE_CURVE('',#1407,#1406,#463,.T.);
#1786=EDGE_CURVE('',#1407,#1408,#761,.T.);
#1787=EDGE_CURVE('',#1409,#1408,#762,.T.);
#1788=EDGE_CURVE('',#1410,#1409,#763,.T.);
#1789=EDGE_CURVE('',#1411,#1410,#764,.T.);
#1790=EDGE_CURVE('',#1411,#1412,#765,.T.);
#1791=EDGE_CURVE('',#1382,#1412,#464,.T.);
#1792=EDGE_CURVE('',#1400,#1361,#766,.T.);
#1793=EDGE_CURVE('',#1401,#1360,#767,.T.);
#1794=EDGE_CURVE('',#1413,#1414,#465,.T.);
#1795=EDGE_CURVE('',#1413,#1405,#768,.T.);
#1796=EDGE_CURVE('',#1404,#1414,#769,.T.);
#1797=EDGE_CURVE('',#1415,#1403,#770,.T.);
#1798=EDGE_CURVE('',#1416,#1415,#771,.T.);
#1799=EDGE_CURVE('',#1416,#1417,#772,.T.);
#1800=EDGE_CURVE('',#1417,#1418,#773,.T.);
#1801=EDGE_CURVE('',#1418,#1419,#774,.T.);
#1802=EDGE_CURVE('',#1414,#1419,#775,.T.);
#1803=EDGE_CURVE('',#1415,#1420,#466,.T.);
#1804=EDGE_CURVE('',#1402,#1420,#776,.T.);
#1805=EDGE_CURVE('',#1421,#1359,#777,.T.);
#1806=EDGE_CURVE('',#1420,#1421,#778,.T.);
#1807=EDGE_CURVE('',#1383,#1422,#467,.T.);
#1808=EDGE_CURVE('',#1412,#1422,#779,.T.);
#1809=EDGE_CURVE('',#1422,#1423,#780,.T.);
#1810=EDGE_CURVE('',#1424,#1423,#781,.T.);
#1811=EDGE_CURVE('',#1425,#1424,#468,.T.);
#1812=EDGE_CURVE('',#1384,#1425,#782,.T.);
#1813=EDGE_CURVE('',#1251,#1272,#625,.T.);
#1814=EDGE_CURVE('',#1271,#1252,#626,.T.);
#1815=EDGE_CURVE('',#1411,#1371,#783,.T.);
#1816=EDGE_CURVE('',#1423,#1370,#784,.T.);
#1817=EDGE_CURVE('',#1426,#1427,#469,.T.);
#1818=EDGE_CURVE('',#1426,#1407,#785,.T.);
#1819=EDGE_CURVE('',#1406,#1427,#786,.T.);
#1820=EDGE_CURVE('',#1428,#1413,#787,.T.);
#1821=EDGE_CURVE('',#1429,#1428,#788,.T.);
#1822=EDGE_CURVE('',#1430,#1429,#789,.T.);
#1823=EDGE_CURVE('',#1431,#1430,#790,.T.);
#1824=EDGE_CURVE('',#1427,#1431,#791,.T.);
#1825=EDGE_CURVE('',#1432,#1426,#792,.T.);
#1826=EDGE_CURVE('',#1365,#1432,#793,.T.);
#1827=EDGE_CURVE('',#1364,#1408,#794,.T.);
#1828=EDGE_CURVE('',#1433,#1363,#795,.T.);
#1829=EDGE_CURVE('',#1433,#1434,#796,.T.);
#1830=EDGE_CURVE('',#1409,#1434,#797,.T.);
#1831=EDGE_CURVE('',#1435,#1410,#798,.T.);
#1832=EDGE_CURVE('',#1435,#1436,#799,.T.);
#1833=EDGE_CURVE('',#1436,#1372,#800,.T.);
#1834=EDGE_CURVE('',#1428,#1437,#801,.T.);
#1835=EDGE_CURVE('',#1438,#1437,#802,.T.);
#1836=EDGE_CURVE('',#1439,#1438,#803,.T.);
#1837=EDGE_CURVE('',#1440,#1439,#804,.T.);
#1838=EDGE_CURVE('',#1440,#1441,#805,.T.);
#1839=EDGE_CURVE('',#1442,#1441,#806,.T.);
#1840=EDGE_CURVE('',#1442,#1429,#807,.T.);
#1841=EDGE_CURVE('',#1432,#1443,#808,.T.);
#1842=EDGE_CURVE('',#1444,#1443,#809,.T.);
#1843=EDGE_CURVE('',#1445,#1444,#810,.T.);
#1844=EDGE_CURVE('',#1446,#1445,#811,.T.);
#1845=EDGE_CURVE('',#1446,#1447,#812,.T.);
#1846=EDGE_CURVE('',#1366,#1447,#813,.T.);
#1847=EDGE_CURVE('',#1448,#1369,#814,.T.);
#1848=EDGE_CURVE('',#1448,#1449,#815,.T.);
#1849=EDGE_CURVE('',#1449,#1450,#816,.T.);
#1850=EDGE_CURVE('',#1451,#1450,#817,.T.);
#1851=EDGE_CURVE('',#1424,#1451,#818,.T.);
#1852=EDGE_CURVE('',#1452,#1425,#819,.T.);
#1853=EDGE_CURVE('',#1453,#1452,#820,.T.);
#1854=EDGE_CURVE('',#1454,#1453,#821,.T.);
#1855=EDGE_CURVE('',#1454,#1455,#822,.T.);
#1856=EDGE_CURVE('',#1355,#1455,#823,.T.);
#1857=EDGE_CURVE('',#1456,#1421,#824,.T.);
#1858=EDGE_CURVE('',#1457,#1456,#470,.T.);
#1859=EDGE_CURVE('',#1416,#1457,#825,.T.);
#1860=EDGE_CURVE('',#1291,#1312,#627,.T.);
#1861=EDGE_CURVE('',#1311,#1292,#628,.T.);
#1862=EDGE_CURVE('',#1458,#1419,#826,.T.);
#1863=EDGE_CURVE('',#1418,#1459,#827,.T.);
#1864=EDGE_CURVE('',#1460,#1459,#828,.T.);
#1865=EDGE_CURVE('',#1460,#1461,#829,.T.);
#1866=EDGE_CURVE('',#1461,#1462,#830,.T.);
#1867=EDGE_CURVE('',#1463,#1462,#831,.T.);
#1868=EDGE_CURVE('',#1458,#1463,#832,.T.);
#1869=EDGE_CURVE('',#1464,#1417,#833,.T.);
#1870=EDGE_CURVE('',#1465,#1464,#471,.T.);
#1871=EDGE_CURVE('',#1465,#1466,#834,.T.);
#1872=EDGE_CURVE('',#1459,#1466,#472,.T.);
#1873=EDGE_CURVE('',#1467,#1457,#835,.T.);
#1874=EDGE_CURVE('',#1468,#1467,#836,.T.);
#1875=EDGE_CURVE('',#1469,#1468,#837,.T.);
#1876=EDGE_CURVE('',#1469,#1470,#838,.T.);
#1877=EDGE_CURVE('',#1464,#1470,#839,.T.);
#1878=EDGE_CURVE('',#1373,#1394,#840,.T.);
#1879=EDGE_CURVE('',#1395,#1436,#841,.T.);
#1880=EDGE_CURVE('',#1362,#1471,#842,.T.);
#1881=EDGE_CURVE('',#1471,#1433,#473,.T.);
#1882=EDGE_CURVE('',#1472,#1471,#843,.T.);
#1883=EDGE_CURVE('',#1473,#1472,#844,.T.);
#1884=EDGE_CURVE('',#1474,#1473,#845,.T.);
#1885=EDGE_CURVE('',#1475,#1474,#474,.T.);
#1886=EDGE_CURVE('',#1476,#1475,#846,.T.);
#1887=EDGE_CURVE('',#1436,#1476,#847,.T.);
#1888=EDGE_CURVE('',#1434,#1435,#848,.T.);
#1889=EDGE_CURVE('',#1350,#1348,#629,.T.);
#1890=EDGE_CURVE('',#1349,#1347,#630,.T.);
#1891=EDGE_CURVE('',#1335,#1316,#631,.T.);
#1892=EDGE_CURVE('',#1331,#1352,#632,.T.);
#1893=EDGE_CURVE('',#1327,#1329,#633,.T.);
#1894=EDGE_CURVE('',#1315,#1336,#634,.T.);
#1895=EDGE_CURVE('',#1330,#1328,#635,.T.);
#1896=EDGE_CURVE('',#1351,#1332,#636,.T.);
#1897=EDGE_CURVE('',#1437,#1458,#475,.T.);
#1898=EDGE_CURVE('',#1310,#1308,#637,.T.);
#1899=EDGE_CURVE('',#1309,#1307,#638,.T.);
#1900=EDGE_CURVE('',#1295,#1276,#639,.T.);
#1901=EDGE_CURVE('',#1287,#1289,#640,.T.);
#1902=EDGE_CURVE('',#1275,#1296,#641,.T.);
#1903=EDGE_CURVE('',#1290,#1288,#642,.T.);
#1904=EDGE_CURVE('',#1270,#1268,#643,.T.);
#1905=EDGE_CURVE('',#1269,#1267,#644,.T.);
#1906=EDGE_CURVE('',#1255,#1236,#645,.T.);
#1907=EDGE_CURVE('',#1247,#1249,#646,.T.);
#1908=EDGE_CURVE('',#1235,#1256,#647,.T.);
#1909=EDGE_CURVE('',#1250,#1248,#648,.T.);
#1910=EDGE_CURVE('',#1230,#1228,#649,.T.);
#1911=EDGE_CURVE('',#1229,#1227,#650,.T.);
#1912=EDGE_CURVE('',#1215,#1196,#651,.T.);
#1913=EDGE_CURVE('',#1211,#1232,#652,.T.);
#1914=EDGE_CURVE('',#1207,#1209,#653,.T.);
#1915=EDGE_CURVE('',#1195,#1216,#654,.T.);
#1916=EDGE_CURVE('',#1210,#1208,#655,.T.);
#1917=EDGE_CURVE('',#1231,#1212,#656,.T.);
#1918=EDGE_CURVE('',#1477,#1431,#849,.T.);
#1919=EDGE_CURVE('',#1443,#1477,#476,.T.);
#1920=EDGE_CURVE('',#1478,#1479,#477,.T.);
#1921=EDGE_CURVE('',#1478,#1475,#850,.T.);
#1922=EDGE_CURVE('',#1474,#1378,#851,.T.);
#1923=EDGE_CURVE('',#1479,#1377,#852,.T.);
#1924=EDGE_CURVE('',#1399,#1473,#853,.T.);
#1925=EDGE_CURVE('',#1399,#1480,#854,.T.);
#1926=EDGE_CURVE('',#1480,#1481,#855,.T.);
#1927=EDGE_CURVE('',#1481,#1379,#856,.T.);
#1928=EDGE_CURVE('',#1482,#1483,#478,.T.);
#1929=EDGE_CURVE('',#1482,#1398,#857,.T.);
#1930=EDGE_CURVE('',#1397,#1375,#858,.T.);
#1931=EDGE_CURVE('',#1483,#1380,#859,.T.);
#1932=EDGE_CURVE('',#1476,#1396,#860,.T.);
#1933=EDGE_CURVE('',#1476,#1484,#861,.T.);
#1934=EDGE_CURVE('',#1484,#1485,#862,.T.);
#1935=EDGE_CURVE('',#1485,#1376,#863,.T.);
#1936=EDGE_CURVE('',#1472,#1400,#864,.T.);
#1937=EDGE_CURVE('',#1482,#1480,#865,.T.);
#1938=EDGE_CURVE('',#1478,#1484,#866,.T.);
#1939=EDGE_CURVE('',#1485,#1479,#867,.T.);
#1940=EDGE_CURVE('',#1481,#1483,#868,.T.);
#1941=EDGE_CURVE('',#1456,#1486,#869,.T.);
#1942=EDGE_CURVE('',#1486,#1467,#479,.T.);
#1943=EDGE_CURVE('',#1487,#1358,#870,.T.);
#1944=EDGE_CURVE('',#1487,#1488,#871,.T.);
#1945=EDGE_CURVE('',#1488,#1489,#872,.T.);
#1946=EDGE_CURVE('',#1486,#1489,#873,.T.);
#1947=EDGE_CURVE('',#1477,#1490,#874,.T.);
#1948=EDGE_CURVE('',#1490,#1444,#480,.T.);
#1949=EDGE_CURVE('',#1430,#1491,#875,.T.);
#1950=EDGE_CURVE('',#1492,#1491,#876,.T.);
#1951=EDGE_CURVE('',#1492,#1493,#877,.T.);
#1952=EDGE_CURVE('',#1493,#1494,#878,.T.);
#1953=EDGE_CURVE('',#1490,#1494,#879,.T.);
#1954=EDGE_CURVE('',#1451,#1452,#481,.T.);
#1955=EDGE_CURVE('',#1463,#1438,#482,.T.);
#1956=EDGE_CURVE('',#1495,#1492,#483,.T.);
#1957=EDGE_CURVE('',#1496,#1495,#880,.T.);
#1958=EDGE_CURVE('',#1497,#1496,#484,.T.);
#1959=EDGE_CURVE('',#1498,#1497,#881,.T.);
#1960=EDGE_CURVE('',#1447,#1498,#485,.T.);
#1961=EDGE_CURVE('',#1446,#1499,#882,.T.);
#1962=EDGE_CURVE('',#1499,#1493,#883,.T.);
#1963=EDGE_CURVE('',#1500,#1448,#486,.T.);
#1964=EDGE_CURVE('',#1501,#1500,#884,.T.);
#1965=EDGE_CURVE('',#1502,#1501,#487,.T.);
#1966=EDGE_CURVE('',#1503,#1502,#885,.T.);
#1967=EDGE_CURVE('',#1455,#1503,#488,.T.);
#1968=EDGE_CURVE('',#1454,#1504,#886,.T.);
#1969=EDGE_CURVE('',#1504,#1449,#887,.T.);
#1970=EDGE_CURVE('',#1440,#1505,#888,.T.);
#1971=EDGE_CURVE('',#1505,#1461,#889,.T.);
#1972=EDGE_CURVE('',#1506,#1460,#489,.T.);
#1973=EDGE_CURVE('',#1507,#1506,#890,.T.);
#1974=EDGE_CURVE('',#1508,#1507,#490,.T.);
#1975=EDGE_CURVE('',#1509,#1508,#891,.T.);
#1976=EDGE_CURVE('',#1441,#1509,#491,.T.);
#1977=EDGE_CURVE('',#1469,#1510,#892,.T.);
#1978=EDGE_CURVE('',#1510,#1488,#893,.T.);
#1979=EDGE_CURVE('',#1511,#1487,#492,.T.);
#1980=EDGE_CURVE('',#1512,#1511,#894,.T.);
#1981=EDGE_CURVE('',#1513,#1512,#493,.T.);
#1982=EDGE_CURVE('',#1514,#1513,#895,.T.);
#1983=EDGE_CURVE('',#1470,#1514,#494,.T.);
#1984=EDGE_CURVE('',#1389,#1496,#896,.T.);
#1985=EDGE_CURVE('',#1388,#1497,#897,.T.);
#1986=EDGE_CURVE('',#1491,#1515,#495,.T.);
#1987=EDGE_CURVE('',#1515,#1495,#898,.T.);
#1988=EDGE_CURVE('',#1387,#1501,#899,.T.);
#1989=EDGE_CURVE('',#1386,#1502,#900,.T.);
#1990=EDGE_CURVE('',#1368,#1500,#901,.T.);
#1991=EDGE_CURVE('',#1498,#1367,#902,.T.);
#1992=EDGE_CURVE('',#1466,#1506,#903,.T.);
#1993=EDGE_CURVE('',#1516,#1515,#904,.T.);
#1994=EDGE_CURVE('',#1509,#1516,#905,.T.);
#1995=EDGE_CURVE('',#1390,#1508,#906,.T.);
#1996=EDGE_CURVE('',#1512,#1393,#907,.T.);
#1997=EDGE_CURVE('',#1392,#1513,#908,.T.);
#1998=EDGE_CURVE('',#1357,#1511,#909,.T.);
#1999=EDGE_CURVE('',#1503,#1356,#910,.T.);
#2000=EDGE_CURVE('',#1391,#1507,#911,.T.);
#2001=EDGE_CURVE('',#1514,#1465,#912,.T.);
#2002=EDGE_CURVE('',#1516,#1442,#496,.T.);
#2003=EDGE_CURVE('',#1517,#1494,#913,.T.);
#2004=EDGE_CURVE('',#1445,#1517,#914,.T.);
#2005=EDGE_CURVE('',#1518,#1462,#915,.T.);
#2006=EDGE_CURVE('',#1439,#1518,#916,.T.);
#2007=EDGE_CURVE('',#1499,#1517,#917,.T.);
#2008=EDGE_CURVE('',#1519,#1450,#918,.T.);
#2009=EDGE_CURVE('',#1453,#1519,#919,.T.);
#2010=EDGE_CURVE('',#1504,#1519,#920,.T.);
#2011=EDGE_CURVE('',#1505,#1518,#921,.T.);
#2012=EDGE_CURVE('',#1520,#1489,#922,.T.);
#2013=EDGE_CURVE('',#1468,#1520,#923,.T.);
#2014=EDGE_CURVE('',#1510,#1520,#924,.T.);
#2015=ORIENTED_EDGE('',*,*,#1521,.T.);
#2016=ORIENTED_EDGE('',*,*,#1522,.T.);
#2017=ORIENTED_EDGE('',*,*,#1523,.F.);
#2018=ORIENTED_EDGE('',*,*,#1524,.T.);
#2019=ORIENTED_EDGE('',*,*,#1525,.T.);
#2020=ORIENTED_EDGE('',*,*,#1526,.T.);
#2021=ORIENTED_EDGE('',*,*,#1521,.F.);
#2022=ORIENTED_EDGE('',*,*,#1527,.T.);
#2023=ORIENTED_EDGE('',*,*,#1528,.T.);
#2024=ORIENTED_EDGE('',*,*,#1529,.T.);
#2025=ORIENTED_EDGE('',*,*,#1525,.F.);
#2026=ORIENTED_EDGE('',*,*,#1530,.T.);
#2027=ORIENTED_EDGE('',*,*,#1531,.T.);
#2028=ORIENTED_EDGE('',*,*,#1532,.T.);
#2029=ORIENTED_EDGE('',*,*,#1528,.F.);
#2030=ORIENTED_EDGE('',*,*,#1533,.T.);
#2031=ORIENTED_EDGE('',*,*,#1534,.T.);
#2032=ORIENTED_EDGE('',*,*,#1535,.T.);
#2033=ORIENTED_EDGE('',*,*,#1531,.F.);
#2034=ORIENTED_EDGE('',*,*,#1536,.T.);
#2035=ORIENTED_EDGE('',*,*,#1537,.T.);
#2036=ORIENTED_EDGE('',*,*,#1538,.T.);
#2037=ORIENTED_EDGE('',*,*,#1534,.F.);
#2038=ORIENTED_EDGE('',*,*,#1539,.T.);
#2039=ORIENTED_EDGE('',*,*,#1540,.T.);
#2040=ORIENTED_EDGE('',*,*,#1541,.T.);
#2041=ORIENTED_EDGE('',*,*,#1537,.F.);
#2042=ORIENTED_EDGE('',*,*,#1542,.T.);
#2043=ORIENTED_EDGE('',*,*,#1543,.F.);
#2044=ORIENTED_EDGE('',*,*,#1544,.T.);
#2045=ORIENTED_EDGE('',*,*,#1545,.F.);
#2046=ORIENTED_EDGE('',*,*,#1546,.T.);
#2047=ORIENTED_EDGE('',*,*,#1547,.T.);
#2048=ORIENTED_EDGE('',*,*,#1548,.T.);
#2049=ORIENTED_EDGE('',*,*,#1549,.F.);
#2050=ORIENTED_EDGE('',*,*,#1550,.F.);
#2051=ORIENTED_EDGE('',*,*,#1551,.T.);
#2052=ORIENTED_EDGE('',*,*,#1552,.T.);
#2053=ORIENTED_EDGE('',*,*,#1547,.F.);
#2054=ORIENTED_EDGE('',*,*,#1553,.F.);
#2055=ORIENTED_EDGE('',*,*,#1554,.T.);
#2056=ORIENTED_EDGE('',*,*,#1555,.T.);
#2057=ORIENTED_EDGE('',*,*,#1551,.F.);
#2058=ORIENTED_EDGE('',*,*,#1556,.F.);
#2059=ORIENTED_EDGE('',*,*,#1557,.T.);
#2060=ORIENTED_EDGE('',*,*,#1558,.T.);
#2061=ORIENTED_EDGE('',*,*,#1554,.F.);
#2062=ORIENTED_EDGE('',*,*,#1559,.F.);
#2063=ORIENTED_EDGE('',*,*,#1560,.T.);
#2064=ORIENTED_EDGE('',*,*,#1561,.T.);
#2065=ORIENTED_EDGE('',*,*,#1557,.F.);
#2066=ORIENTED_EDGE('',*,*,#1562,.F.);
#2067=ORIENTED_EDGE('',*,*,#1563,.T.);
#2068=ORIENTED_EDGE('',*,*,#1564,.T.);
#2069=ORIENTED_EDGE('',*,*,#1560,.F.);
#2070=ORIENTED_EDGE('',*,*,#1565,.F.);
#2071=ORIENTED_EDGE('',*,*,#1566,.T.);
#2072=ORIENTED_EDGE('',*,*,#1567,.T.);
#2073=ORIENTED_EDGE('',*,*,#1563,.F.);
#2074=ORIENTED_EDGE('',*,*,#1568,.F.);
#2075=ORIENTED_EDGE('',*,*,#1569,.F.);
#2076=ORIENTED_EDGE('',*,*,#1570,.F.);
#2077=ORIENTED_EDGE('',*,*,#1571,.F.);
#2078=ORIENTED_EDGE('',*,*,#1572,.T.);
#2079=ORIENTED_EDGE('',*,*,#1573,.T.);
#2080=ORIENTED_EDGE('',*,*,#1574,.T.);
#2081=ORIENTED_EDGE('',*,*,#1575,.F.);
#2082=ORIENTED_EDGE('',*,*,#1576,.T.);
#2083=ORIENTED_EDGE('',*,*,#1577,.T.);
#2084=ORIENTED_EDGE('',*,*,#1578,.T.);
#2085=ORIENTED_EDGE('',*,*,#1573,.F.);
#2086=ORIENTED_EDGE('',*,*,#1579,.T.);
#2087=ORIENTED_EDGE('',*,*,#1580,.T.);
#2088=ORIENTED_EDGE('',*,*,#1581,.T.);
#2089=ORIENTED_EDGE('',*,*,#1577,.F.);
#2090=ORIENTED_EDGE('',*,*,#1582,.T.);
#2091=ORIENTED_EDGE('',*,*,#1583,.T.);
#2092=ORIENTED_EDGE('',*,*,#1584,.T.);
#2093=ORIENTED_EDGE('',*,*,#1580,.F.);
#2094=ORIENTED_EDGE('',*,*,#1585,.T.);
#2095=ORIENTED_EDGE('',*,*,#1586,.T.);
#2096=ORIENTED_EDGE('',*,*,#1587,.T.);
#2097=ORIENTED_EDGE('',*,*,#1583,.F.);
#2098=ORIENTED_EDGE('',*,*,#1588,.T.);
#2099=ORIENTED_EDGE('',*,*,#1589,.T.);
#2100=ORIENTED_EDGE('',*,*,#1590,.T.);
#2101=ORIENTED_EDGE('',*,*,#1586,.F.);
#2102=ORIENTED_EDGE('',*,*,#1591,.T.);
#2103=ORIENTED_EDGE('',*,*,#1592,.T.);
#2104=ORIENTED_EDGE('',*,*,#1593,.T.);
#2105=ORIENTED_EDGE('',*,*,#1589,.F.);
#2106=ORIENTED_EDGE('',*,*,#1594,.T.);
#2107=ORIENTED_EDGE('',*,*,#1595,.F.);
#2108=ORIENTED_EDGE('',*,*,#1596,.T.);
#2109=ORIENTED_EDGE('',*,*,#1597,.F.);
#2110=ORIENTED_EDGE('',*,*,#1598,.T.);
#2111=ORIENTED_EDGE('',*,*,#1599,.T.);
#2112=ORIENTED_EDGE('',*,*,#1600,.T.);
#2113=ORIENTED_EDGE('',*,*,#1601,.F.);
#2114=ORIENTED_EDGE('',*,*,#1602,.F.);
#2115=ORIENTED_EDGE('',*,*,#1603,.T.);
#2116=ORIENTED_EDGE('',*,*,#1604,.T.);
#2117=ORIENTED_EDGE('',*,*,#1599,.F.);
#2118=ORIENTED_EDGE('',*,*,#1605,.F.);
#2119=ORIENTED_EDGE('',*,*,#1606,.T.);
#2120=ORIENTED_EDGE('',*,*,#1607,.T.);
#2121=ORIENTED_EDGE('',*,*,#1603,.F.);
#2122=ORIENTED_EDGE('',*,*,#1608,.F.);
#2123=ORIENTED_EDGE('',*,*,#1609,.T.);
#2124=ORIENTED_EDGE('',*,*,#1610,.T.);
#2125=ORIENTED_EDGE('',*,*,#1606,.F.);
#2126=ORIENTED_EDGE('',*,*,#1611,.F.);
#2127=ORIENTED_EDGE('',*,*,#1612,.T.);
#2128=ORIENTED_EDGE('',*,*,#1613,.T.);
#2129=ORIENTED_EDGE('',*,*,#1609,.F.);
#2130=ORIENTED_EDGE('',*,*,#1614,.F.);
#2131=ORIENTED_EDGE('',*,*,#1615,.T.);
#2132=ORIENTED_EDGE('',*,*,#1616,.T.);
#2133=ORIENTED_EDGE('',*,*,#1612,.F.);
#2134=ORIENTED_EDGE('',*,*,#1617,.F.);
#2135=ORIENTED_EDGE('',*,*,#1618,.T.);
#2136=ORIENTED_EDGE('',*,*,#1619,.T.);
#2137=ORIENTED_EDGE('',*,*,#1615,.F.);
#2138=ORIENTED_EDGE('',*,*,#1620,.F.);
#2139=ORIENTED_EDGE('',*,*,#1621,.F.);
#2140=ORIENTED_EDGE('',*,*,#1622,.F.);
#2141=ORIENTED_EDGE('',*,*,#1623,.F.);
#2142=ORIENTED_EDGE('',*,*,#1624,.T.);
#2143=ORIENTED_EDGE('',*,*,#1625,.T.);
#2144=ORIENTED_EDGE('',*,*,#1626,.T.);
#2145=ORIENTED_EDGE('',*,*,#1627,.F.);
#2146=ORIENTED_EDGE('',*,*,#1628,.T.);
#2147=ORIENTED_EDGE('',*,*,#1629,.T.);
#2148=ORIENTED_EDGE('',*,*,#1630,.T.);
#2149=ORIENTED_EDGE('',*,*,#1625,.F.);
#2150=ORIENTED_EDGE('',*,*,#1631,.T.);
#2151=ORIENTED_EDGE('',*,*,#1632,.T.);
#2152=ORIENTED_EDGE('',*,*,#1633,.T.);
#2153=ORIENTED_EDGE('',*,*,#1629,.F.);
#2154=ORIENTED_EDGE('',*,*,#1634,.T.);
#2155=ORIENTED_EDGE('',*,*,#1635,.T.);
#2156=ORIENTED_EDGE('',*,*,#1636,.T.);
#2157=ORIENTED_EDGE('',*,*,#1632,.F.);
#2158=ORIENTED_EDGE('',*,*,#1637,.T.);
#2159=ORIENTED_EDGE('',*,*,#1638,.T.);
#2160=ORIENTED_EDGE('',*,*,#1639,.T.);
#2161=ORIENTED_EDGE('',*,*,#1635,.F.);
#2162=ORIENTED_EDGE('',*,*,#1640,.T.);
#2163=ORIENTED_EDGE('',*,*,#1641,.T.);
#2164=ORIENTED_EDGE('',*,*,#1642,.T.);
#2165=ORIENTED_EDGE('',*,*,#1638,.F.);
#2166=ORIENTED_EDGE('',*,*,#1643,.T.);
#2167=ORIENTED_EDGE('',*,*,#1644,.T.);
#2168=ORIENTED_EDGE('',*,*,#1645,.T.);
#2169=ORIENTED_EDGE('',*,*,#1641,.F.);
#2170=ORIENTED_EDGE('',*,*,#1646,.T.);
#2171=ORIENTED_EDGE('',*,*,#1647,.F.);
#2172=ORIENTED_EDGE('',*,*,#1648,.T.);
#2173=ORIENTED_EDGE('',*,*,#1649,.F.);
#2174=ORIENTED_EDGE('',*,*,#1650,.T.);
#2175=ORIENTED_EDGE('',*,*,#1651,.T.);
#2176=ORIENTED_EDGE('',*,*,#1652,.T.);
#2177=ORIENTED_EDGE('',*,*,#1653,.F.);
#2178=ORIENTED_EDGE('',*,*,#1654,.F.);
#2179=ORIENTED_EDGE('',*,*,#1655,.T.);
#2180=ORIENTED_EDGE('',*,*,#1656,.T.);
#2181=ORIENTED_EDGE('',*,*,#1651,.F.);
#2182=ORIENTED_EDGE('',*,*,#1657,.F.);
#2183=ORIENTED_EDGE('',*,*,#1658,.T.);
#2184=ORIENTED_EDGE('',*,*,#1659,.T.);
#2185=ORIENTED_EDGE('',*,*,#1655,.F.);
#2186=ORIENTED_EDGE('',*,*,#1660,.F.);
#2187=ORIENTED_EDGE('',*,*,#1661,.T.);
#2188=ORIENTED_EDGE('',*,*,#1662,.T.);
#2189=ORIENTED_EDGE('',*,*,#1658,.F.);
#2190=ORIENTED_EDGE('',*,*,#1663,.F.);
#2191=ORIENTED_EDGE('',*,*,#1664,.T.);
#2192=ORIENTED_EDGE('',*,*,#1665,.T.);
#2193=ORIENTED_EDGE('',*,*,#1661,.F.);
#2194=ORIENTED_EDGE('',*,*,#1666,.F.);
#2195=ORIENTED_EDGE('',*,*,#1667,.T.);
#2196=ORIENTED_EDGE('',*,*,#1668,.T.);
#2197=ORIENTED_EDGE('',*,*,#1664,.F.);
#2198=ORIENTED_EDGE('',*,*,#1669,.F.);
#2199=ORIENTED_EDGE('',*,*,#1670,.T.);
#2200=ORIENTED_EDGE('',*,*,#1671,.T.);
#2201=ORIENTED_EDGE('',*,*,#1667,.F.);
#2202=ORIENTED_EDGE('',*,*,#1672,.F.);
#2203=ORIENTED_EDGE('',*,*,#1673,.F.);
#2204=ORIENTED_EDGE('',*,*,#1674,.F.);
#2205=ORIENTED_EDGE('',*,*,#1675,.F.);
#2206=ORIENTED_EDGE('',*,*,#1676,.T.);
#2207=ORIENTED_EDGE('',*,*,#1677,.T.);
#2208=ORIENTED_EDGE('',*,*,#1678,.T.);
#2209=ORIENTED_EDGE('',*,*,#1679,.F.);
#2210=ORIENTED_EDGE('',*,*,#1680,.T.);
#2211=ORIENTED_EDGE('',*,*,#1681,.T.);
#2212=ORIENTED_EDGE('',*,*,#1682,.T.);
#2213=ORIENTED_EDGE('',*,*,#1677,.F.);
#2214=ORIENTED_EDGE('',*,*,#1683,.T.);
#2215=ORIENTED_EDGE('',*,*,#1684,.T.);
#2216=ORIENTED_EDGE('',*,*,#1685,.T.);
#2217=ORIENTED_EDGE('',*,*,#1681,.F.);
#2218=ORIENTED_EDGE('',*,*,#1686,.T.);
#2219=ORIENTED_EDGE('',*,*,#1687,.T.);
#2220=ORIENTED_EDGE('',*,*,#1688,.T.);
#2221=ORIENTED_EDGE('',*,*,#1684,.F.);
#2222=ORIENTED_EDGE('',*,*,#1689,.T.);
#2223=ORIENTED_EDGE('',*,*,#1690,.T.);
#2224=ORIENTED_EDGE('',*,*,#1691,.T.);
#2225=ORIENTED_EDGE('',*,*,#1687,.F.);
#2226=ORIENTED_EDGE('',*,*,#1692,.T.);
#2227=ORIENTED_EDGE('',*,*,#1693,.T.);
#2228=ORIENTED_EDGE('',*,*,#1694,.T.);
#2229=ORIENTED_EDGE('',*,*,#1690,.F.);
#2230=ORIENTED_EDGE('',*,*,#1695,.T.);
#2231=ORIENTED_EDGE('',*,*,#1696,.T.);
#2232=ORIENTED_EDGE('',*,*,#1697,.T.);
#2233=ORIENTED_EDGE('',*,*,#1693,.F.);
#2234=ORIENTED_EDGE('',*,*,#1698,.T.);
#2235=ORIENTED_EDGE('',*,*,#1699,.F.);
#2236=ORIENTED_EDGE('',*,*,#1700,.T.);
#2237=ORIENTED_EDGE('',*,*,#1701,.F.);
#2238=ORIENTED_EDGE('',*,*,#1702,.T.);
#2239=ORIENTED_EDGE('',*,*,#1703,.T.);
#2240=ORIENTED_EDGE('',*,*,#1704,.T.);
#2241=ORIENTED_EDGE('',*,*,#1705,.F.);
#2242=ORIENTED_EDGE('',*,*,#1706,.F.);
#2243=ORIENTED_EDGE('',*,*,#1707,.T.);
#2244=ORIENTED_EDGE('',*,*,#1708,.T.);
#2245=ORIENTED_EDGE('',*,*,#1703,.F.);
#2246=ORIENTED_EDGE('',*,*,#1709,.F.);
#2247=ORIENTED_EDGE('',*,*,#1710,.T.);
#2248=ORIENTED_EDGE('',*,*,#1711,.T.);
#2249=ORIENTED_EDGE('',*,*,#1707,.F.);
#2250=ORIENTED_EDGE('',*,*,#1712,.F.);
#2251=ORIENTED_EDGE('',*,*,#1713,.T.);
#2252=ORIENTED_EDGE('',*,*,#1714,.T.);
#2253=ORIENTED_EDGE('',*,*,#1710,.F.);
#2254=ORIENTED_EDGE('',*,*,#1715,.F.);
#2255=ORIENTED_EDGE('',*,*,#1716,.T.);
#2256=ORIENTED_EDGE('',*,*,#1717,.T.);
#2257=ORIENTED_EDGE('',*,*,#1713,.F.);
#2258=ORIENTED_EDGE('',*,*,#1718,.F.);
#2259=ORIENTED_EDGE('',*,*,#1719,.T.);
#2260=ORIENTED_EDGE('',*,*,#1720,.T.);
#2261=ORIENTED_EDGE('',*,*,#1716,.F.);
#2262=ORIENTED_EDGE('',*,*,#1721,.F.);
#2263=ORIENTED_EDGE('',*,*,#1722,.T.);
#2264=ORIENTED_EDGE('',*,*,#1723,.T.);
#2265=ORIENTED_EDGE('',*,*,#1719,.F.);
#2266=ORIENTED_EDGE('',*,*,#1724,.F.);
#2267=ORIENTED_EDGE('',*,*,#1725,.F.);
#2268=ORIENTED_EDGE('',*,*,#1726,.F.);
#2269=ORIENTED_EDGE('',*,*,#1727,.F.);
#2270=ORIENTED_EDGE('',*,*,#1728,.T.);
#2271=ORIENTED_EDGE('',*,*,#1729,.T.);
#2272=ORIENTED_EDGE('',*,*,#1730,.F.);
#2273=ORIENTED_EDGE('',*,*,#1731,.F.);
#2274=ORIENTED_EDGE('',*,*,#1732,.T.);
#2275=ORIENTED_EDGE('',*,*,#1733,.F.);
#2276=ORIENTED_EDGE('',*,*,#1734,.F.);
#2277=ORIENTED_EDGE('',*,*,#1735,.T.);
#2278=ORIENTED_EDGE('',*,*,#1736,.T.);
#2279=ORIENTED_EDGE('',*,*,#1737,.T.);
#2280=ORIENTED_EDGE('',*,*,#1738,.F.);
#2281=ORIENTED_EDGE('',*,*,#1739,.T.);
#2282=ORIENTED_EDGE('',*,*,#1740,.T.);
#2283=ORIENTED_EDGE('',*,*,#1741,.F.);
#2284=ORIENTED_EDGE('',*,*,#1742,.F.);
#2285=ORIENTED_EDGE('',*,*,#1743,.T.);
#2286=ORIENTED_EDGE('',*,*,#1744,.F.);
#2287=ORIENTED_EDGE('',*,*,#1745,.F.);
#2288=ORIENTED_EDGE('',*,*,#1746,.T.);
#2289=ORIENTED_EDGE('',*,*,#1747,.T.);
#2290=ORIENTED_EDGE('',*,*,#1748,.T.);
#2291=ORIENTED_EDGE('',*,*,#1749,.F.);
#2292=ORIENTED_EDGE('',*,*,#1750,.T.);
#2293=ORIENTED_EDGE('',*,*,#1751,.T.);
#2294=ORIENTED_EDGE('',*,*,#1752,.T.);
#2295=ORIENTED_EDGE('',*,*,#1753,.F.);
#2296=ORIENTED_EDGE('',*,*,#1754,.T.);
#2297=ORIENTED_EDGE('',*,*,#1755,.T.);
#2298=ORIENTED_EDGE('',*,*,#1756,.F.);
#2299=ORIENTED_EDGE('',*,*,#1729,.F.);
#2300=ORIENTED_EDGE('',*,*,#1757,.T.);
#2301=ORIENTED_EDGE('',*,*,#1758,.F.);
#2302=ORIENTED_EDGE('',*,*,#1759,.F.);
#2303=ORIENTED_EDGE('',*,*,#1760,.F.);
#2304=ORIENTED_EDGE('',*,*,#1761,.F.);
#2305=ORIENTED_EDGE('',*,*,#1750,.F.);
#2306=ORIENTED_EDGE('',*,*,#1762,.F.);
#2307=ORIENTED_EDGE('',*,*,#1763,.T.);
#2308=ORIENTED_EDGE('',*,*,#1757,.F.);
#2309=ORIENTED_EDGE('',*,*,#1764,.T.);
#2310=ORIENTED_EDGE('',*,*,#1765,.F.);
#2311=ORIENTED_EDGE('',*,*,#1766,.T.);
#2312=ORIENTED_EDGE('',*,*,#1767,.F.);
#2313=ORIENTED_EDGE('',*,*,#1768,.T.);
#2314=ORIENTED_EDGE('',*,*,#1769,.F.);
#2315=ORIENTED_EDGE('',*,*,#1770,.F.);
#2316=ORIENTED_EDGE('',*,*,#1771,.F.);
#2317=ORIENTED_EDGE('',*,*,#1758,.T.);
#2318=ORIENTED_EDGE('',*,*,#1763,.F.);
#2319=ORIENTED_EDGE('',*,*,#1772,.F.);
#2320=ORIENTED_EDGE('',*,*,#1773,.F.);
#2321=ORIENTED_EDGE('',*,*,#1774,.F.);
#2322=ORIENTED_EDGE('',*,*,#1775,.T.);
#2323=ORIENTED_EDGE('',*,*,#1776,.F.);
#2324=ORIENTED_EDGE('',*,*,#1777,.T.);
#2325=ORIENTED_EDGE('',*,*,#1778,.T.);
#2326=ORIENTED_EDGE('',*,*,#1779,.T.);
#2327=ORIENTED_EDGE('',*,*,#1780,.T.);
#2328=ORIENTED_EDGE('',*,*,#1781,.F.);
#2329=ORIENTED_EDGE('',*,*,#1782,.T.);
#2330=ORIENTED_EDGE('',*,*,#1783,.F.);
#2331=ORIENTED_EDGE('',*,*,#1784,.T.);
#2332=ORIENTED_EDGE('',*,*,#1785,.F.);
#2333=ORIENTED_EDGE('',*,*,#1786,.T.);
#2334=ORIENTED_EDGE('',*,*,#1787,.F.);
#2335=ORIENTED_EDGE('',*,*,#1788,.F.);
#2336=ORIENTED_EDGE('',*,*,#1789,.F.);
#2337=ORIENTED_EDGE('',*,*,#1790,.T.);
#2338=ORIENTED_EDGE('',*,*,#1791,.F.);
#2339=ORIENTED_EDGE('',*,*,#1779,.F.);
#2340=ORIENTED_EDGE('',*,*,#1792,.T.);
#2341=ORIENTED_EDGE('',*,*,#1736,.F.);
#2342=ORIENTED_EDGE('',*,*,#1793,.F.);
#2343=ORIENTED_EDGE('',*,*,#1794,.F.);
#2344=ORIENTED_EDGE('',*,*,#1795,.T.);
#2345=ORIENTED_EDGE('',*,*,#1783,.T.);
#2346=ORIENTED_EDGE('',*,*,#1796,.T.);
#2347=ORIENTED_EDGE('',*,*,#1796,.F.);
#2348=ORIENTED_EDGE('',*,*,#1782,.F.);
#2349=ORIENTED_EDGE('',*,*,#1797,.F.);
#2350=ORIENTED_EDGE('',*,*,#1798,.F.);
#2351=ORIENTED_EDGE('',*,*,#1799,.T.);
#2352=ORIENTED_EDGE('',*,*,#1800,.T.);
#2353=ORIENTED_EDGE('',*,*,#1801,.T.);
#2354=ORIENTED_EDGE('',*,*,#1802,.F.);
#2355=ORIENTED_EDGE('',*,*,#1803,.F.);
#2356=ORIENTED_EDGE('',*,*,#1797,.T.);
#2357=ORIENTED_EDGE('',*,*,#1781,.T.);
#2358=ORIENTED_EDGE('',*,*,#1804,.T.);
#2359=ORIENTED_EDGE('',*,*,#1793,.T.);
#2360=ORIENTED_EDGE('',*,*,#1735,.F.);
#2361=ORIENTED_EDGE('',*,*,#1805,.F.);
#2362=ORIENTED_EDGE('',*,*,#1806,.F.);
#2363=ORIENTED_EDGE('',*,*,#1804,.F.);
#2364=ORIENTED_EDGE('',*,*,#1780,.F.);
#2365=ORIENTED_EDGE('',*,*,#1807,.F.);
#2366=ORIENTED_EDGE('',*,*,#1759,.T.);
#2367=ORIENTED_EDGE('',*,*,#1791,.T.);
#2368=ORIENTED_EDGE('',*,*,#1808,.T.);
#2369=ORIENTED_EDGE('',*,*,#1807,.T.);
#2370=ORIENTED_EDGE('',*,*,#1809,.T.);
#2371=ORIENTED_EDGE('',*,*,#1810,.F.);
#2372=ORIENTED_EDGE('',*,*,#1811,.F.);
#2373=ORIENTED_EDGE('',*,*,#1812,.F.);
#2374=ORIENTED_EDGE('',*,*,#1760,.T.);
#2375=ORIENTED_EDGE('',*,*,#1813,.T.);
#2376=ORIENTED_EDGE('',*,*,#1623,.T.);
#2377=ORIENTED_EDGE('',*,*,#1814,.T.);
#2378=ORIENTED_EDGE('',*,*,#1597,.T.);
#2379=ORIENTED_EDGE('',*,*,#1808,.F.);
#2380=ORIENTED_EDGE('',*,*,#1790,.F.);
#2381=ORIENTED_EDGE('',*,*,#1815,.T.);
#2382=ORIENTED_EDGE('',*,*,#1746,.F.);
#2383=ORIENTED_EDGE('',*,*,#1816,.F.);
#2384=ORIENTED_EDGE('',*,*,#1809,.F.);
#2385=ORIENTED_EDGE('',*,*,#1817,.F.);
#2386=ORIENTED_EDGE('',*,*,#1818,.T.);
#2387=ORIENTED_EDGE('',*,*,#1785,.T.);
#2388=ORIENTED_EDGE('',*,*,#1819,.T.);
#2389=ORIENTED_EDGE('',*,*,#1795,.F.);
#2390=ORIENTED_EDGE('',*,*,#1820,.F.);
#2391=ORIENTED_EDGE('',*,*,#1821,.F.);
#2392=ORIENTED_EDGE('',*,*,#1822,.F.);
#2393=ORIENTED_EDGE('',*,*,#1823,.F.);
#2394=ORIENTED_EDGE('',*,*,#1824,.F.);
#2395=ORIENTED_EDGE('',*,*,#1819,.F.);
#2396=ORIENTED_EDGE('',*,*,#1784,.F.);
#2397=ORIENTED_EDGE('',*,*,#1818,.F.);
#2398=ORIENTED_EDGE('',*,*,#1825,.F.);
#2399=ORIENTED_EDGE('',*,*,#1826,.F.);
#2400=ORIENTED_EDGE('',*,*,#1740,.F.);
#2401=ORIENTED_EDGE('',*,*,#1827,.T.);
#2402=ORIENTED_EDGE('',*,*,#1786,.F.);
#2403=ORIENTED_EDGE('',*,*,#1739,.F.);
#2404=ORIENTED_EDGE('',*,*,#1828,.F.);
#2405=ORIENTED_EDGE('',*,*,#1829,.T.);
#2406=ORIENTED_EDGE('',*,*,#1830,.F.);
#2407=ORIENTED_EDGE('',*,*,#1787,.T.);
#2408=ORIENTED_EDGE('',*,*,#1827,.F.);
#2409=ORIENTED_EDGE('',*,*,#1789,.T.);
#2410=ORIENTED_EDGE('',*,*,#1831,.F.);
#2411=ORIENTED_EDGE('',*,*,#1832,.T.);
#2412=ORIENTED_EDGE('',*,*,#1833,.T.);
#2413=ORIENTED_EDGE('',*,*,#1747,.F.);
#2414=ORIENTED_EDGE('',*,*,#1815,.F.);
#2415=ORIENTED_EDGE('',*,*,#1821,.T.);
#2416=ORIENTED_EDGE('',*,*,#1834,.T.);
#2417=ORIENTED_EDGE('',*,*,#1835,.F.);
#2418=ORIENTED_EDGE('',*,*,#1836,.F.);
#2419=ORIENTED_EDGE('',*,*,#1837,.F.);
#2420=ORIENTED_EDGE('',*,*,#1838,.T.);
#2421=ORIENTED_EDGE('',*,*,#1839,.F.);
#2422=ORIENTED_EDGE('',*,*,#1840,.T.);
#2423=ORIENTED_EDGE('',*,*,#1826,.T.);
#2424=ORIENTED_EDGE('',*,*,#1841,.T.);
#2425=ORIENTED_EDGE('',*,*,#1842,.F.);
#2426=ORIENTED_EDGE('',*,*,#1843,.F.);
#2427=ORIENTED_EDGE('',*,*,#1844,.F.);
#2428=ORIENTED_EDGE('',*,*,#1845,.T.);
#2429=ORIENTED_EDGE('',*,*,#1846,.F.);
#2430=ORIENTED_EDGE('',*,*,#1741,.T.);
#2431=ORIENTED_EDGE('',*,*,#1810,.T.);
#2432=ORIENTED_EDGE('',*,*,#1816,.T.);
#2433=ORIENTED_EDGE('',*,*,#1745,.T.);
#2434=ORIENTED_EDGE('',*,*,#1847,.F.);
#2435=ORIENTED_EDGE('',*,*,#1848,.T.);
#2436=ORIENTED_EDGE('',*,*,#1849,.T.);
#2437=ORIENTED_EDGE('',*,*,#1850,.F.);
#2438=ORIENTED_EDGE('',*,*,#1851,.F.);
#2439=ORIENTED_EDGE('',*,*,#1761,.T.);
#2440=ORIENTED_EDGE('',*,*,#1812,.T.);
#2441=ORIENTED_EDGE('',*,*,#1852,.F.);
#2442=ORIENTED_EDGE('',*,*,#1853,.F.);
#2443=ORIENTED_EDGE('',*,*,#1854,.F.);
#2444=ORIENTED_EDGE('',*,*,#1855,.T.);
#2445=ORIENTED_EDGE('',*,*,#1856,.F.);
#2446=ORIENTED_EDGE('',*,*,#1730,.T.);
#2447=ORIENTED_EDGE('',*,*,#1803,.T.);
#2448=ORIENTED_EDGE('',*,*,#1806,.T.);
#2449=ORIENTED_EDGE('',*,*,#1857,.F.);
#2450=ORIENTED_EDGE('',*,*,#1858,.F.);
#2451=ORIENTED_EDGE('',*,*,#1859,.F.);
#2452=ORIENTED_EDGE('',*,*,#1798,.T.);
#2453=ORIENTED_EDGE('',*,*,#1860,.T.);
#2454=ORIENTED_EDGE('',*,*,#1675,.T.);
#2455=ORIENTED_EDGE('',*,*,#1861,.T.);
#2456=ORIENTED_EDGE('',*,*,#1649,.T.);
#2457=ORIENTED_EDGE('',*,*,#1862,.T.);
#2458=ORIENTED_EDGE('',*,*,#1801,.F.);
#2459=ORIENTED_EDGE('',*,*,#1863,.T.);
#2460=ORIENTED_EDGE('',*,*,#1864,.F.);
#2461=ORIENTED_EDGE('',*,*,#1865,.T.);
#2462=ORIENTED_EDGE('',*,*,#1866,.T.);
#2463=ORIENTED_EDGE('',*,*,#1867,.F.);
#2464=ORIENTED_EDGE('',*,*,#1868,.F.);
#2465=ORIENTED_EDGE('',*,*,#1869,.F.);
#2466=ORIENTED_EDGE('',*,*,#1870,.F.);
#2467=ORIENTED_EDGE('',*,*,#1871,.T.);
#2468=ORIENTED_EDGE('',*,*,#1872,.F.);
#2469=ORIENTED_EDGE('',*,*,#1863,.F.);
#2470=ORIENTED_EDGE('',*,*,#1800,.F.);
#2471=ORIENTED_EDGE('',*,*,#1869,.T.);
#2472=ORIENTED_EDGE('',*,*,#1799,.F.);
#2473=ORIENTED_EDGE('',*,*,#1859,.T.);
#2474=ORIENTED_EDGE('',*,*,#1873,.F.);
#2475=ORIENTED_EDGE('',*,*,#1874,.F.);
#2476=ORIENTED_EDGE('',*,*,#1875,.F.);
#2477=ORIENTED_EDGE('',*,*,#1876,.T.);
#2478=ORIENTED_EDGE('',*,*,#1877,.F.);
#2479=ORIENTED_EDGE('',*,*,#1749,.T.);
#2480=ORIENTED_EDGE('',*,*,#1878,.T.);
#2481=ORIENTED_EDGE('',*,*,#1772,.T.);
#2482=ORIENTED_EDGE('',*,*,#1762,.T.);
#2483=ORIENTED_EDGE('',*,*,#1878,.F.);
#2484=ORIENTED_EDGE('',*,*,#1748,.F.);
#2485=ORIENTED_EDGE('',*,*,#1833,.F.);
#2486=ORIENTED_EDGE('',*,*,#1879,.F.);
#2487=ORIENTED_EDGE('',*,*,#1773,.T.);
#2488=ORIENTED_EDGE('',*,*,#1738,.T.);
#2489=ORIENTED_EDGE('',*,*,#1880,.T.);
#2490=ORIENTED_EDGE('',*,*,#1881,.T.);
#2491=ORIENTED_EDGE('',*,*,#1828,.T.);
#2492=ORIENTED_EDGE('',*,*,#1881,.F.);
#2493=ORIENTED_EDGE('',*,*,#1882,.F.);
#2494=ORIENTED_EDGE('',*,*,#1883,.F.);
#2495=ORIENTED_EDGE('',*,*,#1884,.F.);
#2496=ORIENTED_EDGE('',*,*,#1885,.F.);
#2497=ORIENTED_EDGE('',*,*,#1886,.F.);
#2498=ORIENTED_EDGE('',*,*,#1887,.F.);
#2499=ORIENTED_EDGE('',*,*,#1832,.F.);
#2500=ORIENTED_EDGE('',*,*,#1888,.F.);
#2501=ORIENTED_EDGE('',*,*,#1829,.F.);
#2502=ORIENTED_EDGE('',*,*,#1725,.T.);
#2503=ORIENTED_EDGE('',*,*,#1889,.T.);
#2504=ORIENTED_EDGE('',*,*,#1722,.F.);
#2505=ORIENTED_EDGE('',*,*,#1890,.F.);
#2506=ORIENTED_EDGE('',*,*,#1891,.F.);
#2507=ORIENTED_EDGE('',*,*,#1704,.F.);
#2508=ORIENTED_EDGE('',*,*,#1708,.F.);
#2509=ORIENTED_EDGE('',*,*,#1711,.F.);
#2510=ORIENTED_EDGE('',*,*,#1714,.F.);
#2511=ORIENTED_EDGE('',*,*,#1717,.F.);
#2512=ORIENTED_EDGE('',*,*,#1720,.F.);
#2513=ORIENTED_EDGE('',*,*,#1723,.F.);
#2514=ORIENTED_EDGE('',*,*,#1889,.F.);
#2515=ORIENTED_EDGE('',*,*,#1728,.F.);
#2516=ORIENTED_EDGE('',*,*,#1892,.F.);
#2517=ORIENTED_EDGE('',*,*,#1700,.F.);
#2518=ORIENTED_EDGE('',*,*,#1893,.F.);
#2519=ORIENTED_EDGE('',*,*,#1698,.F.);
#2520=ORIENTED_EDGE('',*,*,#1695,.F.);
#2521=ORIENTED_EDGE('',*,*,#1692,.F.);
#2522=ORIENTED_EDGE('',*,*,#1689,.F.);
#2523=ORIENTED_EDGE('',*,*,#1686,.F.);
#2524=ORIENTED_EDGE('',*,*,#1683,.F.);
#2525=ORIENTED_EDGE('',*,*,#1680,.F.);
#2526=ORIENTED_EDGE('',*,*,#1894,.F.);
#2527=ORIENTED_EDGE('',*,*,#1678,.F.);
#2528=ORIENTED_EDGE('',*,*,#1682,.F.);
#2529=ORIENTED_EDGE('',*,*,#1685,.F.);
#2530=ORIENTED_EDGE('',*,*,#1688,.F.);
#2531=ORIENTED_EDGE('',*,*,#1691,.F.);
#2532=ORIENTED_EDGE('',*,*,#1694,.F.);
#2533=ORIENTED_EDGE('',*,*,#1697,.F.);
#2534=ORIENTED_EDGE('',*,*,#1895,.F.);
#2535=ORIENTED_EDGE('',*,*,#1702,.F.);
#2536=ORIENTED_EDGE('',*,*,#1896,.F.);
#2537=ORIENTED_EDGE('',*,*,#1726,.T.);
#2538=ORIENTED_EDGE('',*,*,#1890,.T.);
#2539=ORIENTED_EDGE('',*,*,#1724,.T.);
#2540=ORIENTED_EDGE('',*,*,#1721,.T.);
#2541=ORIENTED_EDGE('',*,*,#1718,.T.);
#2542=ORIENTED_EDGE('',*,*,#1715,.T.);
#2543=ORIENTED_EDGE('',*,*,#1712,.T.);
#2544=ORIENTED_EDGE('',*,*,#1709,.T.);
#2545=ORIENTED_EDGE('',*,*,#1706,.T.);
#2546=ORIENTED_EDGE('',*,*,#1794,.T.);
#2547=ORIENTED_EDGE('',*,*,#1802,.T.);
#2548=ORIENTED_EDGE('',*,*,#1862,.F.);
#2549=ORIENTED_EDGE('',*,*,#1897,.F.);
#2550=ORIENTED_EDGE('',*,*,#1834,.F.);
#2551=ORIENTED_EDGE('',*,*,#1820,.T.);
#2552=ORIENTED_EDGE('',*,*,#1892,.T.);
#2553=ORIENTED_EDGE('',*,*,#1727,.T.);
#2554=ORIENTED_EDGE('',*,*,#1896,.T.);
#2555=ORIENTED_EDGE('',*,*,#1701,.T.);
#2556=ORIENTED_EDGE('',*,*,#1699,.T.);
#2557=ORIENTED_EDGE('',*,*,#1895,.T.);
#2558=ORIENTED_EDGE('',*,*,#1696,.F.);
#2559=ORIENTED_EDGE('',*,*,#1893,.T.);
#2560=ORIENTED_EDGE('',*,*,#1673,.T.);
#2561=ORIENTED_EDGE('',*,*,#1898,.T.);
#2562=ORIENTED_EDGE('',*,*,#1670,.F.);
#2563=ORIENTED_EDGE('',*,*,#1899,.F.);
#2564=ORIENTED_EDGE('',*,*,#1900,.F.);
#2565=ORIENTED_EDGE('',*,*,#1652,.F.);
#2566=ORIENTED_EDGE('',*,*,#1656,.F.);
#2567=ORIENTED_EDGE('',*,*,#1659,.F.);
#2568=ORIENTED_EDGE('',*,*,#1662,.F.);
#2569=ORIENTED_EDGE('',*,*,#1665,.F.);
#2570=ORIENTED_EDGE('',*,*,#1668,.F.);
#2571=ORIENTED_EDGE('',*,*,#1671,.F.);
#2572=ORIENTED_EDGE('',*,*,#1898,.F.);
#2573=ORIENTED_EDGE('',*,*,#1676,.F.);
#2574=ORIENTED_EDGE('',*,*,#1860,.F.);
#2575=ORIENTED_EDGE('',*,*,#1648,.F.);
#2576=ORIENTED_EDGE('',*,*,#1901,.F.);
#2577=ORIENTED_EDGE('',*,*,#1646,.F.);
#2578=ORIENTED_EDGE('',*,*,#1643,.F.);
#2579=ORIENTED_EDGE('',*,*,#1640,.F.);
#2580=ORIENTED_EDGE('',*,*,#1637,.F.);
#2581=ORIENTED_EDGE('',*,*,#1634,.F.);
#2582=ORIENTED_EDGE('',*,*,#1631,.F.);
#2583=ORIENTED_EDGE('',*,*,#1628,.F.);
#2584=ORIENTED_EDGE('',*,*,#1902,.F.);
#2585=ORIENTED_EDGE('',*,*,#1626,.F.);
#2586=ORIENTED_EDGE('',*,*,#1630,.F.);
#2587=ORIENTED_EDGE('',*,*,#1633,.F.);
#2588=ORIENTED_EDGE('',*,*,#1636,.F.);
#2589=ORIENTED_EDGE('',*,*,#1639,.F.);
#2590=ORIENTED_EDGE('',*,*,#1642,.F.);
#2591=ORIENTED_EDGE('',*,*,#1645,.F.);
#2592=ORIENTED_EDGE('',*,*,#1903,.F.);
#2593=ORIENTED_EDGE('',*,*,#1650,.F.);
#2594=ORIENTED_EDGE('',*,*,#1861,.F.);
#2595=ORIENTED_EDGE('',*,*,#1674,.T.);
#2596=ORIENTED_EDGE('',*,*,#1899,.T.);
#2597=ORIENTED_EDGE('',*,*,#1672,.T.);
#2598=ORIENTED_EDGE('',*,*,#1669,.T.);
#2599=ORIENTED_EDGE('',*,*,#1666,.T.);
#2600=ORIENTED_EDGE('',*,*,#1663,.T.);
#2601=ORIENTED_EDGE('',*,*,#1660,.T.);
#2602=ORIENTED_EDGE('',*,*,#1657,.T.);
#2603=ORIENTED_EDGE('',*,*,#1654,.T.);
#2604=ORIENTED_EDGE('',*,*,#1647,.T.);
#2605=ORIENTED_EDGE('',*,*,#1903,.T.);
#2606=ORIENTED_EDGE('',*,*,#1644,.F.);
#2607=ORIENTED_EDGE('',*,*,#1901,.T.);
#2608=ORIENTED_EDGE('',*,*,#1621,.T.);
#2609=ORIENTED_EDGE('',*,*,#1904,.T.);
#2610=ORIENTED_EDGE('',*,*,#1618,.F.);
#2611=ORIENTED_EDGE('',*,*,#1905,.F.);
#2612=ORIENTED_EDGE('',*,*,#1906,.F.);
#2613=ORIENTED_EDGE('',*,*,#1600,.F.);
#2614=ORIENTED_EDGE('',*,*,#1604,.F.);
#2615=ORIENTED_EDGE('',*,*,#1607,.F.);
#2616=ORIENTED_EDGE('',*,*,#1610,.F.);
#2617=ORIENTED_EDGE('',*,*,#1613,.F.);
#2618=ORIENTED_EDGE('',*,*,#1616,.F.);
#2619=ORIENTED_EDGE('',*,*,#1619,.F.);
#2620=ORIENTED_EDGE('',*,*,#1904,.F.);
#2621=ORIENTED_EDGE('',*,*,#1624,.F.);
#2622=ORIENTED_EDGE('',*,*,#1813,.F.);
#2623=ORIENTED_EDGE('',*,*,#1596,.F.);
#2624=ORIENTED_EDGE('',*,*,#1907,.F.);
#2625=ORIENTED_EDGE('',*,*,#1594,.F.);
#2626=ORIENTED_EDGE('',*,*,#1591,.F.);
#2627=ORIENTED_EDGE('',*,*,#1588,.F.);
#2628=ORIENTED_EDGE('',*,*,#1585,.F.);
#2629=ORIENTED_EDGE('',*,*,#1582,.F.);
#2630=ORIENTED_EDGE('',*,*,#1579,.F.);
#2631=ORIENTED_EDGE('',*,*,#1576,.F.);
#2632=ORIENTED_EDGE('',*,*,#1908,.F.);
#2633=ORIENTED_EDGE('',*,*,#1574,.F.);
#2634=ORIENTED_EDGE('',*,*,#1578,.F.);
#2635=ORIENTED_EDGE('',*,*,#1581,.F.);
#2636=ORIENTED_EDGE('',*,*,#1584,.F.);
#2637=ORIENTED_EDGE('',*,*,#1587,.F.);
#2638=ORIENTED_EDGE('',*,*,#1590,.F.);
#2639=ORIENTED_EDGE('',*,*,#1593,.F.);
#2640=ORIENTED_EDGE('',*,*,#1909,.F.);
#2641=ORIENTED_EDGE('',*,*,#1598,.F.);
#2642=ORIENTED_EDGE('',*,*,#1814,.F.);
#2643=ORIENTED_EDGE('',*,*,#1622,.T.);
#2644=ORIENTED_EDGE('',*,*,#1905,.T.);
#2645=ORIENTED_EDGE('',*,*,#1620,.T.);
#2646=ORIENTED_EDGE('',*,*,#1617,.T.);
#2647=ORIENTED_EDGE('',*,*,#1614,.T.);
#2648=ORIENTED_EDGE('',*,*,#1611,.T.);
#2649=ORIENTED_EDGE('',*,*,#1608,.T.);
#2650=ORIENTED_EDGE('',*,*,#1605,.T.);
#2651=ORIENTED_EDGE('',*,*,#1602,.T.);
#2652=ORIENTED_EDGE('',*,*,#1595,.T.);
#2653=ORIENTED_EDGE('',*,*,#1909,.T.);
#2654=ORIENTED_EDGE('',*,*,#1592,.F.);
#2655=ORIENTED_EDGE('',*,*,#1907,.T.);
#2656=ORIENTED_EDGE('',*,*,#1569,.T.);
#2657=ORIENTED_EDGE('',*,*,#1910,.T.);
#2658=ORIENTED_EDGE('',*,*,#1566,.F.);
#2659=ORIENTED_EDGE('',*,*,#1911,.F.);
#2660=ORIENTED_EDGE('',*,*,#1912,.F.);
#2661=ORIENTED_EDGE('',*,*,#1548,.F.);
#2662=ORIENTED_EDGE('',*,*,#1552,.F.);
#2663=ORIENTED_EDGE('',*,*,#1555,.F.);
#2664=ORIENTED_EDGE('',*,*,#1558,.F.);
#2665=ORIENTED_EDGE('',*,*,#1561,.F.);
#2666=ORIENTED_EDGE('',*,*,#1564,.F.);
#2667=ORIENTED_EDGE('',*,*,#1567,.F.);
#2668=ORIENTED_EDGE('',*,*,#1910,.F.);
#2669=ORIENTED_EDGE('',*,*,#1572,.F.);
#2670=ORIENTED_EDGE('',*,*,#1913,.F.);
#2671=ORIENTED_EDGE('',*,*,#1544,.F.);
#2672=ORIENTED_EDGE('',*,*,#1914,.F.);
#2673=ORIENTED_EDGE('',*,*,#1542,.F.);
#2674=ORIENTED_EDGE('',*,*,#1539,.F.);
#2675=ORIENTED_EDGE('',*,*,#1536,.F.);
#2676=ORIENTED_EDGE('',*,*,#1533,.F.);
#2677=ORIENTED_EDGE('',*,*,#1530,.F.);
#2678=ORIENTED_EDGE('',*,*,#1527,.F.);
#2679=ORIENTED_EDGE('',*,*,#1524,.F.);
#2680=ORIENTED_EDGE('',*,*,#1915,.F.);
#2681=ORIENTED_EDGE('',*,*,#1522,.F.);
#2682=ORIENTED_EDGE('',*,*,#1526,.F.);
#2683=ORIENTED_EDGE('',*,*,#1529,.F.);
#2684=ORIENTED_EDGE('',*,*,#1532,.F.);
#2685=ORIENTED_EDGE('',*,*,#1535,.F.);
#2686=ORIENTED_EDGE('',*,*,#1538,.F.);
#2687=ORIENTED_EDGE('',*,*,#1541,.F.);
#2688=ORIENTED_EDGE('',*,*,#1916,.F.);
#2689=ORIENTED_EDGE('',*,*,#1546,.F.);
#2690=ORIENTED_EDGE('',*,*,#1917,.F.);
#2691=ORIENTED_EDGE('',*,*,#1570,.T.);
#2692=ORIENTED_EDGE('',*,*,#1911,.T.);
#2693=ORIENTED_EDGE('',*,*,#1568,.T.);
#2694=ORIENTED_EDGE('',*,*,#1565,.T.);
#2695=ORIENTED_EDGE('',*,*,#1562,.T.);
#2696=ORIENTED_EDGE('',*,*,#1559,.T.);
#2697=ORIENTED_EDGE('',*,*,#1556,.T.);
#2698=ORIENTED_EDGE('',*,*,#1553,.T.);
#2699=ORIENTED_EDGE('',*,*,#1550,.T.);
#2700=ORIENTED_EDGE('',*,*,#1817,.T.);
#2701=ORIENTED_EDGE('',*,*,#1824,.T.);
#2702=ORIENTED_EDGE('',*,*,#1918,.F.);
#2703=ORIENTED_EDGE('',*,*,#1919,.F.);
#2704=ORIENTED_EDGE('',*,*,#1841,.F.);
#2705=ORIENTED_EDGE('',*,*,#1825,.T.);
#2706=ORIENTED_EDGE('',*,*,#1913,.T.);
#2707=ORIENTED_EDGE('',*,*,#1571,.T.);
#2708=ORIENTED_EDGE('',*,*,#1917,.T.);
#2709=ORIENTED_EDGE('',*,*,#1545,.T.);
#2710=ORIENTED_EDGE('',*,*,#1543,.T.);
#2711=ORIENTED_EDGE('',*,*,#1916,.T.);
#2712=ORIENTED_EDGE('',*,*,#1540,.F.);
#2713=ORIENTED_EDGE('',*,*,#1914,.T.);
#2714=ORIENTED_EDGE('',*,*,#1920,.F.);
#2715=ORIENTED_EDGE('',*,*,#1921,.T.);
#2716=ORIENTED_EDGE('',*,*,#1885,.T.);
#2717=ORIENTED_EDGE('',*,*,#1922,.T.);
#2718=ORIENTED_EDGE('',*,*,#1753,.T.);
#2719=ORIENTED_EDGE('',*,*,#1923,.F.);
#2720=ORIENTED_EDGE('',*,*,#1922,.F.);
#2721=ORIENTED_EDGE('',*,*,#1884,.T.);
#2722=ORIENTED_EDGE('',*,*,#1924,.F.);
#2723=ORIENTED_EDGE('',*,*,#1925,.T.);
#2724=ORIENTED_EDGE('',*,*,#1926,.T.);
#2725=ORIENTED_EDGE('',*,*,#1927,.T.);
#2726=ORIENTED_EDGE('',*,*,#1754,.F.);
#2727=ORIENTED_EDGE('',*,*,#1928,.F.);
#2728=ORIENTED_EDGE('',*,*,#1929,.T.);
#2729=ORIENTED_EDGE('',*,*,#1776,.T.);
#2730=ORIENTED_EDGE('',*,*,#1930,.T.);
#2731=ORIENTED_EDGE('',*,*,#1756,.T.);
#2732=ORIENTED_EDGE('',*,*,#1931,.F.);
#2733=ORIENTED_EDGE('',*,*,#1930,.F.);
#2734=ORIENTED_EDGE('',*,*,#1775,.F.);
#2735=ORIENTED_EDGE('',*,*,#1932,.F.);
#2736=ORIENTED_EDGE('',*,*,#1933,.T.);
#2737=ORIENTED_EDGE('',*,*,#1934,.T.);
#2738=ORIENTED_EDGE('',*,*,#1935,.T.);
#2739=ORIENTED_EDGE('',*,*,#1751,.F.);
#2740=ORIENTED_EDGE('',*,*,#1924,.T.);
#2741=ORIENTED_EDGE('',*,*,#1883,.T.);
#2742=ORIENTED_EDGE('',*,*,#1936,.T.);
#2743=ORIENTED_EDGE('',*,*,#1778,.F.);
#2744=ORIENTED_EDGE('',*,*,#1929,.F.);
#2745=ORIENTED_EDGE('',*,*,#1937,.T.);
#2746=ORIENTED_EDGE('',*,*,#1925,.F.);
#2747=ORIENTED_EDGE('',*,*,#1777,.F.);
#2748=ORIENTED_EDGE('',*,*,#1932,.T.);
#2749=ORIENTED_EDGE('',*,*,#1774,.T.);
#2750=ORIENTED_EDGE('',*,*,#1879,.T.);
#2751=ORIENTED_EDGE('',*,*,#1887,.T.);
#2752=ORIENTED_EDGE('',*,*,#1830,.T.);
#2753=ORIENTED_EDGE('',*,*,#1888,.T.);
#2754=ORIENTED_EDGE('',*,*,#1831,.T.);
#2755=ORIENTED_EDGE('',*,*,#1788,.T.);
#2756=ORIENTED_EDGE('',*,*,#1921,.F.);
#2757=ORIENTED_EDGE('',*,*,#1938,.T.);
#2758=ORIENTED_EDGE('',*,*,#1933,.F.);
#2759=ORIENTED_EDGE('',*,*,#1886,.T.);
#2760=ORIENTED_EDGE('',*,*,#1920,.T.);
#2761=ORIENTED_EDGE('',*,*,#1939,.F.);
#2762=ORIENTED_EDGE('',*,*,#1934,.F.);
#2763=ORIENTED_EDGE('',*,*,#1938,.F.);
#2764=ORIENTED_EDGE('',*,*,#1928,.T.);
#2765=ORIENTED_EDGE('',*,*,#1940,.F.);
#2766=ORIENTED_EDGE('',*,*,#1926,.F.);
#2767=ORIENTED_EDGE('',*,*,#1937,.F.);
#2768=ORIENTED_EDGE('',*,*,#1923,.T.);
#2769=ORIENTED_EDGE('',*,*,#1752,.F.);
#2770=ORIENTED_EDGE('',*,*,#1935,.F.);
#2771=ORIENTED_EDGE('',*,*,#1939,.T.);
#2772=ORIENTED_EDGE('',*,*,#1931,.T.);
#2773=ORIENTED_EDGE('',*,*,#1755,.F.);
#2774=ORIENTED_EDGE('',*,*,#1927,.F.);
#2775=ORIENTED_EDGE('',*,*,#1940,.T.);
#2776=ORIENTED_EDGE('',*,*,#1880,.F.);
#2777=ORIENTED_EDGE('',*,*,#1737,.F.);
#2778=ORIENTED_EDGE('',*,*,#1792,.F.);
#2779=ORIENTED_EDGE('',*,*,#1936,.F.);
#2780=ORIENTED_EDGE('',*,*,#1882,.T.);
#2781=ORIENTED_EDGE('',*,*,#1858,.T.);
#2782=ORIENTED_EDGE('',*,*,#1941,.T.);
#2783=ORIENTED_EDGE('',*,*,#1942,.T.);
#2784=ORIENTED_EDGE('',*,*,#1873,.T.);
#2785=ORIENTED_EDGE('',*,*,#1805,.T.);
#2786=ORIENTED_EDGE('',*,*,#1734,.T.);
#2787=ORIENTED_EDGE('',*,*,#1943,.F.);
#2788=ORIENTED_EDGE('',*,*,#1944,.T.);
#2789=ORIENTED_EDGE('',*,*,#1945,.T.);
#2790=ORIENTED_EDGE('',*,*,#1946,.F.);
#2791=ORIENTED_EDGE('',*,*,#1941,.F.);
#2792=ORIENTED_EDGE('',*,*,#1857,.T.);
#2793=ORIENTED_EDGE('',*,*,#1919,.T.);
#2794=ORIENTED_EDGE('',*,*,#1947,.T.);
#2795=ORIENTED_EDGE('',*,*,#1948,.T.);
#2796=ORIENTED_EDGE('',*,*,#1842,.T.);
#2797=ORIENTED_EDGE('',*,*,#1823,.T.);
#2798=ORIENTED_EDGE('',*,*,#1949,.T.);
#2799=ORIENTED_EDGE('',*,*,#1950,.F.);
#2800=ORIENTED_EDGE('',*,*,#1951,.T.);
#2801=ORIENTED_EDGE('',*,*,#1952,.T.);
#2802=ORIENTED_EDGE('',*,*,#1953,.F.);
#2803=ORIENTED_EDGE('',*,*,#1947,.F.);
#2804=ORIENTED_EDGE('',*,*,#1918,.T.);
#2805=ORIENTED_EDGE('',*,*,#1811,.T.);
#2806=ORIENTED_EDGE('',*,*,#1851,.T.);
#2807=ORIENTED_EDGE('',*,*,#1954,.T.);
#2808=ORIENTED_EDGE('',*,*,#1852,.T.);
#2809=ORIENTED_EDGE('',*,*,#1897,.T.);
#2810=ORIENTED_EDGE('',*,*,#1868,.T.);
#2811=ORIENTED_EDGE('',*,*,#1955,.T.);
#2812=ORIENTED_EDGE('',*,*,#1835,.T.);
#2813=ORIENTED_EDGE('',*,*,#1951,.F.);
#2814=ORIENTED_EDGE('',*,*,#1956,.F.);
#2815=ORIENTED_EDGE('',*,*,#1957,.F.);
#2816=ORIENTED_EDGE('',*,*,#1958,.F.);
#2817=ORIENTED_EDGE('',*,*,#1959,.F.);
#2818=ORIENTED_EDGE('',*,*,#1960,.F.);
#2819=ORIENTED_EDGE('',*,*,#1845,.F.);
#2820=ORIENTED_EDGE('',*,*,#1961,.T.);
#2821=ORIENTED_EDGE('',*,*,#1962,.T.);
#2822=ORIENTED_EDGE('',*,*,#1848,.F.);
#2823=ORIENTED_EDGE('',*,*,#1963,.F.);
#2824=ORIENTED_EDGE('',*,*,#1964,.F.);
#2825=ORIENTED_EDGE('',*,*,#1965,.F.);
#2826=ORIENTED_EDGE('',*,*,#1966,.F.);
#2827=ORIENTED_EDGE('',*,*,#1967,.F.);
#2828=ORIENTED_EDGE('',*,*,#1855,.F.);
#2829=ORIENTED_EDGE('',*,*,#1968,.T.);
#2830=ORIENTED_EDGE('',*,*,#1969,.T.);
#2831=ORIENTED_EDGE('',*,*,#1838,.F.);
#2832=ORIENTED_EDGE('',*,*,#1970,.T.);
#2833=ORIENTED_EDGE('',*,*,#1971,.T.);
#2834=ORIENTED_EDGE('',*,*,#1865,.F.);
#2835=ORIENTED_EDGE('',*,*,#1972,.F.);
#2836=ORIENTED_EDGE('',*,*,#1973,.F.);
#2837=ORIENTED_EDGE('',*,*,#1974,.F.);
#2838=ORIENTED_EDGE('',*,*,#1975,.F.);
#2839=ORIENTED_EDGE('',*,*,#1976,.F.);
#2840=ORIENTED_EDGE('',*,*,#1876,.F.);
#2841=ORIENTED_EDGE('',*,*,#1977,.T.);
#2842=ORIENTED_EDGE('',*,*,#1978,.T.);
#2843=ORIENTED_EDGE('',*,*,#1944,.F.);
#2844=ORIENTED_EDGE('',*,*,#1979,.F.);
#2845=ORIENTED_EDGE('',*,*,#1980,.F.);
#2846=ORIENTED_EDGE('',*,*,#1981,.F.);
#2847=ORIENTED_EDGE('',*,*,#1982,.F.);
#2848=ORIENTED_EDGE('',*,*,#1983,.F.);
#2849=ORIENTED_EDGE('',*,*,#1958,.T.);
#2850=ORIENTED_EDGE('',*,*,#1984,.F.);
#2851=ORIENTED_EDGE('',*,*,#1766,.F.);
#2852=ORIENTED_EDGE('',*,*,#1985,.T.);
#2853=ORIENTED_EDGE('',*,*,#1956,.T.);
#2854=ORIENTED_EDGE('',*,*,#1950,.T.);
#2855=ORIENTED_EDGE('',*,*,#1986,.T.);
#2856=ORIENTED_EDGE('',*,*,#1987,.T.);
#2857=ORIENTED_EDGE('',*,*,#1965,.T.);
#2858=ORIENTED_EDGE('',*,*,#1988,.F.);
#2859=ORIENTED_EDGE('',*,*,#1764,.F.);
#2860=ORIENTED_EDGE('',*,*,#1989,.T.);
#2861=ORIENTED_EDGE('',*,*,#1959,.T.);
#2862=ORIENTED_EDGE('',*,*,#1985,.F.);
#2863=ORIENTED_EDGE('',*,*,#1765,.T.);
#2864=ORIENTED_EDGE('',*,*,#1988,.T.);
#2865=ORIENTED_EDGE('',*,*,#1964,.T.);
#2866=ORIENTED_EDGE('',*,*,#1990,.F.);
#2867=ORIENTED_EDGE('',*,*,#1743,.F.);
#2868=ORIENTED_EDGE('',*,*,#1991,.F.);
#2869=ORIENTED_EDGE('',*,*,#1963,.T.);
#2870=ORIENTED_EDGE('',*,*,#1847,.T.);
#2871=ORIENTED_EDGE('',*,*,#1744,.T.);
#2872=ORIENTED_EDGE('',*,*,#1990,.T.);
#2873=ORIENTED_EDGE('',*,*,#1972,.T.);
#2874=ORIENTED_EDGE('',*,*,#1864,.T.);
#2875=ORIENTED_EDGE('',*,*,#1872,.T.);
#2876=ORIENTED_EDGE('',*,*,#1992,.T.);
#2877=ORIENTED_EDGE('',*,*,#1957,.T.);
#2878=ORIENTED_EDGE('',*,*,#1987,.F.);
#2879=ORIENTED_EDGE('',*,*,#1993,.F.);
#2880=ORIENTED_EDGE('',*,*,#1994,.F.);
#2881=ORIENTED_EDGE('',*,*,#1975,.T.);
#2882=ORIENTED_EDGE('',*,*,#1995,.F.);
#2883=ORIENTED_EDGE('',*,*,#1767,.T.);
#2884=ORIENTED_EDGE('',*,*,#1984,.T.);
#2885=ORIENTED_EDGE('',*,*,#1981,.T.);
#2886=ORIENTED_EDGE('',*,*,#1996,.T.);
#2887=ORIENTED_EDGE('',*,*,#1770,.T.);
#2888=ORIENTED_EDGE('',*,*,#1997,.T.);
#2889=ORIENTED_EDGE('',*,*,#1966,.T.);
#2890=ORIENTED_EDGE('',*,*,#1989,.F.);
#2891=ORIENTED_EDGE('',*,*,#1771,.T.);
#2892=ORIENTED_EDGE('',*,*,#1996,.F.);
#2893=ORIENTED_EDGE('',*,*,#1980,.T.);
#2894=ORIENTED_EDGE('',*,*,#1998,.F.);
#2895=ORIENTED_EDGE('',*,*,#1732,.F.);
#2896=ORIENTED_EDGE('',*,*,#1999,.F.);
#2897=ORIENTED_EDGE('',*,*,#1979,.T.);
#2898=ORIENTED_EDGE('',*,*,#1943,.T.);
#2899=ORIENTED_EDGE('',*,*,#1733,.T.);
#2900=ORIENTED_EDGE('',*,*,#1998,.T.);
#2901=ORIENTED_EDGE('',*,*,#1974,.T.);
#2902=ORIENTED_EDGE('',*,*,#2000,.F.);
#2903=ORIENTED_EDGE('',*,*,#1768,.F.);
#2904=ORIENTED_EDGE('',*,*,#1995,.T.);
#2905=ORIENTED_EDGE('',*,*,#1973,.T.);
#2906=ORIENTED_EDGE('',*,*,#1992,.F.);
#2907=ORIENTED_EDGE('',*,*,#1871,.F.);
#2908=ORIENTED_EDGE('',*,*,#2001,.F.);
#2909=ORIENTED_EDGE('',*,*,#1982,.T.);
#2910=ORIENTED_EDGE('',*,*,#1997,.F.);
#2911=ORIENTED_EDGE('',*,*,#1769,.T.);
#2912=ORIENTED_EDGE('',*,*,#2000,.T.);
#2913=ORIENTED_EDGE('',*,*,#1822,.T.);
#2914=ORIENTED_EDGE('',*,*,#1840,.F.);
#2915=ORIENTED_EDGE('',*,*,#2002,.F.);
#2916=ORIENTED_EDGE('',*,*,#1993,.T.);
#2917=ORIENTED_EDGE('',*,*,#1986,.F.);
#2918=ORIENTED_EDGE('',*,*,#1949,.F.);
#2919=ORIENTED_EDGE('',*,*,#1967,.T.);
#2920=ORIENTED_EDGE('',*,*,#1999,.T.);
#2921=ORIENTED_EDGE('',*,*,#1731,.T.);
#2922=ORIENTED_EDGE('',*,*,#1856,.T.);
#2923=ORIENTED_EDGE('',*,*,#1960,.T.);
#2924=ORIENTED_EDGE('',*,*,#1991,.T.);
#2925=ORIENTED_EDGE('',*,*,#1742,.T.);
#2926=ORIENTED_EDGE('',*,*,#1846,.T.);
#2927=ORIENTED_EDGE('',*,*,#1948,.F.);
#2928=ORIENTED_EDGE('',*,*,#1953,.T.);
#2929=ORIENTED_EDGE('',*,*,#2003,.F.);
#2930=ORIENTED_EDGE('',*,*,#2004,.F.);
#2931=ORIENTED_EDGE('',*,*,#1843,.T.);
#2932=ORIENTED_EDGE('',*,*,#1912,.T.);
#2933=ORIENTED_EDGE('',*,*,#1523,.T.);
#2934=ORIENTED_EDGE('',*,*,#1915,.T.);
#2935=ORIENTED_EDGE('',*,*,#1549,.T.);
#2936=ORIENTED_EDGE('',*,*,#1955,.F.);
#2937=ORIENTED_EDGE('',*,*,#1867,.T.);
#2938=ORIENTED_EDGE('',*,*,#2005,.F.);
#2939=ORIENTED_EDGE('',*,*,#2006,.F.);
#2940=ORIENTED_EDGE('',*,*,#1836,.T.);
#2941=ORIENTED_EDGE('',*,*,#1891,.T.);
#2942=ORIENTED_EDGE('',*,*,#1679,.T.);
#2943=ORIENTED_EDGE('',*,*,#1894,.T.);
#2944=ORIENTED_EDGE('',*,*,#1705,.T.);
#2945=ORIENTED_EDGE('',*,*,#1976,.T.);
#2946=ORIENTED_EDGE('',*,*,#1994,.T.);
#2947=ORIENTED_EDGE('',*,*,#2002,.T.);
#2948=ORIENTED_EDGE('',*,*,#1839,.T.);
#2949=ORIENTED_EDGE('',*,*,#1983,.T.);
#2950=ORIENTED_EDGE('',*,*,#2001,.T.);
#2951=ORIENTED_EDGE('',*,*,#1870,.T.);
#2952=ORIENTED_EDGE('',*,*,#1877,.T.);
#2953=ORIENTED_EDGE('',*,*,#2004,.T.);
#2954=ORIENTED_EDGE('',*,*,#2007,.F.);
#2955=ORIENTED_EDGE('',*,*,#1961,.F.);
#2956=ORIENTED_EDGE('',*,*,#1844,.T.);
#2957=ORIENTED_EDGE('',*,*,#2003,.T.);
#2958=ORIENTED_EDGE('',*,*,#1952,.F.);
#2959=ORIENTED_EDGE('',*,*,#1962,.F.);
#2960=ORIENTED_EDGE('',*,*,#2007,.T.);
#2961=ORIENTED_EDGE('',*,*,#1954,.F.);
#2962=ORIENTED_EDGE('',*,*,#1850,.T.);
#2963=ORIENTED_EDGE('',*,*,#2008,.F.);
#2964=ORIENTED_EDGE('',*,*,#2009,.F.);
#2965=ORIENTED_EDGE('',*,*,#1853,.T.);
#2966=ORIENTED_EDGE('',*,*,#1906,.T.);
#2967=ORIENTED_EDGE('',*,*,#1575,.T.);
#2968=ORIENTED_EDGE('',*,*,#1908,.T.);
#2969=ORIENTED_EDGE('',*,*,#1601,.T.);
#2970=ORIENTED_EDGE('',*,*,#2009,.T.);
#2971=ORIENTED_EDGE('',*,*,#2010,.F.);
#2972=ORIENTED_EDGE('',*,*,#1968,.F.);
#2973=ORIENTED_EDGE('',*,*,#1854,.T.);
#2974=ORIENTED_EDGE('',*,*,#2008,.T.);
#2975=ORIENTED_EDGE('',*,*,#1849,.F.);
#2976=ORIENTED_EDGE('',*,*,#1969,.F.);
#2977=ORIENTED_EDGE('',*,*,#2010,.T.);
#2978=ORIENTED_EDGE('',*,*,#2006,.T.);
#2979=ORIENTED_EDGE('',*,*,#2011,.F.);
#2980=ORIENTED_EDGE('',*,*,#1970,.F.);
#2981=ORIENTED_EDGE('',*,*,#1837,.T.);
#2982=ORIENTED_EDGE('',*,*,#2005,.T.);
#2983=ORIENTED_EDGE('',*,*,#1866,.F.);
#2984=ORIENTED_EDGE('',*,*,#1971,.F.);
#2985=ORIENTED_EDGE('',*,*,#2011,.T.);
#2986=ORIENTED_EDGE('',*,*,#1942,.F.);
#2987=ORIENTED_EDGE('',*,*,#1946,.T.);
#2988=ORIENTED_EDGE('',*,*,#2012,.F.);
#2989=ORIENTED_EDGE('',*,*,#2013,.F.);
#2990=ORIENTED_EDGE('',*,*,#1874,.T.);
#2991=ORIENTED_EDGE('',*,*,#1900,.T.);
#2992=ORIENTED_EDGE('',*,*,#1627,.T.);
#2993=ORIENTED_EDGE('',*,*,#1902,.T.);
#2994=ORIENTED_EDGE('',*,*,#1653,.T.);
#2995=ORIENTED_EDGE('',*,*,#2013,.T.);
#2996=ORIENTED_EDGE('',*,*,#2014,.F.);
#2997=ORIENTED_EDGE('',*,*,#1977,.F.);
#2998=ORIENTED_EDGE('',*,*,#1875,.T.);
#2999=ORIENTED_EDGE('',*,*,#2012,.T.);
#3000=ORIENTED_EDGE('',*,*,#1945,.F.);
#3001=ORIENTED_EDGE('',*,*,#1978,.F.);
#3002=ORIENTED_EDGE('',*,*,#2014,.T.);
#3003=CYLINDRICAL_SURFACE('',#3277,1.2645);
#3004=CYLINDRICAL_SURFACE('',#3279,1.2645);
#3005=CYLINDRICAL_SURFACE('',#3280,1.2645);
#3006=CYLINDRICAL_SURFACE('',#3281,1.2645);
#3007=CYLINDRICAL_SURFACE('',#3282,1.2645);
#3008=CYLINDRICAL_SURFACE('',#3283,1.2645);
#3009=CYLINDRICAL_SURFACE('',#3284,1.2645);
#3010=CYLINDRICAL_SURFACE('',#3285,1.2645);
#3011=CYLINDRICAL_SURFACE('',#3287,1.54299999999999);
#3012=CYLINDRICAL_SURFACE('',#3289,1.54299999999999);
#3013=CYLINDRICAL_SURFACE('',#3290,1.54299999999999);
#3014=CYLINDRICAL_SURFACE('',#3291,1.54299999999999);
#3015=CYLINDRICAL_SURFACE('',#3292,1.54299999999999);
#3016=CYLINDRICAL_SURFACE('',#3293,1.54299999999999);
#3017=CYLINDRICAL_SURFACE('',#3294,1.54299999999999);
#3018=CYLINDRICAL_SURFACE('',#3295,1.54299999999999);
#3019=CYLINDRICAL_SURFACE('',#3297,1.2645);
#3020=CYLINDRICAL_SURFACE('',#3299,1.2645);
#3021=CYLINDRICAL_SURFACE('',#3300,1.2645);
#3022=CYLINDRICAL_SURFACE('',#3301,1.2645);
#3023=CYLINDRICAL_SURFACE('',#3302,1.2645);
#3024=CYLINDRICAL_SURFACE('',#3303,1.2645);
#3025=CYLINDRICAL_SURFACE('',#3304,1.2645);
#3026=CYLINDRICAL_SURFACE('',#3305,1.2645);
#3027=CYLINDRICAL_SURFACE('',#3307,1.54300000000001);
#3028=CYLINDRICAL_SURFACE('',#3309,1.54300000000001);
#3029=CYLINDRICAL_SURFACE('',#3310,1.54300000000001);
#3030=CYLINDRICAL_SURFACE('',#3311,1.54300000000001);
#3031=CYLINDRICAL_SURFACE('',#3312,1.54300000000001);
#3032=CYLINDRICAL_SURFACE('',#3313,1.54300000000001);
#3033=CYLINDRICAL_SURFACE('',#3314,1.54300000000001);
#3034=CYLINDRICAL_SURFACE('',#3315,1.54300000000001);
#3035=CYLINDRICAL_SURFACE('',#3317,1.2645);
#3036=CYLINDRICAL_SURFACE('',#3319,1.2645);
#3037=CYLINDRICAL_SURFACE('',#3320,1.2645);
#3038=CYLINDRICAL_SURFACE('',#3321,1.2645);
#3039=CYLINDRICAL_SURFACE('',#3322,1.2645);
#3040=CYLINDRICAL_SURFACE('',#3323,1.2645);
#3041=CYLINDRICAL_SURFACE('',#3324,1.2645);
#3042=CYLINDRICAL_SURFACE('',#3325,1.2645);
#3043=CYLINDRICAL_SURFACE('',#3327,1.54300000000003);
#3044=CYLINDRICAL_SURFACE('',#3329,1.54300000000003);
#3045=CYLINDRICAL_SURFACE('',#3330,1.54300000000003);
#3046=CYLINDRICAL_SURFACE('',#3331,1.54300000000003);
#3047=CYLINDRICAL_SURFACE('',#3332,1.54300000000003);
#3048=CYLINDRICAL_SURFACE('',#3333,1.54300000000003);
#3049=CYLINDRICAL_SURFACE('',#3334,1.54300000000003);
#3050=CYLINDRICAL_SURFACE('',#3335,1.54300000000003);
#3051=CYLINDRICAL_SURFACE('',#3337,1.2645);
#3052=CYLINDRICAL_SURFACE('',#3339,1.2645);
#3053=CYLINDRICAL_SURFACE('',#3340,1.2645);
#3054=CYLINDRICAL_SURFACE('',#3341,1.2645);
#3055=CYLINDRICAL_SURFACE('',#3342,1.2645);
#3056=CYLINDRICAL_SURFACE('',#3343,1.2645);
#3057=CYLINDRICAL_SURFACE('',#3344,1.2645);
#3058=CYLINDRICAL_SURFACE('',#3345,1.2645);
#3059=CYLINDRICAL_SURFACE('',#3347,1.543);
#3060=CYLINDRICAL_SURFACE('',#3349,1.543);
#3061=CYLINDRICAL_SURFACE('',#3350,1.543);
#3062=CYLINDRICAL_SURFACE('',#3351,1.543);
#3063=CYLINDRICAL_SURFACE('',#3352,1.543);
#3064=CYLINDRICAL_SURFACE('',#3353,1.543);
#3065=CYLINDRICAL_SURFACE('',#3354,1.543);
#3066=CYLINDRICAL_SURFACE('',#3355,1.543);
#3067=CYLINDRICAL_SURFACE('',#3380,2.);
#3068=CYLINDRICAL_SURFACE('',#3383,2.);
#3069=CYLINDRICAL_SURFACE('',#3386,2.);
#3070=CYLINDRICAL_SURFACE('',#3391,2.);
#3071=CYLINDRICAL_SURFACE('',#3408,4.);
#3072=CYLINDRICAL_SURFACE('',#3410,4.);
#3073=CYLINDRICAL_SURFACE('',#3414,1.543);
#3074=CYLINDRICAL_SURFACE('',#3417,1.2645);
#3075=CYLINDRICAL_SURFACE('',#3418,1.54300000000003);
#3076=CYLINDRICAL_SURFACE('',#3419,1.2645);
#3077=CYLINDRICAL_SURFACE('',#3420,1.54300000000001);
#3078=CYLINDRICAL_SURFACE('',#3421,1.2645);
#3079=CYLINDRICAL_SURFACE('',#3422,1.54299999999999);
#3080=CYLINDRICAL_SURFACE('',#3425,1.2645);
#3081=CYLINDRICAL_SURFACE('',#3426,4.);
#3082=CYLINDRICAL_SURFACE('',#3429,4.);
#3083=CYLINDRICAL_SURFACE('',#3442,2.);
#3084=CYLINDRICAL_SURFACE('',#3445,2.);
#3085=CYLINDRICAL_SURFACE('',#3448,2.);
#3086=CYLINDRICAL_SURFACE('',#3450,2.);
#3087=CYLINDRICAL_SURFACE('',#3468,2.00000000000002);
#3088=CYLINDRICAL_SURFACE('',#3469,2.);
#3089=CYLINDRICAL_SURFACE('',#3471,2.00000000000003);
#3090=CYLINDRICAL_SURFACE('',#3473,2.);
#3091=CYLINDRICAL_SURFACE('',#3474,2.);
#3092=CYLINDRICAL_SURFACE('',#3476,2.);
#3093=CYLINDRICAL_SURFACE('',#3478,2.);
#3094=CYLINDRICAL_SURFACE('',#3479,1.99999999999998);
#3095=CYLINDRICAL_SURFACE('',#3483,2.);
#3096=CYLINDRICAL_SURFACE('',#3484,2.);
#3097=CYLINDRICAL_SURFACE('',#3487,2.);
#3098=CYLINDRICAL_SURFACE('',#3488,2.);
#3099=ADVANCED_FACE('',(#93),#3003,.F.);
#3100=ADVANCED_FACE('',(#94),#3004,.F.);
#3101=ADVANCED_FACE('',(#95),#3005,.F.);
#3102=ADVANCED_FACE('',(#96),#3006,.F.);
#3103=ADVANCED_FACE('',(#97),#3007,.F.);
#3104=ADVANCED_FACE('',(#98),#3008,.F.);
#3105=ADVANCED_FACE('',(#99),#3009,.F.);
#3106=ADVANCED_FACE('',(#100),#3010,.F.);
#3107=ADVANCED_FACE('',(#101),#3011,.F.);
#3108=ADVANCED_FACE('',(#102),#3012,.F.);
#3109=ADVANCED_FACE('',(#103),#3013,.F.);
#3110=ADVANCED_FACE('',(#104),#3014,.F.);
#3111=ADVANCED_FACE('',(#105),#3015,.F.);
#3112=ADVANCED_FACE('',(#106),#3016,.F.);
#3113=ADVANCED_FACE('',(#107),#3017,.F.);
#3114=ADVANCED_FACE('',(#108),#3018,.F.);
#3115=ADVANCED_FACE('',(#109),#3019,.F.);
#3116=ADVANCED_FACE('',(#110),#3020,.F.);
#3117=ADVANCED_FACE('',(#111),#3021,.F.);
#3118=ADVANCED_FACE('',(#112),#3022,.F.);
#3119=ADVANCED_FACE('',(#113),#3023,.F.);
#3120=ADVANCED_FACE('',(#114),#3024,.F.);
#3121=ADVANCED_FACE('',(#115),#3025,.F.);
#3122=ADVANCED_FACE('',(#116),#3026,.F.);
#3123=ADVANCED_FACE('',(#117),#3027,.F.);
#3124=ADVANCED_FACE('',(#118),#3028,.F.);
#3125=ADVANCED_FACE('',(#119),#3029,.F.);
#3126=ADVANCED_FACE('',(#120),#3030,.F.);
#3127=ADVANCED_FACE('',(#121),#3031,.F.);
#3128=ADVANCED_FACE('',(#122),#3032,.F.);
#3129=ADVANCED_FACE('',(#123),#3033,.F.);
#3130=ADVANCED_FACE('',(#124),#3034,.F.);
#3131=ADVANCED_FACE('',(#125),#3035,.F.);
#3132=ADVANCED_FACE('',(#126),#3036,.F.);
#3133=ADVANCED_FACE('',(#127),#3037,.F.);
#3134=ADVANCED_FACE('',(#128),#3038,.F.);
#3135=ADVANCED_FACE('',(#129),#3039,.F.);
#3136=ADVANCED_FACE('',(#130),#3040,.F.);
#3137=ADVANCED_FACE('',(#131),#3041,.F.);
#3138=ADVANCED_FACE('',(#132),#3042,.F.);
#3139=ADVANCED_FACE('',(#133),#3043,.F.);
#3140=ADVANCED_FACE('',(#134),#3044,.F.);
#3141=ADVANCED_FACE('',(#135),#3045,.F.);
#3142=ADVANCED_FACE('',(#136),#3046,.F.);
#3143=ADVANCED_FACE('',(#137),#3047,.F.);
#3144=ADVANCED_FACE('',(#138),#3048,.F.);
#3145=ADVANCED_FACE('',(#139),#3049,.F.);
#3146=ADVANCED_FACE('',(#140),#3050,.F.);
#3147=ADVANCED_FACE('',(#141),#3051,.F.);
#3148=ADVANCED_FACE('',(#142),#3052,.F.);
#3149=ADVANCED_FACE('',(#143),#3053,.F.);
#3150=ADVANCED_FACE('',(#144),#3054,.F.);
#3151=ADVANCED_FACE('',(#145),#3055,.F.);
#3152=ADVANCED_FACE('',(#146),#3056,.F.);
#3153=ADVANCED_FACE('',(#147),#3057,.F.);
#3154=ADVANCED_FACE('',(#148),#3058,.F.);
#3155=ADVANCED_FACE('',(#149),#3059,.F.);
#3156=ADVANCED_FACE('',(#150),#3060,.F.);
#3157=ADVANCED_FACE('',(#151),#3061,.F.);
#3158=ADVANCED_FACE('',(#152),#3062,.F.);
#3159=ADVANCED_FACE('',(#153),#3063,.F.);
#3160=ADVANCED_FACE('',(#154),#3064,.F.);
#3161=ADVANCED_FACE('',(#155),#3065,.F.);
#3162=ADVANCED_FACE('',(#156),#3066,.F.);
#3163=ADVANCED_FACE('',(#157,#23),#33,.T.);
#3164=ADVANCED_FACE('',(#158),#34,.F.);
#3165=ADVANCED_FACE('',(#159),#35,.T.);
#3166=ADVANCED_FACE('',(#160,#24),#36,.T.);
#3167=ADVANCED_FACE('',(#161),#37,.T.);
#3168=ADVANCED_FACE('',(#162),#3067,.F.);
#3169=ADVANCED_FACE('',(#163),#38,.T.);
#3170=ADVANCED_FACE('',(#164),#3068,.F.);
#3171=ADVANCED_FACE('',(#165),#39,.F.);
#3172=ADVANCED_FACE('',(#166),#3069,.F.);
#3173=ADVANCED_FACE('',(#167,#25),#40,.T.);
#3174=ADVANCED_FACE('',(#168),#41,.F.);
#3175=ADVANCED_FACE('',(#169),#3070,.F.);
#3176=ADVANCED_FACE('',(#170),#42,.F.);
#3177=ADVANCED_FACE('',(#171),#43,.F.);
#3178=ADVANCED_FACE('',(#172),#44,.T.);
#3179=ADVANCED_FACE('',(#173),#45,.T.);
#3180=ADVANCED_FACE('',(#174),#46,.T.);
#3181=ADVANCED_FACE('',(#175),#47,.T.);
#3182=ADVANCED_FACE('',(#176),#48,.T.);
#3183=ADVANCED_FACE('',(#177),#49,.T.);
#3184=ADVANCED_FACE('',(#178,#26),#50,.T.);
#3185=ADVANCED_FACE('',(#179),#51,.T.);
#3186=ADVANCED_FACE('',(#180),#52,.T.);
#3187=ADVANCED_FACE('',(#181),#53,.T.);
#3188=ADVANCED_FACE('',(#182),#3071,.T.);
#3189=ADVANCED_FACE('',(#183),#54,.T.);
#3190=ADVANCED_FACE('',(#184),#3072,.T.);
#3191=ADVANCED_FACE('',(#185),#55,.F.);
#3192=ADVANCED_FACE('',(#186),#3073,.F.);
#3193=ADVANCED_FACE('',(#187),#15,.F.);
#3194=ADVANCED_FACE('',(#188),#16,.F.);
#3195=ADVANCED_FACE('',(#189,#27),#56,.T.);
#3196=ADVANCED_FACE('',(#190),#3074,.F.);
#3197=ADVANCED_FACE('',(#191),#3075,.F.);
#3198=ADVANCED_FACE('',(#192),#17,.F.);
#3199=ADVANCED_FACE('',(#193),#18,.F.);
#3200=ADVANCED_FACE('',(#194),#3076,.F.);
#3201=ADVANCED_FACE('',(#195),#3077,.F.);
#3202=ADVANCED_FACE('',(#196),#19,.F.);
#3203=ADVANCED_FACE('',(#197),#20,.F.);
#3204=ADVANCED_FACE('',(#198),#3078,.F.);
#3205=ADVANCED_FACE('',(#199),#3079,.F.);
#3206=ADVANCED_FACE('',(#200),#21,.F.);
#3207=ADVANCED_FACE('',(#201),#22,.F.);
#3208=ADVANCED_FACE('',(#202,#28),#57,.T.);
#3209=ADVANCED_FACE('',(#203),#3080,.F.);
#3210=ADVANCED_FACE('',(#204),#3081,.F.);
#3211=ADVANCED_FACE('',(#205),#58,.T.);
#3212=ADVANCED_FACE('',(#206),#3082,.F.);
#3213=ADVANCED_FACE('',(#207),#59,.T.);
#3214=ADVANCED_FACE('',(#208),#60,.T.);
#3215=ADVANCED_FACE('',(#209),#61,.T.);
#3216=ADVANCED_FACE('',(#210),#62,.T.);
#3217=ADVANCED_FACE('',(#211),#63,.T.);
#3218=ADVANCED_FACE('',(#212),#64,.F.);
#3219=ADVANCED_FACE('',(#213),#65,.F.);
#3220=ADVANCED_FACE('',(#214),#66,.F.);
#3221=ADVANCED_FACE('',(#215),#67,.T.);
#3222=ADVANCED_FACE('',(#216),#68,.T.);
#3223=ADVANCED_FACE('',(#217),#69,.T.);
#3224=ADVANCED_FACE('',(#218),#3083,.T.);
#3225=ADVANCED_FACE('',(#219),#70,.T.);
#3226=ADVANCED_FACE('',(#220),#3084,.T.);
#3227=ADVANCED_FACE('',(#221),#71,.T.);
#3228=ADVANCED_FACE('',(#222),#3085,.T.);
#3229=ADVANCED_FACE('',(#223),#3086,.T.);
#3230=ADVANCED_FACE('',(#224),#72,.F.);
#3231=ADVANCED_FACE('',(#225),#73,.F.);
#3232=ADVANCED_FACE('',(#226),#74,.F.);
#3233=ADVANCED_FACE('',(#227),#75,.F.);
#3234=ADVANCED_FACE('',(#228),#3087,.T.);
#3235=ADVANCED_FACE('',(#229),#3088,.T.);
#3236=ADVANCED_FACE('',(#230),#3089,.T.);
#3237=ADVANCED_FACE('',(#231),#76,.T.);
#3238=ADVANCED_FACE('',(#232),#3090,.T.);
#3239=ADVANCED_FACE('',(#233),#3091,.T.);
#3240=ADVANCED_FACE('',(#234),#77,.T.);
#3241=ADVANCED_FACE('',(#235),#3092,.T.);
#3242=ADVANCED_FACE('',(#236),#78,.T.);
#3243=ADVANCED_FACE('',(#237),#3093,.T.);
#3244=ADVANCED_FACE('',(#238),#3094,.T.);
#3245=ADVANCED_FACE('',(#239),#79,.T.);
#3246=ADVANCED_FACE('',(#240),#80,.T.);
#3247=ADVANCED_FACE('',(#241),#3095,.T.);
#3248=ADVANCED_FACE('',(#242),#3096,.T.);
#3249=ADVANCED_FACE('',(#243,#29),#81,.T.);
#3250=ADVANCED_FACE('',(#244,#30),#82,.T.);
#3251=ADVANCED_FACE('',(#245),#3097,.T.);
#3252=ADVANCED_FACE('',(#246),#3098,.T.);
#3253=ADVANCED_FACE('',(#247),#83,.T.);
#3254=ADVANCED_FACE('',(#248),#84,.T.);
#3255=ADVANCED_FACE('',(#249,#31),#85,.T.);
#3256=ADVANCED_FACE('',(#250),#86,.T.);
#3257=ADVANCED_FACE('',(#251),#87,.T.);
#3258=ADVANCED_FACE('',(#252),#88,.T.);
#3259=ADVANCED_FACE('',(#253),#89,.T.);
#3260=ADVANCED_FACE('',(#254,#32),#90,.T.);
#3261=ADVANCED_FACE('',(#255),#91,.T.);
#3262=ADVANCED_FACE('',(#256),#92,.T.);
#3263=CLOSED_SHELL('',(#3099,#3100,#3101,#3102,#3103,#3104,#3105,#3106,
#3107,#3108,#3109,#3110,#3111,#3112,#3113,#3114,#3115,#3116,#3117,#3118,
#3119,#3120,#3121,#3122,#3123,#3124,#3125,#3126,#3127,#3128,#3129,#3130,
#3131,#3132,#3133,#3134,#3135,#3136,#3137,#3138,#3139,#3140,#3141,#3142,
#3143,#3144,#3145,#3146,#3147,#3148,#3149,#3150,#3151,#3152,#3153,#3154,
#3155,#3156,#3157,#3158,#3159,#3160,#3161,#3162,#3163,#3164,#3165,#3166,
#3167,#3168,#3169,#3170,#3171,#3172,#3173,#3174,#3175,#3176,#3177,#3178,
#3179,#3180,#3181,#3182,#3183,#3184,#3185,#3186,#3187,#3188,#3189,#3190,
#3191,#3192,#3193,#3194,#3195,#3196,#3197,#3198,#3199,#3200,#3201,#3202,
#3203,#3204,#3205,#3206,#3207,#3208,#3209,#3210,#3211,#3212,#3213,#3214,
#3215,#3216,#3217,#3218,#3219,#3220,#3221,#3222,#3223,#3224,#3225,#3226,
#3227,#3228,#3229,#3230,#3231,#3232,#3233,#3234,#3235,#3236,#3237,#3238,
#3239,#3240,#3241,#3242,#3243,#3244,#3245,#3246,#3247,#3248,#3249,#3250,
#3251,#3252,#3253,#3254,#3255,#3256,#3257,#3258,#3259,#3260,#3261,#3262));
#3264=DERIVED_UNIT_ELEMENT(#3266,1.);
#3265=DERIVED_UNIT_ELEMENT(#10293,-3.);
#3266=(
MASS_UNIT()
NAMED_UNIT(*)
SI_UNIT(.KILO.,.GRAM.)
);
#3267=DERIVED_UNIT((#3264,#3265));
#3268=MEASURE_REPRESENTATION_ITEM('density measure',
POSITIVE_RATIO_MEASURE(7850.),#3267);
#3269=PROPERTY_DEFINITION_REPRESENTATION(#3274,#3271);
#3270=PROPERTY_DEFINITION_REPRESENTATION(#3275,#3272);
#3271=REPRESENTATION('material name',(#3273),#10290);
#3272=REPRESENTATION('density',(#3268),#10290);
#3273=DESCRIPTIVE_REPRESENTATION_ITEM('Steel','Steel');
#3274=PROPERTY_DEFINITION('material property','material name',#10300);
#3275=PROPERTY_DEFINITION('material property','density of part',#10300);
#3276=AXIS2_PLACEMENT_3D('',#4213,#3499,#3500);
#3277=AXIS2_PLACEMENT_3D('',#4214,#3501,#3502);
#3278=AXIS2_PLACEMENT_3D('',#4224,#3504,#3505);
#3279=AXIS2_PLACEMENT_3D('',#4235,#3506,#3507);
#3280=AXIS2_PLACEMENT_3D('',#4286,#3509,#3510);
#3281=AXIS2_PLACEMENT_3D('',#4337,#3512,#3513);
#3282=AXIS2_PLACEMENT_3D('',#4385,#3515,#3516);
#3283=AXIS2_PLACEMENT_3D('',#4436,#3518,#3519);
#3284=AXIS2_PLACEMENT_3D('',#4487,#3521,#3522);
#3285=AXIS2_PLACEMENT_3D('',#4535,#3524,#3525);
#3286=AXIS2_PLACEMENT_3D('',#4554,#3527,#3528);
#3287=AXIS2_PLACEMENT_3D('',#4574,#3529,#3530);
#3288=AXIS2_PLACEMENT_3D('',#4588,#3532,#3533);
#3289=AXIS2_PLACEMENT_3D('',#4598,#3534,#3535);
#3290=AXIS2_PLACEMENT_3D('',#4622,#3537,#3538);
#3291=AXIS2_PLACEMENT_3D('',#4647,#3540,#3541);
#3292=AXIS2_PLACEMENT_3D('',#4672,#3543,#3544);
#3293=AXIS2_PLACEMENT_3D('',#4696,#3546,#3547);
#3294=AXIS2_PLACEMENT_3D('',#4721,#3549,#3550);
#3295=AXIS2_PLACEMENT_3D('',#4746,#3552,#3553);
#3296=AXIS2_PLACEMENT_3D('',#4757,#3555,#3556);
#3297=AXIS2_PLACEMENT_3D('',#4763,#3557,#3558);
#3298=AXIS2_PLACEMENT_3D('',#4773,#3560,#3561);
#3299=AXIS2_PLACEMENT_3D('',#4784,#3562,#3563);
#3300=AXIS2_PLACEMENT_3D('',#4835,#3565,#3566);
#3301=AXIS2_PLACEMENT_3D('',#4886,#3568,#3569);
#3302=AXIS2_PLACEMENT_3D('',#4934,#3571,#3572);
#3303=AXIS2_PLACEMENT_3D('',#4985,#3574,#3575);
#3304=AXIS2_PLACEMENT_3D('',#5036,#3577,#3578);
#3305=AXIS2_PLACEMENT_3D('',#5084,#3580,#3581);
#3306=AXIS2_PLACEMENT_3D('',#5103,#3583,#3584);
#3307=AXIS2_PLACEMENT_3D('',#5123,#3585,#3586);
#3308=AXIS2_PLACEMENT_3D('',#5137,#3588,#3589);
#3309=AXIS2_PLACEMENT_3D('',#5147,#3590,#3591);
#3310=AXIS2_PLACEMENT_3D('',#5171,#3593,#3594);
#3311=AXIS2_PLACEMENT_3D('',#5196,#3596,#3597);
#3312=AXIS2_PLACEMENT_3D('',#5221,#3599,#3600);
#3313=AXIS2_PLACEMENT_3D('',#5245,#3602,#3603);
#3314=AXIS2_PLACEMENT_3D('',#5270,#3605,#3606);
#3315=AXIS2_PLACEMENT_3D('',#5295,#3608,#3609);
#3316=AXIS2_PLACEMENT_3D('',#5306,#3611,#3612);
#3317=AXIS2_PLACEMENT_3D('',#5312,#3613,#3614);
#3318=AXIS2_PLACEMENT_3D('',#5322,#3616,#3617);
#3319=AXIS2_PLACEMENT_3D('',#5333,#3618,#3619);
#3320=AXIS2_PLACEMENT_3D('',#5384,#3621,#3622);
#3321=AXIS2_PLACEMENT_3D('',#5435,#3624,#3625);
#3322=AXIS2_PLACEMENT_3D('',#5483,#3627,#3628);
#3323=AXIS2_PLACEMENT_3D('',#5534,#3630,#3631);
#3324=AXIS2_PLACEMENT_3D('',#5585,#3633,#3634);
#3325=AXIS2_PLACEMENT_3D('',#5633,#3636,#3637);
#3326=AXIS2_PLACEMENT_3D('',#5652,#3639,#3640);
#3327=AXIS2_PLACEMENT_3D('',#5672,#3641,#3642);
#3328=AXIS2_PLACEMENT_3D('',#5686,#3644,#3645);
#3329=AXIS2_PLACEMENT_3D('',#5696,#3646,#3647);
#3330=AXIS2_PLACEMENT_3D('',#5720,#3649,#3650);
#3331=AXIS2_PLACEMENT_3D('',#5745,#3652,#3653);
#3332=AXIS2_PLACEMENT_3D('',#5770,#3655,#3656);
#3333=AXIS2_PLACEMENT_3D('',#5794,#3658,#3659);
#3334=AXIS2_PLACEMENT_3D('',#5819,#3661,#3662);
#3335=AXIS2_PLACEMENT_3D('',#5844,#3664,#3665);
#3336=AXIS2_PLACEMENT_3D('',#5855,#3667,#3668);
#3337=AXIS2_PLACEMENT_3D('',#5861,#3669,#3670);
#3338=AXIS2_PLACEMENT_3D('',#5871,#3672,#3673);
#3339=AXIS2_PLACEMENT_3D('',#5882,#3674,#3675);
#3340=AXIS2_PLACEMENT_3D('',#5933,#3677,#3678);
#3341=AXIS2_PLACEMENT_3D('',#5984,#3680,#3681);
#3342=AXIS2_PLACEMENT_3D('',#6032,#3683,#3684);
#3343=AXIS2_PLACEMENT_3D('',#6083,#3686,#3687);
#3344=AXIS2_PLACEMENT_3D('',#6134,#3689,#3690);
#3345=AXIS2_PLACEMENT_3D('',#6182,#3692,#3693);
#3346=AXIS2_PLACEMENT_3D('',#6201,#3695,#3696);
#3347=AXIS2_PLACEMENT_3D('',#6221,#3697,#3698);
#3348=AXIS2_PLACEMENT_3D('',#6235,#3700,#3701);
#3349=AXIS2_PLACEMENT_3D('',#6245,#3702,#3703);
#3350=AXIS2_PLACEMENT_3D('',#6269,#3705,#3706);
#3351=AXIS2_PLACEMENT_3D('',#6294,#3708,#3709);
#3352=AXIS2_PLACEMENT_3D('',#6319,#3711,#3712);
#3353=AXIS2_PLACEMENT_3D('',#6343,#3714,#3715);
#3354=AXIS2_PLACEMENT_3D('',#6368,#3717,#3718);
#3355=AXIS2_PLACEMENT_3D('',#6393,#3720,#3721);
#3356=AXIS2_PLACEMENT_3D('',#6404,#3723,#3724);
#3357=AXIS2_PLACEMENT_3D('',#6410,#3725,#3726);
#3358=AXIS2_PLACEMENT_3D('',#6417,#3729,#3730);
#3359=AXIS2_PLACEMENT_3D('',#6421,#3732,#3733);
#3360=AXIS2_PLACEMENT_3D('',#6431,#3738,#3739);
#3361=AXIS2_PLACEMENT_3D('',#6439,#3743,#3744);
#3362=AXIS2_PLACEMENT_3D('',#6443,#3746,#3747);
#3363=AXIS2_PLACEMENT_3D('',#6453,#3752,#3753);
#3364=AXIS2_PLACEMENT_3D('',#6461,#3757,#3758);
#3365=AXIS2_PLACEMENT_3D('',#6466,#3761,#3762);
#3366=AXIS2_PLACEMENT_3D('',#6467,#3763,#3764);
#3367=AXIS2_PLACEMENT_3D('',#6477,#3770,#3771);
#3368=AXIS2_PLACEMENT_3D('',#6481,#3774,#3775);
#3369=AXIS2_PLACEMENT_3D('',#6484,#3776,#3777);
#3370=AXIS2_PLACEMENT_3D('',#6488,#3779,#3780);
#3371=AXIS2_PLACEMENT_3D('',#6492,#3782,#3783);
#3372=AXIS2_PLACEMENT_3D('',#6496,#3785,#3786);
#3373=AXIS2_PLACEMENT_3D('',#6499,#3788,#3789);
#3374=AXIS2_PLACEMENT_3D('',#6507,#3793,#3794);
#3375=AXIS2_PLACEMENT_3D('',#6517,#3799,#3800);
#3376=AXIS2_PLACEMENT_3D('',#6521,#3802,#3803);
#3377=AXIS2_PLACEMENT_3D('',#6525,#3805,#3806);
#3378=AXIS2_PLACEMENT_3D('',#6536,#3812,#3813);
#3379=AXIS2_PLACEMENT_3D('',#6537,#3814,#3815);
#3380=AXIS2_PLACEMENT_3D('',#6540,#3818,#3819);
#3381=AXIS2_PLACEMENT_3D('',#6543,#3820,#3821);
#3382=AXIS2_PLACEMENT_3D('',#6546,#3824,#3825);
#3383=AXIS2_PLACEMENT_3D('',#6558,#3832,#3833);
#3384=AXIS2_PLACEMENT_3D('',#6560,#3834,#3835);
#3385=AXIS2_PLACEMENT_3D('',#6562,#3837,#3838);
#3386=AXIS2_PLACEMENT_3D('',#6566,#3841,#3842);
#3387=AXIS2_PLACEMENT_3D('',#6568,#3843,#3844);
#3388=AXIS2_PLACEMENT_3D('',#6570,#3846,#3847);
#3389=AXIS2_PLACEMENT_3D('',#6576,#3850,#3851);
#3390=AXIS2_PLACEMENT_3D('',#6739,#3853,#3854);
#3391=AXIS2_PLACEMENT_3D('',#6742,#3857,#3858);
#3392=AXIS2_PLACEMENT_3D('',#6745,#3859,#3860);
#3393=AXIS2_PLACEMENT_3D('',#6748,#3863,#3864);
#3394=AXIS2_PLACEMENT_3D('',#6758,#3870,#3871);
#3395=AXIS2_PLACEMENT_3D('',#6763,#3875,#3876);
#3396=AXIS2_PLACEMENT_3D('',#6769,#3880,#3881);
#3397=AXIS2_PLACEMENT_3D('',#6775,#3885,#3886);
#3398=AXIS2_PLACEMENT_3D('',#6789,#3894,#3895);
#3399=AXIS2_PLACEMENT_3D('',#6801,#3902,#3903);
#3400=AXIS2_PLACEMENT_3D('',#6811,#3909,#3910);
#3401=AXIS2_PLACEMENT_3D('',#6821,#3916,#3917);
#3402=AXIS2_PLACEMENT_3D('',#6825,#3919,#3920);
#3403=AXIS2_PLACEMENT_3D('',#6988,#3922,#3923);
#3404=AXIS2_PLACEMENT_3D('',#7002,#3931,#3932);
#3405=AXIS2_PLACEMENT_3D('',#7006,#3934,#3935);
#3406=AXIS2_PLACEMENT_3D('',#7009,#3937,#3938);
#3407=AXIS2_PLACEMENT_3D('',#7010,#3939,#3940);
#3408=AXIS2_PLACEMENT_3D('',#7020,#3946,#3947);
#3409=AXIS2_PLACEMENT_3D('',#7022,#3949,#3950);
#3410=AXIS2_PLACEMENT_3D('',#7024,#3952,#3953);
#3411=AXIS2_PLACEMENT_3D('',#7027,#3955,#3956);
#3412=AXIS2_PLACEMENT_3D('',#7028,#3957,#3958);
#3413=AXIS2_PLACEMENT_3D('',#7036,#3962,#3963);
#3414=AXIS2_PLACEMENT_3D('',#7041,#3967,#3968);
#3415=AXIS2_PLACEMENT_3D('',#7883,#3969,#3970);
#3416=AXIS2_PLACEMENT_3D('',#7884,#3971,#3972);
#3417=AXIS2_PLACEMENT_3D('',#7885,#3973,#3974);
#3418=AXIS2_PLACEMENT_3D('',#7886,#3975,#3976);
#3419=AXIS2_PLACEMENT_3D('',#8567,#3977,#3978);
#3420=AXIS2_PLACEMENT_3D('',#8568,#3979,#3980);
#3421=AXIS2_PLACEMENT_3D('',#9249,#3981,#3982);
#3422=AXIS2_PLACEMENT_3D('',#9250,#3983,#3984);
#3423=AXIS2_PLACEMENT_3D('',#10092,#3985,#3986);
#3424=AXIS2_PLACEMENT_3D('',#10095,#3988,#3989);
#3425=AXIS2_PLACEMENT_3D('',#10096,#3990,#3991);
#3426=AXIS2_PLACEMENT_3D('',#10097,#3992,#3993);
#3427=AXIS2_PLACEMENT_3D('',#10100,#3994,#3995);
#3428=AXIS2_PLACEMENT_3D('',#10104,#3999,#4000);
#3429=AXIS2_PLACEMENT_3D('',#10111,#4005,#4006);
#3430=AXIS2_PLACEMENT_3D('',#10114,#4007,#4008);
#3431=AXIS2_PLACEMENT_3D('',#10118,#4012,#4013);
#3432=AXIS2_PLACEMENT_3D('',#10125,#4018,#4019);
#3433=AXIS2_PLACEMENT_3D('',#10127,#4021,#4022);
#3434=AXIS2_PLACEMENT_3D('',#10129,#4024,#4025);
#3435=AXIS2_PLACEMENT_3D('',#10130,#4026,#4027);
#3436=AXIS2_PLACEMENT_3D('',#10131,#4028,#4029);
#3437=AXIS2_PLACEMENT_3D('',#10133,#4031,#4032);
#3438=AXIS2_PLACEMENT_3D('',#10135,#4034,#4035);
#3439=AXIS2_PLACEMENT_3D('',#10137,#4037,#4038);
#3440=AXIS2_PLACEMENT_3D('',#10138,#4039,#4040);
#3441=AXIS2_PLACEMENT_3D('',#10139,#4041,#4042);
#3442=AXIS2_PLACEMENT_3D('',#10140,#4043,#4044);
#3443=AXIS2_PLACEMENT_3D('',#10143,#4046,#4047);
#3444=AXIS2_PLACEMENT_3D('',#10144,#4048,#4049);
#3445=AXIS2_PLACEMENT_3D('',#10152,#4054,#4055);
#3446=AXIS2_PLACEMENT_3D('',#10155,#4057,#4058);
#3447=AXIS2_PLACEMENT_3D('',#10156,#4059,#4060);
#3448=AXIS2_PLACEMENT_3D('',#10166,#4066,#4067);
#3449=AXIS2_PLACEMENT_3D('',#10167,#4068,#4069);
#3450=AXIS2_PLACEMENT_3D('',#10168,#4070,#4071);
#3451=AXIS2_PLACEMENT_3D('',#10169,#4072,#4073);
#3452=AXIS2_PLACEMENT_3D('',#10170,#4074,#4075);
#3453=AXIS2_PLACEMENT_3D('',#10172,#4076,#4077);
#3454=AXIS2_PLACEMENT_3D('',#10176,#4079,#4080);
#3455=AXIS2_PLACEMENT_3D('',#10179,#4082,#4083);
#3456=AXIS2_PLACEMENT_3D('',#10183,#4086,#4087);
#3457=AXIS2_PLACEMENT_3D('',#10185,#4088,#4089);
#3458=AXIS2_PLACEMENT_3D('',#10189,#4091,#4092);
#3459=AXIS2_PLACEMENT_3D('',#10192,#4094,#4095);
#3460=AXIS2_PLACEMENT_3D('',#10196,#4098,#4099);
#3461=AXIS2_PLACEMENT_3D('',#10201,#4102,#4103);
#3462=AXIS2_PLACEMENT_3D('',#10205,#4105,#4106);
#3463=AXIS2_PLACEMENT_3D('',#10208,#4108,#4109);
#3464=AXIS2_PLACEMENT_3D('',#10209,#4110,#4111);
#3465=AXIS2_PLACEMENT_3D('',#10214,#4114,#4115);
#3466=AXIS2_PLACEMENT_3D('',#10218,#4117,#4118);
#3467=AXIS2_PLACEMENT_3D('',#10221,#4120,#4121);
#3468=AXIS2_PLACEMENT_3D('',#10222,#4122,#4123);
#3469=AXIS2_PLACEMENT_3D('',#10225,#4126,#4127);
#3470=AXIS2_PLACEMENT_3D('',#10227,#4128,#4129);
#3471=AXIS2_PLACEMENT_3D('',#10229,#4131,#4132);
#3472=AXIS2_PLACEMENT_3D('',#10232,#4135,#4136);
#3473=AXIS2_PLACEMENT_3D('',#10235,#4139,#4140);
#3474=AXIS2_PLACEMENT_3D('',#10236,#4141,#4142);
#3475=AXIS2_PLACEMENT_3D('',#10238,#4144,#4145);
#3476=AXIS2_PLACEMENT_3D('',#10243,#4149,#4150);
#3477=AXIS2_PLACEMENT_3D('',#10246,#4153,#4154);
#3478=AXIS2_PLACEMENT_3D('',#10249,#4157,#4158);
#3479=AXIS2_PLACEMENT_3D('',#10250,#4159,#4160);
#3480=AXIS2_PLACEMENT_3D('',#10252,#4162,#4163);
#3481=AXIS2_PLACEMENT_3D('',#10254,#4165,#4166);
#3482=AXIS2_PLACEMENT_3D('',#10255,#4167,#4168);
#3483=AXIS2_PLACEMENT_3D('',#10256,#4169,#4170);
#3484=AXIS2_PLACEMENT_3D('',#10257,#4171,#4172);
#3485=AXIS2_PLACEMENT_3D('',#10258,#4173,#4174);
#3486=AXIS2_PLACEMENT_3D('',#10262,#4177,#4178);
#3487=AXIS2_PLACEMENT_3D('',#10266,#4181,#4182);
#3488=AXIS2_PLACEMENT_3D('',#10267,#4183,#4184);
#3489=AXIS2_PLACEMENT_3D('',#10268,#4185,#4186);
#3490=AXIS2_PLACEMENT_3D('',#10270,#4188,#4189);
#3491=AXIS2_PLACEMENT_3D('',#10271,#4190,#4191);
#3492=AXIS2_PLACEMENT_3D('',#10275,#4194,#4195);
#3493=AXIS2_PLACEMENT_3D('',#10277,#4197,#4198);
#3494=AXIS2_PLACEMENT_3D('',#10278,#4199,#4200);
#3495=AXIS2_PLACEMENT_3D('',#10280,#4202,#4203);
#3496=AXIS2_PLACEMENT_3D('',#10281,#4204,#4205);
#3497=AXIS2_PLACEMENT_3D('',#10285,#4208,#4209);
#3498=AXIS2_PLACEMENT_3D('',#10287,#4211,#4212);
#3499=DIRECTION('axis',(0.,0.,1.));
#3500=DIRECTION('refdir',(1.,0.,0.));
#3501=DIRECTION('center_axis',(0.,0.,-1.));
#3502=DIRECTION('ref_axis',(-0.348585150316194,0.937277116427707,0.));
#3503=DIRECTION('',(0.,0.,-1.));
#3504=DIRECTION('center_axis',(0.,0.,1.));
#3505=DIRECTION('ref_axis',(1.,0.,0.));
#3506=DIRECTION('center_axis',(0.,0.,-1.));
#3507=DIRECTION('ref_axis',(1.,0.,0.));
#3508=DIRECTION('',(0.,0.,-1.));
#3509=DIRECTION('center_axis',(0.,0.,-1.));
#3510=DIRECTION('ref_axis',(1.,0.,0.));
#3511=DIRECTION('',(0.,0.,-1.));
#3512=DIRECTION('center_axis',(0.,0.,-1.));
#3513=DIRECTION('ref_axis',(1.,0.,0.));
#3514=DIRECTION('',(0.,0.,-1.));
#3515=DIRECTION('center_axis',(0.,0.,-1.));
#3516=DIRECTION('ref_axis',(1.,0.,0.));
#3517=DIRECTION('',(0.,0.,-1.));
#3518=DIRECTION('center_axis',(0.,0.,-1.));
#3519=DIRECTION('ref_axis',(1.,0.,0.));
#3520=DIRECTION('',(0.,0.,-1.));
#3521=DIRECTION('center_axis',(0.,0.,-1.));
#3522=DIRECTION('ref_axis',(1.,0.,0.));
#3523=DIRECTION('',(0.,0.,-1.));
#3524=DIRECTION('center_axis',(0.,0.,-1.));
#3525=DIRECTION('ref_axis',(0.937376464361842,-0.348317906603281,0.));
#3526=DIRECTION('',(0.,0.,-1.));
#3527=DIRECTION('center_axis',(0.,0.,-1.));
#3528=DIRECTION('ref_axis',(1.,0.,0.));
#3529=DIRECTION('center_axis',(0.,0.,-1.));
#3530=DIRECTION('ref_axis',(0.793246564157544,0.608900557112777,0.));
#3531=DIRECTION('',(1.22464679914735E-16,-1.42485483536067E-30,-1.));
#3532=DIRECTION('center_axis',(0.,0.,1.));
#3533=DIRECTION('ref_axis',(1.,-1.15123580000017E-14,0.));
#3534=DIRECTION('center_axis',(0.,0.,-1.));
#3535=DIRECTION('ref_axis',(1.,-1.15123580000017E-14,0.));
#3536=DIRECTION('',(1.22464679914735E-16,-1.42485483536067E-30,-1.));
#3537=DIRECTION('center_axis',(0.,0.,-1.));
#3538=DIRECTION('ref_axis',(1.,-1.15123580000017E-14,0.));
#3539=DIRECTION('',(1.22464679914735E-16,-1.42485483536067E-30,-1.));
#3540=DIRECTION('center_axis',(0.,0.,-1.));
#3541=DIRECTION('ref_axis',(1.,-1.15123580000017E-14,0.));
#3542=DIRECTION('',(1.22464679914735E-16,-1.42485483536067E-30,-1.));
#3543=DIRECTION('center_axis',(0.,0.,-1.));
#3544=DIRECTION('ref_axis',(1.,-1.15123580000017E-14,0.));
#3545=DIRECTION('',(1.22464679914735E-16,-1.42485483536067E-30,-1.));
#3546=DIRECTION('center_axis',(0.,0.,-1.));
#3547=DIRECTION('ref_axis',(1.,-1.15123580000017E-14,0.));
#3548=DIRECTION('',(1.22464679914735E-16,-1.42485483536067E-30,-1.));
#3549=DIRECTION('center_axis',(0.,0.,-1.));
#3550=DIRECTION('ref_axis',(1.,-1.15123580000017E-14,0.));
#3551=DIRECTION('',(1.22464679914735E-16,-1.42485483536067E-30,-1.));
#3552=DIRECTION('center_axis',(0.,0.,-1.));
#3553=DIRECTION('ref_axis',(-0.609078310796561,-0.79311008776664,0.));
#3554=DIRECTION('',(1.22464679914735E-16,-1.42485483536067E-30,-1.));
#3555=DIRECTION('center_axis',(0.,0.,-1.));
#3556=DIRECTION('ref_axis',(1.,-1.15123580000017E-14,0.));
#3557=DIRECTION('center_axis',(0.,0.,-1.));
#3558=DIRECTION('ref_axis',(-0.348611515669187,0.937267310399137,0.));
#3559=DIRECTION('',(0.,0.,-1.));
#3560=DIRECTION('center_axis',(0.,0.,1.));
#3561=DIRECTION('ref_axis',(1.,0.,0.));
#3562=DIRECTION('center_axis',(0.,0.,-1.));
#3563=DIRECTION('ref_axis',(1.,0.,0.));
#3564=DIRECTION('',(0.,0.,-1.));
#3565=DIRECTION('center_axis',(0.,0.,-1.));
#3566=DIRECTION('ref_axis',(1.,0.,0.));
#3567=DIRECTION('',(0.,0.,-1.));
#3568=DIRECTION('center_axis',(0.,0.,-1.));
#3569=DIRECTION('ref_axis',(1.,0.,0.));
#3570=DIRECTION('',(0.,0.,-1.));
#3571=DIRECTION('center_axis',(0.,0.,-1.));
#3572=DIRECTION('ref_axis',(1.,0.,0.));
#3573=DIRECTION('',(0.,0.,-1.));
#3574=DIRECTION('center_axis',(0.,0.,-1.));
#3575=DIRECTION('ref_axis',(1.,0.,0.));
#3576=DIRECTION('',(0.,0.,-1.));
#3577=DIRECTION('center_axis',(0.,0.,-1.));
#3578=DIRECTION('ref_axis',(1.,0.,0.));
#3579=DIRECTION('',(0.,0.,-1.));
#3580=DIRECTION('center_axis',(0.,0.,-1.));
#3581=DIRECTION('ref_axis',(0.937376041822871,-0.348319043717808,0.));
#3582=DIRECTION('',(0.,0.,-1.));
#3583=DIRECTION('center_axis',(0.,0.,-1.));
#3584=DIRECTION('ref_axis',(1.,0.,0.));
#3585=DIRECTION('center_axis',(0.,0.,-1.));
#3586=DIRECTION('ref_axis',(0.793245016530783,0.608902573281701,0.));
#3587=DIRECTION('',(1.22464679914735E-16,-7.19926216593635E-31,-1.));
#3588=DIRECTION('center_axis',(0.,0.,1.));
#3589=DIRECTION('ref_axis',(1.,-5.75617900000077E-15,0.));
#3590=DIRECTION('center_axis',(0.,0.,-1.));
#3591=DIRECTION('ref_axis',(1.,-5.75617900000077E-15,0.));
#3592=DIRECTION('',(1.22464679914735E-16,-7.19926216593635E-31,-1.));
#3593=DIRECTION('center_axis',(0.,0.,-1.));
#3594=DIRECTION('ref_axis',(1.,-5.75617900000077E-15,0.));
#3595=DIRECTION('',(1.22464679914735E-16,-7.19926216593635E-31,-1.));
#3596=DIRECTION('center_axis',(0.,0.,-1.));
#3597=DIRECTION('ref_axis',(1.,-5.75617900000077E-15,0.));
#3598=DIRECTION('',(1.22464679914735E-16,-7.19926216593635E-31,-1.));
#3599=DIRECTION('center_axis',(0.,0.,-1.));
#3600=DIRECTION('ref_axis',(1.,-5.75617900000077E-15,0.));
#3601=DIRECTION('',(1.22464679914735E-16,-7.19926216593635E-31,-1.));
#3602=DIRECTION('center_axis',(0.,0.,-1.));
#3603=DIRECTION('ref_axis',(1.,-5.75617900000077E-15,0.));
#3604=DIRECTION('',(1.22464679914735E-16,-7.19926216593635E-31,-1.));
#3605=DIRECTION('center_axis',(0.,0.,-1.));
#3606=DIRECTION('ref_axis',(1.,-5.75617900000077E-15,0.));
#3607=DIRECTION('',(1.22464679914735E-16,-7.19926216593635E-31,-1.));
#3608=DIRECTION('center_axis',(0.,0.,-1.));
#3609=DIRECTION('ref_axis',(-0.609080367562001,-0.793108508244955,0.));
#3610=DIRECTION('',(1.22464679914735E-16,-7.19926216593635E-31,-1.));
#3611=DIRECTION('center_axis',(0.,0.,-1.));
#3612=DIRECTION('ref_axis',(1.,-5.75617900000077E-15,0.));
#3613=DIRECTION('center_axis',(0.,0.,-1.));
#3614=DIRECTION('ref_axis',(-0.348639419970621,0.937256931072024,0.));
#3615=DIRECTION('',(0.,0.,-1.));
#3616=DIRECTION('center_axis',(0.,0.,1.));
#3617=DIRECTION('ref_axis',(1.,0.,0.));
#3618=DIRECTION('center_axis',(0.,0.,-1.));
#3619=DIRECTION('ref_axis',(1.,0.,0.));
#3620=DIRECTION('',(0.,0.,-1.));
#3621=DIRECTION('center_axis',(0.,0.,-1.));
#3622=DIRECTION('ref_axis',(1.,0.,0.));
#3623=DIRECTION('',(0.,0.,-1.));
#3624=DIRECTION('center_axis',(0.,0.,-1.));
#3625=DIRECTION('ref_axis',(1.,0.,0.));
#3626=DIRECTION('',(0.,0.,-1.));
#3627=DIRECTION('center_axis',(0.,0.,-1.));
#3628=DIRECTION('ref_axis',(1.,0.,0.));
#3629=DIRECTION('',(0.,0.,-1.));
#3630=DIRECTION('center_axis',(0.,0.,-1.));
#3631=DIRECTION('ref_axis',(1.,0.,0.));
#3632=DIRECTION('',(0.,0.,-1.));
#3633=DIRECTION('center_axis',(0.,0.,-1.));
#3634=DIRECTION('ref_axis',(1.,0.,0.));
#3635=DIRECTION('',(0.,0.,-1.));
#3636=DIRECTION('center_axis',(0.,0.,-1.));
#3637=DIRECTION('ref_axis',(0.937374010619145,-0.348324509926847,0.));
#3638=DIRECTION('',(0.,0.,-1.));
#3639=DIRECTION('center_axis',(0.,0.,-1.));
#3640=DIRECTION('ref_axis',(1.,0.,0.));
#3641=DIRECTION('center_axis',(0.,0.,-1.));
#3642=DIRECTION('ref_axis',(0.793240978909094,0.608907833238613,0.));
#3643=DIRECTION('',(1.22464679914735E-16,-1.49975978266186E-32,-1.));
#3644=DIRECTION('center_axis',(0.,0.,1.));
#3645=DIRECTION('ref_axis',(1.,0.,0.));
#3646=DIRECTION('center_axis',(0.,0.,-1.));
#3647=DIRECTION('ref_axis',(1.,0.,0.));
#3648=DIRECTION('',(1.22464679914735E-16,-1.49975978266186E-32,-1.));
#3649=DIRECTION('center_axis',(0.,0.,-1.));
#3650=DIRECTION('ref_axis',(1.,0.,0.));
#3651=DIRECTION('',(1.22464679914735E-16,-1.49975978266186E-32,-1.));
#3652=DIRECTION('center_axis',(0.,0.,-1.));
#3653=DIRECTION('ref_axis',(1.,0.,0.));
#3654=DIRECTION('',(1.22464679914735E-16,-1.49975978266186E-32,-1.));
#3655=DIRECTION('center_axis',(0.,0.,-1.));
#3656=DIRECTION('ref_axis',(1.,0.,0.));
#3657=DIRECTION('',(1.22464679914735E-16,-1.49975978266186E-32,-1.));
#3658=DIRECTION('center_axis',(0.,0.,-1.));
#3659=DIRECTION('ref_axis',(1.,0.,0.));
#3660=DIRECTION('',(1.22464679914735E-16,-1.49975978266186E-32,-1.));
#3661=DIRECTION('center_axis',(0.,0.,-1.));
#3662=DIRECTION('ref_axis',(1.,0.,0.));
#3663=DIRECTION('',(1.22464679914735E-16,-1.49975978266186E-32,-1.));
#3664=DIRECTION('center_axis',(0.,0.,-1.));
#3665=DIRECTION('ref_axis',(-0.609085508639172,-0.793104560046001,0.));
#3666=DIRECTION('',(1.22464679914735E-16,-1.49975978266186E-32,-1.));
#3667=DIRECTION('center_axis',(0.,0.,-1.));
#3668=DIRECTION('ref_axis',(1.,0.,0.));
#3669=DIRECTION('center_axis',(0.,0.,-1.));
#3670=DIRECTION('ref_axis',(-0.348614982298289,0.937266020997861,0.));
#3671=DIRECTION('',(0.,0.,-1.));
#3672=DIRECTION('center_axis',(0.,0.,1.));
#3673=DIRECTION('ref_axis',(1.,0.,0.));
#3674=DIRECTION('center_axis',(0.,0.,-1.));
#3675=DIRECTION('ref_axis',(1.,0.,0.));
#3676=DIRECTION('',(0.,0.,-1.));
#3677=DIRECTION('center_axis',(0.,0.,-1.));
#3678=DIRECTION('ref_axis',(1.,0.,0.));
#3679=DIRECTION('',(0.,0.,-1.));
#3680=DIRECTION('center_axis',(0.,0.,-1.));
#3681=DIRECTION('ref_axis',(1.,0.,0.));
#3682=DIRECTION('',(0.,0.,-1.));
#3683=DIRECTION('center_axis',(0.,0.,-1.));
#3684=DIRECTION('ref_axis',(1.,0.,0.));
#3685=DIRECTION('',(0.,0.,-1.));
#3686=DIRECTION('center_axis',(0.,0.,-1.));
#3687=DIRECTION('ref_axis',(1.,0.,0.));
#3688=DIRECTION('',(0.,0.,-1.));
#3689=DIRECTION('center_axis',(0.,0.,-1.));
#3690=DIRECTION('ref_axis',(1.,0.,0.));
#3691=DIRECTION('',(0.,0.,-1.));
#3692=DIRECTION('center_axis',(0.,0.,-1.));
#3693=DIRECTION('ref_axis',(0.937375862995931,-0.348319524966135,0.));
#3694=DIRECTION('',(0.,0.,-1.));
#3695=DIRECTION('center_axis',(0.,0.,-1.));
#3696=DIRECTION('ref_axis',(1.,0.,0.));
#3697=DIRECTION('center_axis',(0.,0.,-1.));
#3698=DIRECTION('ref_axis',(0.793244625522144,0.608903082666062,0.));
#3699=DIRECTION('',(1.22464679914735E-16,-5.65442654796278E-30,-1.));
#3700=DIRECTION('center_axis',(0.,0.,1.));
#3701=DIRECTION('ref_axis',(1.,-4.60494320000065E-14,0.));
#3702=DIRECTION('center_axis',(0.,0.,-1.));
#3703=DIRECTION('ref_axis',(1.,-4.60494320000065E-14,0.));
#3704=DIRECTION('',(1.22464679914735E-16,-5.65442654796278E-30,-1.));
#3705=DIRECTION('center_axis',(0.,0.,-1.));
#3706=DIRECTION('ref_axis',(1.,-4.60494320000065E-14,0.));
#3707=DIRECTION('',(1.22464679914735E-16,-5.65442654796278E-30,-1.));
#3708=DIRECTION('center_axis',(0.,0.,-1.));
#3709=DIRECTION('ref_axis',(1.,-4.60494320000065E-14,0.));
#3710=DIRECTION('',(1.22464679914735E-16,-5.65442654796278E-30,-1.));
#3711=DIRECTION('center_axis',(0.,0.,-1.));
#3712=DIRECTION('ref_axis',(1.,-4.60494320000065E-14,0.));
#3713=DIRECTION('',(1.22464679914735E-16,-5.65442654796278E-30,-1.));
#3714=DIRECTION('center_axis',(0.,0.,-1.));
#3715=DIRECTION('ref_axis',(1.,-4.60494320000065E-14,0.));
#3716=DIRECTION('',(1.22464679914735E-16,-5.65442654796278E-30,-1.));
#3717=DIRECTION('center_axis',(0.,0.,-1.));
#3718=DIRECTION('ref_axis',(1.,-4.60494320000065E-14,0.));
#3719=DIRECTION('',(1.22464679914735E-16,-5.65442654796278E-30,-1.));
#3720=DIRECTION('center_axis',(0.,0.,-1.));
#3721=DIRECTION('ref_axis',(-0.609080870097174,-0.793108122314776,0.));
#3722=DIRECTION('',(1.22464679914735E-16,-5.65442654796278E-30,-1.));
#3723=DIRECTION('center_axis',(0.,0.,-1.));
#3724=DIRECTION('ref_axis',(1.,-4.60494320000065E-14,0.));
#3725=DIRECTION('center_axis',(0.,0.,-1.));
#3726=DIRECTION('ref_axis',(-1.,0.,0.));
#3727=DIRECTION('',(0.,1.,0.));
#3728=DIRECTION('',(-1.,0.,0.));
#3729=DIRECTION('center_axis',(0.,0.,-1.));
#3730=DIRECTION('ref_axis',(0.707106781186548,-0.707106781186548,0.));
#3731=DIRECTION('',(0.,-1.,0.));
#3732=DIRECTION('center_axis',(0.,0.,-1.));
#3733=DIRECTION('ref_axis',(0.707106781186548,0.707106781186548,0.));
#3734=DIRECTION('',(1.,0.,0.));
#3735=DIRECTION('',(0.,1.,0.));
#3736=DIRECTION('',(-0.707199795792416,0.707013754343694,0.));
#3737=DIRECTION('',(-1.,0.,0.));
#3738=DIRECTION('center_axis',(0.,0.,1.));
#3739=DIRECTION('ref_axis',(-0.380464315468926,-0.924795601554615,0.));
#3740=DIRECTION('',(-0.710493809309525,0.703703450988298,0.));
#3741=DIRECTION('',(-1.,0.,0.));
#3742=DIRECTION('',(0.,-1.,0.));
#3743=DIRECTION('center_axis',(0.,0.,-1.));
#3744=DIRECTION('ref_axis',(0.707106781186548,0.707106781186548,0.));
#3745=DIRECTION('',(1.,-1.02357700826344E-16,0.));
#3746=DIRECTION('center_axis',(0.,0.,-1.));
#3747=DIRECTION('ref_axis',(-0.707106781186544,0.707106781186551,0.));
#3748=DIRECTION('',(0.,1.,0.));
#3749=DIRECTION('',(-1.,0.,0.));
#3750=DIRECTION('',(0.707383402915834,-0.706830051199873,0.));
#3751=DIRECTION('',(1.,0.,0.));
#3752=DIRECTION('center_axis',(0.,0.,1.));
#3753=DIRECTION('ref_axis',(0.37548225569948,0.926829582854815,0.));
#3754=DIRECTION('',(0.718026151309662,-0.696016124838667,0.));
#3755=DIRECTION('',(-1.,0.,0.));
#3756=DIRECTION('',(0.,-1.,0.));
#3757=DIRECTION('center_axis',(0.,0.,-1.));
#3758=DIRECTION('ref_axis',(-0.382502677823416,-0.923954382779754,0.));
#3759=DIRECTION('',(1.,0.,0.));
#3760=DIRECTION('',(0.,1.,0.));
#3761=DIRECTION('center_axis',(0.,0.,-1.));
#3762=DIRECTION('ref_axis',(0.38262266282042,0.923904701739422,0.));
#3763=DIRECTION('center_axis',(1.,0.,0.));
#3764=DIRECTION('ref_axis',(0.,0.,-1.));
#3765=DIRECTION('',(0.,0.,1.));
#3766=DIRECTION('',(0.,-1.,0.));
#3767=DIRECTION('',(0.,0.,1.));
#3768=DIRECTION('',(0.,1.,0.));
#3769=DIRECTION('',(0.,0.,-1.));
#3770=DIRECTION('center_axis',(0.696016124838667,0.718026151309662,0.));
#3771=DIRECTION('ref_axis',(0.718026151309662,-0.696016124838667,0.));
#3772=DIRECTION('',(0.,0.,-1.));
#3773=DIRECTION('',(0.718026151309662,-0.696016124838667,0.));
#3774=DIRECTION('center_axis',(0.,0.,1.));
#3775=DIRECTION('ref_axis',(-1.,0.,0.));
#3776=DIRECTION('center_axis',(0.,0.,1.));
#3777=DIRECTION('ref_axis',(1.,-4.44089209850056E-15,0.));
#3778=DIRECTION('',(1.,-1.02357700826344E-16,0.));
#3779=DIRECTION('center_axis',(0.,0.,1.));
#3780=DIRECTION('ref_axis',(-4.44089209850058E-15,1.,0.));
#3781=DIRECTION('',(9.1990658762326E-17,1.,0.));
#3782=DIRECTION('center_axis',(0.,0.,1.));
#3783=DIRECTION('ref_axis',(-1.,8.88178419700132E-15,0.));
#3784=DIRECTION('',(-1.,0.,0.));
#3785=DIRECTION('center_axis',(0.,0.,-1.));
#3786=DIRECTION('ref_axis',(0.707106781186548,-0.707106781186548,0.));
#3787=DIRECTION('',(0.,-1.,0.));
#3788=DIRECTION('center_axis',(0.,0.,-1.));
#3789=DIRECTION('ref_axis',(0.37548225569948,0.926829582854815,0.));
#3790=DIRECTION('',(1.,0.,0.));
#3791=DIRECTION('',(-0.707383402915834,0.706830051199873,0.));
#3792=DIRECTION('',(1.,0.,0.));
#3793=DIRECTION('center_axis',(0.,0.,1.));
#3794=DIRECTION('ref_axis',(0.38262266282042,0.923904701739422,0.));
#3795=DIRECTION('',(0.707199795792416,-0.707013754343694,0.));
#3796=DIRECTION('',(0.707199795792416,-0.707013754343694,0.));
#3797=DIRECTION('',(0.707199795792416,-0.707013754343694,0.));
#3798=DIRECTION('',(0.,-1.,0.));
#3799=DIRECTION('center_axis',(0.,0.,1.));
#3800=DIRECTION('ref_axis',(0.707106781186554,-0.707106781186541,0.));
#3801=DIRECTION('',(-1.,0.,0.));
#3802=DIRECTION('center_axis',(0.,0.,1.));
#3803=DIRECTION('ref_axis',(-0.707106781186551,-0.707106781186544,0.));
#3804=DIRECTION('',(0.,1.,0.));
#3805=DIRECTION('center_axis',(0.,0.,1.));
#3806=DIRECTION('ref_axis',(-0.707106781186551,0.707106781186544,0.));
#3807=DIRECTION('',(1.,0.,0.));
#3808=DIRECTION('',(-0.710493809309525,0.703703450988298,0.));
#3809=DIRECTION('',(-1.,0.,0.));
#3810=DIRECTION('',(0.707383402915834,-0.706830051199873,0.));
#3811=DIRECTION('',(1.,0.,0.));
#3812=DIRECTION('center_axis',(0.,0.,1.));
#3813=DIRECTION('ref_axis',(0.707106781186548,0.707106781186548,0.));
#3814=DIRECTION('center_axis',(-0.707013754343694,-0.707199795792416,0.));
#3815=DIRECTION('ref_axis',(-0.707199795792416,0.707013754343694,0.));
#3816=DIRECTION('',(0.,0.,-1.));
#3817=DIRECTION('',(0.,0.,-1.));
#3818=DIRECTION('center_axis',(0.,0.,1.));
#3819=DIRECTION('ref_axis',(-0.707106781186551,-0.707106781186544,0.));
#3820=DIRECTION('center_axis',(0.,0.,1.));
#3821=DIRECTION('ref_axis',(-0.707106781186551,-0.707106781186544,0.));
#3822=DIRECTION('',(0.,0.,1.));
#3823=DIRECTION('',(0.,0.,-1.));
#3824=DIRECTION('center_axis',(0.,1.,0.));
#3825=DIRECTION('ref_axis',(0.,0.,1.));
#3826=DIRECTION('',(0.,0.,1.));
#3827=DIRECTION('',(1.,0.,0.));
#3828=DIRECTION('',(0.,0.,1.));
#3829=DIRECTION('',(-1.,0.,0.));
#3830=DIRECTION('',(0.,0.,-1.));
#3831=DIRECTION('',(1.,0.,0.));
#3832=DIRECTION('center_axis',(0.,0.,1.));
#3833=DIRECTION('ref_axis',(0.707106781186554,-0.707106781186541,0.));
#3834=DIRECTION('center_axis',(0.,0.,1.));
#3835=DIRECTION('ref_axis',(0.707106781186554,-0.707106781186541,0.));
#3836=DIRECTION('',(0.,0.,-1.));
#3837=DIRECTION('center_axis',(1.,0.,0.));
#3838=DIRECTION('ref_axis',(0.,0.,-1.));
#3839=DIRECTION('',(0.,0.,1.));
#3840=DIRECTION('',(0.,1.,0.));
#3841=DIRECTION('center_axis',(0.,0.,-1.));
#3842=DIRECTION('ref_axis',(0.707106781186548,0.707106781186548,0.));
#3843=DIRECTION('center_axis',(0.,0.,1.));
#3844=DIRECTION('ref_axis',(0.707106781186548,0.707106781186548,0.));
#3845=DIRECTION('',(0.,0.,-1.));
#3846=DIRECTION('center_axis',(0.,0.,1.));
#3847=DIRECTION('ref_axis',(1.,0.,0.));
#3848=DIRECTION('',(-1.,0.,0.));
#3849=DIRECTION('',(0.,1.,0.));
#3850=DIRECTION('center_axis',(0.,0.,-1.));
#3851=DIRECTION('ref_axis',(-0.707106781186548,-0.707106781186548,0.));
#3852=DIRECTION('',(-1.,0.,0.));
#3853=DIRECTION('center_axis',(0.,1.,0.));
#3854=DIRECTION('ref_axis',(0.,0.,1.));
#3855=DIRECTION('',(0.,0.,-1.));
#3856=DIRECTION('',(0.,0.,1.));
#3857=DIRECTION('center_axis',(0.,0.,-1.));
#3858=DIRECTION('ref_axis',(-0.707106781186551,0.707106781186544,0.));
#3859=DIRECTION('center_axis',(0.,0.,1.));
#3860=DIRECTION('ref_axis',(-0.707106781186551,0.707106781186544,0.));
#3861=DIRECTION('',(0.,0.,1.));
#3862=DIRECTION('',(0.,0.,-1.));
#3863=DIRECTION('center_axis',(-1.,0.,0.));
#3864=DIRECTION('ref_axis',(0.,0.,1.));
#3865=DIRECTION('',(0.,-1.,0.));
#3866=DIRECTION('',(0.,0.,-1.));
#3867=DIRECTION('',(0.,-1.,0.));
#3868=DIRECTION('',(0.,0.,1.));
#3869=DIRECTION('',(0.,-1.,0.));
#3870=DIRECTION('center_axis',(0.,1.,0.));
#3871=DIRECTION('ref_axis',(0.,0.,1.));
#3872=DIRECTION('',(-1.,0.,0.));
#3873=DIRECTION('',(0.,0.,-1.));
#3874=DIRECTION('',(0.,0.,1.));
#3875=DIRECTION('center_axis',(-0.703703450988298,-0.710493809309525,0.));
#3876=DIRECTION('ref_axis',(-0.710493809309525,0.703703450988298,0.));
#3877=DIRECTION('',(0.,0.,-1.));
#3878=DIRECTION('',(-0.710493809309525,0.703703450988298,0.));
#3879=DIRECTION('',(0.581046467235588,-0.575493267950646,-0.575493267950659));
#3880=DIRECTION('center_axis',(0.706830051199873,0.707383402915834,0.));
#3881=DIRECTION('ref_axis',(0.707383402915834,-0.706830051199873,0.));
#3882=DIRECTION('',(-0.57765147570981,0.577199606986294,0.577199606986307));
#3883=DIRECTION('',(0.707383402915834,-0.706830051199873,0.));
#3884=DIRECTION('',(0.,0.,-1.));
#3885=DIRECTION('center_axis',(0.,1.,0.));
#3886=DIRECTION('ref_axis',(1.,0.,0.));
#3887=DIRECTION('',(1.,0.,0.));
#3888=DIRECTION('',(0.,0.,1.));
#3889=DIRECTION('',(1.,0.,0.));
#3890=DIRECTION('',(0.,0.,1.));
#3891=DIRECTION('',(-1.,0.,0.));
#3892=DIRECTION('',(0.,0.,-1.));
#3893=DIRECTION('',(1.,0.,0.));
#3894=DIRECTION('center_axis',(1.,0.,0.));
#3895=DIRECTION('ref_axis',(0.,-1.,0.));
#3896=DIRECTION('',(0.,-1.,0.));
#3897=DIRECTION('',(0.,0.,1.));
#3898=DIRECTION('',(0.,-1.,0.));
#3899=DIRECTION('',(0.,0.,1.));
#3900=DIRECTION('',(0.,1.,0.));
#3901=DIRECTION('',(0.,0.,-1.));
#3902=DIRECTION('center_axis',(-1.,0.,0.));
#3903=DIRECTION('ref_axis',(0.,1.,0.));
#3904=DIRECTION('',(0.,0.,1.));
#3905=DIRECTION('',(0.,-1.,0.));
#3906=DIRECTION('',(0.,0.,1.));
#3907=DIRECTION('',(0.,1.,0.));
#3908=DIRECTION('',(0.,0.,-1.));
#3909=DIRECTION('center_axis',(0.,-1.,0.));
#3910=DIRECTION('ref_axis',(-1.,0.,0.));
#3911=DIRECTION('',(0.,0.,1.));
#3912=DIRECTION('',(-1.,0.,0.));
#3913=DIRECTION('',(0.,0.,1.));
#3914=DIRECTION('',(1.,0.,0.));
#3915=DIRECTION('',(0.,0.,-1.));
#3916=DIRECTION('center_axis',(0.,0.,1.));
#3917=DIRECTION('ref_axis',(1.,0.,0.));
#3918=DIRECTION('',(1.,0.,0.));
#3919=DIRECTION('center_axis',(0.,0.,-1.));
#3920=DIRECTION('ref_axis',(-0.707106781186548,0.707106781186548,0.));
#3921=DIRECTION('',(0.,1.,0.));
#3922=DIRECTION('center_axis',(1.,0.,0.));
#3923=DIRECTION('ref_axis',(0.,-1.,0.));
#3924=DIRECTION('',(0.,-1.,0.));
#3925=DIRECTION('',(0.,-1.,0.));
#3926=DIRECTION('',(0.,0.,1.));
#3927=DIRECTION('',(0.,1.,0.));
#3928=DIRECTION('',(0.,0.,1.));
#3929=DIRECTION('',(0.,-1.,0.));
#3930=DIRECTION('',(0.,0.,-1.));
#3931=DIRECTION('center_axis',(0.,0.,-1.));
#3932=DIRECTION('ref_axis',(-1.,0.,0.));
#3933=DIRECTION('',(0.,1.,0.));
#3934=DIRECTION('center_axis',(0.,0.,-1.));
#3935=DIRECTION('ref_axis',(-0.707106781186548,-0.707106781186548,0.));
#3936=DIRECTION('',(-1.,0.,0.));
#3937=DIRECTION('center_axis',(0.,0.,-1.));
#3938=DIRECTION('ref_axis',(0.707106781186548,-0.707106781186548,0.));
#3939=DIRECTION('center_axis',(-1.,0.,0.));
#3940=DIRECTION('ref_axis',(0.,1.,0.));
#3941=DIRECTION('',(0.,0.,1.));
#3942=DIRECTION('',(0.,1.,0.));
#3943=DIRECTION('',(0.,0.,1.));
#3944=DIRECTION('',(0.,-1.,0.));
#3945=DIRECTION('',(0.,0.,-1.));
#3946=DIRECTION('center_axis',(0.,0.,-1.));
#3947=DIRECTION('ref_axis',(0.37548225569948,0.926829582854815,0.));
#3948=DIRECTION('',(0.,0.,1.));
#3949=DIRECTION('center_axis',(0.,1.,0.));
#3950=DIRECTION('ref_axis',(1.,0.,0.));
#3951=DIRECTION('',(-0.816603094345641,0.,-0.577199606986287));
#3952=DIRECTION('center_axis',(0.,0.,-1.));
#3953=DIRECTION('ref_axis',(-0.380464315468926,-0.924795601554615,0.));
#3954=DIRECTION('',(0.,0.,1.));
#3955=DIRECTION('center_axis',(0.,0.,-1.));
#3956=DIRECTION('ref_axis',(-0.380464315468926,-0.924795601554615,0.));
#3957=DIRECTION('center_axis',(0.,0.,-1.));
#3958=DIRECTION('ref_axis',(-1.,0.,0.));
#3959=DIRECTION('',(-1.,0.,0.));
#3960=DIRECTION('',(0.707199795792416,-0.707013754343694,0.));
#3961=DIRECTION('',(1.,0.,0.));
#3962=DIRECTION('center_axis',(0.,0.,1.));
#3963=DIRECTION('ref_axis',(-0.382502677823416,-0.923954382779754,0.));
#3964=DIRECTION('',(0.707383402915834,-0.706830051199873,0.));
#3965=DIRECTION('',(0.707383402915834,-0.706830051199873,0.));
#3966=DIRECTION('',(1.,0.,0.));
#3967=DIRECTION('center_axis',(0.,0.,-1.));
#3968=DIRECTION('ref_axis',(1.,-4.60494320000065E-14,0.));
#3969=DIRECTION('center_axis',(0.,0.,1.));
#3970=DIRECTION('ref_axis',(1.,0.,0.));
#3971=DIRECTION('center_axis',(0.,0.,-1.));
#3972=DIRECTION('ref_axis',(0.707106781186548,0.707106781186548,0.));
#3973=DIRECTION('center_axis',(0.,0.,-1.));
#3974=DIRECTION('ref_axis',(1.,0.,0.));
#3975=DIRECTION('center_axis',(0.,0.,-1.));
#3976=DIRECTION('ref_axis',(1.,0.,0.));
#3977=DIRECTION('center_axis',(0.,0.,-1.));
#3978=DIRECTION('ref_axis',(1.,0.,0.));
#3979=DIRECTION('center_axis',(0.,0.,-1.));
#3980=DIRECTION('ref_axis',(1.,-5.75617900000077E-15,0.));
#3981=DIRECTION('center_axis',(0.,0.,-1.));
#3982=DIRECTION('ref_axis',(1.,0.,0.));
#3983=DIRECTION('center_axis',(0.,0.,-1.));
#3984=DIRECTION('ref_axis',(1.,-1.15123580000017E-14,0.));
#3985=DIRECTION('center_axis',(0.,0.,1.));
#3986=DIRECTION('ref_axis',(1.,0.,0.));
#3987=DIRECTION('',(-1.,0.,0.));
#3988=DIRECTION('center_axis',(0.,0.,-1.));
#3989=DIRECTION('ref_axis',(0.707106781186544,-0.707106781186551,0.));
#3990=DIRECTION('center_axis',(0.,0.,-1.));
#3991=DIRECTION('ref_axis',(1.,0.,0.));
#3992=DIRECTION('center_axis',(0.,0.,-1.));
#3993=DIRECTION('ref_axis',(-0.382502677823416,-0.923954382779754,0.));
#3994=DIRECTION('center_axis',(0.,0.,1.));
#3995=DIRECTION('ref_axis',(-0.382502677823416,-0.923954382779754,0.));
#3996=DIRECTION('',(0.,0.,1.));
#3997=DIRECTION('',(0.,0.,-1.));
#3998=DIRECTION('',(0.,0.,-1.));
#3999=DIRECTION('center_axis',(0.,1.,0.));
#4000=DIRECTION('ref_axis',(1.,0.,0.));
#4001=DIRECTION('',(-0.816532386976104,0.,-0.577299628459179));
#4002=DIRECTION('',(0.,0.,-1.));
#4003=DIRECTION('',(-1.,0.,0.));
#4004=DIRECTION('',(0.,0.,-1.));
#4005=DIRECTION('center_axis',(0.,0.,-1.));
#4006=DIRECTION('ref_axis',(0.38262266282042,0.923904701739422,0.));
#4007=DIRECTION('center_axis',(0.,0.,1.));
#4008=DIRECTION('ref_axis',(0.38262266282042,0.923904701739422,0.));
#4009=DIRECTION('',(0.,0.,1.));
#4010=DIRECTION('',(0.,0.,-1.));
#4011=DIRECTION('',(0.,0.,-1.));
#4012=DIRECTION('center_axis',(0.,-1.,0.));
#4013=DIRECTION('ref_axis',(-1.,0.,0.));
#4014=DIRECTION('',(0.816603094345641,0.,0.577199606986287));
#4015=DIRECTION('',(0.,0.,-1.));
#4016=DIRECTION('',(1.,0.,0.));
#4017=DIRECTION('',(0.,0.,-1.));
#4018=DIRECTION('center_axis',(-0.49993422008858,-0.500065771258554,0.707106781186556));
#4019=DIRECTION('ref_axis',(0.816532386976104,0.,0.577299628459179));
#4020=DIRECTION('',(0.816532386976104,0.,0.577299628459179));
#4021=DIRECTION('center_axis',(-0.707013754343694,-0.707199795792416,0.));
#4022=DIRECTION('ref_axis',(-0.707199795792416,0.707013754343694,0.));
#4023=DIRECTION('',(0.707199795792416,-0.707013754343694,0.));
#4024=DIRECTION('center_axis',(-0.499804322349857,-0.500195601100595,0.707106781186558));
#4025=DIRECTION('ref_axis',(0.816603094345641,0.,0.577199606986287));
#4026=DIRECTION('center_axis',(0.,-0.707106781186555,0.70710678118654));
#4027=DIRECTION('ref_axis',(1.,0.,0.));
#4028=DIRECTION('center_axis',(-0.706830051199873,-0.707383402915834,0.));
#4029=DIRECTION('ref_axis',(-0.707383402915834,0.706830051199873,0.));
#4030=DIRECTION('',(-0.707383402915834,0.706830051199873,0.));
#4031=DIRECTION('center_axis',(0.,0.,-1.));
#4032=DIRECTION('ref_axis',(-1.,0.,0.));
#4033=DIRECTION('',(0.,-1.,0.));
#4034=DIRECTION('center_axis',(0.,0.,-1.));
#4035=DIRECTION('ref_axis',(-1.,0.,0.));
#4036=DIRECTION('',(0.,1.,0.));
#4037=DIRECTION('center_axis',(1.,0.,0.));
#4038=DIRECTION('ref_axis',(0.,-1.,0.));
#4039=DIRECTION('center_axis',(-1.,0.,0.));
#4040=DIRECTION('ref_axis',(0.,1.,0.));
#4041=DIRECTION('center_axis',(0.,-1.,0.));
#4042=DIRECTION('ref_axis',(-1.,0.,0.));
#4043=DIRECTION('center_axis',(0.,0.,-1.));
#4044=DIRECTION('ref_axis',(-0.707106781186548,0.707106781186548,0.));
#4045=DIRECTION('',(0.,0.,-1.));
#4046=DIRECTION('center_axis',(0.,0.,1.));
#4047=DIRECTION('ref_axis',(-0.707106781186548,0.707106781186548,0.));
#4048=DIRECTION('center_axis',(0.,1.,0.));
#4049=DIRECTION('ref_axis',(1.,0.,0.));
#4050=DIRECTION('',(0.,0.,1.));
#4051=DIRECTION('',(-1.,0.,0.));
#4052=DIRECTION('',(0.,0.,1.));
#4053=DIRECTION('',(1.,0.,0.));
#4054=DIRECTION('center_axis',(0.,0.,-1.));
#4055=DIRECTION('ref_axis',(0.707106781186544,-0.707106781186551,0.));
#4056=DIRECTION('',(0.,0.,-1.));
#4057=DIRECTION('center_axis',(0.,0.,1.));
#4058=DIRECTION('ref_axis',(0.707106781186544,-0.707106781186551,0.));
#4059=DIRECTION('center_axis',(0.,-1.,0.));
#4060=DIRECTION('ref_axis',(-1.,0.,0.));
#4061=DIRECTION('',(-1.,0.,0.));
#4062=DIRECTION('',(0.,0.,1.));
#4063=DIRECTION('',(1.,0.,0.));
#4064=DIRECTION('',(0.,0.,1.));
#4065=DIRECTION('',(-1.,0.,0.));
#4066=DIRECTION('center_axis',(0.,0.,-1.));
#4067=DIRECTION('ref_axis',(-0.707106781186548,-0.707106781186548,0.));
#4068=DIRECTION('center_axis',(0.,0.,1.));
#4069=DIRECTION('ref_axis',(-0.707106781186548,-0.707106781186548,0.));
#4070=DIRECTION('center_axis',(0.,0.,-1.));
#4071=DIRECTION('ref_axis',(0.707106781186548,0.707106781186548,0.));
#4072=DIRECTION('center_axis',(0.,0.,1.));
#4073=DIRECTION('ref_axis',(0.707106781186548,0.707106781186548,0.));
#4074=DIRECTION('center_axis',(0.,0.,1.));
#4075=DIRECTION('ref_axis',(1.,0.,0.));
#4076=DIRECTION('center_axis',(0.,0.,1.));
#4077=DIRECTION('ref_axis',(-0.707106781186544,-0.707106781186551,0.));
#4078=DIRECTION('',(0.,-1.,0.));
#4079=DIRECTION('center_axis',(0.,0.,1.));
#4080=DIRECTION('ref_axis',(-4.44089209850058E-15,1.,0.));
#4081=DIRECTION('',(-1.,0.,0.));
#4082=DIRECTION('center_axis',(0.,0.,1.));
#4083=DIRECTION('ref_axis',(0.707106781186548,0.707106781186548,0.));
#4084=DIRECTION('',(-1.,0.,0.));
#4085=DIRECTION('',(0.,-1.,0.));
#4086=DIRECTION('center_axis',(0.,0.,1.));
#4087=DIRECTION('ref_axis',(1.,0.,0.));
#4088=DIRECTION('center_axis',(0.,0.,1.));
#4089=DIRECTION('ref_axis',(-0.707106781186544,0.707106781186551,0.));
#4090=DIRECTION('',(-1.,0.,0.));
#4091=DIRECTION('center_axis',(0.,0.,1.));
#4092=DIRECTION('ref_axis',(1.,-4.44089209850056E-15,0.));
#4093=DIRECTION('',(0.,1.,0.));
#4094=DIRECTION('center_axis',(0.,0.,1.));
#4095=DIRECTION('ref_axis',(0.707106781186548,-0.707106781186548,0.));
#4096=DIRECTION('',(0.,1.,0.));
#4097=DIRECTION('',(-1.,0.,0.));
#4098=DIRECTION('center_axis',(0.,0.,1.));
#4099=DIRECTION('ref_axis',(1.,0.,0.));
#4100=DIRECTION('',(0.,-1.,0.));
#4101=DIRECTION('',(1.,0.,0.));
#4102=DIRECTION('center_axis',(0.,0.,1.));
#4103=DIRECTION('ref_axis',(0.707106781186548,-0.707106781186548,0.));
#4104=DIRECTION('',(1.,0.,0.));
#4105=DIRECTION('center_axis',(0.,0.,1.));
#4106=DIRECTION('ref_axis',(-1.,8.88178419700132E-15,0.));
#4107=DIRECTION('',(0.,-1.,0.));
#4108=DIRECTION('center_axis',(0.,0.,1.));
#4109=DIRECTION('ref_axis',(-0.707106781186548,0.707106781186548,0.));
#4110=DIRECTION('center_axis',(0.,0.,1.));
#4111=DIRECTION('ref_axis',(1.,0.,0.));
#4112=DIRECTION('',(1.,0.,0.));
#4113=DIRECTION('',(0.,1.,0.));
#4114=DIRECTION('center_axis',(0.,0.,1.));
#4115=DIRECTION('ref_axis',(0.707106781186548,0.707106781186548,0.));
#4116=DIRECTION('',(0.,1.,0.));
#4117=DIRECTION('center_axis',(0.,0.,1.));
#4118=DIRECTION('ref_axis',(0.707106781186548,-0.707106781186548,0.));
#4119=DIRECTION('',(1.,0.,0.));
#4120=DIRECTION('center_axis',(0.,0.,1.));
#4121=DIRECTION('ref_axis',(-0.707106781186548,-0.707106781186548,0.));
#4122=DIRECTION('center_axis',(0.,0.,-1.));
#4123=DIRECTION('ref_axis',(-4.44089209850058E-15,1.,0.));
#4124=DIRECTION('',(0.,0.,-1.));
#4125=DIRECTION('',(0.,0.,-1.));
#4126=DIRECTION('center_axis',(0.,0.,1.));
#4127=DIRECTION('ref_axis',(-0.707106781186544,-0.707106781186551,0.));
#4128=DIRECTION('center_axis',(0.,0.,-1.));
#4129=DIRECTION('ref_axis',(-0.707106781186544,-0.707106781186551,0.));
#4130=DIRECTION('',(0.,0.,-1.));
#4131=DIRECTION('center_axis',(0.,0.,-1.));
#4132=DIRECTION('ref_axis',(1.,-4.44089209850056E-15,0.));
#4133=DIRECTION('',(0.,0.,-1.));
#4134=DIRECTION('',(0.,0.,-1.));
#4135=DIRECTION('center_axis',(0.,1.,0.));
#4136=DIRECTION('ref_axis',(-1.,0.,0.));
#4137=DIRECTION('',(0.,0.,-1.));
#4138=DIRECTION('',(0.,0.,1.));
#4139=DIRECTION('center_axis',(0.,0.,1.));
#4140=DIRECTION('ref_axis',(-0.707106781186544,0.707106781186551,0.));
#4141=DIRECTION('center_axis',(0.,0.,1.));
#4142=DIRECTION('ref_axis',(0.707106781186548,-0.707106781186548,0.));
#4143=DIRECTION('',(0.,0.,-1.));
#4144=DIRECTION('center_axis',(-1.,0.,0.));
#4145=DIRECTION('ref_axis',(0.,-1.,0.));
#4146=DIRECTION('',(9.1990658762326E-17,1.,0.));
#4147=DIRECTION('',(0.,0.,1.));
#4148=DIRECTION('',(0.,0.,-1.));
#4149=DIRECTION('center_axis',(0.,0.,-1.));
#4150=DIRECTION('ref_axis',(0.707106781186548,-0.707106781186548,0.));
#4151=DIRECTION('',(0.,0.,1.));
#4152=DIRECTION('',(0.,0.,-1.));
#4153=DIRECTION('center_axis',(1.,0.,0.));
#4154=DIRECTION('ref_axis',(0.,1.,0.));
#4155=DIRECTION('',(0.,0.,-1.));
#4156=DIRECTION('',(0.,0.,1.));
#4157=DIRECTION('center_axis',(0.,0.,1.));
#4158=DIRECTION('ref_axis',(0.707106781186548,0.707106781186548,0.));
#4159=DIRECTION('center_axis',(0.,0.,-1.));
#4160=DIRECTION('ref_axis',(-1.,8.88178419700132E-15,0.));
#4161=DIRECTION('',(0.,0.,-1.));
#4162=DIRECTION('center_axis',(0.,-1.,0.));
#4163=DIRECTION('ref_axis',(1.,0.,0.));
#4164=DIRECTION('',(0.,0.,1.));
#4165=DIRECTION('center_axis',(0.,0.,-1.));
#4166=DIRECTION('ref_axis',(-1.,0.,0.));
#4167=DIRECTION('center_axis',(0.,0.,-1.));
#4168=DIRECTION('ref_axis',(-0.707106781186548,0.707106781186548,0.));
#4169=DIRECTION('center_axis',(0.,0.,1.));
#4170=DIRECTION('ref_axis',(0.707106781186548,-0.707106781186548,0.));
#4171=DIRECTION('center_axis',(0.,0.,1.));
#4172=DIRECTION('ref_axis',(0.707106781186548,0.707106781186548,0.));
#4173=DIRECTION('center_axis',(0.,0.,-1.));
#4174=DIRECTION('ref_axis',(-1.,0.,0.));
#4175=DIRECTION('',(0.,-1.,0.));
#4176=DIRECTION('',(-1.,0.,0.));
#4177=DIRECTION('center_axis',(0.,0.,-1.));
#4178=DIRECTION('ref_axis',(-1.,0.,0.));
#4179=DIRECTION('',(1.,0.,0.));
#4180=DIRECTION('',(0.,-1.,0.));
#4181=DIRECTION('center_axis',(0.,0.,1.));
#4182=DIRECTION('ref_axis',(-0.707106781186548,0.707106781186548,0.));
#4183=DIRECTION('center_axis',(0.,0.,1.));
#4184=DIRECTION('ref_axis',(-0.707106781186548,-0.707106781186548,0.));
#4185=DIRECTION('center_axis',(0.,-1.,0.));
#4186=DIRECTION('ref_axis',(1.,0.,0.));
#4187=DIRECTION('',(0.,0.,1.));
#4188=DIRECTION('center_axis',(1.,0.,0.));
#4189=DIRECTION('ref_axis',(0.,1.,0.));
#4190=DIRECTION('center_axis',(0.,0.,-1.));
#4191=DIRECTION('ref_axis',(-1.,0.,0.));
#4192=DIRECTION('',(-1.,0.,0.));
#4193=DIRECTION('',(0.,1.,0.));
#4194=DIRECTION('center_axis',(-1.,0.,0.));
#4195=DIRECTION('ref_axis',(0.,-1.,0.));
#4196=DIRECTION('',(0.,0.,1.));
#4197=DIRECTION('center_axis',(0.,-1.,0.));
#4198=DIRECTION('ref_axis',(1.,0.,0.));
#4199=DIRECTION('center_axis',(1.,0.,0.));
#4200=DIRECTION('ref_axis',(0.,1.,0.));
#4201=DIRECTION('',(0.,0.,1.));
#4202=DIRECTION('center_axis',(0.,1.,0.));
#4203=DIRECTION('ref_axis',(-1.,0.,0.));
#4204=DIRECTION('center_axis',(0.,0.,-1.));
#4205=DIRECTION('ref_axis',(-1.,0.,0.));
#4206=DIRECTION('',(0.,1.,0.));
#4207=DIRECTION('',(1.,0.,0.));
#4208=DIRECTION('center_axis',(0.,1.,0.));
#4209=DIRECTION('ref_axis',(-1.,0.,0.));
#4210=DIRECTION('',(0.,0.,1.));
#4211=DIRECTION('center_axis',(-1.,0.,0.));
#4212=DIRECTION('ref_axis',(0.,-1.,0.));
#4213=CARTESIAN_POINT('',(0.,0.,0.));
#4214=CARTESIAN_POINT('Origin',(79.0179919316802,-48.6059364935562,0.));
#4215=CARTESIAN_POINT('',(77.755443776004,-48.6059881397608,2.19341967361942));
#4216=CARTESIAN_POINT('',(77.754331204131,-48.6076668501897,2.05658032638058));
#4217=CARTESIAN_POINT('',(77.7534919316802,-48.6059364935562,0.));
#4218=CARTESIAN_POINT('',(78.0598757789579,-47.7807251946197,2.));
#4219=CARTESIAN_POINT('Ctrl Pts',(77.754331204131,-48.6076668501897,2.05658032638058));
#4220=CARTESIAN_POINT('Ctrl Pts',(77.756919729894,-48.3085128093107,2.03772021758705));
#4221=CARTESIAN_POINT('Ctrl Pts',(77.8642981289869,-48.0078017091926,2.01886010879352));
#4222=CARTESIAN_POINT('Ctrl Pts',(78.0598757789579,-47.7807251946197,2.));
#4223=CARTESIAN_POINT('',(79.9779061562185,-47.7796026146578,2.));
#4224=CARTESIAN_POINT('Origin',(79.0179919316802,-48.6059364935562,2.));
#4225=CARTESIAN_POINT('Ctrl Pts',(79.9779166880135,-47.779596039402,2.));
#4226=CARTESIAN_POINT('Ctrl Pts',(79.7196618857173,-47.481774235078,2.02490816038701));
#4227=CARTESIAN_POINT('Ctrl Pts',(79.3106030859841,-47.3121986556547,2.04981632077402));
#4228=CARTESIAN_POINT('Ctrl Pts',(78.9176876413238,-47.3434569515109,2.07472448116103));
#4229=CARTESIAN_POINT('Ctrl Pts',(78.5048908304432,-47.3762969047841,2.10089298461996));
#4230=CARTESIAN_POINT('Ctrl Pts',(78.1099124015643,-47.6308091617654,2.12706148807889));
#4231=CARTESIAN_POINT('Ctrl Pts',(77.9096238588215,-47.9931117990657,2.15322999153781));
#4232=CARTESIAN_POINT('Ctrl Pts',(77.80708923649,-48.1785870318302,2.16662655223168));
#4233=CARTESIAN_POINT('Ctrl Pts',(77.7555783495769,-48.3923116408473,2.18002311292555));
#4234=CARTESIAN_POINT('Ctrl Pts',(77.755443776004,-48.6059881397608,2.19341967361942));
#4235=CARTESIAN_POINT('Origin',(79.0179919316802,-48.6059364935562,0.));
#4236=CARTESIAN_POINT('',(77.7521413737142,-48.6067141159989,2.69341967361942));
#4237=CARTESIAN_POINT('',(77.751877353716,-48.6053136542272,2.55658032638058));
#4238=CARTESIAN_POINT('',(77.7534919316802,-48.6059364935562,0.));
#4239=CARTESIAN_POINT('Ctrl Pts',(77.751877353716,-48.6053136542272,2.55658032638058));
#4240=CARTESIAN_POINT('Ctrl Pts',(77.7516516403183,-48.5681454351579,2.55423307513287));
#4241=CARTESIAN_POINT('Ctrl Pts',(77.7531497610626,-48.5309957601827,2.55188582388516));
#4242=CARTESIAN_POINT('Ctrl Pts',(77.7564316177223,-48.4940044693189,2.54953857263745));
#4243=CARTESIAN_POINT('Ctrl Pts',(77.7930196384701,-48.0816043379466,2.52337006917853));
#4244=CARTESIAN_POINT('Ctrl Pts',(78.0513094356423,-47.6888898778454,2.4972015657196));
#4245=CARTESIAN_POINT('Ctrl Pts',(78.4154879492665,-47.4919201312011,2.47103306226067));
#4246=CARTESIAN_POINT('Ctrl Pts',(78.7796664628907,-47.2949503845567,2.44486455880175));
#4247=CARTESIAN_POINT('Ctrl Pts',(79.249733692967,-47.2937253513692,2.41869605534282));
#4248=CARTESIAN_POINT('Ctrl Pts',(79.6148911941758,-47.4888741200736,2.39252755188389));
#4249=CARTESIAN_POINT('Ctrl Pts',(79.9800486953846,-47.6840228887779,2.36635904842497));
#4250=CARTESIAN_POINT('Ctrl Pts',(80.2402964677258,-48.0755454593741,2.34019054496604));
#4251=CARTESIAN_POINT('Ctrl Pts',(80.2789665846531,-48.487714421376,2.31402204150711));
#4252=CARTESIAN_POINT('Ctrl Pts',(80.3176367015803,-48.8998833833779,2.28785353804819));
#4253=CARTESIAN_POINT('Ctrl Pts',(80.1347291630936,-49.3326987367854,2.26168503458926));
#4254=CARTESIAN_POINT('Ctrl Pts',(79.8122002276267,-49.5924191711835,2.23551653113033));
#4255=CARTESIAN_POINT('Ctrl Pts',(79.4896712921598,-49.8521396055816,2.20934802767141));
#4256=CARTESIAN_POINT('Ctrl Pts',(79.0275209597127,-49.9387651209703,2.18317952421248));
#4257=CARTESIAN_POINT('Ctrl Pts',(78.6331136823881,-49.8127549851867,2.15701102075356));
#4258=CARTESIAN_POINT('Ctrl Pts',(78.2387064050635,-49.686744849403,2.13084251729463));
#4259=CARTESIAN_POINT('Ctrl Pts',(77.9120421828615,-49.348099062447,2.1046740138357));
#4260=CARTESIAN_POINT('Ctrl Pts',(77.7994932632519,-48.9503616232936,2.07850551037677));
#4261=CARTESIAN_POINT('Ctrl Pts',(77.7680603643487,-48.8392806750422,2.07119711571138));
#4262=CARTESIAN_POINT('Ctrl Pts',(77.7533281363288,-48.7235906669835,2.06388872104598));
#4263=CARTESIAN_POINT('Ctrl Pts',(77.754331204131,-48.6076668501897,2.05658032638058));
#4264=CARTESIAN_POINT('Ctrl Pts',(77.755443776004,-48.6059881397608,2.19341967361942));
#4265=CARTESIAN_POINT('Ctrl Pts',(77.7553154769569,-48.8097019194931,2.20619161638448));
#4266=CARTESIAN_POINT('Ctrl Pts',(77.8018843124849,-49.0133719708254,2.21896355914954));
#4267=CARTESIAN_POINT('Ctrl Pts',(77.8954558070984,-49.1924772584806,2.23173550191459));
#4268=CARTESIAN_POINT('Ctrl Pts',(78.0871749547247,-49.5594470629757,2.25790400537352));
#4269=CARTESIAN_POINT('Ctrl Pts',(78.476211906584,-49.8232936543468,2.28407250883245));
#4270=CARTESIAN_POINT('Ctrl Pts',(78.8880607873531,-49.8657626061618,2.31024101229137));
#4271=CARTESIAN_POINT('Ctrl Pts',(79.2999096681222,-49.9082315579769,2.3364095157503));
#4272=CARTESIAN_POINT('Ctrl Pts',(79.7345704778012,-49.729322870236,2.36257801920922));
#4273=CARTESIAN_POINT('Ctrl Pts',(79.9971638966548,-49.4092333592005,2.38874652266815));
#4274=CARTESIAN_POINT('Ctrl Pts',(80.2597573155084,-49.0891438481649,2.41491502612708));
#4275=CARTESIAN_POINT('Ctrl Pts',(80.3502833435367,-48.6278735138347,2.44108352958601));
#4276=CARTESIAN_POINT('Ctrl Pts',(80.2281355392303,-48.2322750547168,2.46725203304493));
#4277=CARTESIAN_POINT('Ctrl Pts',(80.1059877349239,-47.8366765955989,2.49342053650386));
#4278=CARTESIAN_POINT('Ctrl Pts',(79.771166098283,-47.5067500116933,2.51958903996278));
#4279=CARTESIAN_POINT('Ctrl Pts',(79.3738151923867,-47.3904316936431,2.54575754342171));
#4280=CARTESIAN_POINT('Ctrl Pts',(78.9764642864904,-47.2741133755928,2.57192604688064));
#4281=CARTESIAN_POINT('Ctrl Pts',(78.5165841113387,-47.3714033233979,2.59809455033956));
#4282=CARTESIAN_POINT('Ctrl Pts',(78.2003872137925,-47.6386787825502,2.62426305379849));
#4283=CARTESIAN_POINT('Ctrl Pts',(77.9218448729146,-47.8741255330694,2.64731526040547));
#4284=CARTESIAN_POINT('Ctrl Pts',(77.7548021706127,-48.241482714602,2.67036746701244));
#4285=CARTESIAN_POINT('Ctrl Pts',(77.7521413737142,-48.6067141159989,2.69341967361942));
#4286=CARTESIAN_POINT('Origin',(79.0179919316802,-48.6059364935562,0.));
#4287=CARTESIAN_POINT('',(77.7536545251325,-48.6048473323161,3.19341967361942));
#4288=CARTESIAN_POINT('',(77.7553668927264,-48.6056690658046,3.05658032638058));
#4289=CARTESIAN_POINT('',(77.7534919316802,-48.6059364935562,0.));
#4290=CARTESIAN_POINT('Ctrl Pts',(77.7553668927264,-48.6056690658046,3.05658032638058));
#4291=CARTESIAN_POINT('Ctrl Pts',(77.7549970213269,-48.4142541366379,3.04457742921976));
#4292=CARTESIAN_POINT('Ctrl Pts',(77.7959119698861,-48.2229892513222,3.03257453205895));
#4293=CARTESIAN_POINT('Ctrl Pts',(77.8789406889929,-48.0521976183022,3.02057163489813));
#4294=CARTESIAN_POINT('Ctrl Pts',(78.0599584294622,-47.6798407298313,2.9944031314392));
#4295=CARTESIAN_POINT('Ctrl Pts',(78.4411511203446,-47.4047971953968,2.96823462798028));
#4296=CARTESIAN_POINT('Ctrl Pts',(78.8515875225117,-47.3503992922176,2.94206612452135));
#4297=CARTESIAN_POINT('Ctrl Pts',(79.2620239246787,-47.2960013890385,2.91589762106242));
#4298=CARTESIAN_POINT('Ctrl Pts',(79.7017040381305,-47.4622491171146,2.8897291176035));
#4299=CARTESIAN_POINT('Ctrl Pts',(79.973469879,-47.7745960739597,2.86356061414457));
#4300=CARTESIAN_POINT('Ctrl Pts',(80.2452357198694,-48.0869430308047,2.83739211068564));
#4301=CARTESIAN_POINT('Ctrl Pts',(80.3490872881565,-48.5453892164188,2.81122360722672));
#4302=CARTESIAN_POINT('Ctrl Pts',(80.2384567063372,-48.944359742375,2.78505510376779));
#4303=CARTESIAN_POINT('Ctrl Pts',(80.1278261245179,-49.3433302683313,2.75888660030886));
#4304=CARTESIAN_POINT('Ctrl Pts',(79.8027133925921,-49.6828251346297,2.73271809684994));
#4305=CARTESIAN_POINT('Ctrl Pts',(79.4089021012395,-49.8106152686206,2.70654959339101));
#4306=CARTESIAN_POINT('Ctrl Pts',(79.0150908098869,-49.9384054026115,2.68038108993209));
#4307=CARTESIAN_POINT('Ctrl Pts',(78.5525809591074,-49.8544908042948,2.65421258647316));
#4308=CARTESIAN_POINT('Ctrl Pts',(78.2287691558793,-49.5964906038147,2.62804408301423));
#4309=CARTESIAN_POINT('Ctrl Pts',(77.9340024854898,-49.3616323951355,2.60422283080302));
#4310=CARTESIAN_POINT('Ctrl Pts',(77.7541680227612,-48.9825180636639,2.5804015785918));
#4311=CARTESIAN_POINT('Ctrl Pts',(77.751877353716,-48.6053136542272,2.55658032638058));
#4312=CARTESIAN_POINT('Ctrl Pts',(77.7521413737142,-48.6067141159989,2.69341967361942));
#4313=CARTESIAN_POINT('Ctrl Pts',(77.7517816756974,-48.6560876742795,2.69653597047137));
#4314=CARTESIAN_POINT('Ctrl Pts',(77.7544260241432,-48.7054223843531,2.69965226732332));
#4315=CARTESIAN_POINT('Ctrl Pts',(77.7602050629152,-48.7543871142625,2.70276856417527));
#4316=CARTESIAN_POINT('Ctrl Pts',(77.8087334295247,-49.1655590163229,2.72893706763419));
#4317=CARTESIAN_POINT('Ctrl Pts',(78.0783037826844,-49.5506418499443,2.75510557109312));
#4318=CARTESIAN_POINT('Ctrl Pts',(78.4480368175198,-49.7369606550643,2.78127407455205));
#4319=CARTESIAN_POINT('Ctrl Pts',(78.8177698523551,-49.9232794601844,2.80744257801098));
#4320=CARTESIAN_POINT('Ctrl Pts',(79.2876655688661,-49.9108342368031,2.8336110814699));
#4321=CARTESIAN_POINT('Ctrl Pts',(79.6470175089006,-49.7052052015212,2.85977958492883));
#4322=CARTESIAN_POINT('Ctrl Pts',(80.0063694489351,-49.4995761662393,2.88594808838775));
#4323=CARTESIAN_POINT('Ctrl Pts',(80.2551776124931,-49.1007633190567,2.91211659184668));
#4324=CARTESIAN_POINT('Ctrl Pts',(80.2818732832031,-48.6875992609225,2.93828509530561));
#4325=CARTESIAN_POINT('Ctrl Pts',(80.3085689539131,-48.2744352027884,2.96445359876453));
#4326=CARTESIAN_POINT('Ctrl Pts',(80.1131521317751,-47.8469199337027,2.99062210222346));
#4327=CARTESIAN_POINT('Ctrl Pts',(79.78325012941,-47.5967562947684,3.01679060568239));
#4328=CARTESIAN_POINT('Ctrl Pts',(79.453348127045,-47.3465926558341,3.04295910914131));
#4329=CARTESIAN_POINT('Ctrl Pts',(78.9889609444528,-47.2737806470514,3.06912761260024));
#4330=CARTESIAN_POINT('Ctrl Pts',(78.5983252722446,-47.4109700811335,3.09529611605917));
#4331=CARTESIAN_POINT('Ctrl Pts',(78.2076896000364,-47.5481595152156,3.12146461951809));
#4332=CARTESIAN_POINT('Ctrl Pts',(77.890805438212,-47.8953503921625,3.14763312297702));
#4333=CARTESIAN_POINT('Ctrl Pts',(77.7897674321724,-48.2968581751054,3.17380162643595));
#4334=CARTESIAN_POINT('Ctrl Pts',(77.7645186520512,-48.3971925158733,3.18034097549711));
#4335=CARTESIAN_POINT('Ctrl Pts',(77.7527488071165,-48.5009187820281,3.18688032455826));
#4336=CARTESIAN_POINT('Ctrl Pts',(77.7536545251325,-48.6048473323161,3.19341967361942));
#4337=CARTESIAN_POINT('Origin',(79.0179919316802,-48.6059364935562,0.));
#4338=CARTESIAN_POINT('',(77.7549745267742,-48.6066508714798,3.69341967361942));
#4339=CARTESIAN_POINT('',(77.752720961505,-48.6069261488144,3.55658032638058));
#4340=CARTESIAN_POINT('',(77.7534919316802,-48.6059364935562,0.));
#4341=CARTESIAN_POINT('Ctrl Pts',(77.752720961505,-48.6069261488144,3.55658032638058));
#4342=CARTESIAN_POINT('Ctrl Pts',(77.7556750983438,-48.2633654139817,3.53492178330666));
#4343=CARTESIAN_POINT('Ctrl Pts',(77.9009942925926,-47.9176021405998,3.51326324023273));
#4344=CARTESIAN_POINT('Ctrl Pts',(78.1507189162461,-47.6829511483977,3.49160469715881));
#4345=CARTESIAN_POINT('Ctrl Pts',(78.4524437208901,-47.3994387588466,3.46543619369988));
#4346=CARTESIAN_POINT('Ctrl Pts',(78.9065816544406,-47.278130294236,3.43926769024095));
#4347=CARTESIAN_POINT('Ctrl Pts',(79.3094918704892,-47.3734219052841,3.41309918678203));
#4348=CARTESIAN_POINT('Ctrl Pts',(79.7124020865378,-47.4687135163322,3.3869306833231));
#4349=CARTESIAN_POINT('Ctrl Pts',(80.0640845850847,-47.7806052030391,3.36076217986417));
#4350=CARTESIAN_POINT('Ctrl Pts',(80.2068407508213,-48.1692410396372,3.33459367640525));
#4351=CARTESIAN_POINT('Ctrl Pts',(80.3495969165579,-48.5578768762354,3.30842517294632));
#4352=CARTESIAN_POINT('Ctrl Pts',(80.2834267494842,-49.0232568627249,3.28225666948739));
#4353=CARTESIAN_POINT('Ctrl Pts',(80.0380017443614,-49.3566990525854,3.25608816602847));
#4354=CARTESIAN_POINT('Ctrl Pts',(79.7925767392385,-49.6901412424459,3.22991966256954));
#4355=CARTESIAN_POINT('Ctrl Pts',(79.3678968960663,-49.8916456356774,3.20375115911061));
#4356=CARTESIAN_POINT('Ctrl Pts',(78.9543936937331,-49.8708553261064,3.17758265565169));
#4357=CARTESIAN_POINT('Ctrl Pts',(78.5408904913998,-49.8500650165353,3.15141415219276));
#4358=CARTESIAN_POINT('Ctrl Pts',(78.1385639299055,-49.6069800041617,3.12524564873384));
#4359=CARTESIAN_POINT('Ctrl Pts',(77.9278220441864,-49.2506023767211,3.09907714527491));
#4360=CARTESIAN_POINT('Ctrl Pts',(77.8137426667279,-49.0576870588199,3.0849115389768));
#4361=CARTESIAN_POINT('Ctrl Pts',(77.7558034083907,-48.8315735695113,3.07074593267869));
#4362=CARTESIAN_POINT('Ctrl Pts',(77.7553668927264,-48.6056690658046,3.05658032638058));
#4363=CARTESIAN_POINT('Ctrl Pts',(77.7536545251325,-48.6048473323161,3.19341967361942));
#4364=CARTESIAN_POINT('Ctrl Pts',(77.7563732175604,-48.9168095078873,3.21304882801719));
#4365=CARTESIAN_POINT('Ctrl Pts',(77.8733011912854,-49.2305943027426,3.23267798241496));
#4366=CARTESIAN_POINT('Ctrl Pts',(78.0827105323941,-49.4599350431364,3.25230713681272));
#4367=CARTESIAN_POINT('Ctrl Pts',(78.3618834889101,-49.7656794392859,3.27847564027165));
#4368=CARTESIAN_POINT('Ctrl Pts',(78.8054212521969,-49.921343542646,3.30464414373058));
#4369=CARTESIAN_POINT('Ctrl Pts',(79.2144362217881,-49.8571257140369,3.3308126471895));
#4370=CARTESIAN_POINT('Ctrl Pts',(79.6234511913794,-49.7929078854279,3.35698115064843));
#4371=CARTESIAN_POINT('Ctrl Pts',(79.9979433672752,-49.5088081248497,3.38314965410736));
#4372=CARTESIAN_POINT('Ctrl Pts',(80.1699860039272,-49.132220144362,3.40931815756628));
#4373=CARTESIAN_POINT('Ctrl Pts',(80.3420286405793,-48.7556321638744,3.43548666102521));
#4374=CARTESIAN_POINT('Ctrl Pts',(80.3116217379876,-48.2865559634773,3.46165516448414));
#4375=CARTESIAN_POINT('Ctrl Pts',(80.092400113861,-47.9353308860985,3.48782366794306));
#4376=CARTESIAN_POINT('Ctrl Pts',(79.8731784897344,-47.5841058087198,3.51399217140199));
#4377=CARTESIAN_POINT('Ctrl Pts',(79.4651421440728,-47.3507318543594,3.54016067486091));
#4378=CARTESIAN_POINT('Ctrl Pts',(79.0512594239686,-47.3398566787883,3.56632917831984));
#4379=CARTESIAN_POINT('Ctrl Pts',(78.6373767038643,-47.3289815032173,3.59249768177877));
#4380=CARTESIAN_POINT('Ctrl Pts',(78.2176476093174,-47.5406051064356,3.6186661852377));
#4381=CARTESIAN_POINT('Ctrl Pts',(77.9802836558372,-47.8798329489546,3.64483468869662));
#4382=CARTESIAN_POINT('Ctrl Pts',(77.8333853802168,-48.0897720925266,3.66102968367089));
#4383=CARTESIAN_POINT('Ctrl Pts',(77.756333771896,-48.34858423231,3.67722467864516));
#4384=CARTESIAN_POINT('Ctrl Pts',(77.7549745267742,-48.6066508714798,3.69341967361942));
#4385=CARTESIAN_POINT('Origin',(79.0179919316802,-48.6059364935562,0.));
#4386=CARTESIAN_POINT('',(77.7514836056009,-48.6060260020152,4.19341967361942));
#4387=CARTESIAN_POINT('',(77.7530099452494,-48.6048881174619,4.05658032638058));
#4388=CARTESIAN_POINT('',(77.7534919316802,-48.6059364935562,0.));
#4389=CARTESIAN_POINT('Ctrl Pts',(77.7530099452494,-48.6048881174619,4.05658032638058));
#4390=CARTESIAN_POINT('Ctrl Pts',(77.7522872680591,-48.5232158857315,4.05143464085247));
#4391=CARTESIAN_POINT('Ctrl Pts',(77.7595367721081,-48.4416713196805,4.04628895532437));
#4392=CARTESIAN_POINT('Ctrl Pts',(77.7752309497046,-48.361785779864,4.04114326979626));
#4393=CARTESIAN_POINT('Ctrl Pts',(77.8550440549702,-47.9555260087242,4.01497476633733));
#4394=CARTESIAN_POINT('Ctrl Pts',(78.1532579255897,-47.5921728813219,3.98880626287841));
#4395=CARTESIAN_POINT('Ctrl Pts',(78.5361499171621,-47.4346582591485,3.96263775941948));
#4396=CARTESIAN_POINT('Ctrl Pts',(78.9190419087345,-47.2771436369751,3.93646925596056));
#4397=CARTESIAN_POINT('Ctrl Pts',(79.3866120212599,-47.3254675200306,3.91030075250163));
#4398=CARTESIAN_POINT('Ctrl Pts',(79.7291962583732,-47.5579609046423,3.8841322490427));
#4399=CARTESIAN_POINT('Ctrl Pts',(80.0717804954865,-47.7904542892539,3.85796374558378));
#4400=CARTESIAN_POINT('Ctrl Pts',(80.2893788571879,-48.2071171754217,3.83179524212485));
#4401=CARTESIAN_POINT('Ctrl Pts',(80.2844176515055,-48.6211129723778,3.80562673866593));
#4402=CARTESIAN_POINT('Ctrl Pts',(80.2794564458233,-49.0351087693338,3.779458235207));
#4403=CARTESIAN_POINT('Ctrl Pts',(80.0519356727574,-49.4464374770782,3.75328973174807));
#4404=CARTESIAN_POINT('Ctrl Pts',(79.7038783515181,-49.6706544132877,3.72712122828914));
#4405=CARTESIAN_POINT('Ctrl Pts',(79.3558210302787,-49.8948713494973,3.70095272483022));
#4406=CARTESIAN_POINT('Ctrl Pts',(78.8872271608661,-49.9319765141722,3.67478422137129));
#4407=CARTESIAN_POINT('Ctrl Pts',(78.5082198042719,-49.7653315111904,3.64861571791237));
#4408=CARTESIAN_POINT('Ctrl Pts',(78.1292124476778,-49.5986865082086,3.62244721445344));
#4409=CARTESIAN_POINT('Ctrl Pts',(77.8397916039022,-49.2282913375702,3.59627871099451));
#4410=CARTESIAN_POINT('Ctrl Pts',(77.7697370198833,-48.8202355950052,3.57011020753558));
#4411=CARTESIAN_POINT('Ctrl Pts',(77.7576635973733,-48.7499100130808,3.56560024715058));
#4412=CARTESIAN_POINT('Ctrl Pts',(77.7521058213237,-48.6784658317307,3.56109028676558));
#4413=CARTESIAN_POINT('Ctrl Pts',(77.752720961505,-48.6069261488144,3.55658032638058));
#4414=CARTESIAN_POINT('Ctrl Pts',(77.7549745267742,-48.6066508714798,3.69341967361942));
#4415=CARTESIAN_POINT('Ctrl Pts',(77.7541374507036,-48.7655783561414,3.70339318210408));
#4416=CARTESIAN_POINT('Ctrl Pts',(77.7820072783312,-48.9242231040325,3.71336669058874));
#4417=CARTESIAN_POINT('Ctrl Pts',(77.8399493397129,-49.0709961399121,3.7233401990734));
#4418=CARTESIAN_POINT('Ctrl Pts',(77.9919777894821,-49.4560994065308,3.74950870253233));
#4419=CARTESIAN_POINT('Ctrl Pts',(78.351033501434,-49.7594738579487,3.77567720599126));
#4420=CARTESIAN_POINT('Ctrl Pts',(78.7561116263619,-49.845082783923,3.80184570945018));
#4421=CARTESIAN_POINT('Ctrl Pts',(79.1611897512899,-49.9306917098973,3.82801421290911));
#4422=CARTESIAN_POINT('Ctrl Pts',(79.612290289194,-49.798535110428,3.85418271636803));
#4423=CARTESIAN_POINT('Ctrl Pts',(79.907134396698,-49.5078735756806,3.88035121982696));
#4424=CARTESIAN_POINT('Ctrl Pts',(80.201978504202,-49.2172120409331,3.90651972328589));
#4425=CARTESIAN_POINT('Ctrl Pts',(80.3405661813059,-48.7680455709073,3.93268822674481));
#4426=CARTESIAN_POINT('Ctrl Pts',(80.2607530662409,-48.3617857498873,3.95885673020374));
#4427=CARTESIAN_POINT('Ctrl Pts',(80.180939951176,-47.9555259288673,3.98502523366267));
#4428=CARTESIAN_POINT('Ctrl Pts',(79.8827260439421,-47.592172756853,4.01119373712159));
#4429=CARTESIAN_POINT('Ctrl Pts',(79.4998340053586,-47.43465811534,4.03736224058052));
#4430=CARTESIAN_POINT('Ctrl Pts',(79.116941966775,-47.2771434738271,4.06353074403945));
#4431=CARTESIAN_POINT('Ctrl Pts',(78.6493717968418,-47.3254673628155,4.08969924749837));
#4432=CARTESIAN_POINT('Ctrl Pts',(78.3067875176662,-47.5579607759726,4.1158677509573));
#4433=CARTESIAN_POINT('Ctrl Pts',(77.9683645280395,-47.7876301470789,4.14171839184467));
#4434=CARTESIAN_POINT('Ctrl Pts',(77.7519095224422,-48.1970220888397,4.16756903273205));
#4435=CARTESIAN_POINT('Ctrl Pts',(77.7514836056009,-48.6060260020152,4.19341967361942));
#4436=CARTESIAN_POINT('Origin',(79.0179919316802,-48.6059364935562,0.));
#4437=CARTESIAN_POINT('',(77.7547821239553,-48.6051090932276,4.69341967361942));
#4438=CARTESIAN_POINT('',(77.7552830299009,-48.6063546386176,4.55658032638058));
#4439=CARTESIAN_POINT('',(77.7534919316802,-48.6059364935562,0.));
#4440=CARTESIAN_POINT('Ctrl Pts',(77.7552830299009,-48.6063546386176,4.55658032638058));
#4441=CARTESIAN_POINT('Ctrl Pts',(77.7559992076528,-48.3703512946255,4.54177899493937));
#4442=CARTESIAN_POINT('Ctrl Pts',(77.819588578264,-48.1339895638963,4.52697766349815));
#4443=CARTESIAN_POINT('Ctrl Pts',(77.9435838814149,-47.9353309684355,4.51217633205694));
#4444=CARTESIAN_POINT('Ctrl Pts',(78.1628054786261,-47.5841059341805,4.48600782859801));
#4445=CARTESIAN_POINT('Ctrl Pts',(78.5708417741884,-47.3507320084723,4.45983932513909));
#4446=CARTESIAN_POINT('Ctrl Pts',(78.9847244434763,-47.3398568342362,4.43367082168016));
#4447=CARTESIAN_POINT('Ctrl Pts',(79.3986071127641,-47.32898166,4.40750231822123));
#4448=CARTESIAN_POINT('Ctrl Pts',(79.8183361557775,-47.5406052372361,4.38133381476231));
#4449=CARTESIAN_POINT('Ctrl Pts',(80.0557000801144,-47.8798330381052,4.35516531130338));
#4450=CARTESIAN_POINT('Ctrl Pts',(80.2930640044514,-48.2190608389743,4.32899680784445));
#4451=CARTESIAN_POINT('Ctrl Pts',(80.3480628101119,-48.6858928634764,4.30282830438553));
#4452=CARTESIAN_POINT('Ctrl Pts',(80.1960343790085,-49.0709960828124,4.2766598009266));
#4453=CARTESIAN_POINT('Ctrl Pts',(80.0440059479051,-49.4560993021484,4.25049129746767));
#4454=CARTESIAN_POINT('Ctrl Pts',(79.6849502800379,-49.7594737163184,4.22432279400875));
#4455=CARTESIAN_POINT('Ctrl Pts',(79.2798722048451,-49.8450826317817,4.19815429054982));
#4456=CARTESIAN_POINT('Ctrl Pts',(78.8747941296523,-49.930691547245,4.17198578709089));
#4457=CARTESIAN_POINT('Ctrl Pts',(78.4236936471339,-49.7985349640018,4.14581728363197));
#4458=CARTESIAN_POINT('Ctrl Pts',(78.1288495758306,-49.5078734649415,4.11964878017304));
#4459=CARTESIAN_POINT('Ctrl Pts',(77.8919826400228,-49.2743666545946,4.09862596224222));
#4460=CARTESIAN_POINT('Ctrl Pts',(77.7559624597223,-48.9385619201639,4.0776031443114));
#4461=CARTESIAN_POINT('Ctrl Pts',(77.7530099452494,-48.6048881174619,4.05658032638058));
#4462=CARTESIAN_POINT('Ctrl Pts',(77.7514836056009,-48.6060260020152,4.19341967361942));
#4463=CARTESIAN_POINT('Ctrl Pts',(77.7514783684765,-48.61105516304,4.19373753619098));
#4464=CARTESIAN_POINT('Ctrl Pts',(77.7515057937744,-48.6160842653969,4.19405539876253));
#4465=CARTESIAN_POINT('Ctrl Pts',(77.7515660563642,-48.6211129742414,4.19437326133408));
#4466=CARTESIAN_POINT('Ctrl Pts',(77.7565272626557,-49.0351088220273,4.22054176479301));
#4467=CARTESIAN_POINT('Ctrl Pts',(77.9840480636564,-49.4464375802734,4.24671026825193));
#4468=CARTESIAN_POINT('Ctrl Pts',(78.3321054276299,-49.6706545440125,4.27287877171086));
#4469=CARTESIAN_POINT('Ctrl Pts',(78.6801627916034,-49.8948715077516,4.29904727516979));
#4470=CARTESIAN_POINT('Ctrl Pts',(79.1487567185496,-49.9319766769838,4.32521577862871));
#4471=CARTESIAN_POINT('Ctrl Pts',(79.5277641216779,-49.7653316535407,4.35138428208764));
#4472=CARTESIAN_POINT('Ctrl Pts',(79.9067715248063,-49.5986866300976,4.37755278554656));
#4473=CARTESIAN_POINT('Ctrl Pts',(80.1961924041167,-49.2282914139792,4.40372128900549));
#4474=CARTESIAN_POINT('Ctrl Pts',(80.2662469967369,-48.820235621315,4.42988979246442));
#4475=CARTESIAN_POINT('Ctrl Pts',(80.3363015893571,-48.4121798286509,4.45605829592334));
#4476=CARTESIAN_POINT('Ctrl Pts',(80.186989895287,-47.9664634594409,4.48222679938227));
#4477=CARTESIAN_POINT('Ctrl Pts',(79.8852650535975,-47.6829510350775,4.5083953028412));
#4478=CARTESIAN_POINT('Ctrl Pts',(79.5835402119079,-47.399438610714,4.53456380630012));
#4479=CARTESIAN_POINT('Ctrl Pts',(79.129402222599,-47.278130131197,4.56073230975905));
#4480=CARTESIAN_POINT('Ctrl Pts',(78.7264919570812,-47.3734217539508,4.58690081321798));
#4481=CARTESIAN_POINT('Ctrl Pts',(78.3235816915634,-47.4687133767045,4.6130693166769));
#4482=CARTESIAN_POINT('Ctrl Pts',(77.9718991498367,-47.780605101729,4.63923782013583));
#4483=CARTESIAN_POINT('Ctrl Pts',(77.8291429665732,-48.1692409860323,4.66540632359475));
#4484=CARTESIAN_POINT('Ctrl Pts',(77.7782028617225,-48.3079190610729,4.67474410693631));
#4485=CARTESIAN_POINT('Ctrl Pts',(77.7538652933589,-48.4563689490738,4.68408189027787));
#4486=CARTESIAN_POINT('Ctrl Pts',(77.7547821239553,-48.6051090932276,4.69341967361942));
#4487=CARTESIAN_POINT('Origin',(79.0179919316802,-48.6059364935562,0.));
#4488=CARTESIAN_POINT('',(77.7539400480716,-48.6070052681198,5.19341967361942));
#4489=CARTESIAN_POINT('',(77.751698589424,-48.6064009170189,5.05658032638058));
#4490=CARTESIAN_POINT('',(77.7534919316802,-48.6059364935562,0.));
#4491=CARTESIAN_POINT('Ctrl Pts',(77.751698589424,-48.6064009170189,5.05658032638058));
#4492=CARTESIAN_POINT('Ctrl Pts',(77.7535524536465,-48.2192714454443,5.03212334902626));
#4493=CARTESIAN_POINT('Ctrl Pts',(77.9444087904107,-47.8305583137974,5.00766637167194));
#4494=CARTESIAN_POINT('Ctrl Pts',(78.2527338279327,-47.5967564187138,4.98320939431762));
#4495=CARTESIAN_POINT('Ctrl Pts',(78.5826357898137,-47.3465928105311,4.95704089085869));
#4496=CARTESIAN_POINT('Ctrl Pts',(79.0470229153416,-47.2737808106112,4.93087238739976));
#4497=CARTESIAN_POINT('Ctrl Pts',(79.4376585395768,-47.4109702278305,4.90470388394084));
#4498=CARTESIAN_POINT('Ctrl Pts',(79.8282941638119,-47.5481596450498,4.87853538048191));
#4499=CARTESIAN_POINT('Ctrl Pts',(80.1451782867543,-47.8953504794082,4.85236687702298));
#4500=CARTESIAN_POINT('Ctrl Pts',(80.2462162803944,-48.2968582130639,4.82619837356405));
#4501=CARTESIAN_POINT('Ctrl Pts',(80.3472542740345,-48.6983659467196,4.80002987010513));
#4502=CARTESIAN_POINT('Ctrl Pts',(80.2324461383723,-49.1541905796727,4.7738613666462));
#4503=CARTESIAN_POINT('Ctrl Pts',(79.9532732161298,-49.4599349382781,4.74769286318728));
#4504=CARTESIAN_POINT('Ctrl Pts',(79.6741002938873,-49.7656792968836,4.72152435972835));
#4505=CARTESIAN_POINT('Ctrl Pts',(79.2305625850645,-49.9213433811416,4.69535585626942));
#4506=CARTESIAN_POINT('Ctrl Pts',(78.8215476656934,-49.8571255604196,4.6691873528105));
#4507=CARTESIAN_POINT('Ctrl Pts',(78.4125327463223,-49.7929077396977,4.64301884935157));
#4508=CARTESIAN_POINT('Ctrl Pts',(78.0380406164028,-49.5088080139959,4.61685034589264));
#4509=CARTESIAN_POINT('Ctrl Pts',(77.8659980008732,-49.1322200797441,4.59068184243372));
#4510=CARTESIAN_POINT('Ctrl Pts',(77.791265488631,-48.9686364099651,4.579314670416));
#4511=CARTESIAN_POINT('Ctrl Pts',(77.7547330175095,-48.7876012121821,4.56794749839829));
#4512=CARTESIAN_POINT('Ctrl Pts',(77.7552830299009,-48.6063546386176,4.55658032638058));
#4513=CARTESIAN_POINT('Ctrl Pts',(77.7547821239553,-48.6051090932276,4.69341967361942));
#4514=CARTESIAN_POINT('Ctrl Pts',(77.7564346488209,-48.8732030985071,4.71025039373679));
#4515=CARTESIAN_POINT('Ctrl Pts',(77.8401326889822,-49.1422400767579,4.72708111385416));
#4516=CARTESIAN_POINT('Ctrl Pts',(77.9979819937638,-49.3566991447397,4.74391183397153));
#4517=CARTESIAN_POINT('Ctrl Pts',(78.2434070290184,-49.6901413755618,4.77008033743046));
#4518=CARTESIAN_POINT('Ctrl Pts',(78.6680869243281,-49.891645793624,4.79624884088939));
#4519=CARTESIAN_POINT('Ctrl Pts',(79.0815901774342,-49.8708554814582,4.82241734434832));
#4520=CARTESIAN_POINT('Ctrl Pts',(79.4950934305403,-49.8500651692924,4.84858584780724));
#4521=CARTESIAN_POINT('Ctrl Pts',(79.8974200414429,-49.6069801268986,4.87475435126617));
#4522=CARTESIAN_POINT('Ctrl Pts',(80.1081619530288,-49.2506024557831,4.90092285472509));
#4523=CARTESIAN_POINT('Ctrl Pts',(80.3189038646147,-48.8942247846677,4.92709135818402));
#4524=CARTESIAN_POINT('Ctrl Pts',(80.3380610768839,-48.4245544848306,4.95325986164295));
#4525=CARTESIAN_POINT('Ctrl Pts',(80.1570433142078,-48.0521975504877,4.97942836510187));
#4526=CARTESIAN_POINT('Ctrl Pts',(79.9760255515316,-47.6798406161448,5.0055968685608));
#4527=CARTESIAN_POINT('Ctrl Pts',(79.5948328139101,-47.4047970472961,5.03176537201973));
#4528=CARTESIAN_POINT('Ctrl Pts',(79.1843963613077,-47.3503991377308,5.05793387547865));
#4529=CARTESIAN_POINT('Ctrl Pts',(78.7739599087054,-47.2960012281655,5.08410237893758));
#4530=CARTESIAN_POINT('Ctrl Pts',(78.3342797411221,-47.4622489778836,5.1102708823965));
#4531=CARTESIAN_POINT('Ctrl Pts',(78.0625138669817,-47.7745959725266,5.13643938585543));
#4532=CARTESIAN_POINT('Ctrl Pts',(77.8652627741778,-48.0013013534808,5.15543281511009));
#4533=CARTESIAN_POINT('Ctrl Pts',(77.7564695885178,-48.3049723886172,5.17442624436476));
#4534=CARTESIAN_POINT('Ctrl Pts',(77.7539400480716,-48.6070052681198,5.19341967361942));
#4535=CARTESIAN_POINT('Origin',(79.0179919316802,-48.6059364935562,0.));
#4536=CARTESIAN_POINT('',(77.7519234489642,-48.6053172112327,5.69341967361942));
#4537=CARTESIAN_POINT('',(77.7542680332768,-48.604926690975,5.55658032638058));
#4538=CARTESIAN_POINT('',(77.7534919316802,-48.6059364935562,0.));
#4539=CARTESIAN_POINT('',(79.9761080844026,-47.7807251946197,6.));
#4540=CARTESIAN_POINT('Ctrl Pts',(77.7519234489642,-48.6053172112327,5.69341967361942));
#4541=CARTESIAN_POINT('Ctrl Pts',(77.7542780013549,-48.9803831783863,5.7171076053695));
#4542=CARTESIAN_POINT('Ctrl Pts',(77.9318277194959,-49.3573184479558,5.74079553711959));
#4543=CARTESIAN_POINT('Ctrl Pts',(78.2237834874654,-49.5924193833646,5.76448346886967));
#4544=CARTESIAN_POINT('Ctrl Pts',(78.5463125121422,-49.8521398058292,5.7906519723286));
#4545=CARTESIAN_POINT('Ctrl Pts',(79.0084630941512,-49.938765093479,5.81682047578752));
#4546=CARTESIAN_POINT('Ctrl Pts',(79.402870222716,-49.8127551044687,5.84298897924645));
#4547=CARTESIAN_POINT('Ctrl Pts',(79.7972773512807,-49.6867451154584,5.86915748270538));
#4548=CARTESIAN_POINT('Ctrl Pts',(80.1239410264012,-49.3480998497879,5.8953259861643));
#4549=CARTESIAN_POINT('Ctrl Pts',(80.2364899727649,-48.9503623441207,5.92149448962323));
#4550=CARTESIAN_POINT('Ctrl Pts',(80.3490389191285,-48.5526248384534,5.94766299308215));
#4551=CARTESIAN_POINT('Ctrl Pts',(80.2474731367353,-48.0957950927892,5.97383149654108));
#4552=CARTESIAN_POINT('Ctrl Pts',(79.9761080844026,-47.7807251946197,6.00000000000001));
#4553=CARTESIAN_POINT('',(78.0580778122561,-47.779602662791,6.));
#4554=CARTESIAN_POINT('Origin',(79.0179919316802,-48.6059364935562,6.));
#4555=CARTESIAN_POINT('Ctrl Pts',(78.0580672820439,-47.779596088421,6.));
#4556=CARTESIAN_POINT('Ctrl Pts',(78.3163221120636,-47.4817741360722,5.97509183961299));
#4557=CARTESIAN_POINT('Ctrl Pts',(78.7253808381885,-47.3121988572616,5.95018367922598));
#4558=CARTESIAN_POINT('Ctrl Pts',(79.1182962190977,-47.3434572103461,5.92527551883897));
#4559=CARTESIAN_POINT('Ctrl Pts',(79.5310929630013,-47.3762972237435,5.89910701538004));
#4560=CARTESIAN_POINT('Ctrl Pts',(79.9260713357832,-47.6308092722109,5.87293851192111));
#4561=CARTESIAN_POINT('Ctrl Pts',(80.1263598573459,-47.993111824384,5.84677000846218));
#4562=CARTESIAN_POINT('Ctrl Pts',(80.3266483789086,-48.355414376557,5.82060150500326));
#4563=CARTESIAN_POINT('Ctrl Pts',(80.3322470492522,-48.8255074324356,5.79443300154434));
#4564=CARTESIAN_POINT('Ctrl Pts',(80.1405279262918,-49.1924772138987,5.76826449808541));
#4565=CARTESIAN_POINT('Ctrl Pts',(79.9488088033313,-49.5594469953619,5.74209599462649));
#4566=CARTESIAN_POINT('Ctrl Pts',(79.5597718870668,-49.8232935024097,5.71592749116756));
#4567=CARTESIAN_POINT('Ctrl Pts',(79.147923054995,-49.8657624369363,5.68975898770863));
#4568=CARTESIAN_POINT('Ctrl Pts',(78.7360742229233,-49.9082313714629,5.6635904842497));
#4569=CARTESIAN_POINT('Ctrl Pts',(78.3014134750442,-49.7293227334683,5.63742198079077));
#4570=CARTESIAN_POINT('Ctrl Pts',(78.0388200899865,-49.4092332682526,5.61125347733185));
#4571=CARTESIAN_POINT('Ctrl Pts',(77.8559436560756,-49.1863151626871,5.59302909368143));
#4572=CARTESIAN_POINT('Ctrl Pts',(77.7565210819915,-48.894923380464,5.574804710031));
#4573=CARTESIAN_POINT('Ctrl Pts',(77.7542680332768,-48.604926690975,5.55658032638058));
#4574=CARTESIAN_POINT('Origin',(79.0179919316802,-48.6059364935562,7.10421172358873));
#4575=CARTESIAN_POINT('',(77.4730217507401,-48.6051764768819,2.39578827641127));
#4576=CARTESIAN_POINT('',(77.4773736602619,-48.6059995145872,2.35421172358873));
#4577=CARTESIAN_POINT('',(77.4749919316803,-48.6059364935562,7.10421172358873));
#4578=CARTESIAN_POINT('',(79.4165057735375,-50.0965859217747,2.));
#4579=CARTESIAN_POINT('Ctrl Pts',(77.4773736602619,-48.6059995145872,2.35421172358873));
#4580=CARTESIAN_POINT('Ctrl Pts',(77.4775378730124,-48.3452618017967,2.34081516289486));
#4581=CARTESIAN_POINT('Ctrl Pts',(77.6631749315175,-47.5750322420734,2.30125009874206));
#4582=CARTESIAN_POINT('Ctrl Pts',(78.8738533128993,-46.7949073927278,2.23551653113034));
#4583=CARTESIAN_POINT('Ctrl Pts',(80.4502216227857,-47.486172675577,2.15701102075356));
#4584=CARTESIAN_POINT('Ctrl Pts',(80.7396560002906,-49.184132798597,2.07850551037678));
#4585=CARTESIAN_POINT('Ctrl Pts',(79.9066955717376,-49.9655373894894,2.02616850345893));
#4586=CARTESIAN_POINT('Ctrl Pts',(79.4165057735375,-50.0965859217747,2.));
#4587=CARTESIAN_POINT('',(78.6184373378693,-50.0989537372315,2.));
#4588=CARTESIAN_POINT('Origin',(79.0179919316802,-48.6059364935562,2.));
#4589=CARTESIAN_POINT('Ctrl Pts',(77.4730217507401,-48.6051764768819,2.39578827641127));
#4590=CARTESIAN_POINT('Ctrl Pts',(77.4727463250598,-48.5598221375985,2.39344102516356));
#4591=CARTESIAN_POINT('Ctrl Pts',(77.4949548237912,-48.009106507591,2.36492527045693));
#4592=CARTESIAN_POINT('Ctrl Pts',(78.1535791722102,-47.0077068850328,2.31024101229137));
#4593=CARTESIAN_POINT('Ctrl Pts',(79.8743709539604,-47.0032223625931,2.23173550191459));
#4594=CARTESIAN_POINT('Ctrl Pts',(80.8270692047849,-48.4364829235183,2.15322999153781));
#4595=CARTESIAN_POINT('Ctrl Pts',(80.1682425992305,-49.9954688049997,2.07598482423295));
#4596=CARTESIAN_POINT('Ctrl Pts',(79.083545792093,-50.2216422274225,2.02490816038701));
#4597=CARTESIAN_POINT('Ctrl Pts',(78.6184312424622,-50.0989676048961,2.));
#4598=CARTESIAN_POINT('Origin',(79.0179919316802,-48.6059364935562,7.10421172358873));
#4599=CARTESIAN_POINT('',(77.4772798438149,-48.6056101661377,2.89578827641127));
#4600=CARTESIAN_POINT('',(77.473343919864,-48.6068853835753,2.85421172358873));
#4601=CARTESIAN_POINT('',(77.4749919316803,-48.6059364935562,7.10421172358873));
#4602=CARTESIAN_POINT('Ctrl Pts',(77.473343919864,-48.6068853835753,2.85421172358873));
#4603=CARTESIAN_POINT('Ctrl Pts',(77.4765907443911,-48.1612135351329,2.83115951698175));
#4604=CARTESIAN_POINT('Ctrl Pts',(77.9118118729474,-47.2040833826231,2.78193880691585));
#4605=CARTESIAN_POINT('Ctrl Pts',(79.5284845799453,-46.8620681974069,2.70654959339101));
#4606=CARTESIAN_POINT('Ctrl Pts',(80.7541780208396,-48.0698421451326,2.62804408301424));
#4607=CARTESIAN_POINT('Ctrl Pts',(80.4227861792084,-49.7584308186117,2.54953857263745));
#4608=CARTESIAN_POINT('Ctrl Pts',(78.8316079364214,-50.4133681974592,2.47103306226068));
#4609=CARTESIAN_POINT('Ctrl Pts',(77.6504723649064,-49.6123167986089,2.40592411257777));
#4610=CARTESIAN_POINT('Ctrl Pts',(77.4772171039712,-48.8545802675543,2.36698366635378));
#4611=CARTESIAN_POINT('Ctrl Pts',(77.4773736602619,-48.6059995145872,2.35421172358873));
#4612=CARTESIAN_POINT('Ctrl Pts',(77.4772798438149,-48.6056101661377,2.89578827641127));
#4613=CARTESIAN_POINT('Ctrl Pts',(77.4768285100312,-48.3720370259999,2.88378537925046));
#4614=CARTESIAN_POINT('Ctrl Pts',(77.6356031411827,-47.6298141297832,2.84561397863071));
#4615=CARTESIAN_POINT('Ctrl Pts',(78.7792532603797,-46.8046315424354,2.78127407455204));
#4616=CARTESIAN_POINT('Ctrl Pts',(80.3888058465153,-47.4132204971719,2.70276856417527));
#4617=CARTESIAN_POINT('Ctrl Pts',(80.76897896601,-49.0914707092773,2.62426305379848));
#4618=CARTESIAN_POINT('Ctrl Pts',(79.5788272569674,-50.3342716077318,2.54575754342171));
#4619=CARTESIAN_POINT('Ctrl Pts',(77.9363241457225,-50.0362671682981,2.46959928429264));
#4620=CARTESIAN_POINT('Ctrl Pts',(77.475816928547,-49.0654583303898,2.41960952862249));
#4621=CARTESIAN_POINT('Ctrl Pts',(77.4730217507401,-48.6051764768819,2.39578827641127));
#4622=CARTESIAN_POINT('Origin',(79.0179919316802,-48.6059364935562,7.10421172358873));
#4623=CARTESIAN_POINT('',(77.4740511590584,-48.6071441155913,3.39578827641128));
#4624=CARTESIAN_POINT('',(77.4751903355527,-48.6046074498286,3.35421172358873));
#4625=CARTESIAN_POINT('',(77.4749919316803,-48.6059364935562,7.10421172358873));
#4626=CARTESIAN_POINT('Ctrl Pts',(77.4751903355528,-48.6046074498286,3.35421172358873));
#4627=CARTESIAN_POINT('Ctrl Pts',(77.4740851375309,-48.4777891397501,3.34767237452757));
#4628=CARTESIAN_POINT('Ctrl Pts',(77.5459200131898,-47.844716786363,3.31496452200748));
#4629=CARTESIAN_POINT('Ctrl Pts',(78.4159007999828,-46.8915312735414,3.25608816602847));
#4630=CARTESIAN_POINT('Ctrl Pts',(80.1158994304444,-47.15807677663,3.17758265565169));
#4631=CARTESIAN_POINT('Ctrl Pts',(80.8312687223993,-48.7230970855249,3.09907714527491));
#4632=CARTESIAN_POINT('Ctrl Pts',(79.9204478531939,-50.1830454205256,3.02057163489814));
#4633=CARTESIAN_POINT('Ctrl Pts',(78.2002839372358,-50.2286040911714,2.94206612452136));
#4634=CARTESIAN_POINT('Ctrl Pts',(77.5032277944113,-49.2328552948899,2.88661282075155));
#4635=CARTESIAN_POINT('Ctrl Pts',(77.4729050001013,-48.667133228911,2.85732802044068));
#4636=CARTESIAN_POINT('Ctrl Pts',(77.473343919864,-48.6068853835753,2.85421172358873));
#4637=CARTESIAN_POINT('Ctrl Pts',(77.4740511590584,-48.6071441155913,3.39578827641128));
#4638=CARTESIAN_POINT('Ctrl Pts',(77.4776559302265,-48.1879157930553,3.37412973333735));
#4639=CARTESIAN_POINT('Ctrl Pts',(77.8692304257258,-47.2562282755425,3.3263026868045));
#4640=CARTESIAN_POINT('Ctrl Pts',(79.4362036941851,-46.8376613441332,3.25230713681272));
#4641=CARTESIAN_POINT('Ctrl Pts',(80.723620290289,-47.9794143040115,3.17380162643594));
#4642=CARTESIAN_POINT('Ctrl Pts',(80.4813888127218,-49.6830473269137,3.09529611605916));
#4643=CARTESIAN_POINT('Ctrl Pts',(78.9267482480369,-50.420701606288,3.01679060568238));
#4644=CARTESIAN_POINT('Ctrl Pts',(77.6791187840877,-49.6668860427433,2.95028799246642));
#4645=CARTESIAN_POINT('Ctrl Pts',(77.4778124999398,-48.8812690425469,2.90995388270938));
#4646=CARTESIAN_POINT('Ctrl Pts',(77.4772798438149,-48.6056101661377,2.89578827641127));
#4647=CARTESIAN_POINT('Origin',(79.0179919316802,-48.6059364935562,7.10421172358873));
#4648=CARTESIAN_POINT('',(77.4744037900727,-48.6046572177053,3.89578827641128));
#4649=CARTESIAN_POINT('',(77.4768010611622,-48.6068082097572,3.85421172358873));
#4650=CARTESIAN_POINT('',(77.4749919316803,-48.6059364935562,7.10421172358873));
#4651=CARTESIAN_POINT('Ctrl Pts',(77.4768010611622,-48.6068082097572,3.85421172358873));
#4652=CARTESIAN_POINT('Ctrl Pts',(77.4784596734382,-48.2919036433365,3.83801672861446));
#4653=CARTESIAN_POINT('Ctrl Pts',(77.7244056943548,-47.4657844054406,3.79565323018127));
#4654=CARTESIAN_POINT('Ctrl Pts',(79.0657204380985,-46.7895056751624,3.72712122828915));
#4655=CARTESIAN_POINT('Ctrl Pts',(80.5594335611253,-47.6438259873288,3.64861571791237));
#4656=CARTESIAN_POINT('Ctrl Pts',(80.6707451879319,-49.360989871582,3.57011020753559));
#4657=CARTESIAN_POINT('Ctrl Pts',(79.2998283969302,-50.4010039417414,3.49160469715881));
#4658=CARTESIAN_POINT('Ctrl Pts',(77.8114027463468,-49.8786257735347,3.41963853584319));
#4659=CARTESIAN_POINT('Ctrl Pts',(77.4785078068191,-48.9852777834834,3.3738408779865));
#4660=CARTESIAN_POINT('Ctrl Pts',(77.4751903355528,-48.6046074498286,3.35421172358873));
#4661=CARTESIAN_POINT('Ctrl Pts',(77.4744037900727,-48.6046572177053,3.89578827641128));
#4662=CARTESIAN_POINT('Ctrl Pts',(77.4735219467318,-48.5049970725412,3.89064259088317));
#4663=CARTESIAN_POINT('Ctrl Pts',(77.5273555334497,-47.8994609643867,3.85932840189614));
#4664=CARTESIAN_POINT('Ctrl Pts',(78.3266984804885,-46.925516462509,3.80184570945018));
#4665=CARTESIAN_POINT('Ctrl Pts',(80.0383489754509,-47.102417415189,3.7233401990734));
#4666=CARTESIAN_POINT('Ctrl Pts',(80.8349190160325,-48.627710021018,3.64483468869662));
#4667=CARTESIAN_POINT('Ctrl Pts',(80.0020256522347,-50.1334756106965,3.56632917831984));
#4668=CARTESIAN_POINT('Ctrl Pts',(78.2866274541239,-50.2693078030886,3.48782366794306));
#4669=CARTESIAN_POINT('Ctrl Pts',(77.5194332525769,-49.2874675752467,3.4309767006402));
#4670=CARTESIAN_POINT('Ctrl Pts',(77.4733005372317,-48.6944400671452,3.40029823679628));
#4671=CARTESIAN_POINT('Ctrl Pts',(77.4740511590584,-48.6071441155913,3.39578827641128));
#4672=CARTESIAN_POINT('Origin',(79.0179919316802,-48.6059364935562,7.10421172358873));
#4673=CARTESIAN_POINT('',(77.4771775106082,-48.6064467330419,4.39578827641128));
#4674=CARTESIAN_POINT('',(77.4725412815099,-48.6060457158197,4.35421172358873));
#4675=CARTESIAN_POINT('',(77.4749919316803,-48.6059364935562,7.10421172358873));
#4676=CARTESIAN_POINT('Ctrl Pts',(77.4725412815099,-48.6060457158197,4.35421172358873));
#4677=CARTESIAN_POINT('Ctrl Pts',(77.4730610044724,-48.1069606719053,4.32836108270135));
#4678=CARTESIAN_POINT('Ctrl Pts',(78.0045651002866,-47.1017009726032,4.27634193835505));
#4679=CARTESIAN_POINT('Ctrl Pts',(79.7092854677484,-46.9255162561887,4.19815429054982));
#4680=CARTESIAN_POINT('Ctrl Pts',(80.8009676951788,-48.255656100597,4.11964878017305));
#4681=CARTESIAN_POINT('Ctrl Pts',(80.2936348700983,-49.8999357287102,4.04114326979627));
#4682=CARTESIAN_POINT('Ctrl Pts',(78.6422751311044,-50.3837260797921,3.96263775941949));
#4683=CARTESIAN_POINT('Ctrl Pts',(77.5990179344347,-49.5022540151734,3.90032724401697));
#4684=CARTESIAN_POINT('Ctrl Pts',(77.4757796231418,-48.8007387031006,3.86418523207339));
#4685=CARTESIAN_POINT('Ctrl Pts',(77.4768010611622,-48.6068082097572,3.85421172358873));
#4686=CARTESIAN_POINT('Ctrl Pts',(77.4771775106082,-48.6064467330419,4.39578827641128));
#4687=CARTESIAN_POINT('Ctrl Pts',(77.478051423041,-48.3184647956914,4.38098694497006));
#4688=CARTESIAN_POINT('Ctrl Pts',(77.6928320219032,-47.5201251740502,4.34001711006992));
#4689=CARTESIAN_POINT('Ctrl Pts',(78.9702634311208,-46.7895058981806,4.27287877171085));
#4690=CARTESIAN_POINT('Ctrl Pts',(80.5067804260668,-47.5642038333533,4.19437326133407));
#4691=CARTESIAN_POINT('Ctrl Pts',(80.7081165046767,-49.2731523833099,4.1158677509573));
#4692=CARTESIAN_POINT('Ctrl Pts',(79.3937086861261,-50.3837258615169,4.03736224058051));
#4693=CARTESIAN_POINT('Ctrl Pts',(77.8505883910098,-49.9316458624058,3.96400241573184));
#4694=CARTESIAN_POINT('Ctrl Pts',(77.4780065815568,-49.0118210591993,3.9168110943421));
#4695=CARTESIAN_POINT('Ctrl Pts',(77.4744037900727,-48.6046572177053,3.89578827641128));
#4696=CARTESIAN_POINT('Origin',(79.0179919316802,-48.6059364935562,7.10421172358873));
#4697=CARTESIAN_POINT('',(77.4728036144786,-48.6065032040371,4.89578827641128));
#4698=CARTESIAN_POINT('',(77.4765662825544,-48.604926862313,4.85421172358873));
#4699=CARTESIAN_POINT('',(77.4749919316803,-48.6059364935562,7.10421172358873));
#4700=CARTESIAN_POINT('Ctrl Pts',(77.4765662825544,-48.604926862313,4.85421172358873));
#4701=CARTESIAN_POINT('Ctrl Pts',(77.4754475244601,-48.4234274218786,4.84487394024717));
#4702=CARTESIAN_POINT('Ctrl Pts',(77.5883713911153,-47.7346348889878,4.80936765344669));
#4703=CARTESIAN_POINT('Ctrl Pts',(78.5997801178281,-46.8376611269964,4.74769286318728));
#4704=CARTESIAN_POINT('Ctrl Pts',(80.262259162914,-47.2817393806019,4.6691873528105));
#4705=CARTESIAN_POINT('Ctrl Pts',(80.8088497772678,-48.9133891022885,4.59068184243372));
#4706=CARTESIAN_POINT('Ctrl Pts',(79.7493564990329,-50.2693080073199,4.51217633205694));
#4707=CARTESIAN_POINT('Ctrl Pts',(78.0339580903069,-50.1334757982444,4.43367082168017));
#4708=CARTESIAN_POINT('Ctrl Pts',(77.4753234601584,-49.1235352226068,4.38101595219076));
#4709=CARTESIAN_POINT('Ctrl Pts',(77.4725348909342,-48.6121825251999,4.35452958616028));
#4710=CARTESIAN_POINT('Ctrl Pts',(77.4725412815099,-48.6060457158197,4.35421172358873));
#4711=CARTESIAN_POINT('Ctrl Pts',(77.4728036144786,-48.6065032040371,4.89578827641128));
#4712=CARTESIAN_POINT('Ctrl Pts',(77.4750657833164,-48.1341103415304,4.87133129905695));
#4713=CARTESIAN_POINT('Ctrl Pts',(77.9571468283296,-47.1522659035005,4.8207058182437));
#4714=CARTESIAN_POINT('Ctrl Pts',(79.620082989394,-46.8915314839394,4.74391183397153));
#4715=CARTESIAN_POINT('Ctrl Pts',(80.7801119376742,-48.1625052856358,4.66540632359475));
#4716=CARTESIAN_POINT('Ctrl Pts',(80.3598297233759,-49.8311586869324,4.58690081321797));
#4717=CARTESIAN_POINT('Ctrl Pts',(78.7361555010424,-50.4010037213571,4.50839530284119));
#4718=CARTESIAN_POINT('Ctrl Pts',(77.6237097960374,-49.5570727161366,4.44469112390563));
#4719=CARTESIAN_POINT('Ctrl Pts',(77.4765063606518,-48.8276119865097,4.40715544842899));
#4720=CARTESIAN_POINT('Ctrl Pts',(77.4771775106082,-48.6064467330419,4.39578827641128));
#4721=CARTESIAN_POINT('Origin',(79.0179919316802,-48.6059364935562,7.10421172358873));
#4722=CARTESIAN_POINT('',(77.4759389658941,-48.6047042868479,5.39578827641128));
#4723=CARTESIAN_POINT('',(77.4755387435362,-48.6072406605406,5.35421172358873));
#4724=CARTESIAN_POINT('',(77.4749919316803,-48.6059364935562,7.10421172358873));
#4725=CARTESIAN_POINT('Ctrl Pts',(77.4755387435362,-48.6072406605406,5.35421172358873));
#4726=CARTESIAN_POINT('Ctrl Pts',(77.4786254030131,-48.2386865023179,5.33521829433407));
#4727=CARTESIAN_POINT('Ctrl Pts',(77.7942842182417,-47.3575978698917,5.29005636162048));
#4728=CARTESIAN_POINT('Ctrl Pts',(79.2567306324559,-46.8046313197224,5.21872592544796));
#4729=CARTESIAN_POINT('Ctrl Pts',(80.6521764074261,-47.8114930676073,5.14022041507118));
#4730=CARTESIAN_POINT('Ctrl Pts',(80.5820469209934,-49.5308317927525,5.0617149046944));
#4731=CARTESIAN_POINT('Ctrl Pts',(79.1092356265149,-50.4207018293209,4.98320939431762));
#4732=CARTESIAN_POINT('Ctrl Pts',(77.7395105345897,-49.7707872451791,4.9140416672824));
#4733=CARTESIAN_POINT('Ctrl Pts',(77.4785827680172,-48.9320672736584,4.8710424437061));
#4734=CARTESIAN_POINT('Ctrl Pts',(77.4765662825544,-48.604926862313,4.85421172358873));
#4735=CARTESIAN_POINT('Ctrl Pts',(77.4759389658941,-48.6047042868479,5.39578827641128));
#4736=CARTESIAN_POINT('Ctrl Pts',(77.4747405415835,-48.4504514824532,5.38784415660277));
#4737=CARTESIAN_POINT('Ctrl Pts',(77.5663402786926,-47.789467828009,5.35373153333534));
#4738=CARTESIAN_POINT('Ctrl Pts',(78.5074993503838,-46.8620684213031,5.29345040660899));
#4739=CARTESIAN_POINT('Ctrl Pts',(80.1909988054294,-47.218221125347,5.2149448962322));
#4740=CARTESIAN_POINT('Ctrl Pts',(80.822525459002,-48.8189176803022,5.13643938585543));
#4741=CARTESIAN_POINT('Ctrl Pts',(79.8356998249884,-50.2286038905689,5.05793387547865));
#4742=CARTESIAN_POINT('Ctrl Pts',(78.1155361213683,-50.1830452275972,4.97942836510187));
#4743=CARTESIAN_POINT('Ctrl Pts',(77.4884651606245,-49.1779176157099,4.92537983207941));
#4744=CARTESIAN_POINT('Ctrl Pts',(77.4726453054218,-48.6395617747711,4.89749980251588));
#4745=CARTESIAN_POINT('Ctrl Pts',(77.4728036144786,-48.6065032040371,4.89578827641128));
#4746=CARTESIAN_POINT('Origin',(79.0179919316802,-48.6059364935562,7.10421172358873));
#4747=CARTESIAN_POINT('',(77.4766573741812,-48.6073740711134,5.89578827641128));
#4748=CARTESIAN_POINT('',(77.4730779982434,-48.6051808173007,5.85421172358873));
#4749=CARTESIAN_POINT('',(77.4749919316803,-48.6059364935562,7.10421172358873));
#4750=CARTESIAN_POINT('',(78.619478089823,-50.0965859217747,6.));
#4751=CARTESIAN_POINT('Ctrl Pts',(78.619478089823,-50.0965859217747,6.));
#4752=CARTESIAN_POINT('Ctrl Pts',(78.1292882916229,-49.9655373894894,5.97383149654107));
#4753=CARTESIAN_POINT('Ctrl Pts',(77.5764336324245,-49.4469031222794,5.93909425534483));
#4754=CARTESIAN_POINT('Ctrl Pts',(77.4755236442931,-48.7738319579336,5.90435701414859));
#4755=CARTESIAN_POINT('Ctrl Pts',(77.4766573741812,-48.6073740711134,5.89578827641128));
#4756=CARTESIAN_POINT('',(79.4175465983637,-50.0989538580258,6.));
#4757=CARTESIAN_POINT('Origin',(79.0179919316802,-48.6059364935562,6.));
#4758=CARTESIAN_POINT('Ctrl Pts',(79.4175526947574,-50.0989677276715,6.));
#4759=CARTESIAN_POINT('Ctrl Pts',(78.9524382748487,-50.221642220034,5.97509183961299));
#4760=CARTESIAN_POINT('Ctrl Pts',(77.9204199321775,-50.0064535508572,5.9264957474759));
#4761=CARTESIAN_POINT('Ctrl Pts',(77.4759511293931,-49.0628532469708,5.87789965533881));
#4762=CARTESIAN_POINT('Ctrl Pts',(77.4730779982434,-48.6051808173007,5.85421172358873));
#4763=CARTESIAN_POINT('Origin',(150.443597668578,-48.8471193473221,0.));
#4764=CARTESIAN_POINT('',(149.181028979802,-48.8471744967652,2.19341967361941));
#4765=CARTESIAN_POINT('',(149.179997005408,-48.8489176979658,2.05658032638058));
#4766=CARTESIAN_POINT('',(149.179097668578,-48.8471193473221,0.));
#4767=CARTESIAN_POINT('',(149.485481515856,-48.0219080483856,2.));
#4768=CARTESIAN_POINT('Ctrl Pts',(149.179997005408,-48.8489176979658,2.05658032638058));
#4769=CARTESIAN_POINT('Ctrl Pts',(149.18256291077,-48.5497369267514,2.03772021758706));
#4770=CARTESIAN_POINT('Ctrl Pts',(149.289903865884,-48.2489845629586,2.01886010879353));
#4771=CARTESIAN_POINT('Ctrl Pts',(149.485481515856,-48.0219080483856,2.));
#4772=CARTESIAN_POINT('',(151.403524526418,-48.0207707172729,2.00000000000001));
#4773=CARTESIAN_POINT('Origin',(150.443597668578,-48.8471193473221,2.));
#4774=CARTESIAN_POINT('Ctrl Pts',(151.403534756259,-48.020764291756,2.00000000000001));
#4775=CARTESIAN_POINT('Ctrl Pts',(151.145283170438,-47.7229610161426,2.02490816038701));
#4776=CARTESIAN_POINT('Ctrl Pts',(150.736215858872,-47.5533538179795,2.04981632077402));
#4777=CARTESIAN_POINT('Ctrl Pts',(150.343292622684,-47.5846067573562,2.07472448116103));
#4778=CARTESIAN_POINT('Ctrl Pts',(149.930487626028,-47.6174410831141,2.10089298461995));
#4779=CARTESIAN_POINT('Ctrl Pts',(149.535501806418,-47.8719766998002,2.12706148807888));
#4780=CARTESIAN_POINT('Ctrl Pts',(149.335210363893,-48.2342897618701,2.1532299915378));
#4781=CARTESIAN_POINT('Ctrl Pts',(149.232674257063,-48.4197703314342,2.16662655223167));
#4782=CARTESIAN_POINT('Ctrl Pts',(149.181163062626,-48.6334968873022,2.18002311292554));
#4783=CARTESIAN_POINT('Ctrl Pts',(149.181028979802,-48.8471744967652,2.19341967361941));
#4784=CARTESIAN_POINT('Origin',(150.443597668578,-48.8471193473221,0.));
#4785=CARTESIAN_POINT('',(149.177726664402,-48.8478969517241,2.69341967361941));
#4786=CARTESIAN_POINT('',(149.17746282143,-48.8464974561954,2.55658032638059));
#4787=CARTESIAN_POINT('',(149.179097668578,-48.8471193473221,0.));
#4788=CARTESIAN_POINT('Ctrl Pts',(149.17746282143,-48.8464974561954,2.55658032638059));
#4789=CARTESIAN_POINT('Ctrl Pts',(149.177237092087,-48.8093286096778,2.55423307513288));
#4790=CARTESIAN_POINT('Ctrl Pts',(149.178735220483,-48.77217829206,2.55188582388517));
#4791=CARTESIAN_POINT('Ctrl Pts',(149.182017108728,-48.7351863431394,2.54953857263746));
#4792=CARTESIAN_POINT('Ctrl Pts',(149.218605481597,-48.3227788753717,2.52337006917853));
#4793=CARTESIAN_POINT('Ctrl Pts',(149.476898605459,-47.9300551630147,2.4972015657196));
#4794=CARTESIAN_POINT('Ctrl Pts',(149.841083554772,-47.7330834139791,2.47103306226068));
#4795=CARTESIAN_POINT('Ctrl Pts',(150.205268504086,-47.5361116649436,2.44486455880175));
#4796=CARTESIAN_POINT('Ctrl Pts',(150.675345278851,-47.5348918792294,2.41869605534282));
#4797=CARTESIAN_POINT('Ctrl Pts',(151.040507494416,-47.730041770862,2.3925275518839));
#4798=CARTESIAN_POINT('Ctrl Pts',(151.405669709981,-47.9251916624946,2.36635904842497));
#4799=CARTESIAN_POINT('Ctrl Pts',(151.665917366344,-48.3167112314739,2.34019054496605));
#4800=CARTESIAN_POINT('Ctrl Pts',(151.704590970986,-48.7288904557229,2.31402204150712));
#4801=CARTESIAN_POINT('Ctrl Pts',(151.743264575627,-49.1410696799719,2.28785353804819));
#4802=CARTESIAN_POINT('Ctrl Pts',(151.560364128547,-49.5739085594906,2.26168503458927));
#4803=CARTESIAN_POINT('Ctrl Pts',(151.237825226909,-49.8336289362639,2.23551653113034));
#4804=CARTESIAN_POINT('Ctrl Pts',(150.915286325271,-50.0933493130373,2.20934802767141));
#4805=CARTESIAN_POINT('Ctrl Pts',(150.453108969077,-50.1799511870655,2.18317952421249));
#4806=CARTESIAN_POINT('Ctrl Pts',(150.058719667116,-50.0539591153213,2.15701102075356));
#4807=CARTESIAN_POINT('Ctrl Pts',(149.664330365156,-49.9279670435772,2.13084251729463));
#4808=CARTESIAN_POINT('Ctrl Pts',(149.337729117431,-49.5893810260607,2.10467401383571));
#4809=CARTESIAN_POINT('Ctrl Pts',(149.225175642022,-49.1916337518052,2.07850551037678));
#4810=CARTESIAN_POINT('Ctrl Pts',(149.193741470766,-49.0805500567858,2.07119711571138));
#4811=CARTESIAN_POINT('Ctrl Pts',(149.179002703133,-48.9648518729098,2.06388872104598));
#4812=CARTESIAN_POINT('Ctrl Pts',(149.179997005408,-48.8489176979658,2.05658032638058));
#4813=CARTESIAN_POINT('Ctrl Pts',(149.181028979802,-48.8471744967652,2.19341967361941));
#4814=CARTESIAN_POINT('Ctrl Pts',(149.180901148623,-49.0508893352673,2.20619161638446));
#4815=CARTESIAN_POINT('Ctrl Pts',(149.227471177589,-49.2545596852353,2.21896355914952));
#4816=CARTESIAN_POINT('Ctrl Pts',(149.321044263048,-49.4336667242415,2.23173550191458));
#4817=CARTESIAN_POINT('Ctrl Pts',(149.512766670166,-49.8006401170892,2.2579040053735));
#4818=CARTESIAN_POINT('Ctrl Pts',(149.901808549842,-50.064496395331,2.28407250883243));
#4819=CARTESIAN_POINT('Ctrl Pts',(150.313663870762,-50.1069673134082,2.31024101229136));
#4820=CARTESIAN_POINT('Ctrl Pts',(150.725519191682,-50.1494382314855,2.33640951575028));
#4821=CARTESIAN_POINT('Ctrl Pts',(151.160187953847,-49.9705237893983,2.36257801920921));
#4822=CARTESIAN_POINT('Ctrl Pts',(151.422785793228,-49.6504284229417,2.38874652266814));
#4823=CARTESIAN_POINT('Ctrl Pts',(151.68538363261,-49.3303330564851,2.41491502612706));
#4824=CARTESIAN_POINT('Ctrl Pts',(151.775910549209,-48.8690567656591,2.44108352958599));
#4825=CARTESIAN_POINT('Ctrl Pts',(151.65376065227,-48.4734522702372,2.46725203304492));
#4826=CARTESIAN_POINT('Ctrl Pts',(151.53161075533,-48.0778477748153,2.49342053650384));
#4827=CARTESIAN_POINT('Ctrl Pts',(151.196784044853,-47.7479150747974,2.51958903996277));
#4828=CARTESIAN_POINT('Ctrl Pts',(150.799426787691,-47.6315946877369,2.5457575434217));
#4829=CARTESIAN_POINT('Ctrl Pts',(150.402069530528,-47.5152743006763,2.57192604688062));
#4830=CARTESIAN_POINT('Ctrl Pts',(149.942181726681,-47.612566226573,2.59809455033955));
#4831=CARTESIAN_POINT('Ctrl Pts',(149.625979674106,-47.8798461050367,2.62426305379847));
#4832=CARTESIAN_POINT('Ctrl Pts',(149.347432792091,-48.1152967485901,2.64731526040545));
#4833=CARTESIAN_POINT('Ctrl Pts',(149.180387468241,-48.4826597175675,2.67036746701243));
#4834=CARTESIAN_POINT('Ctrl Pts',(149.177726664402,-48.8478969517241,2.69341967361941));
#4835=CARTESIAN_POINT('Origin',(150.443597668578,-48.8471193473221,0.));
#4836=CARTESIAN_POINT('',(149.179239821624,-48.8460301673184,3.19341967361941));
#4837=CARTESIAN_POINT('',(149.180952200297,-48.8468519298286,3.05658032638059));
#4838=CARTESIAN_POINT('',(149.179097668578,-48.8471193473221,0.));
#4839=CARTESIAN_POINT('Ctrl Pts',(149.180952200297,-48.8468519298286,3.05658032638059));
#4840=CARTESIAN_POINT('Ctrl Pts',(149.180582323183,-48.6554339095745,3.04457742921977));
#4841=CARTESIAN_POINT('Ctrl Pts',(149.221497933798,-48.4641659325101,3.03257453205895));
#4842=CARTESIAN_POINT('Ctrl Pts',(149.304527995713,-48.2933715288819,3.02057163489813));
#4843=CARTESIAN_POINT('Ctrl Pts',(149.485548663749,-47.9210085999802,2.99440313143921));
#4844=CARTESIAN_POINT('Ctrl Pts',(149.866747517942,-47.6459605515584,2.96823462798028));
#4845=CARTESIAN_POINT('Ctrl Pts',(150.27719056491,-47.5915617976054,2.94206612452135));
#4846=CARTESIAN_POINT('Ctrl Pts',(150.687633611877,-47.5371630436525,2.91589762106243));
#4847=CARTESIAN_POINT('Ctrl Pts',(151.127320851619,-47.7034135841684,2.8897291176035));
#4848=CARTESIAN_POINT('Ctrl Pts',(151.399091081389,-48.0157655390565,2.86356061414457));
#4849=CARTESIAN_POINT('Ctrl Pts',(151.670861311159,-48.3281174939446,2.83739211068565));
#4850=CARTESIAN_POINT('Ctrl Pts',(151.774714530958,-48.7865708632048,2.81122360722672));
#4851=CARTESIAN_POINT('Ctrl Pts',(151.664082179004,-49.1855479505912,2.7850551037678));
#4852=CARTESIAN_POINT('Ctrl Pts',(151.553449827049,-49.5845250379776,2.75888660030887));
#4853=CARTESIAN_POINT('Ctrl Pts',(151.228331903341,-49.9240258434902,2.73271809684994));
#4854=CARTESIAN_POINT('Ctrl Pts',(150.834514193565,-50.0518178476233,2.70654959339102));
#4855=CARTESIAN_POINT('Ctrl Pts',(150.440696483789,-50.1796098517565,2.68038108993209));
#4856=CARTESIAN_POINT('Ctrl Pts',(149.978178987945,-50.0956930545103,2.65421258647316));
#4857=CARTESIAN_POINT('Ctrl Pts',(149.654362050962,-49.8376890442979,2.62804408301424));
#4858=CARTESIAN_POINT('Ctrl Pts',(149.359590707304,-49.6028273676101,2.60422283080302));
#4859=CARTESIAN_POINT('Ctrl Pts',(149.179753652304,-49.2237082333375,2.5804015785918));
#4860=CARTESIAN_POINT('Ctrl Pts',(149.17746282143,-48.8464974561954,2.55658032638059));
#4861=CARTESIAN_POINT('Ctrl Pts',(149.177726664402,-48.8478969517241,2.69341967361941));
#4862=CARTESIAN_POINT('Ctrl Pts',(149.177366965447,-48.8972712985023,2.69653597047136));
#4863=CARTESIAN_POINT('Ctrl Pts',(149.180011360736,-48.9466067979016,2.69965226732331));
#4864=CARTESIAN_POINT('Ctrl Pts',(149.185790495849,-48.9955723133968,2.70276856417525));
#4865=CARTESIAN_POINT('Ctrl Pts',(149.234319671468,-49.4067508122624,2.72893706763418));
#4866=CARTESIAN_POINT('Ctrl Pts',(149.503894324008,-49.7918399789629,2.75510557109311));
#4867=CARTESIAN_POINT('Ctrl Pts',(149.873633322929,-49.9781618225895,2.78127407455203));
#4868=CARTESIAN_POINT('Ctrl Pts',(150.243372321851,-50.164483666216,2.80744257801096));
#4869=CARTESIAN_POINT('Ctrl Pts',(150.713275667155,-50.1520381867686,2.83361108146989));
#4870=CARTESIAN_POINT('Ctrl Pts',(151.07263342443,-49.9464058135315,2.85977958492881));
#4871=CARTESIAN_POINT('Ctrl Pts',(151.431991181705,-49.7407734402945,2.88594808838774));
#4872=CARTESIAN_POINT('Ctrl Pts',(151.680803350952,-49.3419541732678,2.91211659184667));
#4873=CARTESIAN_POINT('Ctrl Pts',(151.707499449272,-48.9287834421739,2.93828509530559));
#4874=CARTESIAN_POINT('Ctrl Pts',(151.734195547593,-48.51561271108,2.96445359876452));
#4875=CARTESIAN_POINT('Ctrl Pts',(151.538775574986,-48.0880905159188,2.99062210222345));
#4876=CARTESIAN_POINT('Ctrl Pts',(151.208868241052,-47.8379228289561,3.01679060568237));
#4877=CARTESIAN_POINT('Ctrl Pts',(150.878960907119,-47.5877551419934,3.0429591091413));
#4878=CARTESIAN_POINT('Ctrl Pts',(150.414566211858,-47.5149419632291,3.06912761260022));
#4879=CARTESIAN_POINT('Ctrl Pts',(150.02392422292,-47.6521336171043,3.09529611605915));
#4880=CARTESIAN_POINT('Ctrl Pts',(149.633282233982,-47.7893252709795,3.12146461951808));
#4881=CARTESIAN_POINT('Ctrl Pts',(149.316392951367,-48.136521757494,3.147633122977));
#4882=CARTESIAN_POINT('Ctrl Pts',(149.215353312382,-48.5380360309164,3.17380162643593));
#4883=CARTESIAN_POINT('Ctrl Pts',(149.190104124198,-48.6383719936155,3.18034097549709));
#4884=CARTESIAN_POINT('Ctrl Pts',(149.178334089006,-48.7420999367117,3.18688032455825));
#4885=CARTESIAN_POINT('Ctrl Pts',(149.179239821624,-48.8460301673184,3.19341967361941));
#4886=CARTESIAN_POINT('Origin',(150.443597668578,-48.8471193473221,0.));
#4887=CARTESIAN_POINT('',(149.180559843827,-48.8478337367887,3.69341967361941));
#4888=CARTESIAN_POINT('',(149.178306225184,-48.8481090185528,3.55658032638059));
#4889=CARTESIAN_POINT('',(149.179097668578,-48.8471193473221,0.));
#4890=CARTESIAN_POINT('Ctrl Pts',(149.178306225184,-48.8481090185528,3.55658032638059));
#4891=CARTESIAN_POINT('Ctrl Pts',(149.181260409819,-48.5045427248085,3.53492178330666));
#4892=CARTESIAN_POINT('Ctrl Pts',(149.326581955454,-48.1587738570208,3.51326324023274));
#4893=CARTESIAN_POINT('Ctrl Pts',(149.576310619877,-47.9241190677217,3.49160469715881));
#4894=CARTESIAN_POINT('Ctrl Pts',(149.878040306701,-47.640602090404,3.46543619369988));
#4895=CARTESIAN_POINT('Ctrl Pts',(150.332185588627,-47.5192916617741,3.43926769024096));
#4896=CARTESIAN_POINT('Ctrl Pts',(150.73510232413,-47.614584815279,3.41309918678203));
#4897=CARTESIAN_POINT('Ctrl Pts',(151.138019059633,-47.7098779687838,3.38693068332311));
#4898=CARTESIAN_POINT('Ctrl Pts',(151.489707248714,-48.0217747044233,3.36076217986418));
#4899=CARTESIAN_POINT('Ctrl Pts',(151.63246572435,-48.4104168284158,3.33459367640525));
#4900=CARTESIAN_POINT('Ctrl Pts',(151.775224199986,-48.7990589524083,3.30842517294633));
#4901=CARTESIAN_POINT('Ctrl Pts',(151.709052962178,-49.2644464647537,3.2822566694874));
#4902=CARTESIAN_POINT('Ctrl Pts',(151.463623985935,-49.597894052124,3.25608816602847));
#4903=CARTESIAN_POINT('Ctrl Pts',(151.218195009693,-49.9313416394944,3.22991966256955));
#4904=CARTESIAN_POINT('Ctrl Pts',(150.793508295016,-50.1328493018896,3.20375115911062));
#4905=CARTESIAN_POINT('Ctrl Pts',(150.379998401608,-50.1120586517975,3.17758265565169));
#4906=CARTESIAN_POINT('Ctrl Pts',(149.9664885082,-50.0912680017055,3.15141415219276));
#4907=CARTESIAN_POINT('Ctrl Pts',(149.564155436062,-49.8481790391262,3.12524564873384));
#4908=CARTESIAN_POINT('Ctrl Pts',(149.353410140931,-49.4917956531457,3.09907714527491));
#4909=CARTESIAN_POINT('Ctrl Pts',(149.23932891788,-49.2988772180159,3.0849115389768));
#4910=CARTESIAN_POINT('Ctrl Pts',(149.181388722706,-49.0727600815818,3.0707459326787));
#4911=CARTESIAN_POINT('Ctrl Pts',(149.180952200297,-48.8468519298286,3.05658032638059));
#4912=CARTESIAN_POINT('Ctrl Pts',(149.179239821624,-48.8460301673184,3.19341967361941));
#4913=CARTESIAN_POINT('Ctrl Pts',(149.181958557885,-49.1579973866999,3.21304882801717));
#4914=CARTESIAN_POINT('Ctrl Pts',(149.298888421277,-49.4717872557957,3.23267798241494));
#4915=CARTESIAN_POINT('Ctrl Pts',(149.508301147785,-49.7011317044015,3.25230713681271));
#4916=CARTESIAN_POINT('Ctrl Pts',(149.787478617527,-50.006881044134,3.27847564027164));
#4917=CARTESIAN_POINT('Ctrl Pts',(150.231023552367,-50.1625476632688,3.30464414373056));
#4918=CARTESIAN_POINT('Ctrl Pts',(150.640045134872,-50.0983287961868,3.33081264718949));
#4919=CARTESIAN_POINT('Ctrl Pts',(151.049066717376,-50.0341099291048,3.35698115064842));
#4920=CARTESIAN_POINT('Ctrl Pts',(151.423564947545,-49.7500055758059,3.38314965410734));
#4921=CARTESIAN_POINT('Ctrl Pts',(151.595610365617,-49.3734115069432,3.40931815756627));
#4922=CARTESIAN_POINT('Ctrl Pts',(151.767655783689,-48.9968174380804,3.43548666102519));
#4923=CARTESIAN_POINT('Ctrl Pts',(151.737248389664,-48.5277336536538,3.46165516448412));
#4924=CARTESIAN_POINT('Ctrl Pts',(151.518023221311,-48.1765028977807,3.48782366794305));
#4925=CARTESIAN_POINT('Ctrl Pts',(151.298798052958,-47.8252721419076,3.51399217140198));
#4926=CARTESIAN_POINT('Ctrl Pts',(150.890755110276,-47.5918944145881,3.5401606748609));
#4927=CARTESIAN_POINT('Ctrl Pts',(150.476865698696,-47.5810190632217,3.56632917831983));
#4928=CARTESIAN_POINT('Ctrl Pts',(150.062976287117,-47.5701437118554,3.59249768177875));
#4929=CARTESIAN_POINT('Ctrl Pts',(149.643240406638,-47.7817707364421,3.61866618523768));
#4930=CARTESIAN_POINT('Ctrl Pts',(149.405872615584,-48.1210040634172,3.64483468869661));
#4931=CARTESIAN_POINT('Ctrl Pts',(149.258971964991,-48.330946601174,3.66102968367088));
#4932=CARTESIAN_POINT('Ctrl Pts',(149.181919110931,-48.5897629253141,3.67722467864514));
#4933=CARTESIAN_POINT('Ctrl Pts',(149.180559843827,-48.8478337367887,3.69341967361941));
#4934=CARTESIAN_POINT('Origin',(150.443597668578,-48.8471193473221,0.));
#4935=CARTESIAN_POINT('',(149.17706886621,-48.8472088572475,4.19341967361941));
#4936=CARTESIAN_POINT('',(149.178595213601,-48.8460709542611,4.05658032638059));
#4937=CARTESIAN_POINT('',(149.179097668578,-48.8471193473221,0.));
#4938=CARTESIAN_POINT('Ctrl Pts',(149.178595213601,-48.8460709542611,4.05658032638059));
#4939=CARTESIAN_POINT('Ctrl Pts',(149.177872524717,-48.7643974010002,4.05143464085248));
#4940=CARTESIAN_POINT('Ctrl Pts',(149.185122146069,-48.6828515154846,4.04628895532437));
#4941=CARTESIAN_POINT('Ctrl Pts',(149.200816577611,-48.6029646830485,4.04114326979627));
#4942=CARTESIAN_POINT('Ctrl Pts',(149.280630974324,-48.1966983382616,4.01497476633734));
#4943=CARTESIAN_POINT('Ctrl Pts',(149.578849670313,-47.83333933149,3.98880626287841));
#4944=CARTESIAN_POINT('Ctrl Pts',(149.961747857423,-47.6758221605841,3.96263775941949));
#4945=CARTESIAN_POINT('Ctrl Pts',(150.344646044532,-47.5183049896783,3.93646925596056));
#4946=CARTESIAN_POINT('Ctrl Pts',(150.812223722763,-47.5666296546382,3.91030075250163));
#4947=CARTESIAN_POINT('Ctrl Pts',(151.154813503197,-47.799126801211,3.88413224904271));
#4948=CARTESIAN_POINT('Ctrl Pts',(151.497403283631,-48.0316239477837,3.85796374558378));
#4949=CARTESIAN_POINT('Ctrl Pts',(151.715005166268,-48.4482935759694,3.83179524212485));
#4950=CARTESIAN_POINT('Ctrl Pts',(151.71004388031,-48.8622960717315,3.80562673866593));
#4951=CARTESIAN_POINT('Ctrl Pts',(151.705082594351,-49.2762985674937,3.779458235207));
#4952=CARTESIAN_POINT('Ctrl Pts',(151.477558139798,-49.6876339308324,3.75328973174808));
#4953=CARTESIAN_POINT('Ctrl Pts',(151.129495186677,-49.9118544951102,3.72712122828915));
#4954=CARTESIAN_POINT('Ctrl Pts',(150.781432233556,-50.1360750593879,3.70095272483022));
#4955=CARTESIAN_POINT('Ctrl Pts',(150.312830781867,-50.1731808246046,3.6747842213713));
#4956=CARTESIAN_POINT('Ctrl Pts',(149.933817292595,-50.0065331250846,3.64861571791237));
#4957=CARTESIAN_POINT('Ctrl Pts',(149.554803803322,-49.8398854255645,3.62244721445344));
#4958=CARTESIAN_POINT('Ctrl Pts',(149.265378276466,-49.4694842613077,3.59627871099452));
#4959=CARTESIAN_POINT('Ctrl Pts',(149.195322558899,-49.0614219161765,3.57011020753559));
#4960=CARTESIAN_POINT('Ctrl Pts',(149.18324894103,-48.9910951963454,3.56560024715059));
#4961=CARTESIAN_POINT('Ctrl Pts',(149.17769107505,-48.9196498590017,3.56109028676559));
#4962=CARTESIAN_POINT('Ctrl Pts',(149.178306225184,-48.8481090185528,3.55658032638059));
#4963=CARTESIAN_POINT('Ctrl Pts',(149.180559843827,-48.8478337367887,3.69341967361941));
#4964=CARTESIAN_POINT('Ctrl Pts',(149.179722754218,-49.0067637909181,3.70339318210407));
#4965=CARTESIAN_POINT('Ctrl Pts',(149.207593032427,-49.1654111037063,3.71336669058873));
#4966=CARTESIAN_POINT('Ctrl Pts',(149.265536030586,-49.3121865125435,3.72334019907339));
#4967=CARTESIAN_POINT('Ctrl Pts',(149.417566938271,-49.6972960053314,3.74950870253231));
#4968=CARTESIAN_POINT('Ctrl Pts',(149.776628455273,-50.0006753615439,3.77567720599124));
#4969=CARTESIAN_POINT('Ctrl Pts',(150.181713129309,-50.0862856715985,3.80184570945016));
#4970=CARTESIAN_POINT('Ctrl Pts',(150.586797803346,-50.1718959816532,3.82801421290909));
#4971=CARTESIAN_POINT('Ctrl Pts',(151.037905634418,-50.03973724555,3.85418271636802));
#4972=CARTESIAN_POINT('Ctrl Pts',(151.332754508817,-49.749071011529,3.88035121982694));
#4973=CARTESIAN_POINT('Ctrl Pts',(151.627603383215,-49.4584047775081,3.90651972328587));
#4974=CARTESIAN_POINT('Ctrl Pts',(151.76619330094,-49.0092310455693,3.9326882267448));
#4975=CARTESIAN_POINT('Ctrl Pts',(151.686378895496,-48.6029646563397,3.95885673020372));
#4976=CARTESIAN_POINT('Ctrl Pts',(151.606564490052,-48.1966982671101,3.98502523366265));
#4977=CARTESIAN_POINT('Ctrl Pts',(151.30834576144,-47.8333392205897,4.01119373712158));
#4978=CARTESIAN_POINT('Ctrl Pts',(150.925447532444,-47.6758220324526,4.0373622405805));
#4979=CARTESIAN_POINT('Ctrl Pts',(150.542549303448,-47.5183048443155,4.06353074403943));
#4980=CARTESIAN_POINT('Ctrl Pts',(150.074971574068,-47.5666295145616,4.08969924749836));
#4981=CARTESIAN_POINT('Ctrl Pts',(149.732381756157,-47.799126686568,4.11586775095728));
#4982=CARTESIAN_POINT('Ctrl Pts',(149.393953295073,-48.0287997708657,4.14171839184466));
#4983=CARTESIAN_POINT('Ctrl Pts',(149.177494789938,-48.4381983315125,4.16756903273203));
#4984=CARTESIAN_POINT('Ctrl Pts',(149.17706886621,-48.8472088572475,4.19341967361941));
#4985=CARTESIAN_POINT('Origin',(150.443597668578,-48.8471193473221,0.));
#4986=CARTESIAN_POINT('',(149.18036743793,-48.846291932776,4.69341967361941));
#4987=CARTESIAN_POINT('',(149.180868335115,-48.8475374992638,4.55658032638059));
#4988=CARTESIAN_POINT('',(149.179097668578,-48.8471193473221,0.));
#4989=CARTESIAN_POINT('Ctrl Pts',(149.180868335115,-48.8475374992638,4.55658032638059));
#4990=CARTESIAN_POINT('Ctrl Pts',(149.181584524418,-48.6115303364748,4.54177899493937));
#4991=CARTESIAN_POINT('Ctrl Pts',(149.245174923897,-48.3751647811104,4.52697766349816));
#4992=CARTESIAN_POINT('Ctrl Pts',(149.369172233379,-48.1765029711416,4.51217633205694));
#4993=CARTESIAN_POINT('Ctrl Pts',(149.588397377751,-47.825272253691,4.48600782859802));
#4994=CARTESIAN_POINT('Ctrl Pts',(149.996440275795,-47.5918945519008,4.45983932513909));
#4995=CARTESIAN_POINT('Ctrl Pts',(150.410329642099,-47.581019201724,4.43367082168016));
#4996=CARTESIAN_POINT('Ctrl Pts',(150.824219008402,-47.5701438515472,4.40750231822124));
#4997=CARTESIAN_POINT('Ctrl Pts',(151.243954842964,-47.7817708529837,4.38133381476231));
#4998=CARTESIAN_POINT('Ctrl Pts',(151.481322608052,-48.1210041428491,4.35516531130338));
#4999=CARTESIAN_POINT('Ctrl Pts',(151.71869037314,-48.4602374327146,4.32899680784446));
#5000=CARTESIAN_POINT('Ctrl Pts',(151.773690068753,-48.9270770110088,4.30282830438553));
#5001=CARTESIAN_POINT('Ctrl Pts',(151.621659177698,-49.3121864616685,4.27665980092661));
#5002=CARTESIAN_POINT('Ctrl Pts',(151.469628286644,-49.6972959123281,4.25049129746768));
#5003=CARTESIAN_POINT('Ctrl Pts',(151.110566808922,-50.0006752353531,4.22432279400875));
#5004=CARTESIAN_POINT('Ctrl Pts',(150.705482179198,-50.0862855360426,4.19815429054982));
#5005=CARTESIAN_POINT('Ctrl Pts',(150.300397549475,-50.1718958367321,4.1719857870909));
#5006=CARTESIAN_POINT('Ctrl Pts',(149.849289767751,-50.0397371150861,4.14581728363197));
#5007=CARTESIAN_POINT('Ctrl Pts',(149.554440925607,-49.7490709128619,4.11964878017305));
#5008=CARTESIAN_POINT('Ctrl Pts',(149.31757015708,-49.5155603241654,4.09862596224223));
#5009=CARTESIAN_POINT('Ctrl Pts',(149.181547775849,-49.1797501561067,4.07760314431141));
#5010=CARTESIAN_POINT('Ctrl Pts',(149.178595213601,-48.8460709542611,4.05658032638059));
#5011=CARTESIAN_POINT('Ctrl Pts',(149.17706886621,-48.8472088572475,4.19341967361941));
#5012=CARTESIAN_POINT('Ctrl Pts',(149.177063629001,-48.8522380995811,4.19373753619096));
#5013=CARTESIAN_POINT('Ctrl Pts',(149.177091054742,-48.857267283246,4.19405539876251));
#5014=CARTESIAN_POINT('Ctrl Pts',(149.177151318306,-48.8622960733919,4.19437326133406));
#5015=CARTESIAN_POINT('Ctrl Pts',(149.182112604807,-49.2762986144429,4.22054176479299));
#5016=CARTESIAN_POINT('Ctrl Pts',(149.40963708425,-49.6876340227784,4.24671026825192));
#5017=CARTESIAN_POINT('Ctrl Pts',(149.757700075447,-49.9118546115845,4.27287877171084));
#5018=CARTESIAN_POINT('Ctrl Pts',(150.105763066643,-50.1360752003905,4.29904727516977));
#5019=CARTESIAN_POINT('Ctrl Pts',(150.574364569594,-50.173180969667,4.3252157786287));
#5020=CARTESIAN_POINT('Ctrl Pts',(150.953378100328,-50.0065332519165,4.35138428208762));
#5021=CARTESIAN_POINT('Ctrl Pts',(151.332391631061,-49.8398855341661,4.37755278554655));
#5022=CARTESIAN_POINT('Ctrl Pts',(151.621817189578,-49.4694843293887,4.40372128900547));
#5023=CARTESIAN_POINT('Ctrl Pts',(151.691872914809,-49.061421939619,4.4298897924644));
#5024=CARTESIAN_POINT('Ctrl Pts',(151.76192864004,-48.6533595498493,4.45605829592333));
#5025=CARTESIAN_POINT('Ctrl Pts',(151.612614531984,-48.2076359750873,4.48222679938225));
#5026=CARTESIAN_POINT('Ctrl Pts',(151.310884812153,-47.9241189667534,4.50839530284118));
#5027=CARTESIAN_POINT('Ctrl Pts',(151.009155092323,-47.6406019584195,4.53456380630011));
#5028=CARTESIAN_POINT('Ctrl Pts',(150.555009760716,-47.5192915165138,4.56073230975903));
#5029=CARTESIAN_POINT('Ctrl Pts',(150.152092981137,-47.6145846804457,4.58690081321796));
#5030=CARTESIAN_POINT('Ctrl Pts',(149.749176201558,-47.7098778443776,4.61306931667689));
#5031=CARTESIAN_POINT('Ctrl Pts',(149.397487974006,-48.0217746141471,4.63923782013581));
#5032=CARTESIAN_POINT('Ctrl Pts',(149.254729482753,-48.410416780649,4.66540632359474));
#5033=CARTESIAN_POINT('Ctrl Pts',(149.203788554335,-48.5490970973849,4.67474410693629));
#5034=CARTESIAN_POINT('Ctrl Pts',(149.179450592504,-48.6975493846457,4.68408189027785));
#5035=CARTESIAN_POINT('Ctrl Pts',(149.18036743793,-48.846291932776,4.69341967361941));
#5036=CARTESIAN_POINT('Origin',(150.443597668578,-48.8471193473221,0.));
#5037=CARTESIAN_POINT('',(149.179525367531,-48.8481879973619,5.19341967361941));
#5038=CARTESIAN_POINT('',(149.177283841852,-48.8475837866363,5.05658032638058));
#5039=CARTESIAN_POINT('',(149.179097668578,-48.8471193473221,0.));
#5040=CARTESIAN_POINT('Ctrl Pts',(149.177283841852,-48.8475837866363,5.05658032638058));
#5041=CARTESIAN_POINT('Ctrl Pts',(149.179137738311,-48.460448054954,5.03212334902626));
#5042=CARTESIAN_POINT('Ctrl Pts',(149.369997155329,-48.0717286208745,5.00766637167194));
#5043=CARTESIAN_POINT('Ctrl Pts',(149.678327179831,-47.8379229393723,4.98320939431762));
#5044=CARTESIAN_POINT('Ctrl Pts',(150.008234477686,-47.5877552797934,4.9570408908587));
#5045=CARTESIAN_POINT('Ctrl Pts',(150.472629122122,-47.5149421089599,4.93087238739977));
#5046=CARTESIAN_POINT('Ctrl Pts',(150.86327106832,-47.6521337478186,4.90470388394084));
#5047=CARTESIAN_POINT('Ctrl Pts',(151.253913014519,-47.7893253866774,4.87853538048191));
#5048=CARTESIAN_POINT('Ctrl Pts',(151.57080226248,-48.1365218352283,4.85236687702299));
#5049=CARTESIAN_POINT('Ctrl Pts',(151.671841890415,-48.5380360647322,4.82619837356406));
#5050=CARTESIAN_POINT('Ctrl Pts',(151.77288151835,-48.9395502942361,4.80002987010513));
#5051=CARTESIAN_POINT('Ctrl Pts',(151.658071526259,-49.3953823046929,4.77386136664621));
#5052=CARTESIAN_POINT('Ctrl Pts',(151.378894087055,-49.7011316109764,4.74769286318728));
#5053=CARTESIAN_POINT('Ctrl Pts',(151.099716647851,-50.00688091726,4.72152435972836));
#5054=CARTESIAN_POINT('Ctrl Pts',(150.656171761535,-50.1625475193703,4.69535585626943));
#5055=CARTESIAN_POINT('Ctrl Pts',(150.247150223775,-50.0983286593144,4.6691873528105));
#5056=CARTESIAN_POINT('Ctrl Pts',(149.838128686015,-50.0341097992586,4.64301884935158));
#5057=CARTESIAN_POINT('Ctrl Pts',(149.463630496812,-49.7500054770366,4.61685034589265));
#5058=CARTESIAN_POINT('Ctrl Pts',(149.29158509756,-49.37341144937,4.59068184243372));
#5059=CARTESIAN_POINT('Ctrl Pts',(149.216851376114,-49.2098251327108,4.57931467041601));
#5060=CARTESIAN_POINT('Ctrl Pts',(149.180318313852,-49.0287870055997,4.5679474983983));
#5061=CARTESIAN_POINT('Ctrl Pts',(149.180868335115,-48.8475374992638,4.55658032638059));
#5062=CARTESIAN_POINT('Ctrl Pts',(149.18036743793,-48.846291932776,4.69341967361941));
#5063=CARTESIAN_POINT('Ctrl Pts',(149.182019989524,-49.1143902710597,4.71025039373678));
#5064=CARTESIAN_POINT('Ctrl Pts',(149.265719382873,-49.3834315976381,4.72708111385415));
#5065=CARTESIAN_POINT('Ctrl Pts',(149.423571239637,-49.5978941342427,4.74391183397152));
#5066=CARTESIAN_POINT('Ctrl Pts',(149.669000242727,-49.9313417581003,4.77008033743045));
#5067=CARTESIAN_POINT('Ctrl Pts',(150.093687003862,-50.132849442581,4.79624884088937));
#5068=CARTESIAN_POINT('Ctrl Pts',(150.507196942506,-50.1120587901942,4.8224173443483));
#5069=CARTESIAN_POINT('Ctrl Pts',(150.920706881149,-50.0912681378074,4.84858584780723));
#5070=CARTESIAN_POINT('Ctrl Pts',(151.323039997301,-49.8481791485531,4.87475435126615));
#5071=CARTESIAN_POINT('Ctrl Pts',(151.533785315483,-49.4917957236267,4.90092285472508));
#5072=CARTESIAN_POINT('Ctrl Pts',(151.744530633666,-49.1354122987003,4.92709135818401));
#5073=CARTESIAN_POINT('Ctrl Pts',(151.76368815388,-48.665734438102,4.95325986164293));
#5074=CARTESIAN_POINT('Ctrl Pts',(151.582667466048,-48.2933714683886,4.97942836510186));
#5075=CARTESIAN_POINT('Ctrl Pts',(151.401646778215,-47.9210084986753,5.00559686856079));
#5076=CARTESIAN_POINT('Ctrl Pts',(151.020447882337,-47.645960419847,5.03176537201971));
#5077=CARTESIAN_POINT('Ctrl Pts',(150.610004790455,-47.5915616600938,5.05793387547864));
#5078=CARTESIAN_POINT('Ctrl Pts',(150.199561698574,-47.5371629003406,5.08410237893756));
#5079=CARTESIAN_POINT('Ctrl Pts',(149.759874410689,-47.7034134596625,5.11027088239649));
#5080=CARTESIAN_POINT('Ctrl Pts',(149.488104151226,-48.01576544843,5.13643938585542));
#5081=CARTESIAN_POINT('Ctrl Pts',(149.2908498755,-48.2424744541827,5.15543281511008));
#5082=CARTESIAN_POINT('Ctrl Pts',(149.182054947715,-48.5461502649317,5.17442624436475));
#5083=CARTESIAN_POINT('Ctrl Pts',(149.179525367531,-48.8481879973619,5.19341967361941));
#5084=CARTESIAN_POINT('Origin',(150.443597668578,-48.8471193473221,0.));
#5085=CARTESIAN_POINT('',(149.17750947362,-48.8464965083512,5.69341967361941));
#5086=CARTESIAN_POINT('',(149.179853310963,-48.8461093807229,5.55658032638059));
#5087=CARTESIAN_POINT('',(149.179097668578,-48.8471193473221,0.));
#5088=CARTESIAN_POINT('',(151.4017138213,-48.0219080483857,6.));
#5089=CARTESIAN_POINT('Ctrl Pts',(149.17750947362,-48.8464965083512,5.69341967361941));
#5090=CARTESIAN_POINT('Ctrl Pts',(149.17986043082,-49.2215737200537,5.71710760536949));
#5091=CARTESIAN_POINT('Ctrl Pts',(149.357405219527,-49.5985282120182,5.74079553711957));
#5092=CARTESIAN_POINT('Ctrl Pts',(149.649369979381,-49.8336291140084,5.76448346886966));
#5093=CARTESIAN_POINT('Ctrl Pts',(149.971908937561,-50.0933494995548,5.79065197232858));
#5094=CARTESIAN_POINT('Ctrl Pts',(150.4340864427,-50.179951250422,5.81682047578751));
#5095=CARTESIAN_POINT('Ctrl Pts',(150.828475633521,-50.0539592925718,5.84298897924644));
#5096=CARTESIAN_POINT('Ctrl Pts',(151.222864824343,-49.9279673347216,5.86915748270537));
#5097=CARTESIAN_POINT('Ctrl Pts',(151.549465700847,-49.589381668154,5.89532598616429));
#5098=CARTESIAN_POINT('Ctrl Pts',(151.66201921317,-49.1916343211124,5.92149448962322));
#5099=CARTESIAN_POINT('Ctrl Pts',(151.774572725493,-48.7938869740708,5.94766299308215));
#5100=CARTESIAN_POINT('Ctrl Pts',(151.673078873633,-48.3369779465552,5.97383149654107));
#5101=CARTESIAN_POINT('Ctrl Pts',(151.4017138213,-48.0219080483856,6.));
#5102=CARTESIAN_POINT('',(149.483670888864,-48.0207708665339,6.));
#5103=CARTESIAN_POINT('Origin',(150.443597668578,-48.8471193473221,6.));
#5104=CARTESIAN_POINT('Ctrl Pts',(149.483660654036,-48.020764438451,6.));
#5105=CARTESIAN_POINT('Ctrl Pts',(149.7419122589,-47.7229610439513,5.97509183961299));
#5106=CARTESIAN_POINT('Ctrl Pts',(150.150979519487,-47.5533540151338,5.95018367922598));
#5107=CARTESIAN_POINT('Ctrl Pts',(150.543902706507,-47.584606977936,5.92527551883897));
#5108=CARTESIAN_POINT('Ctrl Pts',(150.956707651507,-47.6174413283049,5.89910701538005));
#5109=CARTESIAN_POINT('Ctrl Pts',(151.351693421461,-47.8719768085412,5.87293851192112));
#5110=CARTESIAN_POINT('Ctrl Pts',(151.551984843889,-48.2342898040301,5.84677000846219));
#5111=CARTESIAN_POINT('Ctrl Pts',(151.752276266318,-48.5966027995189,5.82060150500327));
#5112=CARTESIAN_POINT('Ctrl Pts',(151.75787334122,-49.0666933102603,5.79443300154434));
#5113=CARTESIAN_POINT('Ctrl Pts',(151.5661509562,-49.4336666757278,5.76826449808541));
#5114=CARTESIAN_POINT('Ctrl Pts',(151.37442857118,-49.8006400411954,5.74209599462649));
#5115=CARTESIAN_POINT('Ctrl Pts',(150.985386726238,-50.0644962613891,5.71592749116756));
#5116=CARTESIAN_POINT('Ctrl Pts',(150.573531449069,-50.1069671678155,5.68975898770864));
#5117=CARTESIAN_POINT('Ctrl Pts',(150.1616761719,-50.149438074242,5.66359048424971));
#5118=CARTESIAN_POINT('Ctrl Pts',(149.727007462505,-49.9705236669011,5.63742198079078));
#5119=CARTESIAN_POINT('Ctrl Pts',(149.464409652862,-49.650428339115,5.61125347733185));
#5120=CARTESIAN_POINT('Ctrl Pts',(149.281530137562,-49.4275061507125,5.59302909368143));
#5121=CARTESIAN_POINT('Ctrl Pts',(149.182106197524,-49.1361102404382,5.57480471003101));
#5122=CARTESIAN_POINT('Ctrl Pts',(149.179853310963,-48.8461093807229,5.55658032638059));
#5123=CARTESIAN_POINT('Origin',(150.443597668578,-48.8471193473221,7.10421172358873));
#5124=CARTESIAN_POINT('',(148.898602754265,-48.846360487687,2.39578827641127));
#5125=CARTESIAN_POINT('',(148.902954341745,-48.8471866431629,2.35421172358873));
#5126=CARTESIAN_POINT('',(148.900597668578,-48.8471193473221,7.10421172358873));
#5127=CARTESIAN_POINT('',(150.842111510435,-50.3377687755407,2.));
#5128=CARTESIAN_POINT('Ctrl Pts',(148.902954341745,-48.8471866431629,2.35421172358873));
#5129=CARTESIAN_POINT('Ctrl Pts',(148.90311795566,-48.5864475752298,2.34081516289486));
#5130=CARTESIAN_POINT('Ctrl Pts',(149.088756122433,-47.8162109993647,2.30125009874206));
#5131=CARTESIAN_POINT('Ctrl Pts',(150.299457157708,-47.0360145484138,2.23551653113034));
#5132=CARTESIAN_POINT('Ctrl Pts',(151.875858344,-47.7274065466523,2.15701102075356));
#5133=CARTESIAN_POINT('Ctrl Pts',(152.1652257295,-49.4250568921949,2.07850551037678));
#5134=CARTESIAN_POINT('Ctrl Pts',(151.332301308635,-50.2067202432554,2.02616850345893));
#5135=CARTESIAN_POINT('Ctrl Pts',(150.842111510435,-50.3377687755407,2.));
#5136=CARTESIAN_POINT('',(150.044040384388,-50.3401600643103,2.));
#5137=CARTESIAN_POINT('Origin',(150.443597668578,-48.8471193473221,2.));
#5138=CARTESIAN_POINT('Ctrl Pts',(148.898602754265,-48.846360487687,2.39578827641127));
#5139=CARTESIAN_POINT('Ctrl Pts',(148.898327309127,-48.8010053827628,2.39344102516356));
#5140=CARTESIAN_POINT('Ctrl Pts',(148.920535921296,-48.2502802260697,2.36492527045693));
#5141=CARTESIAN_POINT('Ctrl Pts',(149.579168752583,-47.2488570107835,2.31024101229137));
#5142=CARTESIAN_POINT('Ctrl Pts',(151.299995474916,-47.2443916979556,2.23173550191459));
#5143=CARTESIAN_POINT('Ctrl Pts',(152.252693301178,-48.6776412707554,2.15322999153781));
#5144=CARTESIAN_POINT('Ctrl Pts',(151.593892238622,-50.2367118924725,2.07598482423295));
#5145=CARTESIAN_POINT('Ctrl Pts',(150.509133025152,-50.4628317130771,2.02490816038701));
#5146=CARTESIAN_POINT('Ctrl Pts',(150.044034486182,-50.3401735814116,2.));
#5147=CARTESIAN_POINT('Origin',(150.443597668578,-48.8471193473221,7.10421172358873));
#5148=CARTESIAN_POINT('',(148.902860651926,-48.8467930324209,2.89578827641127));
#5149=CARTESIAN_POINT('',(148.898924707373,-48.848068215327,2.85421172358873));
#5150=CARTESIAN_POINT('',(148.900597668578,-48.8471193473221,7.10421172358873));
#5151=CARTESIAN_POINT('Ctrl Pts',(148.898924707373,-48.848068215327,2.85421172358873));
#5152=CARTESIAN_POINT('Ctrl Pts',(148.90217154037,-48.402389249488,2.83115951698175));
#5153=CARTESIAN_POINT('Ctrl Pts',(149.337399499233,-47.4452440180897,2.78193880691585));
#5154=CARTESIAN_POINT('Ctrl Pts',(150.954099024312,-47.1032218790475,2.70654959339102));
#5155=CARTESIAN_POINT('Ctrl Pts',(152.17981103918,-48.3110182162423,2.62804408301423));
#5156=CARTESIAN_POINT('Ctrl Pts',(151.848415944726,-49.9996286948768,2.54953857263746));
#5157=CARTESIAN_POINT('Ctrl Pts',(150.257208589993,-50.6545871388641,2.47103306226068));
#5158=CARTESIAN_POINT('Ctrl Pts',(149.076058057382,-49.8535063301915,2.40592411257777));
#5159=CARTESIAN_POINT('Ctrl Pts',(148.902798356368,-49.0957686880887,2.36698366635378));
#5160=CARTESIAN_POINT('Ctrl Pts',(148.902954341745,-48.8471866431629,2.35421172358873));
#5161=CARTESIAN_POINT('Ctrl Pts',(148.902860651926,-48.8467930324209,2.89578827641127));
#5162=CARTESIAN_POINT('Ctrl Pts',(148.902409311168,-48.6132161203987,2.88378537925046));
#5163=CARTESIAN_POINT('Ctrl Pts',(149.061186511497,-47.8709812263359,2.84561397863071));
#5164=CARTESIAN_POINT('Ctrl Pts',(150.204855121792,-47.0457850961728,2.78127407455205));
#5165=CARTESIAN_POINT('Ctrl Pts',(151.814433795389,-47.6543843465076,2.70276856417526));
#5166=CARTESIAN_POINT('Ctrl Pts',(152.194612960632,-49.3326608560413,2.62426305379849));
#5167=CARTESIAN_POINT('Ctrl Pts',(151.004442245848,-50.5754834963876,2.5457575434217));
#5168=CARTESIAN_POINT('Ctrl Pts',(149.36191198482,-50.2774712479341,2.46959928429264));
#5169=CARTESIAN_POINT('Ctrl Pts',(148.901398129542,-49.3066501113567,2.41960952862249));
#5170=CARTESIAN_POINT('Ctrl Pts',(148.898602754265,-48.846360487687,2.39578827641127));
#5171=CARTESIAN_POINT('Origin',(150.443597668578,-48.8471193473221,7.10421172358873));
#5172=CARTESIAN_POINT('',(148.89963191361,-48.8483269888476,3.39578827641128));
#5173=CARTESIAN_POINT('',(148.900771130144,-48.8457902806984,3.35421172358873));
#5174=CARTESIAN_POINT('',(148.900597668578,-48.8471193473221,7.10421172358873));
#5175=CARTESIAN_POINT('Ctrl Pts',(148.900771130144,-48.8457902806984,3.35421172358873));
#5176=CARTESIAN_POINT('Ctrl Pts',(148.899665914303,-48.718969920219,3.34767237452757));
#5177=CARTESIAN_POINT('Ctrl Pts',(148.971501951162,-48.0858873319581,3.31496452200748));
#5178=CARTESIAN_POINT('Ctrl Pts',(149.841496796687,-47.1326864185055,3.25608816602847));
#5179=CARTESIAN_POINT('Ctrl Pts',(151.541522929041,-47.3992362045865,3.17758265565169));
#5180=CARTESIAN_POINT('Ctrl Pts',(152.256903754028,-48.9642818680119,3.09907714527491));
#5181=CARTESIAN_POINT('Ctrl Pts',(151.346068221055,-50.4242537043632,3.02057163489813));
#5182=CARTESIAN_POINT('Ctrl Pts',(149.625876378105,-50.4698133123998,2.94206612452135));
#5183=CARTESIAN_POINT('Ctrl Pts',(148.928809117926,-49.4740481400157,2.88661282075155));
#5184=CARTESIAN_POINT('Ctrl Pts',(148.898485786465,-48.9083170228231,2.85732802044068));
#5185=CARTESIAN_POINT('Ctrl Pts',(148.898924707373,-48.848068215327,2.85421172358873));
#5186=CARTESIAN_POINT('Ctrl Pts',(148.89963191361,-48.8483269888476,3.39578827641128));
#5187=CARTESIAN_POINT('Ctrl Pts',(148.903236743101,-48.4290918830766,3.37412973333735));
#5188=CARTESIAN_POINT('Ctrl Pts',(149.294817574604,-47.497389290978,3.3263026868045));
#5189=CARTESIAN_POINT('Ctrl Pts',(150.861816198153,-47.0788155828489,3.25230713681272));
#5190=CARTESIAN_POINT('Ctrl Pts',(152.149253625794,-48.220587025534,3.17380162643594));
#5191=CARTESIAN_POINT('Ctrl Pts',(151.907018228552,-49.9242475986039,3.09529611605916));
#5192=CARTESIAN_POINT('Ctrl Pts',(150.352352509105,-50.6619138455218,3.01679060568238));
#5193=CARTESIAN_POINT('Ctrl Pts',(149.104702855409,-49.908086032244,2.95028799246642));
#5194=CARTESIAN_POINT('Ctrl Pts',(148.903393316281,-49.1224563603412,2.90995388270938));
#5195=CARTESIAN_POINT('Ctrl Pts',(148.902860651926,-48.8467930324209,2.89578827641127));
#5196=CARTESIAN_POINT('Origin',(150.443597668578,-48.8471193473221,7.10421172358873));
#5197=CARTESIAN_POINT('',(148.899984550326,-48.8458400507677,3.89578827641127));
#5198=CARTESIAN_POINT('',(148.902381880843,-48.8479910776084,3.85421172358873));
#5199=CARTESIAN_POINT('',(148.900597668578,-48.8471193473221,7.10421172358873));
#5200=CARTESIAN_POINT('Ctrl Pts',(148.902381880843,-48.8479910776084,3.85421172358873));
#5201=CARTESIAN_POINT('Ctrl Pts',(148.904040519943,-48.5330814199529,3.83801672861446));
#5202=CARTESIAN_POINT('Ctrl Pts',(149.149990517214,-47.7069488257378,3.79565323018127));
#5203=CARTESIAN_POINT('Ctrl Pts',(150.49132694654,-47.0306591619028,3.72712122828915));
#5204=CARTESIAN_POINT('Ctrl Pts',(151.985064219512,-47.8849932858745,3.64861571791237));
#5205=CARTESIAN_POINT('Ctrl Pts',(152.096377645325,-49.6021849332536,3.57011020753559));
#5206=CARTESIAN_POINT('Ctrl Pts',(150.725438691231,-50.6422158161485,3.49160469715881));
#5207=CARTESIAN_POINT('Ctrl Pts',(149.236988974323,-50.1198292054956,3.41963853584319));
#5208=CARTESIAN_POINT('Ctrl Pts',(148.904088654898,-49.2264667690382,3.3738408779865));
#5209=CARTESIAN_POINT('Ctrl Pts',(148.900771130144,-48.8457902806984,3.35421172358873));
#5210=CARTESIAN_POINT('Ctrl Pts',(148.899984550326,-48.8458400507677,3.89578827641127));
#5211=CARTESIAN_POINT('Ctrl Pts',(148.899102692716,-48.7461782930124,3.89064259088317));
#5212=CARTESIAN_POINT('Ctrl Pts',(148.952937150508,-48.1406323867382,3.85932840189614));
#5213=CARTESIAN_POINT('Ctrl Pts',(149.752293031637,-47.1666721255922,3.80184570945018));
#5214=CARTESIAN_POINT('Ctrl Pts',(151.463971222645,-47.3435759406173,3.7233401990734));
#5215=CARTESIAN_POINT('Ctrl Pts',(152.260554152441,-48.8688932271902,3.64483468869662));
#5216=CARTESIAN_POINT('Ctrl Pts',(151.427647311691,-50.3746831812391,3.56632917831984));
#5217=CARTESIAN_POINT('Ctrl Pts',(149.712221356873,-50.5105175720563,3.48782366794306));
#5218=CARTESIAN_POINT('Ctrl Pts',(148.945014741458,-49.5286614563841,3.43097670064021));
#5219=CARTESIAN_POINT('Ctrl Pts',(148.898881279639,-48.9356243528751,3.40029823679628));
#5220=CARTESIAN_POINT('Ctrl Pts',(148.89963191361,-48.8483269888476,3.39578827641128));
#5221=CARTESIAN_POINT('Origin',(150.443597668578,-48.8471193473221,7.10421172358873));
#5222=CARTESIAN_POINT('',(148.902758315843,-48.8476295952035,4.39578827641128));
#5223=CARTESIAN_POINT('',(148.898122032315,-48.847228571375,4.35421172358873));
#5224=CARTESIAN_POINT('',(148.900597668578,-48.8471193473221,7.10421172358873));
#5225=CARTESIAN_POINT('Ctrl Pts',(148.898122032315,-48.847228571375,4.35421172358873));
#5226=CARTESIAN_POINT('Ctrl Pts',(148.898641763681,-48.3481354585169,4.32836108270135));
#5227=CARTESIAN_POINT('Ctrl Pts',(149.430154452591,-47.3428595065758,4.27634193835505));
#5228=CARTESIAN_POINT('Ctrl Pts',(151.134902381143,-47.1666719417632,4.19815429054983));
#5229=CARTESIAN_POINT('Ctrl Pts',(152.226602258363,-48.4968332911844,4.11964878017305));
#5230=CARTESIAN_POINT('Ctrl Pts',(151.719261230963,-50.1411395032402,4.04114326979627));
#5231=CARTESIAN_POINT('Ctrl Pts',(150.067874793609,-50.6249376759738,3.96263775941949));
#5232=CARTESIAN_POINT('Ctrl Pts',(149.024600730033,-49.7434513601898,3.90032724401697));
#5233=CARTESIAN_POINT('Ctrl Pts',(148.901360426303,-49.0419247063325,3.86418523207339));
#5234=CARTESIAN_POINT('Ctrl Pts',(148.902381880843,-48.8479910776084,3.85421172358873));
#5235=CARTESIAN_POINT('Ctrl Pts',(148.902758315843,-48.8476295952035,4.39578827641128));
#5236=CARTESIAN_POINT('Ctrl Pts',(148.903632242371,-48.5596429979845,4.38098694497006));
#5237=CARTESIAN_POINT('Ctrl Pts',(149.118416316355,-47.7612904581868,4.34001711006992));
#5238=CARTESIAN_POINT('Ctrl Pts',(150.395868395837,-47.0306593606101,4.27287877171085));
#5239=CARTESIAN_POINT('Ctrl Pts',(151.932410252847,-47.8053698308749,4.19437326133407));
#5240=CARTESIAN_POINT('Ctrl Pts',(152.133749589338,-49.5143460332665,4.1158677509573));
#5241=CARTESIAN_POINT('Ctrl Pts',(150.819320502445,-50.6249374814932,4.03736224058052));
#5242=CARTESIAN_POINT('Ctrl Pts',(149.276175238273,-50.1728501673541,3.96400241573184));
#5243=CARTESIAN_POINT('Ctrl Pts',(148.903587400108,-49.2530104805405,3.9168110943421));
#5244=CARTESIAN_POINT('Ctrl Pts',(148.899984550326,-48.8458400507677,3.89578827641127));
#5245=CARTESIAN_POINT('Origin',(150.443597668578,-48.8471193473221,7.10421172358873));
#5246=CARTESIAN_POINT('',(148.898384355301,-48.8476860771456,4.89578827641127));
#5247=CARTESIAN_POINT('',(148.902147098479,-48.84610969873,4.85421172358873));
#5248=CARTESIAN_POINT('',(148.900597668578,-48.8471193473221,7.10421172358873));
#5249=CARTESIAN_POINT('Ctrl Pts',(148.902147098479,-48.84610969873,4.85421172358873));
#5250=CARTESIAN_POINT('Ctrl Pts',(148.901028322289,-48.6646073248549,4.84487394024717));
#5251=CARTESIAN_POINT('Ctrl Pts',(149.013954014595,-47.9758036596398,4.80936765344669));
#5252=CARTESIAN_POINT('Ctrl Pts',(150.025379093252,-47.0788153893959,4.74769286318728));
#5253=CARTESIAN_POINT('Ctrl Pts',(151.687885016547,-47.5229008267873,4.6691873528105));
#5254=CARTESIAN_POINT('Ctrl Pts',(152.234484467862,-49.1545769260942,4.59068184243372));
#5255=CARTESIAN_POINT('Ctrl Pts',(151.17497406029,-50.5105177540218,4.51217633205694));
#5256=CARTESIAN_POINT('Ctrl Pts',(149.459547917817,-50.374683348343,4.43367082168017));
#5257=CARTESIAN_POINT('Ctrl Pts',(148.900904255944,-49.3647264446586,4.38101595219076));
#5258=CARTESIAN_POINT('Ctrl Pts',(148.898115641636,-48.8533654799719,4.35452958616028));
#5259=CARTESIAN_POINT('Ctrl Pts',(148.898122032315,-48.847228571375,4.35421172358873));
#5260=CARTESIAN_POINT('Ctrl Pts',(148.898384355301,-48.8476860771456,4.89578827641127));
#5261=CARTESIAN_POINT('Ctrl Pts',(148.900646563475,-48.3752855757729,4.87133129905695));
#5262=CARTESIAN_POINT('Ctrl Pts',(149.382735388854,-47.3934252185268,4.82070581824371));
#5263=CARTESIAN_POINT('Ctrl Pts',(151.045698474574,-47.1326866060101,4.74391183397153));
#5264=CARTESIAN_POINT('Ctrl Pts',(152.205746184194,-48.4036809597804,4.66540632359475));
#5265=CARTESIAN_POINT('Ctrl Pts',(151.785457173998,-50.0723613681667,4.58690081321797));
#5266=CARTESIAN_POINT('Ctrl Pts',(150.16175667676,-50.6422156197828,4.50839530284119));
#5267=CARTESIAN_POINT('Ctrl Pts',(149.04929297238,-49.7982709603926,4.44469112390563));
#5268=CARTESIAN_POINT('Ctrl Pts',(148.902087155062,-49.0687984273714,4.40715544842899));
#5269=CARTESIAN_POINT('Ctrl Pts',(148.902758315843,-48.8476295952035,4.39578827641128));
#5270=CARTESIAN_POINT('Origin',(150.443597668578,-48.8471193473221,7.10421172358873));
#5271=CARTESIAN_POINT('',(148.901519737538,-48.8458869404715,5.39578827641128));
#5272=CARTESIAN_POINT('',(148.901119566154,-48.8484233623569,5.35421172358873));
#5273=CARTESIAN_POINT('',(148.900597668578,-48.8471193473221,7.10421172358873));
#5274=CARTESIAN_POINT('Ctrl Pts',(148.901119566154,-48.8484233623569,5.35421172358873));
#5275=CARTESIAN_POINT('Ctrl Pts',(148.90420627412,-48.4798632823728,5.33521829433407));
#5276=CARTESIAN_POINT('Ctrl Pts',(149.219870144051,-47.5987607937092,5.29005636162047));
#5277=CARTESIAN_POINT('Ctrl Pts',(150.682340241523,-47.0457848983493,5.21872592544796));
#5278=CARTESIAN_POINT('Ctrl Pts',(152.077808560244,-48.0526631560765,5.14022041507118));
#5279=CARTESIAN_POINT('Ctrl Pts',(152.007677946507,-49.7720295591687,5.0617149046944));
#5280=CARTESIAN_POINT('Ctrl Pts',(150.534842838032,-50.6619140441494,4.98320939431762));
#5281=CARTESIAN_POINT('Ctrl Pts',(149.165095601679,-50.0119889247894,4.9140416672824));
#5282=CARTESIAN_POINT('Ctrl Pts',(148.904163616557,-49.1732553974029,4.8710424437061));
#5283=CARTESIAN_POINT('Ctrl Pts',(148.902147098479,-48.84610969873,4.85421172358873));
#5284=CARTESIAN_POINT('Ctrl Pts',(148.901519737538,-48.8458869404715,5.39578827641128));
#5285=CARTESIAN_POINT('Ctrl Pts',(148.900321399479,-48.6916319178822,5.38784415660277));
#5286=CARTESIAN_POINT('Ctrl Pts',(148.991923028401,-48.0306386963589,5.35373153333534));
#5287=CARTESIAN_POINT('Ctrl Pts',(149.933096371161,-47.1032220748422,5.29345040660899));
#5288=CARTESIAN_POINT('Ctrl Pts',(151.616623778257,-47.4593820322264,5.21494489623221));
#5289=CARTESIAN_POINT('Ctrl Pts',(152.248160254367,-49.0601037193041,5.13643938585543));
#5290=CARTESIAN_POINT('Ctrl Pts',(151.261318869199,-50.4698131342282,5.05793387547864));
#5291=CARTESIAN_POINT('Ctrl Pts',(149.541127215036,-50.4242535321692,4.97942836510187));
#5292=CARTESIAN_POINT('Ctrl Pts',(148.914046150564,-49.4191097272931,4.92537983207941));
#5293=CARTESIAN_POINT('Ctrl Pts',(148.898226043491,-48.8807451824559,4.89749980251588));
#5294=CARTESIAN_POINT('Ctrl Pts',(148.898384355301,-48.8476860771456,4.89578827641127));
#5295=CARTESIAN_POINT('Origin',(150.443597668578,-48.8471193473221,7.10421172358873));
#5296=CARTESIAN_POINT('',(148.902271654323,-48.8484322642495,5.89578827641128));
#5297=CARTESIAN_POINT('',(148.898659681373,-48.8463593310848,5.85421172358873));
#5298=CARTESIAN_POINT('',(148.900597668578,-48.8471193473221,7.10421172358873));
#5299=CARTESIAN_POINT('',(150.045083826721,-50.3377687755407,6.));
#5300=CARTESIAN_POINT('Ctrl Pts',(150.045083826721,-50.3377687755407,6.));
#5301=CARTESIAN_POINT('Ctrl Pts',(149.554894028521,-50.2067202432554,5.97383149654107));
#5302=CARTESIAN_POINT('Ctrl Pts',(149.002063332561,-49.6879138780219,5.93909425534483));
#5303=CARTESIAN_POINT('Ctrl Pts',(148.901141675176,-49.0148760757489,5.90435701414859));
#5304=CARTESIAN_POINT('Ctrl Pts',(148.902271654323,-48.8484322642495,5.89578827641128));
#5305=CARTESIAN_POINT('',(150.843154928904,-50.3401602684966,6.00000000000001));
#5306=CARTESIAN_POINT('Origin',(150.443597668578,-48.8471193473221,6.));
#5307=CARTESIAN_POINT('Ctrl Pts',(150.843160823848,-50.3401737795826,6.));
#5308=CARTESIAN_POINT('Ctrl Pts',(150.378062385813,-50.4628318044906,5.975091839613));
#5309=CARTESIAN_POINT('Ctrl Pts',(149.345984888204,-50.2476939060993,5.9264957474759));
#5310=CARTESIAN_POINT('Ctrl Pts',(148.901528425509,-49.3040454818614,5.87789965533881));
#5311=CARTESIAN_POINT('Ctrl Pts',(148.898659681373,-48.8463593310848,5.85421172358873));
#5312=CARTESIAN_POINT('Origin',(150.623343898743,-130.031246592388,0.));
#5313=CARTESIAN_POINT('',(149.360754420684,-130.031303867213,2.1934196736194));
#5314=CARTESIAN_POINT('',(149.359795323066,-130.033105423236,2.05658032638059));
#5315=CARTESIAN_POINT('',(149.358843898743,-130.031246592388,0.));
#5316=CARTESIAN_POINT('',(149.665227746021,-129.206035293451,2.));
#5317=CARTESIAN_POINT('Ctrl Pts',(149.359795323066,-130.033105423236,2.05658032638059));
#5318=CARTESIAN_POINT('Ctrl Pts',(149.362341070594,-129.733900200812,2.03772021758706));
#5319=CARTESIAN_POINT('Ctrl Pts',(149.46965009605,-129.433111808024,2.01886010879353));
#5320=CARTESIAN_POINT('Ctrl Pts',(149.665227746021,-129.206035293451,2.));
#5321=CARTESIAN_POINT('',(151.583281412923,-129.20486972424,2.00000000000002));
#5322=CARTESIAN_POINT('Origin',(150.623343898743,-130.031246592388,2.));
#5323=CARTESIAN_POINT('Ctrl Pts',(151.583290575257,-129.20486386086,2.00000000000002));
#5324=CARTESIAN_POINT('Ctrl Pts',(151.325041458992,-128.90707732373,2.02490816038702));
#5325=CARTESIAN_POINT('Ctrl Pts',(150.915967278517,-128.737449789129,2.04981632077402));
#5326=CARTESIAN_POINT('Ctrl Pts',(150.523037148324,-128.768700775619,2.07472448116103));
#5327=CARTESIAN_POINT('Ctrl Pts',(150.110224908829,-128.801533049675,2.10089298461995));
#5328=CARTESIAN_POINT('Ctrl Pts',(149.715231818679,-129.056086905679,2.12706148807887));
#5329=CARTESIAN_POINT('Ctrl Pts',(149.514937369223,-129.418409563924,2.1532299915378));
#5330=CARTESIAN_POINT('Ctrl Pts',(149.412399723041,-129.603895046102,2.16662655223167));
#5331=CARTESIAN_POINT('Ctrl Pts',(149.360888106645,-129.817624249415,2.18002311292554));
#5332=CARTESIAN_POINT('Ctrl Pts',(149.360754420684,-130.031303867213,2.1934196736194));
#5333=CARTESIAN_POINT('Origin',(150.623343898743,-130.031246592388,0.));
#5334=CARTESIAN_POINT('',(149.357452287086,-130.032024192401,2.6934196736194));
#5335=CARTESIAN_POINT('',(149.357188531177,-130.030625311304,2.55658032638059));
#5336=CARTESIAN_POINT('',(149.358843898743,-130.031246592388,0.));
#5337=CARTESIAN_POINT('Ctrl Pts',(149.357188531177,-130.030625311304,2.55658032638059));
#5338=CARTESIAN_POINT('Ctrl Pts',(149.356962790454,-129.993455840821,2.55423307513288));
#5339=CARTESIAN_POINT('Ctrl Pts',(149.358460933117,-129.956304889407,2.55188582388518));
#5340=CARTESIAN_POINT('Ctrl Pts',(149.361742861894,-129.919312297526,2.54953857263747));
#5341=CARTESIAN_POINT('Ctrl Pts',(149.398331686648,-129.506897661666,2.52337006917854));
#5342=CARTESIAN_POINT('Ctrl Pts',(149.656628527092,-129.114165642268,2.49720156571961));
#5343=CARTESIAN_POINT('Ctrl Pts',(150.020819770086,-128.917191508522,2.47103306226069));
#5344=CARTESIAN_POINT('Ctrl Pts',(150.385011013081,-128.720217374775,2.44486455880176));
#5345=CARTESIAN_POINT('Ctrl Pts',(150.855096658625,-128.71900112668,2.41869605534283));
#5346=CARTESIAN_POINT('Ctrl Pts',(151.220264093766,-128.914152819303,2.39252755188391));
#5347=CARTESIAN_POINT('Ctrl Pts',(151.585431528907,-129.109304511926,2.36635904842498));
#5348=CARTESIAN_POINT('Ctrl Pts',(151.845680753644,-129.500824145269,2.34019054496605));
#5349=CARTESIAN_POINT('Ctrl Pts',(151.884357285296,-129.913013001934,2.31402204150713));
#5350=CARTESIAN_POINT('Ctrl Pts',(151.923033816948,-130.325201858599,2.2878535380482));
#5351=CARTESIAN_POINT('Ctrl Pts',(151.740137655514,-130.758059938588,2.26168503458928));
#5352=CARTESIAN_POINT('Ctrl Pts',(151.417591593303,-131.017782690274,2.23551653113035));
#5353=CARTESIAN_POINT('Ctrl Pts',(151.095045531092,-131.27750544196,2.20934802767142));
#5354=CARTESIAN_POINT('Ctrl Pts',(150.632849568104,-131.364092865343,2.1831795242125));
#5355=CARTESIAN_POINT('Ctrl Pts',(150.238475492423,-131.238116691845,2.15701102075357));
#5356=CARTESIAN_POINT('Ctrl Pts',(149.844101416742,-131.112140518346,2.13084251729464));
#5357=CARTESIAN_POINT('Ctrl Pts',(149.517549228369,-130.773600747967,2.10467401383572));
#5358=CARTESIAN_POINT('Ctrl Pts',(149.404989547605,-130.375841916285,2.07850551037679));
#5359=CARTESIAN_POINT('Ctrl Pts',(149.373553643304,-130.264754993484,2.07119711571139));
#5360=CARTESIAN_POINT('Ctrl Pts',(149.358808832063,-130.149049073157,2.06388872104599));
#5361=CARTESIAN_POINT('Ctrl Pts',(149.359795323066,-130.033105423236,2.05658032638059));
#5362=CARTESIAN_POINT('Ctrl Pts',(149.360754420684,-130.031303867213,2.1934196736194));
#5363=CARTESIAN_POINT('Ctrl Pts',(149.360626967862,-130.23502062041,2.20619161638446));
#5364=CARTESIAN_POINT('Ctrl Pts',(149.407198119431,-130.438692304172,2.21896355914952));
#5365=CARTESIAN_POINT('Ctrl Pts',(149.500772813011,-130.617801505121,2.23173550191458));
#5366=CARTESIAN_POINT('Ctrl Pts',(149.692498515018,-130.984779327586,2.2579040053735));
#5367=CARTESIAN_POINT('Ctrl Pts',(150.081545727794,-131.248643512029,2.28407250883243));
#5368=CARTESIAN_POINT('Ctrl Pts',(150.493407587101,-131.291116003066,2.31024101229136));
#5369=CARTESIAN_POINT('Ctrl Pts',(150.905269446408,-131.333588494102,2.33640951575028));
#5370=CARTESIAN_POINT('Ctrl Pts',(151.339945952246,-131.154669291733,2.36257801920921));
#5371=CARTESIAN_POINT('Ctrl Pts',(151.602548200132,-130.834568263497,2.38874652266814));
#5372=CARTESIAN_POINT('Ctrl Pts',(151.865150448019,-130.514467235261,2.41491502612706));
#5373=CARTESIAN_POINT('Ctrl Pts',(151.955678437953,-130.05318438116,2.44108352958599));
#5374=CARTESIAN_POINT('Ctrl Pts',(151.833526466579,-129.657573674695,2.46725203304492));
#5375=CARTESIAN_POINT('Ctrl Pts',(151.711374495206,-129.261962968231,2.49342053650384));
#5376=CARTESIAN_POINT('Ctrl Pts',(151.376542562524,-128.932024409404,2.51958903996277));
#5377=CARTESIAN_POINT('Ctrl Pts',(150.979178883978,-128.8157020084,2.54575754342169));
#5378=CARTESIAN_POINT('Ctrl Pts',(150.581815205431,-128.699379607397,2.57192604688062));
#5379=CARTESIAN_POINT('Ctrl Pts',(150.12191978102,-128.796673364218,2.59809455033955));
#5380=CARTESIAN_POINT('Ctrl Pts',(149.805712548487,-129.063957657214,2.62426305379847));
#5381=CARTESIAN_POINT('Ctrl Pts',(149.527161103372,-129.299412189592,2.64731526040545));
#5382=CARTESIAN_POINT('Ctrl Pts',(149.360113110358,-129.666781052299,2.67036746701243));
#5383=CARTESIAN_POINT('Ctrl Pts',(149.357452287086,-130.032024192401,2.6934196736194));
#5384=CARTESIAN_POINT('Origin',(150.623343898743,-130.031246592388,0.));
#5385=CARTESIAN_POINT('',(149.358965457307,-130.030157394033,3.1934196736194));
#5386=CARTESIAN_POINT('',(149.360677847624,-130.03097917915,3.05658032638059));
#5387=CARTESIAN_POINT('',(149.358843898743,-130.031246592388,0.));
#5388=CARTESIAN_POINT('Ctrl Pts',(149.360677847624,-130.03097917915,3.05658032638059));
#5389=CARTESIAN_POINT('Ctrl Pts',(149.36030796447,-129.83955804203,3.04457742921978));
#5390=CARTESIAN_POINT('Ctrl Pts',(149.401224241994,-129.64828694871,3.03257453205896));
#5391=CARTESIAN_POINT('Ctrl Pts',(149.484255657209,-129.477489756635,3.02057163489814));
#5392=CARTESIAN_POINT('Ctrl Pts',(149.665279275686,-129.105120748411,2.99440313143922));
#5393=CARTESIAN_POINT('Ctrl Pts',(150.04648434288,-128.830068178805,2.96823462798029));
#5394=CARTESIAN_POINT('Ctrl Pts',(150.456934082135,-128.775668556061,2.94206612452136));
#5395=CARTESIAN_POINT('Ctrl Pts',(150.86738382139,-128.721268933317,2.91589762106244));
#5396=CARTESIAN_POINT('Ctrl Pts',(151.307078232706,-128.887522257436,2.88972911760351));
#5397=CARTESIAN_POINT('Ctrl Pts',(151.578852888871,-129.19987926928,2.86356061414458));
#5398=CARTESIAN_POINT('Ctrl Pts',(151.850627545037,-129.512236281125,2.83739211068566));
#5399=CARTESIAN_POINT('Ctrl Pts',(151.954482446052,-129.970696980695,2.81122360722673));
#5400=CARTESIAN_POINT('Ctrl Pts',(151.843848300671,-130.369680639091,2.7850551037678));
#5401=CARTESIAN_POINT('Ctrl Pts',(151.73321415529,-130.768664297486,2.75888660030888));
#5402=CARTESIAN_POINT('Ctrl Pts',(151.408090963514,-131.108170914706,2.73271809684995));
#5403=CARTESIAN_POINT('Ctrl Pts',(151.014266808838,-131.235964874334,2.70654959339103));
#5404=CARTESIAN_POINT('Ctrl Pts',(150.620442654162,-131.363758833961,2.6803810899321));
#5405=CARTESIAN_POINT('Ctrl Pts',(150.157917536587,-131.279840135996,2.65421258647317));
#5406=CARTESIAN_POINT('Ctrl Pts',(149.834095382331,-131.021832160852,2.62804408301425));
#5407=CARTESIAN_POINT('Ctrl Pts',(149.539319289376,-130.786966874877,2.60422283080303));
#5408=CARTESIAN_POINT('Ctrl Pts',(149.359479477536,-130.407842420807,2.58040157859181));
#5409=CARTESIAN_POINT('Ctrl Pts',(149.357188531177,-130.030625311304,2.55658032638059));
#5410=CARTESIAN_POINT('Ctrl Pts',(149.357452287086,-130.032024192401,2.6934196736194));
#5411=CARTESIAN_POINT('Ctrl Pts',(149.357092585503,-130.08139933757,2.69653597047135));
#5412=CARTESIAN_POINT('Ctrl Pts',(149.359737026589,-130.130735635584,2.6996522673233));
#5413=CARTESIAN_POINT('Ctrl Pts',(149.365516257789,-130.179701944994,2.70276856417525));
#5414=CARTESIAN_POINT('Ctrl Pts',(149.414046240279,-130.590887110606,2.72893706763418));
#5415=CARTESIAN_POINT('Ctrl Pts',(149.683625245912,-130.975982612658,2.75510557109311));
#5416=CARTESIAN_POINT('Ctrl Pts',(150.053370258527,-131.162307506864,2.78127407455203));
#5417=CARTESIAN_POINT('Ctrl Pts',(150.423115271142,-131.348632401069,2.80744257801096));
#5418=CARTESIAN_POINT('Ctrl Pts',(150.893026290738,-131.336186687428,2.83361108146989));
#5419=CARTESIAN_POINT('Ctrl Pts',(151.252389906327,-131.130550956815,2.85977958492881));
#5420=CARTESIAN_POINT('Ctrl Pts',(151.611753521916,-130.924915226202,2.88594808838774));
#5421=CARTESIAN_POINT('Ctrl Pts',(151.860569733499,-130.526089478618,2.91211659184667));
#5422=CARTESIAN_POINT('Ctrl Pts',(151.887266264136,-130.11291202139,2.93828509530559));
#5423=CARTESIAN_POINT('Ctrl Pts',(151.913962794773,-129.699734564162,2.96445359876452));
#5424=CARTESIAN_POINT('Ctrl Pts',(151.718539644465,-129.27220539729,2.99062210222345));
#5425=CARTESIAN_POINT('Ctrl Pts',(151.388626938043,-129.022033633409,3.01679060568237));
#5426=CARTESIAN_POINT('Ctrl Pts',(151.058714231621,-128.771861869527,3.0429591091413));
#5427=CARTESIAN_POINT('Ctrl Pts',(150.594311969086,-128.699047508634,3.06912761260022));
#5428=CARTESIAN_POINT('Ctrl Pts',(150.203663616349,-128.83624139819,3.09529611605915));
#5429=CARTESIAN_POINT('Ctrl Pts',(149.813015263613,-128.973435287745,3.12146461951808));
#5430=CARTESIAN_POINT('Ctrl Pts',(149.496120820677,-129.320637427748,3.147633122977));
#5431=CARTESIAN_POINT('Ctrl Pts',(149.395079536226,-129.722158240888,3.17380162643593));
#5432=CARTESIAN_POINT('Ctrl Pts',(149.36982993685,-129.822495837822,3.18034097549709));
#5433=CARTESIAN_POINT('Ctrl Pts',(149.358059709957,-129.926225470496,3.18688032455825));
#5434=CARTESIAN_POINT('Ctrl Pts',(149.358965457307,-130.030157394033,3.1934196736194));
#5435=CARTESIAN_POINT('Origin',(150.623343898743,-130.031246592388,0.));
#5436=CARTESIAN_POINT('',(149.360285500554,-130.031960993487,3.6934196736194));
#5437=CARTESIAN_POINT('',(149.358031829126,-130.032236279733,3.55658032638059));
#5438=CARTESIAN_POINT('',(149.358843898743,-130.031246592388,0.));
#5439=CARTESIAN_POINT('Ctrl Pts',(149.358031829126,-130.032236279733,3.55658032638059));
#5440=CARTESIAN_POINT('Ctrl Pts',(149.360986061911,-129.688664385432,3.53492178330667));
#5441=CARTESIAN_POINT('Ctrl Pts',(149.5063099765,-129.342889881257,3.51326324023275));
#5442=CARTESIAN_POINT('Ctrl Pts',(149.756042711898,-129.108231266592,3.49160469715882));
#5443=CARTESIAN_POINT('Ctrl Pts',(150.057777317394,-128.824709667353,3.46543619369989));
#5444=CARTESIAN_POINT('Ctrl Pts',(150.511930002636,-128.703397260567,3.43926769024097));
#5445=CARTESIAN_POINT('Ctrl Pts',(150.914853306299,-128.798691967803,3.41309918678204));
#5446=CARTESIAN_POINT('Ctrl Pts',(151.317776609961,-128.89398667504,3.38693068332311));
#5447=CARTESIAN_POINT('Ctrl Pts',(151.669470532045,-129.205888496299,3.36076217986419));
#5448=CARTESIAN_POINT('Ctrl Pts',(151.812231334883,-129.594536955158,3.33459367640526));
#5449=CARTESIAN_POINT('Ctrl Pts',(151.954992137721,-129.983185414017,3.30842517294634));
#5450=CARTESIAN_POINT('Ctrl Pts',(151.888819821314,-130.448580510475,3.28225666948741));
#5451=CARTESIAN_POINT('Ctrl Pts',(151.643386844183,-130.782033534768,3.25608816602848));
#5452=CARTESIAN_POINT('Ctrl Pts',(151.397953867053,-131.11548655906,3.22991966256956));
#5453=CARTESIAN_POINT('Ctrl Pts',(150.973260229199,-131.316997511187,3.20375115911063));
#5454=CARTESIAN_POINT('Ctrl Pts',(150.559743594916,-131.296206519788,3.1775826556517));
#5455=CARTESIAN_POINT('Ctrl Pts',(150.146226960633,-131.27541552839,3.15141415219278));
#5456=CARTESIAN_POINT('Ctrl Pts',(149.743887329921,-131.032322593466,3.12524564873385));
#5457=CARTESIAN_POINT('Ctrl Pts',(149.533138599446,-130.675933402583,3.09907714527492));
#5458=CARTESIAN_POINT('Ctrl Pts',(149.419055516765,-130.483011825128,3.08491153897681));
#5459=CARTESIAN_POINT('Ctrl Pts',(149.361114377161,-130.256891009373,3.0707459326787));
#5460=CARTESIAN_POINT('Ctrl Pts',(149.360677847624,-130.03097917915,3.05658032638059));
#5461=CARTESIAN_POINT('Ctrl Pts',(149.358965457307,-130.030157394033,3.1934196736194));
#5462=CARTESIAN_POINT('Ctrl Pts',(149.361684237788,-130.342129695079,3.21304882801717));
#5463=CARTESIAN_POINT('Ctrl Pts',(149.478616005386,-130.655924676041,3.23267798241494));
#5464=CARTESIAN_POINT('Ctrl Pts',(149.688032142851,-130.885272860588,3.25230713681271));
#5465=CARTESIAN_POINT('Ctrl Pts',(149.967214159894,-131.191027180872,3.27847564027164));
#5466=CARTESIAN_POINT('Ctrl Pts',(150.410766319946,-131.34669633516,3.30464414373056));
#5467=CARTESIAN_POINT('Ctrl Pts',(150.819794565037,-131.282476421905,3.33081264718949));
#5468=CARTESIAN_POINT('Ctrl Pts',(151.228822810127,-131.218256508651,3.35698115064841));
#5469=CARTESIAN_POINT('Ctrl Pts',(151.603327140256,-130.934147527853,3.38314965410734));
#5470=CARTESIAN_POINT('Ctrl Pts',(151.775375360704,-130.557547324763,3.40931815756627));
#5471=CARTESIAN_POINT('Ctrl Pts',(151.947423581152,-130.180947121674,3.4354866610252));
#5472=CARTESIAN_POINT('Ctrl Pts',(151.91701569192,-129.711855696293,3.46165516448412));
#5473=CARTESIAN_POINT('Ctrl Pts',(151.697786952663,-129.360619219243,3.48782366794305));
#5474=CARTESIAN_POINT('Ctrl Pts',(151.478558213407,-129.009382742193,3.51399217140197));
#5475=CARTESIAN_POINT('Ctrl Pts',(151.070508624125,-128.776001213475,3.5401606748609));
#5476=CARTESIAN_POINT('Ctrl Pts',(150.656612470748,-128.765125684976,3.56632917831983));
#5477=CARTESIAN_POINT('Ctrl Pts',(150.242716317371,-128.754250156477,3.59249768177875));
#5478=CARTESIAN_POINT('Ctrl Pts',(149.822973599899,-128.965880628198,3.61866618523768));
#5479=CARTESIAN_POINT('Ctrl Pts',(149.585601942402,-129.305119480888,3.64483468869661));
#5480=CARTESIAN_POINT('Ctrl Pts',(149.438698898968,-129.515065438365,3.66102968367087));
#5481=CARTESIAN_POINT('Ctrl Pts',(149.361644789803,-129.77388597833,3.67722467864514));
#5482=CARTESIAN_POINT('Ctrl Pts',(149.360285500554,-130.031960993487,3.6934196736194));
#5483=CARTESIAN_POINT('Origin',(150.623343898743,-130.031246592388,0.));
#5484=CARTESIAN_POINT('',(149.356794466071,-130.03133610378,4.1934196736194));
#5485=CARTESIAN_POINT('',(149.358320822251,-130.030198182235,4.05658032638059));
#5486=CARTESIAN_POINT('',(149.358843898743,-130.031246592388,0.));
#5487=CARTESIAN_POINT('Ctrl Pts',(149.358320822251,-130.030198182235,4.05658032638059));
#5488=CARTESIAN_POINT('Ctrl Pts',(149.357598121586,-129.948523297567,4.05143464085249));
#5489=CARTESIAN_POINT('Ctrl Pts',(149.364847861118,-129.866976082726,4.04628895532438));
#5490=CARTESIAN_POINT('Ctrl Pts',(149.380542548504,-129.78708794801,4.04114326979628));
#5491=CARTESIAN_POINT('Ctrl Pts',(149.460358246316,-129.380814980448,4.01497476633735));
#5492=CARTESIAN_POINT('Ctrl Pts',(149.758581803735,-129.017450050363,3.98880626287842));
#5493=CARTESIAN_POINT('Ctrl Pts',(150.141486232684,-128.859930311679,3.9626377594195));
#5494=CARTESIAN_POINT('Ctrl Pts',(150.524390661632,-128.702410572995,3.93646925596057));
#5495=CARTESIAN_POINT('Ctrl Pts',(150.99197596211,-128.750736025713,3.91030075250165));
#5496=CARTESIAN_POINT('Ctrl Pts',(151.334571327291,-128.983236962357,3.88413224904272));
#5497=CARTESIAN_POINT('Ctrl Pts',(151.677166692473,-129.215737899001,3.85796374558379));
#5498=CARTESIAN_POINT('Ctrl Pts',(151.894772122359,-129.63241431957,3.83179524212486));
#5499=CARTESIAN_POINT('Ctrl Pts',(151.889810755525,-130.04642356421,3.80562673866594));
#5500=CARTESIAN_POINT('Ctrl Pts',(151.884849388691,-130.46043280885,3.77945823520701));
#5501=CARTESIAN_POINT('Ctrl Pts',(151.657321225137,-130.871774877561,3.75328973174809));
#5502=CARTESIAN_POINT('Ctrl Pts',(151.309252598045,-131.095999097003,3.72712122828916));
#5503=CARTESIAN_POINT('Ctrl Pts',(150.961183970953,-131.320223316444,3.70095272483023));
#5504=CARTESIAN_POINT('Ctrl Pts',(150.492574880322,-131.357329686617,3.6747842213713));
#5505=CARTESIAN_POINT('Ctrl Pts',(150.113555212541,-131.190679270442,3.64861571791238));
#5506=CARTESIAN_POINT('Ctrl Pts',(149.734535544759,-131.024028854266,3.62244721445345));
#5507=CARTESIAN_POINT('Ctrl Pts',(149.445105299828,-130.653621651742,3.59627871099453));
#5508=CARTESIAN_POINT('Ctrl Pts',(149.375048440238,-130.245552654634,3.5701102075356));
#5509=CARTESIAN_POINT('Ctrl Pts',(149.362974625549,-130.17522478838,3.5656002471506));
#5510=CARTESIAN_POINT('Ctrl Pts',(149.357416668966,-130.103778286386,3.5610902867656));
#5511=CARTESIAN_POINT('Ctrl Pts',(149.358031829126,-130.032236279733,3.55658032638059));
#5512=CARTESIAN_POINT('Ctrl Pts',(149.360285500554,-130.031960993487,3.6934196736194));
#5513=CARTESIAN_POINT('Ctrl Pts',(149.359448397308,-130.190893636408,3.70339318210407));
#5514=CARTESIAN_POINT('Ctrl Pts',(149.38731912949,-130.349543533382,3.71336669058873));
#5515=CARTESIAN_POINT('Ctrl Pts',(149.445263071472,-130.496321333024,3.72334019907339));
#5516=CARTESIAN_POINT('Ctrl Pts',(149.597296455564,-130.881437098809,3.74950870253231));
#5517=CARTESIAN_POINT('Ctrl Pts',(149.956363821273,-131.184821396717,3.77567720599124));
#5518=CARTESIAN_POINT('Ctrl Pts',(150.361455093677,-131.270433101264,3.80184570945017));
#5519=CARTESIAN_POINT('Ctrl Pts',(150.766546366081,-131.356044805811,3.82801421290909));
#5520=CARTESIAN_POINT('Ctrl Pts',(151.217661545181,-131.223883916997,3.85418271636802));
#5521=CARTESIAN_POINT('Ctrl Pts',(151.512515222329,-130.933212948356,3.88035121982695));
#5522=CARTESIAN_POINT('Ctrl Pts',(151.807368899478,-130.642541979715,3.90651972328587));
#5523=CARTESIAN_POINT('Ctrl Pts',(151.945961074675,-130.193360931247,3.9326882267448));
#5524=CARTESIAN_POINT('Ctrl Pts',(151.866145369146,-129.787087924403,3.95885673020372));
#5525=CARTESIAN_POINT('Ctrl Pts',(151.786329663618,-129.380814917559,3.98502523366265));
#5526=CARTESIAN_POINT('Ctrl Pts',(151.488106077364,-129.017449952341,4.01119373712158));
#5527=CARTESIAN_POINT('Ctrl Pts',(151.105201611393,-128.859930198427,4.0373622405805));
#5528=CARTESIAN_POINT('Ctrl Pts',(150.722297145422,-128.702410444513,4.06353074403943));
#5529=CARTESIAN_POINT('Ctrl Pts',(150.254711799735,-128.750735901904,4.08969924749836));
#5530=CARTESIAN_POINT('Ctrl Pts',(149.912116401428,-128.983236861027,4.11586775095728));
#5531=CARTESIAN_POINT('Ctrl Pts',(149.573682427732,-129.212913686441,4.14171839184466));
#5532=CARTESIAN_POINT('Ctrl Pts',(149.357220396738,-129.62231891574,4.16756903273203));
#5533=CARTESIAN_POINT('Ctrl Pts',(149.356794466071,-130.03133610378,4.1934196736194));
#5534=CARTESIAN_POINT('Origin',(150.623343898743,-130.031246592388,0.));
#5535=CARTESIAN_POINT('',(149.360093091519,-130.030419163877,4.69341967361941));
#5536=CARTESIAN_POINT('',(149.360593980867,-130.031664751203,4.55658032638059));
#5537=CARTESIAN_POINT('',(149.358843898743,-130.031246592388,0.));
#5538=CARTESIAN_POINT('Ctrl Pts',(149.360593980867,-130.031664751203,4.55658032638059));
#5539=CARTESIAN_POINT('Ctrl Pts',(149.361310181824,-129.795653741104,4.54177899493938));
#5540=CARTESIAN_POINT('Ctrl Pts',(149.42490161789,-129.559284332568,4.52697766349817));
#5541=CARTESIAN_POINT('Ctrl Pts',(149.548900948709,-129.360619284085,4.51217633205695));
#5542=CARTESIAN_POINT('Ctrl Pts',(149.768129666769,-129.009382840995,4.48600782859803));
#5543=CARTESIAN_POINT('Ctrl Pts',(150.176179216597,-128.776001334842,4.4598393251391));
#5544=CARTESIAN_POINT('Ctrl Pts',(150.590075329955,-128.765125807394,4.43367082168017));
#5545=CARTESIAN_POINT('Ctrl Pts',(151.003971443313,-128.754250279947,4.40750231822125));
#5546=CARTESIAN_POINT('Ctrl Pts',(151.423714120201,-128.965880731205,4.38133381476232));
#5547=CARTESIAN_POINT('Ctrl Pts',(151.661085754748,-129.305119551096,4.35516531130339));
#5548=CARTESIAN_POINT('Ctrl Pts',(151.898457389295,-129.644358370986,4.32899680784447));
#5549=CARTESIAN_POINT('Ctrl Pts',(151.953457981501,-130.111205559509,4.30282830438554));
#5550=CARTESIAN_POINT('Ctrl Pts',(151.801424612109,-130.496321288057,4.27665980092662));
#5551=CARTESIAN_POINT('Ctrl Pts',(151.649391242716,-130.881437016606,4.25049129746769));
#5552=CARTESIAN_POINT('Ctrl Pts',(151.290323911726,-131.18482128518,4.22432279400876));
#5553=CARTESIAN_POINT('Ctrl Pts',(150.885232678489,-131.27043298145,4.19815429054984));
#5554=CARTESIAN_POINT('Ctrl Pts',(150.480141445252,-131.356044677719,4.17198578709091));
#5555=CARTESIAN_POINT('Ctrl Pts',(150.029026309769,-131.223883801684,4.14581728363198));
#5556=CARTESIAN_POINT('Ctrl Pts',(149.73417266113,-130.933212861147,4.11964878017306));
#5557=CARTESIAN_POINT('Ctrl Pts',(149.49729803124,-130.699698465864,4.09862596224223));
#5558=CARTESIAN_POINT('Ctrl Pts',(149.361273432631,-130.363882823573,4.07760314431141));
#5559=CARTESIAN_POINT('Ctrl Pts',(149.358320822251,-130.030198182235,4.05658032638059));
#5560=CARTESIAN_POINT('Ctrl Pts',(149.356794466071,-130.03133610378,4.1934196736194));
#5561=CARTESIAN_POINT('Ctrl Pts',(149.356789228777,-130.036365428034,4.19373753619096));
#5562=CARTESIAN_POINT('Ctrl Pts',(149.356816654965,-130.041394693619,4.19405539876251));
#5563=CARTESIAN_POINT('Ctrl Pts',(149.35687691951,-130.046423565678,4.19437326133406));
#5564=CARTESIAN_POINT('Ctrl Pts',(149.361838286824,-130.460432850347,4.22054176479299));
#5565=CARTESIAN_POINT('Ctrl Pts',(149.589366472377,-130.871774958829,4.24671026825191));
#5566=CARTESIAN_POINT('Ctrl Pts',(149.937435133123,-131.095999199951,4.27287877171084));
#5567=CARTESIAN_POINT('Ctrl Pts',(150.285503793869,-131.320223441072,4.29904727516977));
#5568=CARTESIAN_POINT('Ctrl Pts',(150.754112929809,-131.357329814834,4.32521577862869));
#5569=CARTESIAN_POINT('Ctrl Pts',(151.133132634237,-131.190679382545,4.35138428208762));
#5570=CARTESIAN_POINT('Ctrl Pts',(151.512152338664,-131.024028950256,4.37755278554655));
#5571=CARTESIAN_POINT('Ctrl Pts',(151.80158261158,-130.653621711917,4.40372128900548));
#5572=CARTESIAN_POINT('Ctrl Pts',(151.871639477943,-130.245552675354,4.4298897924644));
#5573=CARTESIAN_POINT('Ctrl Pts',(151.941696344307,-129.83748363879,4.45605829592333));
#5574=CARTESIAN_POINT('Ctrl Pts',(151.792379804118,-129.391752804002,4.48222679938225));
#5575=CARTESIAN_POINT('Ctrl Pts',(151.490645169447,-129.108231177349,4.50839530284118));
#5576=CARTESIAN_POINT('Ctrl Pts',(151.188910534776,-128.824709550696,4.53456380630011));
#5577=CARTESIAN_POINT('Ctrl Pts',(150.734757805623,-128.703397132177,4.56073230975903));
#5578=CARTESIAN_POINT('Ctrl Pts',(150.331834463003,-128.798691848629,4.58690081321796));
#5579=CARTESIAN_POINT('Ctrl Pts',(149.928911120382,-128.893986565081,4.61306931667689));
#5580=CARTESIAN_POINT('Ctrl Pts',(149.577217164295,-129.205888416503,4.63923782013581));
#5581=CARTESIAN_POINT('Ctrl Pts',(149.434456347653,-129.594536912936,4.66540632359474));
#5582=CARTESIAN_POINT('Ctrl Pts',(149.383514589461,-129.7332194884,4.67474410693629));
#5583=CARTESIAN_POINT('Ctrl Pts',(149.359176231176,-129.881674193332,4.68408189027785));
#5584=CARTESIAN_POINT('Ctrl Pts',(149.360093091519,-130.030419163877,4.69341967361941));
#5585=CARTESIAN_POINT('Origin',(150.623343898743,-130.031246592388,0.));
#5586=CARTESIAN_POINT('',(149.359251015621,-130.032315172361,5.19341967361941));
#5587=CARTESIAN_POINT('',(149.35700943235,-130.031711043855,5.05658032638059));
#5588=CARTESIAN_POINT('',(149.358843898743,-130.031246592388,0.));
#5589=CARTESIAN_POINT('Ctrl Pts',(149.35700943235,-130.031711043855,5.05658032638059));
#5590=CARTESIAN_POINT('Ctrl Pts',(149.358863360472,-129.644569003579,5.03212334902627));
#5591=CARTESIAN_POINT('Ctrl Pts',(149.549725883924,-129.255843225748,5.00766637167195));
#5592=CARTESIAN_POINT('Ctrl Pts',(149.858060933444,-129.022033730996,4.98320939431763));
#5593=CARTESIAN_POINT('Ctrl Pts',(150.187973607973,-128.771861991311,4.9570408908587));
#5594=CARTESIAN_POINT('Ctrl Pts',(150.652375825594,-128.699047637442,4.93087238739978));
#5595=CARTESIAN_POINT('Ctrl Pts',(151.043024140556,-128.836241513728,4.90470388394085));
#5596=CARTESIAN_POINT('Ctrl Pts',(151.433672455518,-128.973435390013,4.87853538048193));
#5597=CARTESIAN_POINT('Ctrl Pts',(151.750566867821,-129.320637496455,4.852366877023));
#5598=CARTESIAN_POINT('Ctrl Pts',(151.851608142505,-129.722158270775,4.82619837356407));
#5599=CARTESIAN_POINT('Ctrl Pts',(151.952649417188,-130.123679045095,4.80002987010514));
#5600=CARTESIAN_POINT('Ctrl Pts',(151.837837554252,-130.579518487294,4.77386136664622));
#5601=CARTESIAN_POINT('Ctrl Pts',(151.558655564201,-130.885272778014,4.74769286318729));
#5602=CARTESIAN_POINT('Ctrl Pts',(151.279473574151,-131.191027068733,4.72152435972836));
#5603=CARTESIAN_POINT('Ctrl Pts',(150.835921456987,-131.346696207972,4.69535585626944));
#5604=CARTESIAN_POINT('Ctrl Pts',(150.426893251445,-131.282476300927,4.66918735281051));
#5605=CARTESIAN_POINT('Ctrl Pts',(150.017865045903,-131.218256393883,4.64301884935159));
#5606=CARTESIAN_POINT('Ctrl Pts',(149.643360751984,-130.934147440554,4.61685034589266));
#5607=CARTESIAN_POINT('Ctrl Pts',(149.47131254817,-130.557547273877,4.59068184243374));
#5608=CARTESIAN_POINT('Ctrl Pts',(149.396577608468,-130.393958290531,4.57931467041602));
#5609=CARTESIAN_POINT('Ctrl Pts',(149.360043950654,-130.212917212208,4.56794749839831));
#5610=CARTESIAN_POINT('Ctrl Pts',(149.360593980867,-130.031664751203,4.55658032638059));
#5611=CARTESIAN_POINT('Ctrl Pts',(149.360093091519,-130.030419163877,4.69341967361941));
#5612=CARTESIAN_POINT('Ctrl Pts',(149.36174567,-130.298521868399,4.71025039373678));
#5613=CARTESIAN_POINT('Ctrl Pts',(149.44544642668,-130.567567576628,4.72708111385415));
#5614=CARTESIAN_POINT('Ctrl Pts',(149.603300854677,-130.782033607354,4.74391183397152));
#5615=CARTESIAN_POINT('Ctrl Pts',(149.848733855539,-131.115486663893,4.77008033743045));
#5616=CARTESIAN_POINT('Ctrl Pts',(150.273427534456,-131.316997635525,4.79624884088937));
#5617=CARTESIAN_POINT('Ctrl Pts',(150.686944208721,-131.296206642105,4.8224173443483));
#5618=CARTESIAN_POINT('Ctrl Pts',(151.100460882986,-131.275415648685,4.84858584780722));
#5619=CARTESIAN_POINT('Ctrl Pts',(151.502800552598,-131.032322690214,4.87475435126615));
#5620=CARTESIAN_POINT('Ctrl Pts',(151.71354930345,-130.675933464894,4.90092285472508));
#5621=CARTESIAN_POINT('Ctrl Pts',(151.924298054302,-130.319544239575,4.927091358184));
#5622=CARTESIAN_POINT('Ctrl Pts',(151.943455886394,-129.849858747409,4.95325986164293));
#5623=CARTESIAN_POINT('Ctrl Pts',(151.762432250415,-129.477489703138,4.97942836510186));
#5624=CARTESIAN_POINT('Ctrl Pts',(151.581408614436,-129.105120658867,5.00559686856078));
#5625=CARTESIAN_POINT('Ctrl Pts',(151.200203510387,-128.830068062492,5.03176537201971));
#5626=CARTESIAN_POINT('Ctrl Pts',(150.789753731441,-128.775668434574,5.05793387547864));
#5627=CARTESIAN_POINT('Ctrl Pts',(150.379303952496,-128.721268806655,5.08410237893757));
#5628=CARTESIAN_POINT('Ctrl Pts',(149.939609498654,-128.887522147193,5.11027088239649));
#5629=CARTESIAN_POINT('Ctrl Pts',(149.667834816227,-129.199879189073,5.13643938585542));
#5630=CARTESIAN_POINT('Ctrl Pts',(149.470577330257,-129.426591862437,5.15543281511008));
#5631=CARTESIAN_POINT('Ctrl Pts',(149.361780637249,-129.730272537642,5.17442624436474));
#5632=CARTESIAN_POINT('Ctrl Pts',(149.359251015621,-130.032315172361,5.19341967361941));
#5633=CARTESIAN_POINT('Origin',(150.623343898743,-130.031246592388,0.));
#5634=CARTESIAN_POINT('',(149.357234770783,-130.030622041409,5.69341967361941));
#5635=CARTESIAN_POINT('',(149.359578927195,-130.030236503755,5.55658032638059));
#5636=CARTESIAN_POINT('',(149.358843898743,-130.031246592388,0.));
#5637=CARTESIAN_POINT('',(151.581460051466,-129.206035293451,6.));
#5638=CARTESIAN_POINT('Ctrl Pts',(149.357234770783,-130.030622041409,5.69341967361941));
#5639=CARTESIAN_POINT('Ctrl Pts',(149.359582954776,-130.405709386736,5.71710760536949));
#5640=CARTESIAN_POINT('Ctrl Pts',(149.537124856992,-130.78267978726,5.74079553711957));
#5641=CARTESIAN_POINT('Ctrl Pts',(149.829096079766,-131.01778284903,5.76448346886966));
#5642=CARTESIAN_POINT('Ctrl Pts',(150.151642177655,-131.277505620525,5.79065197232858));
#5643=CARTESIAN_POINT('Ctrl Pts',(150.613838232559,-131.36409297828,5.81682047578751));
#5644=CARTESIAN_POINT('Ctrl Pts',(151.008212225424,-131.238116893015,5.84298897924644));
#5645=CARTESIAN_POINT('Ctrl Pts',(151.40258621829,-131.11214080775,5.86915748270536));
#5646=CARTESIAN_POINT('Ctrl Pts',(151.729138149118,-130.773601279466,5.89532598616429));
#5647=CARTESIAN_POINT('Ctrl Pts',(151.841697870495,-130.375842375434,5.92149448962322));
#5648=CARTESIAN_POINT('Ctrl Pts',(151.954257591872,-129.978083471401,5.94766299308215));
#5649=CARTESIAN_POINT('Ctrl Pts',(151.852825103798,-129.52110519162,5.97383149654107));
#5650=CARTESIAN_POINT('Ctrl Pts',(151.581460051466,-129.206035293451,6.));
#5651=CARTESIAN_POINT('',(149.663406442355,-129.204869923824,5.99999999999999));
#5652=CARTESIAN_POINT('Origin',(150.623343898743,-130.031246592388,6.));
#5653=CARTESIAN_POINT('Ctrl Pts',(149.663397272092,-129.204864056189,5.99999999999999));
#5654=CARTESIAN_POINT('Ctrl Pts',(149.921646400996,-128.907077425218,5.97509183961299));
#5655=CARTESIAN_POINT('Ctrl Pts',(150.330720544313,-128.737449986831,5.95018367922598));
#5656=CARTESIAN_POINT('Ctrl Pts',(150.723650635825,-128.768700976878,5.92527551883897));
#5657=CARTESIAN_POINT('Ctrl Pts',(151.136462834683,-128.801533254671,5.89910701538005));
#5658=CARTESIAN_POINT('Ctrl Pts',(151.531455882516,-129.056087012142,5.87293851192112));
#5659=CARTESIAN_POINT('Ctrl Pts',(151.731750314159,-129.418409614683,5.8467700084622));
#5660=CARTESIAN_POINT('Ctrl Pts',(151.932044745803,-129.780732217225,5.82060150500327));
#5661=CARTESIAN_POINT('Ctrl Pts',(151.937640561256,-130.250823664838,5.79443300154435));
#5662=CARTESIAN_POINT('Ctrl Pts',(151.745914878842,-130.617801459157,5.76826449808542));
#5663=CARTESIAN_POINT('Ctrl Pts',(151.554189196427,-130.984779253477,5.74209599462649));
#5664=CARTESIAN_POINT('Ctrl Pts',(151.165142016144,-131.248643394504,5.71592749116757));
#5665=CARTESIAN_POINT('Ctrl Pts',(150.753280195781,-131.291115876962,5.68975898770864));
#5666=CARTESIAN_POINT('Ctrl Pts',(150.341418375418,-131.333588359419,5.66359048424972));
#5667=CARTESIAN_POINT('Ctrl Pts',(149.906741914975,-131.154669183308,5.63742198079079));
#5668=CARTESIAN_POINT('Ctrl Pts',(149.644139693158,-130.834568188207,5.61125347733186));
#5669=CARTESIAN_POINT('Ctrl Pts',(149.461257105112,-130.611642052947,5.59302909368144));
#5670=CARTESIAN_POINT('Ctrl Pts',(149.361831711706,-130.320241760016,5.57480471003102));
#5671=CARTESIAN_POINT('Ctrl Pts',(149.359578927195,-130.030236503755,5.55658032638059));
#5672=CARTESIAN_POINT('Origin',(150.623343898743,-130.031246592388,7.10421172358873));
#5673=CARTESIAN_POINT('',(149.078323944489,-130.030488477155,2.39578827641127));
#5674=CARTESIAN_POINT('',(149.082675203887,-130.031316481715,2.35421172358873));
#5675=CARTESIAN_POINT('',(149.080343898743,-130.031246592388,7.10421172358873));
#5676=CARTESIAN_POINT('',(151.021857740601,-131.521896020606,2.));
#5677=CARTESIAN_POINT('Ctrl Pts',(149.082675203887,-130.031316481715,2.35421172358873));
#5678=CARTESIAN_POINT('Ctrl Pts',(149.082838333534,-129.770574963122,2.34081516289486));
#5679=CARTESIAN_POINT('Ctrl Pts',(149.268478020979,-129.000328846285,2.30125009874206));
#5680=CARTESIAN_POINT('Ctrl Pts',(150.479201341735,-128.220076488615,2.23551653113034));
#5681=CARTESIAN_POINT('Ctrl Pts',(152.055628940743,-128.911550277649,2.15701102075356));
#5682=CARTESIAN_POINT('Ctrl Pts',(152.344943465221,-130.608960129118,2.07850551037678));
#5683=CARTESIAN_POINT('Ctrl Pts',(151.512047538801,-131.390847488321,2.02616850345893));
#5684=CARTESIAN_POINT('Ctrl Pts',(151.021857740601,-131.521896020606,2.));
#5685=CARTESIAN_POINT('',(150.223795231686,-131.524323066368,2.));
#5686=CARTESIAN_POINT('Origin',(150.623343898743,-130.031246592388,2.));
#5687=CARTESIAN_POINT('Ctrl Pts',(149.078323944489,-130.030488477155,2.39578827641127));
#5688=CARTESIAN_POINT('Ctrl Pts',(149.078048485465,-129.98513261084,2.39344102516356));
#5689=CARTESIAN_POINT('Ctrl Pts',(149.100257309121,-129.434398058591,2.36492527045693));
#5690=CARTESIAN_POINT('Ctrl Pts',(149.758899617484,-128.432953660823,2.31024101229137));
#5691=CARTESIAN_POINT('Ctrl Pts',(151.479758813391,-128.42850129828,2.23173550191459));
#5692=CARTESIAN_POINT('Ctrl Pts',(152.432462381054,-129.861751106696,2.15322999153781));
#5693=CARTESIAN_POINT('Ctrl Pts',(151.77367675525,-131.420890887839,2.07598482423295));
#5694=CARTESIAN_POINT('Ctrl Pts',(150.688874538599,-131.646978221108,2.02490816038701));
#5695=CARTESIAN_POINT('Ctrl Pts',(150.223790021342,-131.524335286542,2.));
#5696=CARTESIAN_POINT('Origin',(150.623343898743,-130.031246592388,7.10421172358873));
#5697=CARTESIAN_POINT('',(149.082581765982,-130.030920282679,2.89578827641127));
#5698=CARTESIAN_POINT('',(149.078645791359,-130.032195455037,2.85421172358873));
#5699=CARTESIAN_POINT('',(149.080343898743,-130.031246592388,7.10421172358873));
#5700=CARTESIAN_POINT('Ctrl Pts',(149.078645791359,-130.032195455037,2.85421172358873));
#5701=CARTESIAN_POINT('Ctrl Pts',(149.081892648068,-129.586509282497,2.83115951698175));
#5702=CARTESIAN_POINT('Ctrl Pts',(149.517127561302,-128.62934869529,2.78193880691585));
#5703=CARTESIAN_POINT('Ctrl Pts',(151.133853875878,-128.287320119778,2.70654959339101));
#5704=CARTESIAN_POINT('Ctrl Pts',(152.359585007853,-129.495137904524,2.62804408301424));
#5705=CARTESIAN_POINT('Ctrl Pts',(152.028185984202,-131.183772409574,2.54953857263746));
#5706=CARTESIAN_POINT('Ctrl Pts',(150.436950281929,-131.838748279697,2.47103306226068));
#5707=CARTESIAN_POINT('Ctrl Pts',(149.255783557759,-131.037643467403,2.40592411257777));
#5708=CARTESIAN_POINT('Ctrl Pts',(149.082519680199,-130.279900863039,2.36698366635378));
#5709=CARTESIAN_POINT('Ctrl Pts',(149.082675203887,-130.031316481715,2.35421172358873));
#5710=CARTESIAN_POINT('Ctrl Pts',(149.082581765982,-130.030920282679,2.89578827641127));
#5711=CARTESIAN_POINT('Ctrl Pts',(149.082130417855,-129.797339567316,2.88378537925046));
#5712=CARTESIAN_POINT('Ctrl Pts',(149.240910206187,-129.055092580307,2.84561397863071));
#5713=CARTESIAN_POINT('Ctrl Pts',(150.384597456657,-128.229882885737,2.78127407455204));
#5714=CARTESIAN_POINT('Ctrl Pts',(151.994202383493,-128.838492326103,2.70276856417526));
#5715=CARTESIAN_POINT('Ctrl Pts',(152.374387703221,-130.516795669964,2.62426305379848));
#5716=CARTESIAN_POINT('Ctrl Pts',(151.184197703434,-131.759639585435,2.54575754342171));
#5717=CARTESIAN_POINT('Ctrl Pts',(149.541640375484,-131.461620586992,2.46959928429263));
#5718=CARTESIAN_POINT('Ctrl Pts',(149.081119460686,-130.490785827857,2.41960952862249));
#5719=CARTESIAN_POINT('Ctrl Pts',(149.078323944489,-130.030488477155,2.39578827641127));
#5720=CARTESIAN_POINT('Origin',(150.623343898743,-130.031246592388,7.10421172358873));
#5721=CARTESIAN_POINT('',(149.079352974727,-130.032454253576,3.39578827641127));
#5722=CARTESIAN_POINT('',(149.080492229992,-130.029917503371,3.35421172358873));
#5723=CARTESIAN_POINT('',(149.080343898743,-130.031246592388,7.10421172358873));
#5724=CARTESIAN_POINT('Ctrl Pts',(149.080492229992,-130.029917503371,3.35421172358873));
#5725=CARTESIAN_POINT('Ctrl Pts',(149.079386996175,-129.903095077102,3.34767237452757));
#5726=CARTESIAN_POINT('Ctrl Pts',(149.151224203036,-129.270002176844,3.31496452200748));
#5727=CARTESIAN_POINT('Ctrl Pts',(150.021233215821,-128.31678574218,3.25608816602847));
#5728=CARTESIAN_POINT('Ctrl Pts',(151.721287049968,-128.583339855719,3.17758265565169));
#5729=CARTESIAN_POINT('Ctrl Pts',(152.436679507679,-130.148411040731,3.09907714527491));
#5730=CARTESIAN_POINT('Ctrl Pts',(151.525829176785,-131.608406600689,3.02057163489813));
#5731=CARTESIAN_POINT('Ctrl Pts',(149.805609240281,-131.653967066049,2.94206612452135));
#5732=CARTESIAN_POINT('Ctrl Pts',(149.108530723853,-130.658185511685,2.88661282075155));
#5733=CARTESIAN_POINT('Ctrl Pts',(149.078206867245,-130.092445236766,2.85732802044068));
#5734=CARTESIAN_POINT('Ctrl Pts',(149.078645791359,-130.032195455037,2.85421172358873));
#5735=CARTESIAN_POINT('Ctrl Pts',(149.079352974727,-130.032454253576,3.39578827641127));
#5736=CARTESIAN_POINT('Ctrl Pts',(149.082957862973,-129.613212313754,3.37412973333735));
#5737=CARTESIAN_POINT('Ctrl Pts',(149.474545077816,-128.681494533947,3.3263026868045));
#5738=CARTESIAN_POINT('Ctrl Pts',(151.041569246022,-128.262914000319,3.25230713681272));
#5739=CARTESIAN_POINT('Ctrl Pts',(152.329027660672,-129.404704060113,3.17380162643594));
#5740=CARTESIAN_POINT('Ctrl Pts',(152.086788314963,-131.108392396614,3.09529611605916));
#5741=CARTESIAN_POINT('Ctrl Pts',(150.532097251598,-131.846070686368,3.01679060568238));
#5742=CARTESIAN_POINT('Ctrl Pts',(149.284427259524,-131.092230554705,2.95028799246642));
#5743=CARTESIAN_POINT('Ctrl Pts',(149.083114439035,-130.306588099235,2.90995388270938));
#5744=CARTESIAN_POINT('Ctrl Pts',(149.082581765982,-130.030920282679,2.89578827641127));
#5745=CARTESIAN_POINT('Origin',(150.623343898743,-130.031246592388,7.10421172358873));
#5746=CARTESIAN_POINT('',(149.079705617188,-130.029967274977,3.89578827641127));
#5747=CARTESIAN_POINT('',(149.08210300637,-130.032118336869,3.85421172358873));
#5748=CARTESIAN_POINT('',(149.080343898743,-130.031246592388,7.10421172358873));
#5749=CARTESIAN_POINT('Ctrl Pts',(149.08210300637,-130.032118336869,3.85421172358873));
#5750=CARTESIAN_POINT('Ctrl Pts',(149.083761672492,-129.717203549691,3.83801672861446));
#5751=CARTESIAN_POINT('Ctrl Pts',(149.329715676017,-128.891057498709,3.79565323018127));
#5752=CARTESIAN_POINT('Ctrl Pts',(150.671073954103,-128.214756818979,3.72712122828915));
#5753=CARTESIAN_POINT('Ctrl Pts',(152.164835558519,-129.069104858866,3.64861571791237));
#5754=CARTESIAN_POINT('Ctrl Pts',(152.276150797155,-130.786324477759,3.57011020753559));
#5755=CARTESIAN_POINT('Ctrl Pts',(150.905189512722,-131.826372300703,3.49160469715881));
#5756=CARTESIAN_POINT('Ctrl Pts',(149.416715549421,-131.303977182572,3.41963853584319));
#5757=CARTESIAN_POINT('Ctrl Pts',(149.083809808704,-130.410600192588,3.37384087798649));
#5758=CARTESIAN_POINT('Ctrl Pts',(149.080492229992,-130.029917503371,3.35421172358873));
#5759=CARTESIAN_POINT('Ctrl Pts',(149.079705617188,-130.029967274977,3.89578827641127));
#5760=CARTESIAN_POINT('Ctrl Pts',(149.078823745202,-129.930303892579,3.89064259088317));
#5761=CARTESIAN_POINT('Ctrl Pts',(149.132659080578,-129.324748114961,3.85932840189614));
#5762=CARTESIAN_POINT('Ctrl Pts',(149.932027992457,-128.350771976756,3.80184570945018));
#5763=CARTESIAN_POINT('Ctrl Pts',(151.643734086495,-128.527678675555,3.7233401990734));
#5764=CARTESIAN_POINT('Ctrl Pts',(152.440330001829,-130.053020827249,3.64483468869662));
#5765=CARTESIAN_POINT('Ctrl Pts',(151.607409583411,-131.55883532789,3.56632917831984));
#5766=CARTESIAN_POINT('Ctrl Pts',(149.891955664447,-131.694671933292,3.48782366794306));
#5767=CARTESIAN_POINT('Ctrl Pts',(149.124736542399,-130.712799811434,3.4309767006402));
#5768=CARTESIAN_POINT('Ctrl Pts',(149.078602328521,-130.119753040659,3.40029823679628));
#5769=CARTESIAN_POINT('Ctrl Pts',(149.079352974727,-130.032454253576,3.39578827641127));
#5770=CARTESIAN_POINT('Origin',(150.623343898743,-130.031246592388,7.10421172358873));
#5771=CARTESIAN_POINT('',(149.082479427977,-130.031756848657,4.39578827641128));
#5772=CARTESIAN_POINT('',(149.077843088452,-130.031355818231,4.35421172358873));
#5773=CARTESIAN_POINT('',(149.080343898743,-130.031246592388,7.10421172358873));
#5774=CARTESIAN_POINT('Ctrl Pts',(149.077843088452,-130.031355818231,4.35421172358873));
#5775=CARTESIAN_POINT('Ctrl Pts',(149.078362828285,-129.532254575727,4.32836108270135));
#5776=CARTESIAN_POINT('Ctrl Pts',(149.609884174924,-128.526962248947,4.27634193835505));
#5777=CARTESIAN_POINT('Ctrl Pts',(151.314659871872,-128.350771814275,4.19815429054982));
#5778=CARTESIAN_POINT('Ctrl Pts',(152.406377531635,-129.680954830483,4.11964878017305));
#5779=CARTESIAN_POINT('Ctrl Pts',(151.899028240225,-131.32528782642,4.04114326979627));
#5780=CARTESIAN_POINT('Ctrl Pts',(150.247614903686,-131.809093879656,3.96263775941949));
#5781=CARTESIAN_POINT('Ctrl Pts',(149.204323846352,-130.92759320549,3.90032724401697));
#5782=CARTESIAN_POINT('Ctrl Pts',(149.081081535189,-130.226055124554,3.86418523207339));
#5783=CARTESIAN_POINT('Ctrl Pts',(149.08210300637,-130.032118336869,3.85421172358873));
#5784=CARTESIAN_POINT('Ctrl Pts',(149.082479427977,-130.031756848657,4.39578827641128));
#5785=CARTESIAN_POINT('Ctrl Pts',(149.083353368727,-129.743765556777,4.38098694497006));
#5786=CARTESIAN_POINT('Ctrl Pts',(149.298140943905,-128.945400002435,4.34001711006992));
#5787=CARTESIAN_POINT('Ctrl Pts',(150.575613847998,-128.214756994611,4.27287877171085));
#5788=CARTESIAN_POINT('Ctrl Pts',(152.112180752953,-128.989480093762,4.19437326133407));
#5789=CARTESIAN_POINT('Ctrl Pts',(152.313523371633,-130.698484155186,4.1158677509573));
#5790=CARTESIAN_POINT('Ctrl Pts',(150.999072857472,-131.80909370776,4.03736224058051));
#5791=CARTESIAN_POINT('Ctrl Pts',(149.455902437633,-131.356999023907,3.96400241573184));
#5792=CARTESIAN_POINT('Ctrl Pts',(149.083308525702,-130.437144342264,3.91681109434209));
#5793=CARTESIAN_POINT('Ctrl Pts',(149.079705617188,-130.029967274977,3.89578827641127));
#5794=CARTESIAN_POINT('Origin',(150.623343898743,-130.031246592388,7.10421172358873));
#5795=CARTESIAN_POINT('',(149.078105400013,-130.031813337041,4.89578827641127));
#5796=CARTESIAN_POINT('',(149.081868220177,-130.030236926756,4.85421172358873));
#5797=CARTESIAN_POINT('',(149.080343898743,-130.031246592388,7.10421172358873));
#5798=CARTESIAN_POINT('Ctrl Pts',(149.081868220177,-130.030236926756,4.85421172358873));
#5799=CARTESIAN_POINT('Ctrl Pts',(149.080749425785,-129.848731596941,4.84487394024717));
#5800=CARTESIAN_POINT('Ctrl Pts',(149.193676957594,-129.159916713975,4.80936765344669));
#5801=CARTESIAN_POINT('Ctrl Pts',(150.205118511027,-128.262913829337,4.74769286318728));
#5802=CARTESIAN_POINT('Ctrl Pts',(151.867651514782,-128.707006502583,4.6691873528105));
#5803=CARTESIAN_POINT('Ctrl Pts',(152.414259869495,-130.338709178926,4.59068184243372));
#5804=CARTESIAN_POINT('Ctrl Pts',(151.354732203757,-131.694672094126,4.51217633205694));
#5805=CARTESIAN_POINT('Ctrl Pts',(149.639278118929,-131.558835475588,4.43367082168017));
#5806=CARTESIAN_POINT('Ctrl Pts',(149.080625357399,-130.548862120952,4.38101595219076));
#5807=CARTESIAN_POINT('Ctrl Pts',(149.077836697669,-130.037492826791,4.35452958616028));
#5808=CARTESIAN_POINT('Ctrl Pts',(149.077843088452,-130.031355818231,4.35421172358873));
#5809=CARTESIAN_POINT('Ctrl Pts',(149.078105400013,-130.031813337041,4.89578827641127));
#5810=CARTESIAN_POINT('Ctrl Pts',(149.080367646824,-129.559405137638,4.87133129905695));
#5811=CARTESIAN_POINT('Ctrl Pts',(149.562464318693,-128.577528756808,4.8207058182437));
#5812=CARTESIAN_POINT('Ctrl Pts',(151.225454523432,-128.316785907926,4.74391183397153));
#5813=CARTESIAN_POINT('Ctrl Pts',(152.385521138341,-129.587800973735,4.66540632359475));
#5814=CARTESIAN_POINT('Ctrl Pts',(151.965225279478,-131.256508587765,4.58690081321797));
#5815=CARTESIAN_POINT('Ctrl Pts',(150.341498312018,-131.826372127139,4.50839530284119));
#5816=CARTESIAN_POINT('Ctrl Pts',(149.229016473304,-130.982413710838,4.44469112390563));
#5817=CARTESIAN_POINT('Ctrl Pts',(149.081808256274,-130.252929286246,4.40715544842899));
#5818=CARTESIAN_POINT('Ctrl Pts',(149.082479427977,-130.031756848657,4.39578827641128));
#5819=CARTESIAN_POINT('Origin',(150.623343898743,-130.031246592388,7.10421172358873));
#5820=CARTESIAN_POINT('',(149.081240813651,-130.030014036626,5.39578827641127));
#5821=CARTESIAN_POINT('',(149.080840681141,-130.032550521925,5.35421172358873));
#5822=CARTESIAN_POINT('',(149.080343898743,-130.031246592388,7.10421172358873));
#5823=CARTESIAN_POINT('Ctrl Pts',(149.080840681141,-130.032550521925,5.35421172358873));
#5824=CARTESIAN_POINT('Ctrl Pts',(149.08392743968,-129.663984459946,5.33521829433406));
#5825=CARTESIAN_POINT('Ctrl Pts',(149.399596431331,-128.782867857271,5.29005636162047));
#5826=CARTESIAN_POINT('Ctrl Pts',(150.862090363922,-128.229882711142,5.21872592544796));
#5827=CARTESIAN_POINT('Ctrl Pts',(152.257581409113,-129.236777506412,5.14022041507118));
#5828=CARTESIAN_POINT('Ctrl Pts',(152.187449653673,-130.956171846657,5.0617149046944));
#5829=CARTESIAN_POINT('Ctrl Pts',(150.714590554714,-131.846070861893,4.98320939431761));
#5830=CARTESIAN_POINT('Ctrl Pts',(149.344821006355,-131.196135140445,4.9140416672824));
#5831=CARTESIAN_POINT('Ctrl Pts',(149.083884771064,-130.35738795331,4.8710424437061));
#5832=CARTESIAN_POINT('Ctrl Pts',(149.081868220177,-130.030236926756,4.85421172358873));
#5833=CARTESIAN_POINT('Ctrl Pts',(149.081240813651,-130.030014036626,5.39578827641127));
#5834=CARTESIAN_POINT('Ctrl Pts',(149.080042529874,-129.875756675461,5.38784415660277));
#5835=CARTESIAN_POINT('Ctrl Pts',(149.171645940527,-129.214753398093,5.35373153333534));
#5836=CARTESIAN_POINT('Ctrl Pts',(150.11283397248,-128.287320291239,5.29345040660899));
#5837=CARTESIAN_POINT('Ctrl Pts',(151.79638929934,-128.643486958994,5.21494489623221));
#5838=CARTESIAN_POINT('Ctrl Pts',(152.427935810669,-130.244234283021,5.13643938585543));
#5839=CARTESIAN_POINT('Ctrl Pts',(151.441078477909,-131.653966908796,5.05793387547865));
#5840=CARTESIAN_POINT('Ctrl Pts',(149.720858708082,-131.608406448374,4.97942836510187));
#5841=CARTESIAN_POINT('Ctrl Pts',(149.093767447844,-130.603246297948,4.92537983207941));
#5842=CARTESIAN_POINT('Ctrl Pts',(149.077947085499,-130.064872981068,4.89749980251588));
#5843=CARTESIAN_POINT('Ctrl Pts',(149.078105400013,-130.031813337041,4.89578827641127));
#5844=CARTESIAN_POINT('Origin',(150.623343898743,-130.031246592388,7.10421172358873));
#5845=CARTESIAN_POINT('',(149.082024700891,-130.032441463112,5.89578827641127));
#5846=CARTESIAN_POINT('',(149.078380368143,-130.030484487081,5.85421172358873));
#5847=CARTESIAN_POINT('',(149.080343898743,-130.031246592388,7.10421172358873));
#5848=CARTESIAN_POINT('',(150.224830056886,-131.521896020606,6.));
#5849=CARTESIAN_POINT('Ctrl Pts',(150.224830056886,-131.521896020606,6.));
#5850=CARTESIAN_POINT('Ctrl Pts',(149.734640258686,-131.390847488321,5.97383149654108));
#5851=CARTESIAN_POINT('Ctrl Pts',(149.181828517204,-130.871892200048,5.93909425534483));
#5852=CARTESIAN_POINT('Ctrl Pts',(149.080897674275,-130.198875113308,5.90435701414859));
#5853=CARTESIAN_POINT('Ctrl Pts',(149.082024700891,-130.032441463112,5.89578827641127));
#5854=CARTESIAN_POINT('',(151.022892486838,-131.524323307304,6.00000000000001));
#5855=CARTESIAN_POINT('Origin',(150.623343898743,-130.031246592388,6.));
#5856=CARTESIAN_POINT('Ctrl Pts',(151.022897692115,-131.524335517737,6.));
#5857=CARTESIAN_POINT('Ctrl Pts',(150.557813252118,-131.646978366391,5.97509183961299));
#5858=CARTESIAN_POINT('Ctrl Pts',(149.525694965089,-131.431871252269,5.9264957474759));
#5859=CARTESIAN_POINT('Ctrl Pts',(149.081245728287,-130.488183003364,5.87789965533881));
#5860=CARTESIAN_POINT('Ctrl Pts',(149.078380368143,-130.030484487081,5.85421172358873));
#5861=CARTESIAN_POINT('Origin',(78.8682076614499,-130.190548761755,0.));
#5862=CARTESIAN_POINT('',(77.6056363439037,-130.190604251699,2.19341967361941));
#5863=CARTESIAN_POINT('',(77.6046140012452,-130.192355158959,2.0565803263806));
#5864=CARTESIAN_POINT('',(77.6037076614499,-130.190548761755,0.));
#5865=CARTESIAN_POINT('',(77.9100915087275,-129.365337462819,2.));
#5866=CARTESIAN_POINT('Ctrl Pts',(77.6046140012452,-130.192355158959,2.0565803263806));
#5867=CARTESIAN_POINT('Ctrl Pts',(77.607177226555,-129.893171170912,2.03772021758707));
#5868=CARTESIAN_POINT('Ctrl Pts',(77.7145138587565,-129.592413977392,2.01886010879353));
#5869=CARTESIAN_POINT('Ctrl Pts',(77.9100915087275,-129.365337462819,2.));
#5870=CARTESIAN_POINT('',(79.8281359763271,-129.364197204889,2.00000000000001));
#5871=CARTESIAN_POINT('Origin',(78.8682076614499,-130.190548761755,2.));
#5872=CARTESIAN_POINT('Ctrl Pts',(79.8281461057792,-129.364190831183,2.00000000000001));
#5873=CARTESIAN_POINT('Ctrl Pts',(79.5698948728141,-129.066389782476,2.02490816038701));
#5874=CARTESIAN_POINT('Ctrl Pts',(79.1608266131418,-128.896779482341,2.04981632077402));
#5875=CARTESIAN_POINT('Ctrl Pts',(78.767902457055,-128.928032008119,2.07472448116103));
#5876=CARTESIAN_POINT('Ctrl Pts',(78.3550964939532,-128.96086589935,2.10089298461995));
#5877=CARTESIAN_POINT('Ctrl Pts',(77.9601097390308,-129.215404048827,2.12706148807888));
#5878=CARTESIAN_POINT('Ctrl Pts',(77.7598179166978,-129.577718360216,2.1532299915378));
#5879=CARTESIAN_POINT('Ctrl Pts',(77.6572816154308,-129.76319956935,2.16662655223167));
#5880=CARTESIAN_POINT('Ctrl Pts',(77.6057703721414,-129.97692642842,2.18002311292554));
#5881=CARTESIAN_POINT('Ctrl Pts',(77.6056363439037,-130.190604251699,2.19341967361941));
#5882=CARTESIAN_POINT('Origin',(78.8682076614499,-130.190548761755,0.));
#5883=CARTESIAN_POINT('',(77.6023340460596,-130.191326365057,2.69341967361941));
#5884=CARTESIAN_POINT('',(77.6020702175391,-130.189926962488,2.5565803263806));
#5885=CARTESIAN_POINT('',(77.6037076614499,-130.190548761755,0.));
#5886=CARTESIAN_POINT('Ctrl Pts',(77.6020702175391,-130.189926962488,2.5565803263806));
#5887=CARTESIAN_POINT('Ctrl Pts',(77.6018444865491,-130.152758036526,2.55423307513289));
#5888=CARTESIAN_POINT('Ctrl Pts',(77.6033426164738,-130.115607637984,2.55188582388518));
#5889=CARTESIAN_POINT('Ctrl Pts',(77.6066245094882,-130.078615606705,2.54953857263747));
#5890=CARTESIAN_POINT('Ctrl Pts',(77.643212935538,-129.666207220758,2.52337006917855));
#5891=CARTESIAN_POINT('Ctrl Pts',(77.9015065155201,-129.273482412012,2.49720156571962));
#5892=CARTESIAN_POINT('Ctrl Pts',(78.2656922700647,-129.076510376566,2.47103306226069));
#5893=CARTESIAN_POINT('Ctrl Pts',(78.6298780246094,-128.87953834112,2.44486455880177));
#5894=CARTESIAN_POINT('Ctrl Pts',(79.0999559537168,-128.878319078974,2.41869605534284));
#5895=CARTESIAN_POINT('Ctrl Pts',(79.4651188087981,-129.073469167515,2.39252755188391));
#5896=CARTESIAN_POINT('Ctrl Pts',(79.8302816638795,-129.268619256056,2.36635904842499));
#5897=CARTESIAN_POINT('Ctrl Pts',(80.0905294449349,-129.660138695284,2.34019054496606));
#5898=CARTESIAN_POINT('Ctrl Pts',(80.1292034404737,-130.072319167201,2.31402204150713));
#5899=CARTESIAN_POINT('Ctrl Pts',(80.1678774360124,-130.484499639118,2.28785353804821));
#5900=CARTESIAN_POINT('Ctrl Pts',(79.9849776460345,-130.917341143724,2.26168503458928));
#5901=CARTESIAN_POINT('Ctrl Pts',(79.6624376979455,-131.177061704216,2.23551653113035));
#5902=CARTESIAN_POINT('Ctrl Pts',(79.3398977498566,-131.436782264709,2.20934802767143));
#5903=CARTESIAN_POINT('Ctrl Pts',(78.8777176436566,-131.523381881089,2.1831795242125));
#5904=CARTESIAN_POINT('Ctrl Pts',(78.4833304188594,-131.397391942881,2.15701102075357));
#5905=CARTESIAN_POINT('Ctrl Pts',(78.0889431940621,-131.271402004673,2.13084251729465));
#5906=CARTESIAN_POINT('Ctrl Pts',(77.7623488506676,-130.932822511878,2.10467401383572));
#5907=CARTESIAN_POINT('Ctrl Pts',(77.6497946662508,-130.535073850957,2.07850551037679));
#5908=CARTESIAN_POINT('Ctrl Pts',(77.6183602969812,-130.423989768666,2.0711971157114));
#5909=CARTESIAN_POINT('Ctrl Pts',(77.6036207375061,-130.308290580443,2.063888721046));
#5910=CARTESIAN_POINT('Ctrl Pts',(77.6046140012452,-130.192355158959,2.0565803263806));
#5911=CARTESIAN_POINT('Ctrl Pts',(77.6056363439037,-130.190604251699,2.19341967361941));
#5912=CARTESIAN_POINT('Ctrl Pts',(77.6055085647655,-130.394319294047,2.20619161638447));
#5913=CARTESIAN_POINT('Ctrl Pts',(77.6520787397892,-130.597989766617,2.21896355914953));
#5914=CARTESIAN_POINT('Ctrl Pts',(77.7456520288019,-130.777097061,2.23173550191458));
#5915=CARTESIAN_POINT('Ctrl Pts',(77.9373748529828,-131.144070977092,2.25790400537351));
#5916=CARTESIAN_POINT('Ctrl Pts',(78.326417391088,-131.407928335973,2.28407250883244));
#5917=CARTESIAN_POINT('Ctrl Pts',(78.7382735380084,-131.450399470643,2.31024101229136));
#5918=CARTESIAN_POINT('Ctrl Pts',(79.1501296849288,-131.492870605313,2.33640951575029));
#5919=CARTESIAN_POINT('Ctrl Pts',(79.5847994406644,-131.313955515772,2.36257801920921));
#5920=CARTESIAN_POINT('Ctrl Pts',(79.8473978408414,-130.993859421494,2.38874652266814));
#5921=CARTESIAN_POINT('Ctrl Pts',(80.1099962410184,-130.673763327217,2.41491502612707));
#5922=CARTESIAN_POINT('Ctrl Pts',(80.2005232856369,-130.212486228202,2.44108352958599));
#5923=CARTESIAN_POINT('Ctrl Pts',(80.0783731242481,-129.816880951149,2.46725203304492));
#5924=CARTESIAN_POINT('Ctrl Pts',(79.9562229628593,-129.421275674095,2.49342053650385));
#5925=CARTESIAN_POINT('Ctrl Pts',(79.6213955954633,-129.091342219004,2.51958903996277));
#5926=CARTESIAN_POINT('Ctrl Pts',(79.2240375255432,-128.975021573751,2.5457575434217));
#5927=CARTESIAN_POINT('Ctrl Pts',(78.8266794556232,-128.858700928497,2.57192604688063));
#5928=CARTESIAN_POINT('Ctrl Pts',(78.3667906831791,-128.955993093083,2.59809455033955));
#5929=CARTESIAN_POINT('Ctrl Pts',(78.0505879735483,-129.223273532568,2.62426305379848));
#5930=CARTESIAN_POINT('Ctrl Pts',(77.7720405127224,-129.458724670333,2.64731526040546));
#5931=CARTESIAN_POINT('Ctrl Pts',(77.6049948518211,-129.826088383656,2.67036746701244));
#5932=CARTESIAN_POINT('Ctrl Pts',(77.6023340460596,-130.191326365057,2.69341967361941));
#5933=CARTESIAN_POINT('Origin',(78.8682076614499,-130.190548761755,0.));
#5934=CARTESIAN_POINT('',(77.6038472046286,-130.189459579405,3.19341967361942));
#5935=CARTESIAN_POINT('',(77.6055595847368,-130.190281345047,3.0565803263806));
#5936=CARTESIAN_POINT('',(77.6037076614499,-130.190548761755,0.));
#5937=CARTESIAN_POINT('Ctrl Pts',(77.6055595847368,-130.190281345047,3.0565803263806));
#5938=CARTESIAN_POINT('Ctrl Pts',(77.6051897068654,-129.9988629299,3.04457742921978));
#5939=CARTESIAN_POINT('Ctrl Pts',(77.6461054020004,-129.807594557968,3.03257453205896));
#5940=CARTESIAN_POINT('Ctrl Pts',(77.729135635403,-129.636799800843,3.02057163489815));
#5941=CARTESIAN_POINT('Ctrl Pts',(77.9101566773129,-129.264436101254,2.99440313143922));
#5942=CARTESIAN_POINT('Ctrl Pts',(78.2913563187582,-128.989387478789,2.9682346279803));
#5943=CARTESIAN_POINT('Ctrl Pts',(78.7018002139166,-128.934988615215,2.94206612452137));
#5944=CARTESIAN_POINT('Ctrl Pts',(79.112244109075,-128.880589751642,2.91589762106244));
#5945=CARTESIAN_POINT('Ctrl Pts',(79.5519322579465,-129.046840646961,2.88972911760352));
#5946=CARTESIAN_POINT('Ctrl Pts',(79.8237030484985,-129.359193241818,2.86356061414459));
#5947=CARTESIAN_POINT('Ctrl Pts',(80.0954738390505,-129.671545836674,2.83739211068566));
#5948=CARTESIAN_POINT('Ctrl Pts',(80.1993272712831,-130.130000131068,2.81122360722674));
#5949=CARTESIAN_POINT('Ctrl Pts',(80.088694692433,-130.528978052859,2.78505510376781));
#5950=CARTESIAN_POINT('Ctrl Pts',(79.9780621135829,-130.927955974649,2.75888660030888));
#5951=CARTESIAN_POINT('Ctrl Pts',(79.6529435236502,-131.267457523836,2.73271809684996));
#5952=CARTESIAN_POINT('Ctrl Pts',(79.2591249962647,-131.395249772751,2.70654959339103));
#5953=CARTESIAN_POINT('Ctrl Pts',(78.8653064688793,-131.523042021665,2.6803810899321));
#5954=CARTESIAN_POINT('Ctrl Pts',(78.4027880040411,-131.439124970307,2.65421258647318));
#5955=CARTESIAN_POINT('Ctrl Pts',(78.0789704076809,-131.181120463053,2.62804408301425));
#5956=CARTESIAN_POINT('Ctrl Pts',(77.784198463789,-130.946258333908,2.60422283080303));
#5957=CARTESIAN_POINT('Ctrl Pts',(77.6043610651204,-130.567138545874,2.58040157859182));
#5958=CARTESIAN_POINT('Ctrl Pts',(77.6020702175391,-130.189926962488,2.5565803263806));
#5959=CARTESIAN_POINT('Ctrl Pts',(77.6023340460596,-130.191326365057,2.69341967361941));
#5960=CARTESIAN_POINT('Ctrl Pts',(77.6019743468447,-130.240700812851,2.69653597047136));
#5961=CARTESIAN_POINT('Ctrl Pts',(77.6046187479982,-130.290036413319,2.69965226732331));
#5962=CARTESIAN_POINT('Ctrl Pts',(77.6103978953315,-130.339002029326,2.70276856417526));
#5963=CARTESIAN_POINT('Ctrl Pts',(77.6589271735632,-130.750181372213,2.72893706763419));
#5964=CARTESIAN_POINT('Ctrl Pts',(77.9285023768442,-131.135271343603,2.75510557109311));
#5965=CARTESIAN_POINT('Ctrl Pts',(78.2982421376588,-131.32159357426,2.78127407455204));
#5966=CARTESIAN_POINT('Ctrl Pts',(78.6679818984733,-131.507915804917,2.80744257801097));
#5967=CARTESIAN_POINT('Ctrl Pts',(79.1378862168215,-131.495470294841,2.83361108146989));
#5968=CARTESIAN_POINT('Ctrl Pts',(79.4972447166194,-131.289837495904,2.85977958492882));
#5969=CARTESIAN_POINT('Ctrl Pts',(79.8566032164174,-131.084204696967,2.88594808838774));
#5970=CARTESIAN_POINT('Ctrl Pts',(80.1054158976652,-130.685384609168,2.91211659184667));
#5971=CARTESIAN_POINT('Ctrl Pts',(80.1321120507086,-130.27221302581,2.9382850953056));
#5972=CARTESIAN_POINT('Ctrl Pts',(80.158808203752,-129.859041442451,2.96445359876452));
#5973=CARTESIAN_POINT('Ctrl Pts',(79.963387828591,-129.431518363531,2.99062210222345));
#5974=CARTESIAN_POINT('Ctrl Pts',(79.6334798138512,-129.18135015985,3.01679060568238));
#5975=CARTESIAN_POINT('Ctrl Pts',(79.3035717991114,-128.931181956169,3.0429591091413));
#5976=CARTESIAN_POINT('Ctrl Pts',(78.8391761447927,-128.858368627727,3.06912761260023));
#5977=CARTESIAN_POINT('Ctrl Pts',(78.4485333493701,-128.995560564955,3.09529611605916));
#5978=CARTESIAN_POINT('Ctrl Pts',(78.0578905539475,-129.132752502184,3.12146461951808));
#5979=CARTESIAN_POINT('Ctrl Pts',(77.7410006174209,-129.479949705083,3.14763312297701));
#5980=CARTESIAN_POINT('Ctrl Pts',(77.6399607699203,-129.881464807249,3.17380162643594));
#5981=CARTESIAN_POINT('Ctrl Pts',(77.6147115296292,-129.981800977046,3.1803409754971));
#5982=CARTESIAN_POINT('Ctrl Pts',(77.6029414701437,-130.085529134257,3.18688032455826));
#5983=CARTESIAN_POINT('Ctrl Pts',(77.6038472046286,-130.189459579405,3.19341967361942));
#5984=CARTESIAN_POINT('Origin',(78.8682076614499,-130.190548761755,0.));
#5985=CARTESIAN_POINT('',(77.6051672294844,-130.191263152696,3.69341967361941));
#5986=CARTESIAN_POINT('',(77.6029136040975,-130.191538435027,3.5565803263806));
#5987=CARTESIAN_POINT('',(77.6037076614499,-130.190548761755,0.));
#5988=CARTESIAN_POINT('Ctrl Pts',(77.6029136040975,-130.191538435027,3.5565803263806));
#5989=CARTESIAN_POINT('Ctrl Pts',(77.6058677948346,-129.847971431529,3.53492178330668));
#5990=CARTESIAN_POINT('Ctrl Pts',(77.751189640687,-129.502201849449,3.51326324023275));
#5991=CARTESIAN_POINT('Ctrl Pts',(78.0009188210242,-129.267546575358,3.49160469715883));
#5992=CARTESIAN_POINT('Ctrl Pts',(78.3026491311906,-128.9840290123,3.4654361936999));
#5993=CARTESIAN_POINT('Ctrl Pts',(78.7567953513373,-128.862718332957,3.43926769024097));
#5994=CARTESIAN_POINT('Ctrl Pts',(79.1597129192227,-128.958011683376,3.41309918678205));
#5995=CARTESIAN_POINT('Ctrl Pts',(79.5626304871082,-129.053305033795,3.38693068332312));
#5996=CARTESIAN_POINT('Ctrl Pts',(79.9143194027325,-129.365202413975,3.36076217986419));
#5997=CARTESIAN_POINT('Ctrl Pts',(80.0570781732936,-129.753845340765,3.33459367640527));
#5998=CARTESIAN_POINT('Ctrl Pts',(80.1998369438547,-130.142488267556,3.30842517294634));
#5999=CARTESIAN_POINT('Ctrl Pts',(80.1336655693526,-130.607876740956,3.28225666948741));
#6000=CARTESIAN_POINT('Ctrl Pts',(79.8882360860807,-130.941325017384,3.25608816602849));
#6001=CARTESIAN_POINT('Ctrl Pts',(79.6428066028088,-131.274773293811,3.22991966256956));
#6002=CARTESIAN_POINT('Ctrl Pts',(79.2181190107672,-131.476281373266,3.20375115911063));
#6003=CARTESIAN_POINT('Ctrl Pts',(78.8046082630827,-131.455490679849,3.17758265565171));
#6004=CARTESIAN_POINT('Ctrl Pts',(78.3910975153983,-131.434699986433,3.15141415219278));
#6005=CARTESIAN_POINT('Ctrl Pts',(77.9887636120711,-131.191610520145,3.12524564873386));
#6006=CARTESIAN_POINT('Ctrl Pts',(77.7780178815948,-130.835226398645,3.09907714527493));
#6007=CARTESIAN_POINT('Ctrl Pts',(77.6639364228816,-130.642307565362,3.08491153897682));
#6008=CARTESIAN_POINT('Ctrl Pts',(77.605996108039,-130.416189962846,3.07074593267871));
#6009=CARTESIAN_POINT('Ctrl Pts',(77.6055595847368,-130.190281345047,3.0565803263806));
#6010=CARTESIAN_POINT('Ctrl Pts',(77.6038472046286,-130.189459579405,3.19341967361942));
#6011=CARTESIAN_POINT('Ctrl Pts',(77.6065659464913,-130.501427442774,3.21304882801718));
#6012=CARTESIAN_POINT('Ctrl Pts',(77.7234960511846,-130.815217959703,3.23267798241495));
#6013=CARTESIAN_POINT('Ctrl Pts',(77.9329092099493,-131.044562881761,3.25230713681271));
#6014=CARTESIAN_POINT('Ctrl Pts',(78.2120872559533,-131.350312852673,3.27847564027164));
#6015=CARTESIAN_POINT('Ctrl Pts',(78.6556331064356,-131.505979793063,3.30464414373057));
#6016=CARTESIAN_POINT('Ctrl Pts',(79.0646555332737,-131.441760793399,3.33081264718949));
#6017=CARTESIAN_POINT('Ctrl Pts',(79.4736779601119,-131.377541793734,3.35698115064842));
#6018=CARTESIAN_POINT('Ctrl Pts',(79.8481769633058,-131.093436854014,3.38314965410735));
#6019=CARTESIAN_POINT('Ctrl Pts',(80.0202227365137,-130.71684200778,3.40931815756627));
#6020=CARTESIAN_POINT('Ctrl Pts',(80.1922685097216,-130.340247161546,3.4354866610252));
#6021=CARTESIAN_POINT('Ctrl Pts',(80.1618610529436,-129.871162408798,3.46165516448413));
#6022=CARTESIAN_POINT('Ctrl Pts',(79.9426354320605,-129.519930927895,3.48782366794305));
#6023=CARTESIAN_POINT('Ctrl Pts',(79.7234098111774,-129.168699446992,3.51399217140198));
#6024=CARTESIAN_POINT('Ctrl Pts',(79.3153660261892,-128.935321237934,3.54016067486091));
#6025=CARTESIAN_POINT('Ctrl Pts',(78.9014757602398,-128.924445864121,3.56632917831983));
#6026=CARTESIAN_POINT('Ctrl Pts',(78.4875854942904,-128.913570490307,3.59249768177876));
#6027=CARTESIAN_POINT('Ctrl Pts',(78.0678487473798,-129.125197951739,3.61866618523769));
#6028=CARTESIAN_POINT('Ctrl Pts',(77.8304804663423,-129.464431978972,3.64483468869661));
#6029=CARTESIAN_POINT('Ctrl Pts',(77.683579512511,-129.6743749501,3.66102968367088));
#6030=CARTESIAN_POINT('Ctrl Pts',(77.6065264993952,-129.9331918085,3.67722467864515));
#6031=CARTESIAN_POINT('Ctrl Pts',(77.6051672294844,-130.191263152696,3.69341967361941));
#6032=CARTESIAN_POINT('Origin',(78.8682076614499,-130.190548761755,0.));
#6033=CARTESIAN_POINT('',(77.6016762446609,-130.190638271867,4.19341967361941));
#6034=CARTESIAN_POINT('',(77.6032025931109,-130.189500366528,4.0565803263806));
#6035=CARTESIAN_POINT('',(77.6037076614499,-130.190548761755,0.));
#6036=CARTESIAN_POINT('Ctrl Pts',(77.6032025931109,-130.189500366528,4.0565803263806));
#6037=CARTESIAN_POINT('Ctrl Pts',(77.6024799027338,-130.107826644538,4.0514346408525));
#6038=CARTESIAN_POINT('Ctrl Pts',(77.609729539063,-130.026280590557,4.04628895532439));
#6039=CARTESIAN_POINT('Ctrl Pts',(77.6254240030282,-129.946393593083,4.04114326979628));
#6040=CARTESIAN_POINT('Ctrl Pts',(77.7052385646289,-129.540126408993,4.01497476633735));
#6041=CARTESIAN_POINT('Ctrl Pts',(78.0034578767063,-129.176766651561,3.98880626287843));
#6042=CARTESIAN_POINT('Ctrl Pts',(78.3863568548436,-129.019249155241,3.9626377594195));
#6043=CARTESIAN_POINT('Ctrl Pts',(78.7692558329809,-128.861731658921,3.93646925596058));
#6044=CARTESIAN_POINT('Ctrl Pts',(79.2368344771779,-128.910056423713,3.91030075250165));
#6045=CARTESIAN_POINT('Ctrl Pts',(79.5794249653661,-129.142554050601,3.88413224904272));
#6046=CARTESIAN_POINT('Ctrl Pts',(79.9220154535543,-129.375051677489,3.8579637455838));
#6047=CARTESIAN_POINT('Ctrl Pts',(80.1396177857336,-129.791722166473,3.83179524212487));
#6048=CARTESIAN_POINT('Ctrl Pts',(80.134656489526,-130.20572551752,3.80562673866594));
#6049=CARTESIAN_POINT('Ctrl Pts',(80.1296951933184,-130.619728868566,3.77945823520702));
#6050=CARTESIAN_POINT('Ctrl Pts',(79.9021702687239,-131.031065081674,3.75328973174809));
#6051=CARTESIAN_POINT('Ctrl Pts',(79.5541065965411,-131.255286109171,3.72712122828916));
#6052=CARTESIAN_POINT('Ctrl Pts',(79.2060429243584,-131.479507136668,3.70095272483024));
#6053=CARTESIAN_POINT('Ctrl Pts',(78.7374405045875,-131.516612978553,3.67478422137131));
#6054=CARTESIAN_POINT('Ctrl Pts',(78.3584262323136,-131.34996493475,3.64861571791238));
#6055=CARTESIAN_POINT('Ctrl Pts',(77.9794119600396,-131.183316890948,3.62244721445346));
#6056=CARTESIAN_POINT('Ctrl Pts',(77.6899858352626,-130.812914961457,3.59627871099453));
#6057=CARTESIAN_POINT('Ctrl Pts',(77.6199299729672,-130.404851773324,3.57011020753561));
#6058=CARTESIAN_POINT('Ctrl Pts',(77.6078563301551,-130.334524908207,3.5656002471506));
#6059=CARTESIAN_POINT('Ctrl Pts',(77.6022984526928,-130.263079423268,3.5610902867656));
#6060=CARTESIAN_POINT('Ctrl Pts',(77.6029136040975,-130.191538435027,3.5565803263806));
#6061=CARTESIAN_POINT('Ctrl Pts',(77.6051672294844,-130.191263152696,3.69341967361941));
#6062=CARTESIAN_POINT('Ctrl Pts',(77.6043301381479,-130.350193534896,3.70339318210407));
#6063=CARTESIAN_POINT('Ctrl Pts',(77.6322004738873,-130.508841175171,3.71336669058873));
#6064=CARTESIAN_POINT('Ctrl Pts',(77.690143591654,-130.655616886988,3.72334019907339));
#6065=CARTESIAN_POINT('Ctrl Pts',(77.8421748131676,-131.040727174735,3.74950870253232));
#6066=CARTESIAN_POINT('Ctrl Pts',(78.2012370713591,-131.344107157195,3.77567720599124));
#6067=CARTESIAN_POINT('Ctrl Pts',(78.6063225815885,-131.429717643969,3.80184570945017));
#6068=CARTESIAN_POINT('Ctrl Pts',(79.0114080918179,-131.515328130744,3.8280142129091));
#6069=CARTESIAN_POINT('Ctrl Pts',(79.4625168540852,-131.383169121834,3.85418271636802));
#6070=CARTESIAN_POINT('Ctrl Pts',(79.7573663371228,-131.092502287808,3.88035121982695));
#6071=CARTESIAN_POINT('Ctrl Pts',(80.0522158201603,-130.801835453782,3.90651972328588));
#6072=CARTESIAN_POINT('Ctrl Pts',(80.1908060239682,-130.35266079464,3.9326882267448));
#6073=CARTESIAN_POINT('Ctrl Pts',(80.1109914537684,-129.946393566778,3.95885673020373));
#6074=CARTESIAN_POINT('Ctrl Pts',(80.0311768835686,-129.540126338917,3.98502523366266));
#6075=CARTESIAN_POINT('Ctrl Pts',(79.7329575393612,-129.176766542337,4.01119373712158));
#6076=CARTESIAN_POINT('Ctrl Pts',(79.3500585199706,-129.019249029046,4.03736224058051));
#6077=CARTESIAN_POINT('Ctrl Pts',(78.96715950058,-128.861731515755,4.06353074403944));
#6078=CARTESIAN_POINT('Ctrl Pts',(78.4995808060063,-128.910056285753,4.08969924749836));
#6079=CARTESIAN_POINT('Ctrl Pts',(78.1569902809076,-129.142553937691,4.11586775095729));
#6080=CARTESIAN_POINT('Ctrl Pts',(77.8185611212255,-129.37222749609,4.14171839184467));
#6081=CARTESIAN_POINT('Ctrl Pts',(77.6021021692683,-129.781626901837,4.16756903273204));
#6082=CARTESIAN_POINT('Ctrl Pts',(77.6016762446609,-130.190638271867,4.19341967361941));
#6083=CARTESIAN_POINT('Origin',(78.8682076614499,-130.190548761755,0.));
#6084=CARTESIAN_POINT('',(77.6049748231908,-130.189721345425,4.69341967361941));
#6085=CARTESIAN_POINT('',(77.6054757193282,-130.19096691457,4.5565803263806));
#6086=CARTESIAN_POINT('',(77.6037076614499,-130.190548761755,0.));
#6087=CARTESIAN_POINT('Ctrl Pts',(77.6054757193282,-130.19096691457,4.5565803263806));
#6088=CARTESIAN_POINT('Ctrl Pts',(77.6061919101074,-129.954959264211,4.54177899493939));
#6089=CARTESIAN_POINT('Ctrl Pts',(77.6697824409518,-129.718593220533,4.52697766349817));
#6090=CARTESIAN_POINT('Ctrl Pts',(77.7937800065977,-129.519931000147,4.51217633205696));
#6091=CARTESIAN_POINT('Ctrl Pts',(78.0130056038618,-129.168699557086,4.48600782859803));
#6092=CARTESIAN_POINT('Ctrl Pts',(78.4210493448872,-128.935321373172,4.4598393251391));
#6093=CARTESIAN_POINT('Ctrl Pts',(78.8349395662442,-128.92444600053,4.43367082168018));
#6094=CARTESIAN_POINT('Ctrl Pts',(79.2488297876013,-128.913570627888,4.40750231822125));
#6095=CARTESIAN_POINT('Ctrl Pts',(79.6685664892898,-129.125198066519,4.38133381476233));
#6096=CARTESIAN_POINT('Ctrl Pts',(79.9059347447535,-129.464432057204,4.3551653113034));
#6097=CARTESIAN_POINT('Ctrl Pts',(80.1433030002171,-129.803666047888,4.32899680784447));
#6098=CARTESIAN_POINT('Ctrl Pts',(80.1983028094558,-130.270506590626,4.30282830438555));
#6099=CARTESIAN_POINT('Ctrl Pts',(80.0462716043219,-130.655616836882,4.27665980092662));
#6100=CARTESIAN_POINT('Ctrl Pts',(79.894240399188,-131.040727083138,4.25049129746769));
#6101=CARTESIAN_POINT('Ctrl Pts',(79.5351781796816,-131.344107032911,4.22432279400876));
#6102=CARTESIAN_POINT('Ctrl Pts',(79.1300927130958,-131.429717510462,4.19815429054984));
#6103=CARTESIAN_POINT('Ctrl Pts',(78.7250072465101,-131.515327988013,4.17198578709091));
#6104=CARTESIAN_POINT('Ctrl Pts',(78.2738985328451,-131.383168993342,4.14581728363199));
#6105=CARTESIAN_POINT('Ctrl Pts',(77.9790490815745,-131.092502190632,4.11964878017306));
#6106=CARTESIAN_POINT('Ctrl Pts',(77.7421778236978,-130.858991119527,4.09862596224224));
#6107=CARTESIAN_POINT('Ctrl Pts',(77.6061551614589,-130.52318025772,4.07760314431142));
#6108=CARTESIAN_POINT('Ctrl Pts',(77.6032025931109,-130.189500366528,4.0565803263806));
#6109=CARTESIAN_POINT('Ctrl Pts',(77.6016762446609,-130.190638271867,4.19341967361941));
#6110=CARTESIAN_POINT('Ctrl Pts',(77.601671007441,-130.195667524582,4.19373753619097));
#6111=CARTESIAN_POINT('Ctrl Pts',(77.6016984332389,-130.200696718628,4.19405539876252));
#6112=CARTESIAN_POINT('Ctrl Pts',(77.6017586969274,-130.205725519155,4.19437326133407));
#6113=CARTESIAN_POINT('Ctrl Pts',(77.6067199936695,-130.619728914805,4.22054176479299));
#6114=CARTESIAN_POINT('Ctrl Pts',(77.8342449427774,-131.031065172231,4.24671026825192));
#6115=CARTESIAN_POINT('Ctrl Pts',(78.1823086524603,-131.255286223885,4.27287877171085));
#6116=CARTESIAN_POINT('Ctrl Pts',(78.5303723621432,-131.479507275539,4.29904727516978));
#6117=CARTESIAN_POINT('Ctrl Pts',(78.998974832401,-131.516613121423,4.3252157786287));
#6118=CARTESIAN_POINT('Ctrl Pts',(79.3779891455098,-131.349965059666,4.35138428208763));
#6119=CARTESIAN_POINT('Ctrl Pts',(79.7570034586185,-131.183316997908,4.37755278554656));
#6120=CARTESIAN_POINT('Ctrl Pts',(80.0464296145781,-130.812915028509,4.40372128900548));
#6121=CARTESIAN_POINT('Ctrl Pts',(80.1164854844213,-130.404851796412,4.42988979246441));
#6122=CARTESIAN_POINT('Ctrl Pts',(80.1865413542646,-129.996788564315,4.45605829592334));
#6123=CARTESIAN_POINT('Ctrl Pts',(80.0372269379916,-129.551064069521,4.48222679938226));
#6124=CARTESIAN_POINT('Ctrl Pts',(79.7354965953169,-129.267546475915,4.50839530284119));
#6125=CARTESIAN_POINT('Ctrl Pts',(79.4337662526422,-128.98402888231,4.53456380630011));
#6126=CARTESIAN_POINT('Ctrl Pts',(78.9796199835659,-128.862718189893,4.56073230975904));
#6127=CARTESIAN_POINT('Ctrl Pts',(78.5767023722703,-128.958011550581,4.58690081321796));
#6128=CARTESIAN_POINT('Ctrl Pts',(78.1737847609748,-129.053304911269,4.61306931667689));
#6129=CARTESIAN_POINT('Ctrl Pts',(77.8220958074602,-129.365202325063,4.63923782013582));
#6130=CARTESIAN_POINT('Ctrl Pts',(77.6793370215183,-129.75384529372,4.66540632359474));
#6131=CARTESIAN_POINT('Ctrl Pts',(77.6283959879463,-129.892525896691,4.6747441069363));
#6132=CARTESIAN_POINT('Ctrl Pts',(77.6040579758743,-130.040978490323,4.68408189027786));
#6133=CARTESIAN_POINT('Ctrl Pts',(77.6049748231908,-130.189721345425,4.69341967361941));
#6134=CARTESIAN_POINT('Origin',(78.8682076614499,-130.190548761755,0.));
#6135=CARTESIAN_POINT('',(77.6041327525002,-130.191617400617,5.19341967361941));
#6136=CARTESIAN_POINT('',(77.6018912191486,-130.191013202759,5.0565803263806));
#6137=CARTESIAN_POINT('',(77.6037076614499,-130.190548761755,0.));
#6138=CARTESIAN_POINT('Ctrl Pts',(77.6018912191486,-130.191013202759,5.0565803263806));
#6139=CARTESIAN_POINT('Ctrl Pts',(77.6037451196553,-129.803876671658,5.03212334902628));
#6140=CARTESIAN_POINT('Ctrl Pts',(77.7946049302203,-129.415156433409,5.00766637167195));
#6141=CARTESIAN_POINT('Ctrl Pts',(78.10293559151,-129.181350268596,4.98320939431763));
#6142=CARTESIAN_POINT('Ctrl Pts',(78.432843570716,-128.931182091884,4.95704089085871));
#6143=CARTESIAN_POINT('Ctrl Pts',(78.8972391749789,-128.858368771255,4.93087238739978));
#6144=CARTESIAN_POINT('Ctrl Pts',(79.2878819283085,-128.995560693695,4.90470388394086));
#6145=CARTESIAN_POINT('Ctrl Pts',(79.6785246816381,-129.132752616134,4.87853538048193));
#6146=CARTESIAN_POINT('Ctrl Pts',(79.9954145840345,-129.479949781642,4.852366877023));
#6147=CARTESIAN_POINT('Ctrl Pts',(80.0964544206518,-129.881464840553,4.82619837356407));
#6148=CARTESIAN_POINT('Ctrl Pts',(80.1974942572692,-130.282979899464,4.80002987010515));
#6149=CARTESIAN_POINT('Ctrl Pts',(80.0826840281074,-130.738812851779,4.77386136664622));
#6150=CARTESIAN_POINT('Ctrl Pts',(79.8035060121805,-131.044562789748,4.7476928631873));
#6151=CARTESIAN_POINT('Ctrl Pts',(79.5243279962536,-131.350312727717,4.72152435972837));
#6152=CARTESIAN_POINT('Ctrl Pts',(79.0807821935615,-131.50597965134,4.69535585626944));
#6153=CARTESIAN_POINT('Ctrl Pts',(78.671759810792,-131.441760658595,4.66918735281052));
#6154=CARTESIAN_POINT('Ctrl Pts',(78.2627374280224,-131.37754166585,4.64301884935159));
#6155=CARTESIAN_POINT('Ctrl Pts',(77.8882384651753,-131.093436756737,4.61685034589266));
#6156=CARTESIAN_POINT('Ctrl Pts',(77.7161927105031,-130.716841951077,4.59068184243374));
#6157=CARTESIAN_POINT('Ctrl Pts',(77.6414588346685,-130.55325529647,4.57931467041603));
#6158=CARTESIAN_POINT('Ctrl Pts',(77.604925696932,-130.372216795352,4.56794749839831));
#6159=CARTESIAN_POINT('Ctrl Pts',(77.6054757193282,-130.19096691457,4.5565803263806));
#6160=CARTESIAN_POINT('Ctrl Pts',(77.6049748231908,-130.189721345425,4.69341967361941));
#6161=CARTESIAN_POINT('Ctrl Pts',(77.6066273781936,-130.457820237005,4.71025039373679));
#6162=CARTESIAN_POINT('Ctrl Pts',(77.6903269443147,-130.726862118833,4.72708111385416));
#6163=CARTESIAN_POINT('Ctrl Pts',(77.8481791269215,-130.941325098262,4.74391183397153));
#6164=CARTESIAN_POINT('Ctrl Pts',(78.0936086366358,-131.274773410625,4.77008033743045));
#6165=CARTESIAN_POINT('Ctrl Pts',(78.5182962744334,-131.476281511828,4.79624884088938));
#6166=CARTESIAN_POINT('Ctrl Pts',(78.9318070666697,-131.455490816153,4.8224173443483));
#6167=CARTESIAN_POINT('Ctrl Pts',(79.3453178589059,-131.434700120478,4.84858584780723));
#6168=CARTESIAN_POINT('Ctrl Pts',(79.7476518055806,-131.191610627924,4.87475435126616));
#6169=CARTESIAN_POINT('Ctrl Pts',(79.9583975587611,-130.835226468064,4.90092285472508));
#6170=CARTESIAN_POINT('Ctrl Pts',(80.1691433119415,-130.478842308204,4.92709135818401));
#6171=CARTESIAN_POINT('Ctrl Pts',(80.1883008716277,-130.009163481038,4.95325986164293));
#6172=CARTESIAN_POINT('Ctrl Pts',(80.0072798102192,-129.636799741259,4.97942836510186));
#6173=CARTESIAN_POINT('Ctrl Pts',(79.8262587488108,-129.26443600148,5.00559686856079));
#6174=CARTESIAN_POINT('Ctrl Pts',(79.4450590663078,-128.989387349087,5.03176537201971));
#6175=CARTESIAN_POINT('Ctrl Pts',(79.0346151269158,-128.934988479792,5.05793387547864));
#6176=CARTESIAN_POINT('Ctrl Pts',(78.6241711875237,-128.880589610498,5.08410237893757));
#6177=CARTESIAN_POINT('Ctrl Pts',(78.1844829912426,-129.046840524301,5.11027088239649));
#6178=CARTESIAN_POINT('Ctrl Pts',(77.9127121714431,-129.359193152541,5.13643938585542));
#6179=CARTESIAN_POINT('Ctrl Pts',(77.7154574890176,-129.585902622431,5.15543281511008));
#6180=CARTESIAN_POINT('Ctrl Pts',(77.6066623378928,-129.889579047452,5.17442624436475));
#6181=CARTESIAN_POINT('Ctrl Pts',(77.6041327525002,-130.191617400617,5.19341967361941));
#6182=CARTESIAN_POINT('Origin',(78.8682076614499,-130.190548761755,0.));
#6183=CARTESIAN_POINT('',(77.6021168744031,-130.189925610292,5.69341967361941));
#6184=CARTESIAN_POINT('',(77.6044606914328,-130.189538777789,5.5565803263806));
#6185=CARTESIAN_POINT('',(77.6037076614499,-130.190548761755,0.));
#6186=CARTESIAN_POINT('',(79.8263238141723,-129.365337462819,6.));
#6187=CARTESIAN_POINT('Ctrl Pts',(77.6021168744031,-130.189925610292,5.69341967361941));
#6188=CARTESIAN_POINT('Ctrl Pts',(77.604467449049,-130.565004154717,5.7171076053695));
#6189=CARTESIAN_POINT('Ctrl Pts',(77.7820117910703,-130.941960808998,5.74079553711958));
#6190=CARTESIAN_POINT('Ctrl Pts',(78.0739774952943,-131.177061878956,5.76448346886966));
#6191=CARTESIAN_POINT('Ctrl Pts',(78.3965174967382,-131.43678245006,5.79065197232859));
#6192=CARTESIAN_POINT('Ctrl Pts',(78.858697742791,-131.523381952573,5.81682047578751));
#6193=CARTESIAN_POINT('Ctrl Pts',(79.2530848605071,-131.397392124635,5.84298897924644));
#6194=CARTESIAN_POINT('Ctrl Pts',(79.6474719782232,-131.271402296697,5.86915748270536));
#6195=CARTESIAN_POINT('Ctrl Pts',(79.9740659676024,-130.932823138306,5.89532598616429));
#6196=CARTESIAN_POINT('Ctrl Pts',(80.0866201896729,-130.535074404379,5.92149448962322));
#6197=CARTESIAN_POINT('Ctrl Pts',(80.1991744117433,-130.137325670452,5.94766299308215));
#6198=CARTESIAN_POINT('Ctrl Pts',(80.0976888665049,-129.680407360988,5.97383149654107));
#6199=CARTESIAN_POINT('Ctrl Pts',(79.8263238141723,-129.365337462819,6.));
#6200=CARTESIAN_POINT('',(77.9082794218188,-129.364197362758,5.99999999999997));
#6201=CARTESIAN_POINT('Origin',(78.8682076614499,-130.190548761755,6.));
#6202=CARTESIAN_POINT('Ctrl Pts',(77.9082692868376,-129.364190986192,5.99999999999998));
#6203=CARTESIAN_POINT('Ctrl Pts',(78.1665205379175,-129.066389822027,5.97509183961298));
#6204=CARTESIAN_POINT('Ctrl Pts',(78.5755887487431,-128.896779679488,5.95018367922598));
#6205=CARTESIAN_POINT('Ctrl Pts',(78.9685128571829,-128.928032225537,5.92527551883897));
#6206=CARTESIAN_POINT('Ctrl Pts',(79.3813187702268,-128.960866138065,5.89910701538005));
#6207=CARTESIAN_POINT('Ctrl Pts',(79.7763054764154,-129.215404157264,5.87293851192112));
#6208=CARTESIAN_POINT('Ctrl Pts',(79.9765972788998,-129.577718403766,5.8467700084622));
#6209=CARTESIAN_POINT('Ctrl Pts',(80.1768890813843,-129.940032650268,5.82060150500327));
#6210=CARTESIAN_POINT('Ctrl Pts',(80.1824859801646,-130.410123124072,5.79443300154435));
#6211=CARTESIAN_POINT('Ctrl Pts',(79.9907631777547,-130.77709701255,5.76826449808542));
#6212=CARTESIAN_POINT('Ctrl Pts',(79.7990403753448,-131.144070901028,5.74209599462649));
#6213=CARTESIAN_POINT('Ctrl Pts',(79.4099978717446,-131.40792820418,5.71592749116757));
#6214=CARTESIAN_POINT('Ctrl Pts',(78.9981417679554,-131.450399327694,5.68975898770864));
#6215=CARTESIAN_POINT('Ctrl Pts',(78.5862856641662,-131.492870451209,5.66359048424972));
#6216=CARTESIAN_POINT('Ctrl Pts',(78.1516159601879,-131.313955395085,5.6374219807908));
#6217=CARTESIAN_POINT('Ctrl Pts',(77.8890175892635,-130.993859338708,5.61125347733187));
#6218=CARTESIAN_POINT('Ctrl Pts',(77.7061376830735,-130.770936642898,5.59302909368145));
#6219=CARTESIAN_POINT('Ctrl Pts',(77.6067135623003,-130.479540186507,5.57480471003102));
#6220=CARTESIAN_POINT('Ctrl Pts',(77.6044606914328,-130.189538777789,5.5565803263806));
#6221=CARTESIAN_POINT('Origin',(78.8682076614499,-130.190548761755,7.10421172358873));
#6222=CARTESIAN_POINT('',(77.3232095784492,-130.189790014211,2.39578827641127));
#6223=CARTESIAN_POINT('',(77.327561126872,-130.19061647309,2.35421172358873));
#6224=CARTESIAN_POINT('',(77.3252076614499,-130.190548761755,7.10421172358873));
#6225=CARTESIAN_POINT('',(79.2667215033071,-131.681198189974,2.));
#6226=CARTESIAN_POINT('Ctrl Pts',(77.327561126872,-130.19061647309,2.35421172358873));
#6227=CARTESIAN_POINT('Ctrl Pts',(77.3277246741797,-129.929877144249,2.34081516289486));
#6228=CARTESIAN_POINT('Ctrl Pts',(77.5133630170085,-129.159639475693,2.30125009874206));
#6229=CARTESIAN_POINT('Ctrl Pts',(78.7240669191784,-128.379435261294,2.23551653113034));
#6230=CARTESIAN_POINT('Ctrl Pts',(80.3004717573447,-129.070839712783,2.15701102075356));
#6231=CARTESIAN_POINT('Ctrl Pts',(80.5898317379577,-130.768456169878,2.07850551037678));
#6232=CARTESIAN_POINT('Ctrl Pts',(79.7569113015072,-131.550149657688,2.02616850345893));
#6233=CARTESIAN_POINT('Ctrl Pts',(79.2667215033071,-131.681198189974,2.));
#6234=CARTESIAN_POINT('',(78.468650911907,-131.683593424369,2.));
#6235=CARTESIAN_POINT('Origin',(78.8682076614499,-130.190548761755,2.));
#6236=CARTESIAN_POINT('Ctrl Pts',(77.3232095784492,-130.189790014211,2.39578827641127));
#6237=CARTESIAN_POINT('Ctrl Pts',(77.3229341313021,-130.144434812346,2.39344102516356));
#6238=CARTESIAN_POINT('Ctrl Pts',(77.3451427661252,-129.593708456006,2.36492527045693));
#6239=CARTESIAN_POINT('Ctrl Pts',(78.003776760495,-128.592282444991,2.31024101229137));
#6240=CARTESIAN_POINT('Ctrl Pts',(79.7246077085676,-128.587819048807,2.23173550191458));
#6241=CARTESIAN_POINT('Ctrl Pts',(80.6773059912924,-130.021068146621,2.15322999153781));
#6242=CARTESIAN_POINT('Ctrl Pts',(80.0185072955978,-131.580148223812,2.07598482423294));
#6243=CARTESIAN_POINT('Ctrl Pts',(78.9337417277996,-131.806262947379,2.02490816038701));
#6244=CARTESIAN_POINT('Ctrl Pts',(78.4686450789363,-131.683606820888,2.));
#6245=CARTESIAN_POINT('Origin',(78.8682076614499,-130.190548761755,7.10421172358873));
#6246=CARTESIAN_POINT('',(77.3274674618703,-130.190222447813,2.89578827641127));
#6247=CARTESIAN_POINT('',(77.3235315139234,-130.191497628418,2.85421172358873));
#6248=CARTESIAN_POINT('',(77.3252076614499,-130.190548761755,7.10421172358873));
#6249=CARTESIAN_POINT('Ctrl Pts',(77.3235315139234,-130.191497628418,2.85421172358873));
#6250=CARTESIAN_POINT('Ctrl Pts',(77.3267783492655,-129.745817750757,2.83115951698175));
#6251=CARTESIAN_POINT('Ctrl Pts',(77.7620071862995,-128.788670580006,2.78193880691585));
#6252=CARTESIAN_POINT('Ctrl Pts',(79.3787101164049,-128.446647601872,2.70654959339101));
#6253=CARTESIAN_POINT('Ctrl Pts',(80.6044245360775,-129.654446703192,2.62804408301424));
#6254=CARTESIAN_POINT('Ctrl Pts',(80.2730289729785,-131.343060140392,2.54953857263746));
#6255=CARTESIAN_POINT('Ctrl Pts',(78.681817981045,-131.998020954535,2.47103306226068));
#6256=CARTESIAN_POINT('Ctrl Pts',(77.5006654494088,-131.196936864989,2.40592411257777));
#6257=CARTESIAN_POINT('Ctrl Pts',(77.3274052049976,-130.439198766758,2.36698366635378));
#6258=CARTESIAN_POINT('Ctrl Pts',(77.327561126872,-130.19061647309,2.35421172358873));
#6259=CARTESIAN_POINT('Ctrl Pts',(77.3274674618703,-130.190222447813,2.89578827641127));
#6260=CARTESIAN_POINT('Ctrl Pts',(77.3270161201894,-129.956645053924,2.88378537925045));
#6261=CARTESIAN_POINT('Ctrl Pts',(77.4857936485043,-129.214408627537,2.84561397863071));
#6262=CARTESIAN_POINT('Ctrl Pts',(78.629464620704,-128.389210775135,2.78127407455204));
#6263=CARTESIAN_POINT('Ctrl Pts',(80.2390466223854,-128.99781132431,2.70276856417526));
#6264=CARTESIAN_POINT('Ctrl Pts',(80.6192265652913,-130.676091220513,2.62426305379848));
#6265=CARTESIAN_POINT('Ctrl Pts',(79.4290534116347,-131.918916583255,2.54575754342171));
#6266=CARTESIAN_POINT('Ctrl Pts',(77.7865197094346,-131.620903432378,2.46959928429263));
#6267=CARTESIAN_POINT('Ctrl Pts',(77.3260049741139,-130.650080621697,2.41960952862249));
#6268=CARTESIAN_POINT('Ctrl Pts',(77.3232095784492,-130.189790014211,2.39578827641127));
#6269=CARTESIAN_POINT('Origin',(78.8682076614499,-130.190548761755,7.10421172358873));
#6270=CARTESIAN_POINT('',(77.3242387168119,-130.191756405772,3.39578827641127));
#6271=CARTESIAN_POINT('',(77.3253779383377,-130.189219692268,3.35421172358873));
#6272=CARTESIAN_POINT('',(77.3252076614499,-130.190548761755,7.10421172358873));
#6273=CARTESIAN_POINT('Ctrl Pts',(77.3253779383377,-130.189219692268,3.35421172358873));
#6274=CARTESIAN_POINT('Ctrl Pts',(77.3242727202197,-130.062399069996,3.34767237452757));
#6275=CARTESIAN_POINT('Ctrl Pts',(77.3961089053468,-129.42931517493,3.31496452200748));
#6276=CARTESIAN_POINT('Ctrl Pts',(78.2661055461351,-128.4761122947,3.25608816602847));
#6277=CARTESIAN_POINT('Ctrl Pts',(79.9661351893465,-128.742662628712,3.17758265565169));
#6278=CARTESIAN_POINT('Ctrl Pts',(80.6815174879786,-130.307711527343,3.09907714527491));
#6279=CARTESIAN_POINT('Ctrl Pts',(79.7706800807061,-131.767686368323,3.02057163489814));
#6280=CARTESIAN_POINT('Ctrl Pts',(78.0504846756975,-131.813246088482,2.94206612452135));
#6281=CARTESIAN_POINT('Ctrl Pts',(77.3534159914091,-130.817478835329,2.88661282075155));
#6282=CARTESIAN_POINT('Ctrl Pts',(77.3230925926988,-130.251746559178,2.85732802044068));
#6283=CARTESIAN_POINT('Ctrl Pts',(77.3235315139234,-130.191497628418,2.85421172358873));
#6284=CARTESIAN_POINT('Ctrl Pts',(77.3242387168119,-130.191756405772,3.39578827641127));
#6285=CARTESIAN_POINT('Ctrl Pts',(77.3278435537493,-129.772520433927,3.37412973333735));
#6286=CARTESIAN_POINT('Ctrl Pts',(77.719425194212,-128.84081591711,3.3263026868045));
#6287=CARTESIAN_POINT('Ctrl Pts',(79.2864270550305,-128.422241343914,3.25230713681272));
#6288=CARTESIAN_POINT('Ctrl Pts',(80.5738671423573,-129.564015146091,3.17380162643594));
#6289=CARTESIAN_POINT('Ctrl Pts',(80.3316312447137,-131.267679237329,3.09529611605916));
#6290=CARTESIAN_POINT('Ctrl Pts',(78.7769623134675,-132.005347010992,3.01679060568238));
#6291=CARTESIAN_POINT('Ctrl Pts',(77.5293100822244,-131.251517635696,2.95028799246642));
#6292=CARTESIAN_POINT('Ctrl Pts',(77.3280001273154,-130.465886344423,2.90995388270938));
#6293=CARTESIAN_POINT('Ctrl Pts',(77.3274674618703,-130.190222447813,2.89578827641127));
#6294=CARTESIAN_POINT('Origin',(78.8682076614499,-130.190548761755,7.10421172358873));
#6295=CARTESIAN_POINT('',(77.3245913542557,-130.189269462557,3.89578827641127));
#6296=CARTESIAN_POINT('',(77.3269886922741,-130.19142049384,3.85421172358873));
#6297=CARTESIAN_POINT('',(77.3252076614499,-130.190548761755,7.10421172358873));
#6298=CARTESIAN_POINT('Ctrl Pts',(77.3269886922741,-130.19142049384,3.85421172358873));
#6299=CARTESIAN_POINT('Ctrl Pts',(77.3286473347987,-129.876510186134,3.83801672861446));
#6300=CARTESIAN_POINT('Ctrl Pts',(77.5745978397717,-129.05037588658,3.79565323018127));
#6301=CARTESIAN_POINT('Ctrl Pts',(78.9159370379275,-128.374084826736,3.72712122828915));
#6302=CARTESIAN_POINT('Ctrl Pts',(80.4096773943611,-129.228420714224,3.64861571791237));
#6303=CARTESIAN_POINT('Ctrl Pts',(80.5209910498973,-130.945615906371,3.57011020753559));
#6304=CARTESIAN_POINT('Ctrl Pts',(79.1500492659633,-131.985648935999,3.49160469715881));
#6305=CARTESIAN_POINT('Ctrl Pts',(77.6615964763392,-131.463261247275,3.41963853584319));
#6306=CARTESIAN_POINT('Ctrl Pts',(77.3286954699266,-130.569896966431,3.3738408779865));
#6307=CARTESIAN_POINT('Ctrl Pts',(77.3253779383377,-130.189219692268,3.35421172358873));
#6308=CARTESIAN_POINT('Ctrl Pts',(77.3245913542557,-130.189269462557,3.89578827641127));
#6309=CARTESIAN_POINT('Ctrl Pts',(77.3237094948236,-130.089607498911,3.89064259088317));
#6310=CARTESIAN_POINT('Ctrl Pts',(77.3775440638318,-129.484060341643,3.85932840189613));
#6311=CARTESIAN_POINT('Ctrl Pts',(78.176901596346,-128.5100980684,3.80184570945018));
#6312=CARTESIAN_POINT('Ctrl Pts',(79.8885833235017,-128.687002248884,3.7233401990734));
#6313=CARTESIAN_POINT('Ctrl Pts',(80.6851678989527,-130.212322686613,3.64483468869661));
#6314=CARTESIAN_POINT('Ctrl Pts',(79.8522593375072,-131.718115751443,3.56632917831984));
#6315=CARTESIAN_POINT('Ctrl Pts',(78.1368298387965,-131.853950422925,3.48782366794306));
#6316=CARTESIAN_POINT('Ctrl Pts',(77.369621638418,-130.872092278776,3.4309767006402));
#6317=CARTESIAN_POINT('Ctrl Pts',(77.32348808129,-130.279053950142,3.40029823679627));
#6318=CARTESIAN_POINT('Ctrl Pts',(77.3242387168119,-130.191756405772,3.39578827641127));
#6319=CARTESIAN_POINT('Origin',(78.8682076614499,-130.190548761755,7.10421172358873));
#6320=CARTESIAN_POINT('',(77.3273651255117,-130.191059010702,4.39578827641127));
#6321=CARTESIAN_POINT('',(77.3227288349529,-130.190657986035,4.35421172358873));
#6322=CARTESIAN_POINT('',(77.3252076614499,-130.190548761755,7.10421172358873));
#6323=CARTESIAN_POINT('Ctrl Pts',(77.3227288349529,-130.190657986035,4.35421172358873));
#6324=CARTESIAN_POINT('Ctrl Pts',(77.323248567392,-129.69156384293,4.32836108270135));
#6325=CARTESIAN_POINT('Ctrl Pts',(77.8547623534715,-128.68628581585,4.27634193835505));
#6326=CARTESIAN_POINT('Ctrl Pts',(79.5595138010348,-128.51009788735,4.19815429054983));
#6327=CARTESIAN_POINT('Ctrl Pts',(80.6512159317869,-129.840261982541,4.11964878017304));
#6328=CARTESIAN_POINT('Ctrl Pts',(80.143873857112,-131.484571588844,4.04114326979627));
#6329=CARTESIAN_POINT('Ctrl Pts',(78.4924840108999,-131.968370760251,3.96263775941948));
#6330=CARTESIAN_POINT('Ctrl Pts',(77.4492077937512,-131.08688262487,3.90032724401698));
#6331=CARTESIAN_POINT('Ctrl Pts',(77.3259672356254,-130.385354522891,3.86418523207339));
#6332=CARTESIAN_POINT('Ctrl Pts',(77.3269886922741,-130.19142049384,3.85421172358873));
#6333=CARTESIAN_POINT('Ctrl Pts',(77.3273651255117,-130.191059010702,4.39578827641127));
#6334=CARTESIAN_POINT('Ctrl Pts',(77.328239053841,-129.903071818528,4.38098694497006));
#6335=CARTESIAN_POINT('Ctrl Pts',(77.5430235715278,-129.104717629393,4.34001711006992));
#6336=CARTESIAN_POINT('Ctrl Pts',(78.8204782901142,-128.37408502244,4.27287877171085));
#6337=CARTESIAN_POINT('Ctrl Pts',(80.3570233214441,-129.148797093157,4.19437326133407));
#6338=CARTESIAN_POINT('Ctrl Pts',(80.5583630738882,-130.857776826123,4.1158677509573));
#6339=CARTESIAN_POINT('Ctrl Pts',(79.2439312715197,-131.96837056871,4.03736224058051));
#6340=CARTESIAN_POINT('Ctrl Pts',(77.7007828193739,-131.516282320608,3.96400241573184));
#6341=CARTESIAN_POINT('Ctrl Pts',(77.3281942114806,-130.596440733502,3.9168110943421));
#6342=CARTESIAN_POINT('Ctrl Pts',(77.3245913542557,-130.189269462557,3.89578827641127));
#6343=CARTESIAN_POINT('Origin',(78.8682076614499,-130.190548761755,7.10421172358873));
#6344=CARTESIAN_POINT('',(77.3229911565302,-130.19111549364,4.89578827641127));
#6345=CARTESIAN_POINT('',(77.3267539094264,-130.189539110986,4.85421172358873));
#6346=CARTESIAN_POINT('',(77.3252076614499,-130.190548761755,7.10421172358873));
#6347=CARTESIAN_POINT('Ctrl Pts',(77.3267539094264,-130.189539110986,4.85421172358873));
#6348=CARTESIAN_POINT('Ctrl Pts',(77.3256351309294,-130.00803636253,4.84487394024717));
#6349=CARTESIAN_POINT('Ctrl Pts',(77.4385610563469,-129.319231275787,4.80936765344669));
#6350=CARTESIAN_POINT('Ctrl Pts',(78.4499882228101,-128.422241153386,4.74769286318728));
#6351=CARTESIAN_POINT('Ctrl Pts',(80.1124975779344,-128.866327507833,4.6691873528105));
#6352=CARTESIAN_POINT('Ctrl Pts',(80.6590981575529,-130.498006975135,4.59068184243372));
#6353=CARTESIAN_POINT('Ctrl Pts',(79.5995855629015,-131.85395060214,4.51217633205694));
#6354=CARTESIAN_POINT('Ctrl Pts',(77.8841558793715,-131.718115916022,4.43367082168016));
#6355=CARTESIAN_POINT('Ctrl Pts',(77.3255110643243,-130.708156927558,4.38101595219076));
#6356=CARTESIAN_POINT('Ctrl Pts',(77.3227224442606,-130.1967949073,4.35452958616028));
#6357=CARTESIAN_POINT('Ctrl Pts',(77.3227288349529,-130.190657986035,4.35421172358873));
#6358=CARTESIAN_POINT('Ctrl Pts',(77.3229911565302,-130.19111549364,4.89578827641128));
#6359=CARTESIAN_POINT('Ctrl Pts',(77.3252533696436,-129.71871401678,4.87133129905695));
#6360=CARTESIAN_POINT('Ctrl Pts',(77.8073431890761,-128.736851628296,4.8207058182437));
#6361=CARTESIAN_POINT('Ctrl Pts',(79.4703097118673,-128.476112479373,4.74391183397153));
#6362=CARTESIAN_POINT('Ctrl Pts',(80.6303598171998,-129.747109457733,4.66540632359474));
#6363=CARTESIAN_POINT('Ctrl Pts',(80.2100699391532,-131.415793314012,4.58690081321797));
#6364=CARTESIAN_POINT('Ctrl Pts',(78.5863660873056,-131.985648742601,4.50839530284119));
#6365=CARTESIAN_POINT('Ctrl Pts',(77.4739000847818,-131.141702339825,4.44469112390563));
#6366=CARTESIAN_POINT('Ctrl Pts',(77.326693963347,-130.412228299785,4.40715544842899));
#6367=CARTESIAN_POINT('Ctrl Pts',(77.3273651255117,-130.191059010702,4.39578827641127));
#6368=CARTESIAN_POINT('Origin',(78.8682076614499,-130.190548761755,7.10421172358873));
#6369=CARTESIAN_POINT('',(77.326126542639,-130.189316333713,5.39578827641127));
#6370=CARTESIAN_POINT('',(77.325726376745,-130.19185276315,5.35421172358873));
#6371=CARTESIAN_POINT('',(77.3252076614499,-130.190548761755,7.10421172358873));
#6372=CARTESIAN_POINT('Ctrl Pts',(77.325726376745,-130.19185276315,5.35421172358873));
#6373=CARTESIAN_POINT('Ctrl Pts',(77.3288130910675,-129.823291925718,5.33521829433407));
#6374=CARTESIAN_POINT('Ctrl Pts',(77.6444776090088,-128.942187654769,5.29005636162047));
#6375=CARTESIAN_POINT('Ctrl Pts',(79.1069507279534,-128.389210580349,5.21872592544796));
#6376=CARTESIAN_POINT('Ctrl Pts',(80.5024219262977,-129.396090937743,5.14022041507117));
#6377=CARTESIAN_POINT('Ctrl Pts',(80.4322911680635,-131.115460879183,5.0617149046944));
#6378=CARTESIAN_POINT('Ctrl Pts',(78.9594530192636,-132.00534720661,4.98320939431762));
#6379=CARTESIAN_POINT('Ctrl Pts',(77.5897029554002,-131.355420743189,4.9140416672824));
#6380=CARTESIAN_POINT('Ctrl Pts',(77.3287704316639,-130.516685484816,4.8710424437061));
#6381=CARTESIAN_POINT('Ctrl Pts',(77.3267539094264,-130.189539110986,4.85421172358873));
#6382=CARTESIAN_POINT('Ctrl Pts',(77.326126542639,-130.189316333713,5.39578827641127));
#6383=CARTESIAN_POINT('Ctrl Pts',(77.3249282129275,-130.035061019102,5.38784415660277));
#6384=CARTESIAN_POINT('Ctrl Pts',(77.4165300732692,-129.374066540745,5.35373153333534));
#6385=CARTESIAN_POINT('Ctrl Pts',(78.3577052638113,-128.446647794411,5.29345040660899));
#6386=CARTESIAN_POINT('Ctrl Pts',(80.041236219714,-128.802808626729,5.21494489623221));
#6387=CARTESIAN_POINT('Ctrl Pts',(80.6727739615704,-130.403533549881,5.13643938585543));
#6388=CARTESIAN_POINT('Ctrl Pts',(79.6859305587301,-131.813245913047,5.05793387547865));
#6389=CARTESIAN_POINT('Ctrl Pts',(77.9657353396215,-131.767686198708,4.97942836510186));
#6390=CARTESIAN_POINT('Ctrl Pts',(77.3386529837337,-130.762540323609,4.92537983207941));
#6391=CARTESIAN_POINT('Ctrl Pts',(77.3228328443749,-130.224174667216,4.89749980251588));
#6392=CARTESIAN_POINT('Ctrl Pts',(77.3229911565302,-130.19111549364,4.89578827641128));
#6393=CARTESIAN_POINT('Origin',(78.8682076614499,-130.190548761755,7.10421172358873));
#6394=CARTESIAN_POINT('',(77.3268825953515,-130.191846359217,5.89578827641127));
#6395=CARTESIAN_POINT('',(77.3232665112615,-130.189788364201,5.85421172358873));
#6396=CARTESIAN_POINT('',(77.3252076614499,-130.190548761755,7.10421172358873));
#6397=CARTESIAN_POINT('',(78.4696938195926,-131.681198189974,6.));
#6398=CARTESIAN_POINT('Ctrl Pts',(78.4696938195926,-131.681198189974,6.));
#6399=CARTESIAN_POINT('Ctrl Pts',(77.9795040213925,-131.550149657688,5.97383149654107));
#6400=CARTESIAN_POINT('Ctrl Pts',(77.4266759763257,-131.031323254116,5.93909425534483));
#6401=CARTESIAN_POINT('Ctrl Pts',(77.3257530304125,-130.35828869104,5.90435701414859));
#6402=CARTESIAN_POINT('Ctrl Pts',(77.3268825953515,-130.191846359217,5.89578827641127));
#6403=CARTESIAN_POINT('',(79.2677643783066,-131.683593635253,6.));
#6404=CARTESIAN_POINT('Origin',(78.8682076614499,-130.190548761755,6.));
#6405=CARTESIAN_POINT('Ctrl Pts',(79.2677702076703,-131.683607025086,6.));
#6406=CARTESIAN_POINT('Ctrl Pts',(78.8026736564506,-131.806263047639,5.97509183961299));
#6407=CARTESIAN_POINT('Ctrl Pts',(77.7705901330712,-131.591129978495,5.9264957474759));
#6408=CARTESIAN_POINT('Ctrl Pts',(77.3261347885874,-130.647476141225,5.87789965533881));
#6409=CARTESIAN_POINT('Ctrl Pts',(77.3232665112615,-130.189788364201,5.85421172358873));
#6410=CARTESIAN_POINT('Origin',(114.807991300617,-89.4715320530376,9.));
#6411=CARTESIAN_POINT('',(153.694,-63.5057422308287,9.));
#6412=CARTESIAN_POINT('',(153.694,-52.196,9.));
#6413=CARTESIAN_POINT('',(153.694,-111.609266026519,9.));
#6414=CARTESIAN_POINT('',(156.194,-52.196,9.));
#6415=CARTESIAN_POINT('',(153.944,-52.196,9.));
#6416=CARTESIAN_POINT('',(158.194,-50.196,9.));
#6417=CARTESIAN_POINT('Origin',(156.194,-50.196,9.));
#6418=CARTESIAN_POINT('',(158.194,-128.747,9.));
#6419=CARTESIAN_POINT('',(158.194,-41.1960641060752,9.));
#6420=CARTESIAN_POINT('',(156.194,-126.747,9.));
#6421=CARTESIAN_POINT('Origin',(156.194,-128.747,9.));
#6422=CARTESIAN_POINT('',(153.694,-126.747,9.));
#6423=CARTESIAN_POINT('',(149.944,-126.747,9.));
#6424=CARTESIAN_POINT('',(153.694,-67.9532604546304,9.));
#6425=CARTESIAN_POINT('',(153.694,-111.609266026519,9.));
#6426=CARTESIAN_POINT('',(148.308042418229,-62.5687197445236,9.));
#6427=CARTESIAN_POINT('',(138.968379217546,-53.2315135078871,9.));
#6428=CARTESIAN_POINT('',(115.945612172729,-62.5687197445236,9.));
#6429=CARTESIAN_POINT('',(115.309646905223,-62.5687197445236,9.));
#6430=CARTESIAN_POINT('',(113.130798368775,-61.4106949817617,9.));
#6431=CARTESIAN_POINT('Origin',(115.945612172729,-58.5687197445235,9.));
#6432=CARTESIAN_POINT('',(97.2645297906138,-45.6960641060752,9.));
#6433=CARTESIAN_POINT('',(114.299997445196,-62.5687197445236,9.));
#6434=CARTESIAN_POINT('',(82.422,-45.6960641060752,9.));
#6435=CARTESIAN_POINT('',(134.500995650308,-45.6960641060752,9.));
#6436=CARTESIAN_POINT('',(82.422,-43.196,9.));
#6437=CARTESIAN_POINT('',(82.422,-45.446,9.));
#6438=CARTESIAN_POINT('',(80.422,-41.196,9.));
#6439=CARTESIAN_POINT('Origin',(80.422,-43.196,9.));
#6440=CARTESIAN_POINT('',(149.194,-41.196,9.));
#6441=CARTESIAN_POINT('',(71.4219826012339,-41.1960641060752,9.));
#6442=CARTESIAN_POINT('',(147.194,-43.196,9.));
#6443=CARTESIAN_POINT('Origin',(149.194,-43.196,9.));
#6444=CARTESIAN_POINT('',(147.194,-45.6960641060752,9.));
#6445=CARTESIAN_POINT('',(147.194,-49.446,9.));
#6446=CARTESIAN_POINT('',(101.426130865764,-45.6960641060752,9.));
#6447=CARTESIAN_POINT('',(134.500995650308,-45.6960641060752,9.));
#6448=CARTESIAN_POINT('',(105.965130907089,-50.2315135078871,9.));
#6449=CARTESIAN_POINT('',(115.309646905223,-59.5687197445236,9.));
#6450=CARTESIAN_POINT('',(138.379500269451,-50.2315135078871,9.));
#6451=CARTESIAN_POINT('',(138.968379217546,-50.2315135078871,9.));
#6452=CARTESIAN_POINT('',(141.163564768806,-51.3594089026484,9.));
#6453=CARTESIAN_POINT('Origin',(138.379500269451,-54.2315135078871,9.));
#6454=CARTESIAN_POINT('',(140.000002086163,-50.2315135078871,9.));
#6455=CARTESIAN_POINT('',(137.311833203222,-53.2315135078871,9.));
#6456=CARTESIAN_POINT('',(115.309646905223,-53.2315135078871,9.));
#6457=CARTESIAN_POINT('',(115.309646905223,-53.2315135078871,9.));
#6458=CARTESIAN_POINT('',(115.309646905223,-59.2098556928354,9.));
#6459=CARTESIAN_POINT('',(115.309646905223,-59.5687197445236,9.));
#6460=CARTESIAN_POINT('',(116.965584405828,-59.5687197445236,9.));
#6461=CARTESIAN_POINT('Origin',(116.965584405828,-55.5687197445236,9.));
#6462=CARTESIAN_POINT('',(138.968379217546,-59.5687197445236,9.));
#6463=CARTESIAN_POINT('',(138.968379217546,-59.5687197445236,9.));
#6464=CARTESIAN_POINT('',(138.968379217546,-53.5906543644393,9.));
#6465=CARTESIAN_POINT('',(138.968379217546,-53.2315135078871,9.));
#6466=CARTESIAN_POINT('Origin',(137.311833203222,-57.2315135078871,9.));
#6467=CARTESIAN_POINT('Origin',(153.694,-133.747,11.));
#6468=CARTESIAN_POINT('',(153.694,-63.5057422308286,11.));
#6469=CARTESIAN_POINT('',(153.694,-63.5057422308287,11.));
#6470=CARTESIAN_POINT('',(153.694,-47.6960641060752,11.));
#6471=CARTESIAN_POINT('',(153.694,-67.8337980795564,11.));
#6472=CARTESIAN_POINT('',(153.694,-47.6960641060752,6.));
#6473=CARTESIAN_POINT('',(153.694,-47.6960641060752,11.));
#6474=CARTESIAN_POINT('',(153.694,-52.196,6.));
#6475=CARTESIAN_POINT('',(153.694,-46.1960641060752,6.));
#6476=CARTESIAN_POINT('',(153.694,-52.196,5.5));
#6477=CARTESIAN_POINT('Origin',(140.000002086163,-50.2315135078871,11.));
#6478=CARTESIAN_POINT('',(141.163564768806,-51.3594089026484,11.));
#6479=CARTESIAN_POINT('',(141.163564768806,-51.3594089026484,11.));
#6480=CARTESIAN_POINT('',(140.000002086163,-50.2315135078871,11.));
#6481=CARTESIAN_POINT('Origin',(114.807991300617,-89.4715320530376,11.));
#6482=CARTESIAN_POINT('',(158.194,-43.1960641060752,11.));
#6483=CARTESIAN_POINT('',(156.194,-41.1960641060752,11.));
#6484=CARTESIAN_POINT('Origin',(156.194,-43.1960641060752,11.));
#6485=CARTESIAN_POINT('',(73.4219826012339,-41.1960641060752,11.));
#6486=CARTESIAN_POINT('',(71.4219826012339,-41.1960641060752,11.));
#6487=CARTESIAN_POINT('',(71.4219826012339,-43.1960641060752,11.));
#6488=CARTESIAN_POINT('Origin',(73.4219826012339,-43.1960641060752,11.));
#6489=CARTESIAN_POINT('',(71.4219826012339,-135.747,11.));
#6490=CARTESIAN_POINT('',(71.4219826012339,-137.747,11.));
#6491=CARTESIAN_POINT('',(73.4219826012339,-137.747,11.));
#6492=CARTESIAN_POINT('Origin',(73.4219826012339,-135.747,11.));
#6493=CARTESIAN_POINT('',(156.194,-137.747,11.));
#6494=CARTESIAN_POINT('',(158.194,-137.747,11.));
#6495=CARTESIAN_POINT('',(158.194,-135.747,11.));
#6496=CARTESIAN_POINT('Origin',(156.194,-135.747,11.));
#6497=CARTESIAN_POINT('',(158.194,-41.1960641060752,11.));
#6498=CARTESIAN_POINT('',(138.379500269451,-50.2315135078871,11.));
#6499=CARTESIAN_POINT('Origin',(138.379500269451,-54.2315135078871,11.));
#6500=CARTESIAN_POINT('',(106.672514526605,-50.2315135078871,11.));
#6501=CARTESIAN_POINT('',(138.968379217546,-50.2315135078871,11.));
#6502=CARTESIAN_POINT('',(109.674863118243,-53.2315135078871,11.));
#6503=CARTESIAN_POINT('',(116.321688370412,-59.873139271146,11.));
#6504=CARTESIAN_POINT('',(137.311833203222,-53.2315135078871,11.));
#6505=CARTESIAN_POINT('',(115.309646905223,-53.2315135078871,11.));
#6506=CARTESIAN_POINT('',(140.139888220596,-54.4027143247174,11.));
#6507=CARTESIAN_POINT('Origin',(137.311833203222,-57.2315135078871,11.));
#6508=CARTESIAN_POINT('',(145.307253007355,-59.5687197445236,11.));
#6509=CARTESIAN_POINT('',(145.156134292291,-59.417640783918,11.));
#6510=CARTESIAN_POINT('',(148.308042418229,-62.5687197445236,11.));
#6511=CARTESIAN_POINT('',(145.156134292291,-59.417640783918,11.));
#6512=CARTESIAN_POINT('',(153.694,-67.9532604546304,11.));
#6513=CARTESIAN_POINT('',(145.156134292291,-59.417640783918,11.));
#6514=CARTESIAN_POINT('',(153.694,-131.247,11.));
#6515=CARTESIAN_POINT('',(153.694,-111.609266026519,11.));
#6516=CARTESIAN_POINT('',(151.694,-133.247,11.));
#6517=CARTESIAN_POINT('Origin',(151.694,-131.247,11.));
#6518=CARTESIAN_POINT('',(77.9219826012339,-133.247,11.));
#6519=CARTESIAN_POINT('',(95.6149869509254,-133.247,11.));
#6520=CARTESIAN_POINT('',(75.9219826012339,-131.247,11.));
#6521=CARTESIAN_POINT('Origin',(77.9219826012339,-131.247,11.));
#6522=CARTESIAN_POINT('',(75.9219826012339,-47.6960641060752,11.));
#6523=CARTESIAN_POINT('',(75.9219826012339,-67.3337980795564,11.));
#6524=CARTESIAN_POINT('',(77.9219826012339,-45.6960641060752,11.));
#6525=CARTESIAN_POINT('Origin',(77.9219826012339,-47.6960641060752,11.));
#6526=CARTESIAN_POINT('',(97.2645297906138,-45.6960641060752,11.));
#6527=CARTESIAN_POINT('',(95.6149869509254,-45.6960641060752,11.));
#6528=CARTESIAN_POINT('',(97.7693545206273,-46.1960641060752,11.));
#6529=CARTESIAN_POINT('',(121.153608425292,-69.3568291344025,11.));
#6530=CARTESIAN_POINT('',(101.926522297704,-46.1960641060752,11.));
#6531=CARTESIAN_POINT('',(75.4219826012339,-46.1960641060752,11.));
#6532=CARTESIAN_POINT('',(101.426130865764,-45.6960641060752,11.));
#6533=CARTESIAN_POINT('',(115.968273344812,-60.2268309726039,11.));
#6534=CARTESIAN_POINT('',(151.694,-45.6960641060752,11.));
#6535=CARTESIAN_POINT('',(134.500995650308,-45.6960641060752,11.));
#6536=CARTESIAN_POINT('Origin',(151.694,-47.6960641060752,11.));
#6537=CARTESIAN_POINT('Origin',(153.194,-67.4533919884981,11.));
#6538=CARTESIAN_POINT('',(148.308042418229,-62.5687197445236,11.));
#6539=CARTESIAN_POINT('',(153.694,-67.9532604546304,11.));
#6540=CARTESIAN_POINT('Origin',(77.9219826012339,-131.247,11.));
#6541=CARTESIAN_POINT('',(75.9219826012339,-131.247,6.));
#6542=CARTESIAN_POINT('',(77.9219826012339,-133.247,6.));
#6543=CARTESIAN_POINT('Origin',(77.9219826012339,-131.247,6.));
#6544=CARTESIAN_POINT('',(75.9219826012339,-131.247,11.));
#6545=CARTESIAN_POINT('',(77.9219826012339,-133.247,11.));
#6546=CARTESIAN_POINT('Origin',(75.4219826012339,-133.247,11.));
#6547=CARTESIAN_POINT('',(151.694,-133.247,6.));
#6548=CARTESIAN_POINT('',(151.694,-133.247,11.));
#6549=CARTESIAN_POINT('',(147.194,-133.247,6.));
#6550=CARTESIAN_POINT('',(114.057991300617,-133.247,6.));
#6551=CARTESIAN_POINT('',(147.194,-133.247,9.));
#6552=CARTESIAN_POINT('',(147.194,-133.247,5.5));
#6553=CARTESIAN_POINT('',(82.422,-133.247,9.));
#6554=CARTESIAN_POINT('',(95.1149869509254,-133.247,9.));
#6555=CARTESIAN_POINT('',(82.422,-133.247,6.));
#6556=CARTESIAN_POINT('',(82.422,-133.247,5.5));
#6557=CARTESIAN_POINT('',(76.1719913006169,-133.247,6.));
#6558=CARTESIAN_POINT('Origin',(151.694,-131.247,11.));
#6559=CARTESIAN_POINT('',(153.694,-131.247,6.));
#6560=CARTESIAN_POINT('Origin',(151.694,-131.247,6.));
#6561=CARTESIAN_POINT('',(153.694,-131.247,11.));
#6562=CARTESIAN_POINT('Origin',(153.694,-133.747,11.));
#6563=CARTESIAN_POINT('',(153.694,-126.747,6.));
#6564=CARTESIAN_POINT('',(153.694,-126.747,5.5));
#6565=CARTESIAN_POINT('',(153.694,-132.747,6.));
#6566=CARTESIAN_POINT('Origin',(151.694,-47.6960641060752,11.));
#6567=CARTESIAN_POINT('',(151.694,-45.6960641060752,6.));
#6568=CARTESIAN_POINT('Origin',(151.694,-47.6960641060752,6.));
#6569=CARTESIAN_POINT('',(151.694,-45.6960641060752,11.));
#6570=CARTESIAN_POINT('Origin',(152.694,-46.696,6.));
#6571=CARTESIAN_POINT('',(147.194,-45.6960641060752,6.));
#6572=CARTESIAN_POINT('',(153.194,-45.6960641060752,6.));
#6573=CARTESIAN_POINT('',(147.194,-50.196,6.));
#6574=CARTESIAN_POINT('',(147.194,-49.1960320530376,6.));
#6575=CARTESIAN_POINT('',(149.194,-52.196,6.));
#6576=CARTESIAN_POINT('Origin',(149.194,-50.196,6.));
#6577=CARTESIAN_POINT('',(154.194,-52.196,6.));
#6578=CARTESIAN_POINT('Ctrl Pts',(151.4017138213,-48.0219080483856,6.));
#6579=CARTESIAN_POINT('Ctrl Pts',(151.438581793078,-48.0563378342752,6.));
#6580=CARTESIAN_POINT('Ctrl Pts',(151.473071108046,-48.0930071277268,6.));
#6581=CARTESIAN_POINT('Ctrl Pts',(151.505180156154,-48.1315957853026,6.));
#6582=CARTESIAN_POINT('Ctrl Pts',(151.538731523768,-48.1719178226216,6.));
#6583=CARTESIAN_POINT('Ctrl Pts',(151.569684600865,-48.2143359865968,6.));
#6584=CARTESIAN_POINT('Ctrl Pts',(151.598009516701,-48.2585347406033,6.));
#6585=CARTESIAN_POINT('Ctrl Pts',(151.62073229294,-48.2939918061481,6.));
#6586=CARTESIAN_POINT('Ctrl Pts',(151.641763251519,-48.3305959355691,6.));
#6587=CARTESIAN_POINT('Ctrl Pts',(151.661070716801,-48.3682021820434,6.));
#6588=CARTESIAN_POINT('Ctrl Pts',(151.669212249553,-48.3840599076886,6.));
#6589=CARTESIAN_POINT('Ctrl Pts',(151.677047132306,-48.4000959870129,6.));
#6590=CARTESIAN_POINT('Ctrl Pts',(151.684572107307,-48.4163001885625,6.));
#6591=CARTESIAN_POINT('Ctrl Pts',(151.688877510027,-48.4255713972265,6.));
#6592=CARTESIAN_POINT('Ctrl Pts',(151.693081685981,-48.43489844172,6.));
#6593=CARTESIAN_POINT('Ctrl Pts',(151.697177617557,-48.4442642022875,6.));
#6594=CARTESIAN_POINT('Ctrl Pts',(151.718988746179,-48.4941375472332,6.));
#6595=CARTESIAN_POINT('Ctrl Pts',(151.737780055761,-48.5452039024381,6.));
#6596=CARTESIAN_POINT('Ctrl Pts',(151.753524523109,-48.5971313882134,6.));
#6597=CARTESIAN_POINT('Ctrl Pts',(151.769559596752,-48.6500173347573,6.));
#6598=CARTESIAN_POINT('Ctrl Pts',(151.782434910296,-48.7037974187944,6.));
#6599=CARTESIAN_POINT('Ctrl Pts',(151.792081218142,-48.7581556530175,6.));
#6600=CARTESIAN_POINT('Ctrl Pts',(151.798981447295,-48.7970393667111,6.));
#6601=CARTESIAN_POINT('Ctrl Pts',(151.804228602194,-48.8362196862325,6.));
#6602=CARTESIAN_POINT('Ctrl Pts',(151.807782328763,-48.8755873387232,6.));
#6603=CARTESIAN_POINT('Ctrl Pts',(151.809290483466,-48.8922944514093,6.));
#6604=CARTESIAN_POINT('Ctrl Pts',(151.810493480211,-48.9090353467466,6.));
#6605=CARTESIAN_POINT('Ctrl Pts',(151.811387478621,-48.9258018035322,6.));
#6606=CARTESIAN_POINT('Ctrl Pts',(151.811919474268,-48.9357790942497,6.));
#6607=CARTESIAN_POINT('Ctrl Pts',(151.812341691745,-48.9457599777027,6.));
#6608=CARTESIAN_POINT('Ctrl Pts',(151.812653532286,-48.9557349239524,6.));
#6609=CARTESIAN_POINT('Ctrl Pts',(151.814429424859,-49.0125409855422,6.));
#6610=CARTESIAN_POINT('Ctrl Pts',(151.812633552973,-49.0692285697449,6.));
#6611=CARTESIAN_POINT('Ctrl Pts',(151.807206556367,-49.1254648497578,6.));
#6612=CARTESIAN_POINT('Ctrl Pts',(151.803867486116,-49.1600653669937,6.));
#6613=CARTESIAN_POINT('Ctrl Pts',(151.799152948686,-49.194495587185,6.));
#6614=CARTESIAN_POINT('Ctrl Pts',(151.793039789298,-49.2286810645413,6.));
#6615=CARTESIAN_POINT('Ctrl Pts',(151.783364702651,-49.2827852412098,6.));
#6616=CARTESIAN_POINT('Ctrl Pts',(151.770189127218,-49.3362768681472,6.));
#6617=CARTESIAN_POINT('Ctrl Pts',(151.753738917877,-49.3889517450894,6.));
#6618=CARTESIAN_POINT('Ctrl Pts',(151.74881963543,-49.4047036782187,6.));
#6619=CARTESIAN_POINT('Ctrl Pts',(151.743607165541,-49.4203825406903,6.));
#6620=CARTESIAN_POINT('Ctrl Pts',(151.738106675435,-49.4359827372379,6.));
#6621=CARTESIAN_POINT('Ctrl Pts',(151.733019797683,-49.4504098684996,6.));
#6622=CARTESIAN_POINT('Ctrl Pts',(151.727683956077,-49.4647759513437,6.));
#6623=CARTESIAN_POINT('Ctrl Pts',(151.722116844316,-49.4790423720507,6.));
#6624=CARTESIAN_POINT('Ctrl Pts',(151.701487440343,-49.5319078018583,6.));
#6625=CARTESIAN_POINT('Ctrl Pts',(151.677665107711,-49.5834749950819,6.));
#6626=CARTESIAN_POINT('Ctrl Pts',(151.65093260495,-49.6335337506139,6.));
#6627=CARTESIAN_POINT('Ctrl Pts',(151.623570123511,-49.684772191747,6.));
#6628=CARTESIAN_POINT('Ctrl Pts',(151.59315834968,-49.7344311683114,6.));
#6629=CARTESIAN_POINT('Ctrl Pts',(151.559945189199,-49.7822795988744,6.));
#6630=CARTESIAN_POINT('Ctrl Pts',(151.539782805087,-49.8113264713256,6.));
#6631=CARTESIAN_POINT('Ctrl Pts',(151.51858699927,-49.83970595047,6.));
#6632=CARTESIAN_POINT('Ctrl Pts',(151.496404536214,-49.8673631231206,6.));
#6633=CARTESIAN_POINT('Ctrl Pts',(151.484189986185,-49.8825922668895,6.));
#6634=CARTESIAN_POINT('Ctrl Pts',(151.471676168354,-49.8976023507335,6.));
#6635=CARTESIAN_POINT('Ctrl Pts',(151.458870139115,-49.9123837305426,6.));
#6636=CARTESIAN_POINT('Ctrl Pts',(151.451159643855,-49.9212835820743,6.));
#6637=CARTESIAN_POINT('Ctrl Pts',(151.443341841055,-49.9301020157345,6.));
#6638=CARTESIAN_POINT('Ctrl Pts',(151.43542252959,-49.9388320786252,6.));
#6639=CARTESIAN_POINT('Ctrl Pts',(151.394836344218,-49.983573335788,6.));
#6640=CARTESIAN_POINT('Ctrl Pts',(151.351714636016,-50.0258573217795,6.));
#6641=CARTESIAN_POINT('Ctrl Pts',(151.306317107705,-50.065433778218,6.));
#6642=CARTESIAN_POINT('Ctrl Pts',(151.276802323909,-50.0911640458922,6.));
#6643=CARTESIAN_POINT('Ctrl Pts',(151.246324520287,-50.1157495853816,6.));
#6644=CARTESIAN_POINT('Ctrl Pts',(151.214944896536,-50.1391155992118,6.));
#6645=CARTESIAN_POINT('Ctrl Pts',(151.201958401861,-50.1487856518733,6.));
#6646=CARTESIAN_POINT('Ctrl Pts',(151.188817363969,-50.1582467633795,6.));
#6647=CARTESIAN_POINT('Ctrl Pts',(151.175525776615,-50.1674933065196,6.));
#6648=CARTESIAN_POINT('Ctrl Pts',(151.165806174344,-50.174254930945,6.));
#6649=CARTESIAN_POINT('Ctrl Pts',(151.156006995163,-50.180901067504,6.));
#6650=CARTESIAN_POINT('Ctrl Pts',(151.146138264291,-50.1874241939322,6.));
#6651=CARTESIAN_POINT('Ctrl Pts',(151.095409126305,-50.2209556160532,6.));
#6652=CARTESIAN_POINT('Ctrl Pts',(151.042787112686,-50.2512802523915,6.00000000000001));
#6653=CARTESIAN_POINT('Ctrl Pts',(150.988507844271,-50.278131814386,6.00000000000001));
#6654=CARTESIAN_POINT('Ctrl Pts',(150.963111385818,-50.2906952589299,6.00000000000001));
#6655=CARTESIAN_POINT('Ctrl Pts',(150.937351561008,-50.3024979267636,6.00000000000001));
#6656=CARTESIAN_POINT('Ctrl Pts',(150.911249830891,-50.3135096355922,6.00000000000001));
#6657=CARTESIAN_POINT('Ctrl Pts',(150.888799411416,-50.3229809419475,6.00000000000001));
#6658=CARTESIAN_POINT('Ctrl Pts',(150.866096021272,-50.3318670801562,6.00000000000001));
#6659=CARTESIAN_POINT('Ctrl Pts',(150.843160823848,-50.3401737795826,6.00000000000001));
#6660=CARTESIAN_POINT('Ctrl Pts',(150.045083826721,-50.3377687755407,6.));
#6661=CARTESIAN_POINT('Ctrl Pts',(149.987646364361,-50.3167813632007,6.));
#6662=CARTESIAN_POINT('Ctrl Pts',(149.93177206519,-50.2921778566486,6.));
#6663=CARTESIAN_POINT('Ctrl Pts',(149.877658781264,-50.2642590396317,6.));
#6664=CARTESIAN_POINT('Ctrl Pts',(149.823861362087,-50.2365031875927,6.));
#6665=CARTESIAN_POINT('Ctrl Pts',(149.771803771545,-50.2054695851981,6.));
#6666=CARTESIAN_POINT('Ctrl Pts',(149.721712349148,-50.1714090206325,6.));
#6667=CARTESIAN_POINT('Ctrl Pts',(149.683886440076,-50.145688612695,6.));
#6668=CARTESIAN_POINT('Ctrl Pts',(149.647182284792,-50.1182411309262,6.));
#6669=CARTESIAN_POINT('Ctrl Pts',(149.611713097882,-50.0891627461052,6.));
#6670=CARTESIAN_POINT('Ctrl Pts',(149.593301217177,-50.0740682993732,6.));
#6671=CARTESIAN_POINT('Ctrl Pts',(149.5752223531,-50.0585342500345,6.));
#6672=CARTESIAN_POINT('Ctrl Pts',(149.557494043049,-50.0425733174272,6.));
#6673=CARTESIAN_POINT('Ctrl Pts',(149.548156372343,-50.0341665413483,6.));
#6674=CARTESIAN_POINT('Ctrl Pts',(149.538914597661,-50.0256398459106,6.));
#6675=CARTESIAN_POINT('Ctrl Pts',(149.529787511613,-50.0170108124501,6.));
#6676=CARTESIAN_POINT('Ctrl Pts',(149.486760840057,-49.9763320474452,6.));
#6677=CARTESIAN_POINT('Ctrl Pts',(149.446196429734,-49.9333085100992,6.));
#6678=CARTESIAN_POINT('Ctrl Pts',(149.408301960717,-49.888180660669,6.));
#6679=CARTESIAN_POINT('Ctrl Pts',(149.371178879685,-49.8439714434743,6.));
#6680=CARTESIAN_POINT('Ctrl Pts',(149.336617702095,-49.7977417735374,6.));
#6681=CARTESIAN_POINT('Ctrl Pts',(149.304856745179,-49.7496947427106,6.));
#6682=CARTESIAN_POINT('Ctrl Pts',(149.281866884517,-49.7149163653834,6.));
#6683=CARTESIAN_POINT('Ctrl Pts',(149.260345044588,-49.6791852834554,6.));
#6684=CARTESIAN_POINT('Ctrl Pts',(149.240398128145,-49.6425748037635,6.));
#6685=CARTESIAN_POINT('Ctrl Pts',(149.229973677644,-49.6234418147388,6.));
#6686=CARTESIAN_POINT('Ctrl Pts',(149.21997961467,-49.6040686116203,6.));
#6687=CARTESIAN_POINT('Ctrl Pts',(149.210432884275,-49.5844655718867,6.));
#6688=CARTESIAN_POINT('Ctrl Pts',(149.205992970926,-49.575348754485,6.));
#6689=CARTESIAN_POINT('Ctrl Pts',(149.201652088386,-49.5661867335621,6.));
#6690=CARTESIAN_POINT('Ctrl Pts',(149.197414892562,-49.5569879587289,6.));
#6691=CARTESIAN_POINT('Ctrl Pts',(149.174076474566,-49.5063212298205,6.));
#6692=CARTESIAN_POINT('Ctrl Pts',(149.153847034929,-49.4544736186809,6.));
#6693=CARTESIAN_POINT('Ctrl Pts',(149.136939450594,-49.401636148344,6.));
#6694=CARTESIAN_POINT('Ctrl Pts',(149.125628101007,-49.3662873317156,6.));
#6695=CARTESIAN_POINT('Ctrl Pts',(149.115804471571,-49.3304951150483,6.));
#6696=CARTESIAN_POINT('Ctrl Pts',(149.107545272936,-49.2943147304642,6.));
#6697=CARTESIAN_POINT('Ctrl Pts',(149.095320153612,-49.2407611669472,6.));
#6698=CARTESIAN_POINT('Ctrl Pts',(149.086520935589,-49.1863562192716,6.));
#6699=CARTESIAN_POINT('Ctrl Pts',(149.081093165315,-49.1314099694959,6.));
#6700=CARTESIAN_POINT('Ctrl Pts',(149.079416301276,-49.1144347871087,6.));
#6701=CARTESIAN_POINT('Ctrl Pts',(149.078061539168,-49.0974080299003,6.));
#6702=CARTESIAN_POINT('Ctrl Pts',(149.077028091749,-49.0803391543025,6.));
#6703=CARTESIAN_POINT('Ctrl Pts',(149.076121868206,-49.0653715646453,6.));
#6704=CARTESIAN_POINT('Ctrl Pts',(149.075462721344,-49.0503650305729,6.));
#6705=CARTESIAN_POINT('Ctrl Pts',(149.075050801078,-49.0353619837373,6.));
#6706=CARTESIAN_POINT('Ctrl Pts',(149.073522710559,-48.9797055484068,6.));
#6707=CARTESIAN_POINT('Ctrl Pts',(149.075385204708,-48.9240223472934,6.));
#6708=CARTESIAN_POINT('Ctrl Pts',(149.080534577588,-48.8686295691131,6.));
#6709=CARTESIAN_POINT('Ctrl Pts',(149.085677822187,-48.8133027140219,6.));
#6710=CARTESIAN_POINT('Ctrl Pts',(149.094100581425,-48.7582644518044,6.));
#6711=CARTESIAN_POINT('Ctrl Pts',(149.105748699377,-48.7038461928802,6.));
#6712=CARTESIAN_POINT('Ctrl Pts',(149.113193252288,-48.669066358956,6.));
#6713=CARTESIAN_POINT('Ctrl Pts',(149.12195625259,-48.6345401432666,6.));
#6714=CARTESIAN_POINT('Ctrl Pts',(149.132032834667,-48.6003605698689,6.));
#6715=CARTESIAN_POINT('Ctrl Pts',(149.13722663689,-48.5827432922117,6.));
#6716=CARTESIAN_POINT('Ctrl Pts',(149.142769531318,-48.5652182057464,6.));
#6717=CARTESIAN_POINT('Ctrl Pts',(149.148661530272,-48.5477987629863,6.));
#6718=CARTESIAN_POINT('Ctrl Pts',(149.152214941056,-48.5372932560699,6.));
#6719=CARTESIAN_POINT('Ctrl Pts',(149.15589522887,-48.5268268350281,6.));
#6720=CARTESIAN_POINT('Ctrl Pts',(149.159697554644,-48.5164149445582,6.));
#6721=CARTESIAN_POINT('Ctrl Pts',(149.178083753659,-48.4660681037859,6.));
#6722=CARTESIAN_POINT('Ctrl Pts',(149.199346154918,-48.4169157732651,6.));
#6723=CARTESIAN_POINT('Ctrl Pts',(149.223443995097,-48.3692713237084,6.));
#6724=CARTESIAN_POINT('Ctrl Pts',(149.238576971899,-48.3393515323706,6.));
#6725=CARTESIAN_POINT('Ctrl Pts',(149.254828942961,-48.3100269346034,6.));
#6726=CARTESIAN_POINT('Ctrl Pts',(149.272197161536,-48.2813827315614,6.));
#6727=CARTESIAN_POINT('Ctrl Pts',(149.278550026683,-48.2709053899513,6.));
#6728=CARTESIAN_POINT('Ctrl Pts',(149.285053668779,-48.2605170219746,6.));
#6729=CARTESIAN_POINT('Ctrl Pts',(149.291703546562,-48.2502290774268,6.));
#6730=CARTESIAN_POINT('Ctrl Pts',(149.31960752847,-48.2070591684609,6.));
#6731=CARTESIAN_POINT('Ctrl Pts',(149.350038888686,-48.1657214078036,6.));
#6732=CARTESIAN_POINT('Ctrl Pts',(149.382973137277,-48.1265142515068,6.));
#6733=CARTESIAN_POINT('Ctrl Pts',(149.401358211899,-48.1046274156112,6.));
#6734=CARTESIAN_POINT('Ctrl Pts',(149.420523851669,-48.0834051841508,6.));
#6735=CARTESIAN_POINT('Ctrl Pts',(149.440469904025,-48.0629053248305,6.));
#6736=CARTESIAN_POINT('Ctrl Pts',(149.454487037084,-48.048499002684,6.));
#6737=CARTESIAN_POINT('Ctrl Pts',(149.468889670635,-48.0344495413211,6.));
#6738=CARTESIAN_POINT('Ctrl Pts',(149.483660654036,-48.020764438451,6.));
#6739=CARTESIAN_POINT('Origin',(154.194,-45.6960641060752,11.));
#6740=CARTESIAN_POINT('',(101.426130865764,-45.6960641060752,11.));
#6741=CARTESIAN_POINT('',(147.194,-45.6960641060752,5.5));
#6742=CARTESIAN_POINT('Origin',(77.9219826012339,-47.6960641060752,11.));
#6743=CARTESIAN_POINT('',(77.9219826012339,-45.6960641060752,6.));
#6744=CARTESIAN_POINT('',(75.9219826012339,-47.6960641060752,6.));
#6745=CARTESIAN_POINT('Origin',(77.9219826012339,-47.6960641060752,6.));
#6746=CARTESIAN_POINT('',(77.9219826012339,-45.6960641060752,11.));
#6747=CARTESIAN_POINT('',(75.9219826012339,-47.6960641060752,11.));
#6748=CARTESIAN_POINT('Origin',(75.9219826012339,-45.1960641060752,11.));
#6749=CARTESIAN_POINT('',(75.9219826012339,-126.747,6.));
#6750=CARTESIAN_POINT('',(75.9219826012339,-88.7215320530376,6.));
#6751=CARTESIAN_POINT('',(75.9219826012339,-126.747,9.));
#6752=CARTESIAN_POINT('',(75.9219826012339,-126.747,5.5));
#6753=CARTESIAN_POINT('',(75.9219826012339,-52.196,9.));
#6754=CARTESIAN_POINT('',(75.9219826012339,-67.3337980795564,9.));
#6755=CARTESIAN_POINT('',(75.9219826012339,-52.196,6.));
#6756=CARTESIAN_POINT('',(75.9219826012339,-52.196,5.5));
#6757=CARTESIAN_POINT('',(75.9219826012339,-46.1960641060752,6.));
#6758=CARTESIAN_POINT('Origin',(154.194,-45.6960641060752,11.));
#6759=CARTESIAN_POINT('',(82.422,-45.6960641060752,6.));
#6760=CARTESIAN_POINT('',(76.4219826012339,-45.6960641060752,6.));
#6761=CARTESIAN_POINT('',(82.422,-45.6960641060752,5.5));
#6762=CARTESIAN_POINT('',(97.2645297906138,-45.6960641060752,11.));
#6763=CARTESIAN_POINT('Origin',(114.299997445196,-62.5687197445236,11.));
#6764=CARTESIAN_POINT('',(113.130798368775,-61.4106949817617,10.5));
#6765=CARTESIAN_POINT('',(113.130798368775,-61.4106949817617,11.));
#6766=CARTESIAN_POINT('',(98.2741792506408,-46.6960641060752,10.5));
#6767=CARTESIAN_POINT('',(121.153608425292,-69.3568291344025,10.5));
#6768=CARTESIAN_POINT('',(109.581437031539,-57.8952557350141,-0.699191628939125));
#6769=CARTESIAN_POINT('Origin',(101.926522297704,-46.1960641060752,11.));
#6770=CARTESIAN_POINT('',(102.426913729643,-46.6960641060752,10.5));
#6771=CARTESIAN_POINT('',(107.444622473828,-51.7098477401534,5.48621636592168));
#6772=CARTESIAN_POINT('',(105.965130907089,-50.2315135078871,10.5));
#6773=CARTESIAN_POINT('',(115.968273344812,-60.2268309726039,10.5));
#6774=CARTESIAN_POINT('',(105.965130907089,-50.2315135078871,11.));
#6775=CARTESIAN_POINT('Origin',(74.422,-126.747,0.));
#6776=CARTESIAN_POINT('',(80.422,-126.747,6.));
#6777=CARTESIAN_POINT('',(75.4219913006169,-126.747,6.));
#6778=CARTESIAN_POINT('',(80.422,-126.747,2.));
#6779=CARTESIAN_POINT('',(80.422,-126.747,0.));
#6780=CARTESIAN_POINT('',(74.2220039989167,-126.747,2.));
#6781=CARTESIAN_POINT('',(74.2220039989167,-126.747,2.));
#6782=CARTESIAN_POINT('',(74.2220039989167,-126.747,0.));
#6783=CARTESIAN_POINT('',(74.2220039989167,-126.747,0.));
#6784=CARTESIAN_POINT('',(73.422,-126.747,0.));
#6785=CARTESIAN_POINT('',(94.6149725626708,-126.747,0.));
#6786=CARTESIAN_POINT('',(73.422,-126.747,9.));
#6787=CARTESIAN_POINT('',(73.422,-126.747,-4.));
#6788=CARTESIAN_POINT('',(75.672,-126.747,9.));
#6789=CARTESIAN_POINT('Origin',(82.422,-44.196,0.));
#6790=CARTESIAN_POINT('',(82.422,-50.196,6.));
#6791=CARTESIAN_POINT('',(82.422,-45.1960320530376,6.));
#6792=CARTESIAN_POINT('',(82.422,-50.196,2.));
#6793=CARTESIAN_POINT('',(82.422,-50.196,0.));
#6794=CARTESIAN_POINT('',(82.422,-43.9959730914392,2.));
#6795=CARTESIAN_POINT('',(82.422,-52.196,2.));
#6796=CARTESIAN_POINT('',(82.422,-43.9959730914392,0.));
#6797=CARTESIAN_POINT('',(82.422,-43.9959730914392,0.));
#6798=CARTESIAN_POINT('',(82.422,-43.196,0.));
#6799=CARTESIAN_POINT('',(82.422,-66.8337179467124,0.));
#6800=CARTESIAN_POINT('',(82.422,-43.196,-4.));
#6801=CARTESIAN_POINT('Origin',(147.194,-52.196,0.));
#6802=CARTESIAN_POINT('',(147.194,-43.196,0.));
#6803=CARTESIAN_POINT('',(147.194,-43.196,-4.));
#6804=CARTESIAN_POINT('',(147.194,-43.9959355069351,0.));
#6805=CARTESIAN_POINT('',(147.194,-70.8337179467124,0.));
#6806=CARTESIAN_POINT('',(147.194,-43.9959355069351,2.));
#6807=CARTESIAN_POINT('',(147.194,-43.9959355069351,0.));
#6808=CARTESIAN_POINT('',(147.194,-50.196,2.));
#6809=CARTESIAN_POINT('',(147.194,-52.196,2.));
#6810=CARTESIAN_POINT('',(147.194,-50.196,0.));
#6811=CARTESIAN_POINT('Origin',(155.194,-52.196,0.));
#6812=CARTESIAN_POINT('',(149.194,-52.196,2.));
#6813=CARTESIAN_POINT('',(149.194,-52.196,0.));
#6814=CARTESIAN_POINT('',(155.393998548753,-52.196,2.));
#6815=CARTESIAN_POINT('',(155.393998548753,-52.196,2.));
#6816=CARTESIAN_POINT('',(155.393998548753,-52.196,0.));
#6817=CARTESIAN_POINT('',(155.393998548753,-52.196,0.));
#6818=CARTESIAN_POINT('',(156.194,-52.196,0.));
#6819=CARTESIAN_POINT('',(135.000972562671,-52.196,0.));
#6820=CARTESIAN_POINT('',(156.194,-52.196,-4.));
#6821=CARTESIAN_POINT('Origin',(152.694,-132.247,6.));
#6822=CARTESIAN_POINT('',(149.194,-126.747,6.));
#6823=CARTESIAN_POINT('',(150.194,-126.747,6.));
#6824=CARTESIAN_POINT('',(147.194,-128.747,6.));
#6825=CARTESIAN_POINT('Origin',(149.194,-128.747,6.));
#6826=CARTESIAN_POINT('',(147.194,-133.747,6.));
#6827=CARTESIAN_POINT('Ctrl Pts',(151.581460051466,-129.206035293451,6.));
#6828=CARTESIAN_POINT('Ctrl Pts',(151.618323205182,-129.240460579911,6.));
#6829=CARTESIAN_POINT('Ctrl Pts',(151.652807432701,-129.277125794748,6.));
#6830=CARTESIAN_POINT('Ctrl Pts',(151.684911333828,-129.315710690235,6.));
#6831=CARTESIAN_POINT('Ctrl Pts',(151.718458649215,-129.356030390105,6.));
#6832=CARTESIAN_POINT('Ctrl Pts',(151.749407403154,-129.398446727697,6.));
#6833=CARTESIAN_POINT('Ctrl Pts',(151.777727956725,-129.442644007609,6.));
#6834=CARTESIAN_POINT('Ctrl Pts',(151.800450070355,-129.478104317869,6.));
#6835=CARTESIAN_POINT('Ctrl Pts',(151.821479918646,-129.514712205111,6.));
#6836=CARTESIAN_POINT('Ctrl Pts',(151.840785933807,-129.552322588173,6.));
#6837=CARTESIAN_POINT('Ctrl Pts',(151.848917736881,-129.568164294814,6.));
#6838=CARTESIAN_POINT('Ctrl Pts',(151.856743516038,-129.584184023172,6.));
#6839=CARTESIAN_POINT('Ctrl Pts',(151.864260032605,-129.600371566226,6.));
#6840=CARTESIAN_POINT('Ctrl Pts',(151.86857677699,-129.609668091413,6.));
#6841=CARTESIAN_POINT('Ctrl Pts',(151.872791759901,-129.619020806387,6.));
#6842=CARTESIAN_POINT('Ctrl Pts',(151.876897912314,-129.62841246048,6.));
#6843=CARTESIAN_POINT('Ctrl Pts',(151.898703310522,-129.678286098077,6.));
#6844=CARTESIAN_POINT('Ctrl Pts',(151.917489168775,-129.729352858192,6.));
#6845=CARTESIAN_POINT('Ctrl Pts',(151.933228699218,-129.781280698486,6.));
#6846=CARTESIAN_POINT('Ctrl Pts',(151.949259673232,-129.834170069063,6.));
#6847=CARTESIAN_POINT('Ctrl Pts',(151.962131054394,-129.887953628397,6.));
#6848=CARTESIAN_POINT('Ctrl Pts',(151.971773838379,-129.94231516358,6.));
#6849=CARTESIAN_POINT('Ctrl Pts',(151.978672108405,-129.981204404413,6.));
#6850=CARTESIAN_POINT('Ctrl Pts',(151.983917244147,-130.02039021031,6.));
#6851=CARTESIAN_POINT('Ctrl Pts',(151.987468971388,-130.05976319965,6.));
#6852=CARTESIAN_POINT('Ctrl Pts',(151.98897516248,-130.076460215429,6.));
#6853=CARTESIAN_POINT('Ctrl Pts',(151.990176650453,-130.093190937011,6.));
#6854=CARTESIAN_POINT('Ctrl Pts',(151.991069609657,-130.10994715309,6.));
#6855=CARTESIAN_POINT('Ctrl Pts',(151.991600756335,-130.119914023331,6.));
#6856=CARTESIAN_POINT('Ctrl Pts',(151.992022389804,-130.129884532809,6.));
#6857=CARTESIAN_POINT('Ctrl Pts',(151.992333909234,-130.139849082675,6.));
#6858=CARTESIAN_POINT('Ctrl Pts',(151.994109975673,-130.196659993507,6.));
#6859=CARTESIAN_POINT('Ctrl Pts',(151.992314781607,-130.253352060914,6.));
#6860=CARTESIAN_POINT('Ctrl Pts',(151.98688922441,-130.30959218392,6.));
#6861=CARTESIAN_POINT('Ctrl Pts',(151.983548334869,-130.344223104196,6.));
#6862=CARTESIAN_POINT('Ctrl Pts',(151.978830037927,-130.378683208731,6.));
#6863=CARTESIAN_POINT('Ctrl Pts',(151.97271118031,-130.412897808528,6.));
#6864=CARTESIAN_POINT('Ctrl Pts',(151.963034472207,-130.4670067151,6.));
#6865=CARTESIAN_POINT('Ctrl Pts',(151.949857773664,-130.520502104085,6.));
#6866=CARTESIAN_POINT('Ctrl Pts',(151.933406813359,-130.573179902505,6.));
#6867=CARTESIAN_POINT('Ctrl Pts',(151.928488355352,-130.588929350234,6.));
#6868=CARTESIAN_POINT('Ctrl Pts',(151.923276868185,-130.604605683229,6.));
#6869=CARTESIAN_POINT('Ctrl Pts',(151.917777512459,-130.62020331298,6.));
#6870=CARTESIAN_POINT('Ctrl Pts',(151.912690988189,-130.634630043353,6.));
#6871=CARTESIAN_POINT('Ctrl Pts',(151.907355562775,-130.648995674483,6.));
#6872=CARTESIAN_POINT('Ctrl Pts',(151.901788924875,-130.663261598215,6.));
#6873=CARTESIAN_POINT('Ctrl Pts',(151.881159631854,-130.716129402117,6.));
#6874=CARTESIAN_POINT('Ctrl Pts',(151.857337692844,-130.767698140724,6.));
#6875=CARTESIAN_POINT('Ctrl Pts',(151.830605735861,-130.817757753722,6.));
#6876=CARTESIAN_POINT('Ctrl Pts',(151.803244630056,-130.868995542585,6.));
#6877=CARTESIAN_POINT('Ctrl Pts',(151.772834573351,-130.918653240357,6.));
#6878=CARTESIAN_POINT('Ctrl Pts',(151.739623311041,-130.966499922097,6.));
#6879=CARTESIAN_POINT('Ctrl Pts',(151.719462935004,-130.995544500018,6.));
#6880=CARTESIAN_POINT('Ctrl Pts',(151.698269291787,-131.023921567792,6.));
#6881=CARTESIAN_POINT('Ctrl Pts',(151.676089104681,-131.05157625233,6.));
#6882=CARTESIAN_POINT('Ctrl Pts',(151.663875511311,-131.066804395812,6.));
#6883=CARTESIAN_POINT('Ctrl Pts',(151.651362669998,-131.081813445449,6.));
#6884=CARTESIAN_POINT('Ctrl Pts',(151.638557630885,-131.096593763063,6.));
#6885=CARTESIAN_POINT('Ctrl Pts',(151.630847891259,-131.105492790967,6.));
#6886=CARTESIAN_POINT('Ctrl Pts',(151.623030849853,-131.114310398176,6.));
#6887=CARTESIAN_POINT('Ctrl Pts',(151.615112316405,-131.123039619716,6.));
#6888=CARTESIAN_POINT('Ctrl Pts',(151.574529405132,-131.167777351204,6.));
#6889=CARTESIAN_POINT('Ctrl Pts',(151.531411069556,-131.210057613453,6.));
#6890=CARTESIAN_POINT('Ctrl Pts',(151.486016826821,-131.249630327761,6.));
#6891=CARTESIAN_POINT('Ctrl Pts',(151.456505141445,-131.275357323605,6.));
#6892=CARTESIAN_POINT('Ctrl Pts',(151.426030462401,-131.299939657881,6.));
#6893=CARTESIAN_POINT('Ctrl Pts',(151.394653933367,-131.323302588497,6.));
#6894=CARTESIAN_POINT('Ctrl Pts',(151.381661569943,-131.332976688678,6.));
#6895=CARTESIAN_POINT('Ctrl Pts',(151.368514487987,-131.3424416385,6.));
#6896=CARTESIAN_POINT('Ctrl Pts',(151.355216683861,-131.351691805352,6.));
#6897=CARTESIAN_POINT('Ctrl Pts',(151.345496910274,-131.358453036499,6.));
#6898=CARTESIAN_POINT('Ctrl Pts',(151.335697556818,-131.365098756832,6.));
#6899=CARTESIAN_POINT('Ctrl Pts',(151.325828629257,-131.371621458646,6.));
#6900=CARTESIAN_POINT('Ctrl Pts',(151.275102389274,-131.405148114452,6.));
#6901=CARTESIAN_POINT('Ctrl Pts',(151.222483038355,-131.435468206098,6.));
#6902=CARTESIAN_POINT('Ctrl Pts',(151.168206002771,-131.462315623539,6.));
#6903=CARTESIAN_POINT('Ctrl Pts',(151.142821463164,-131.474871750159,6.));
#6904=CARTESIAN_POINT('Ctrl Pts',(151.117073774235,-131.486667838759,6.));
#6905=CARTESIAN_POINT('Ctrl Pts',(151.090984349931,-131.497673764448,6.));
#6906=CARTESIAN_POINT('Ctrl Pts',(151.068534804572,-131.507144192967,6.));
#6907=CARTESIAN_POINT('Ctrl Pts',(151.045832195497,-131.51602953638,6.));
#6908=CARTESIAN_POINT('Ctrl Pts',(151.022897692115,-131.524335517737,6.));
#6909=CARTESIAN_POINT('Ctrl Pts',(150.224830056886,-131.521896020606,6.));
#6910=CARTESIAN_POINT('Ctrl Pts',(150.167392594527,-131.500908608266,6.));
#6911=CARTESIAN_POINT('Ctrl Pts',(150.111518500843,-131.476303487223,6.));
#6912=CARTESIAN_POINT('Ctrl Pts',(150.057405573334,-131.448381819496,6.));
#6913=CARTESIAN_POINT('Ctrl Pts',(150.003608970317,-131.420623371683,6.));
#6914=CARTESIAN_POINT('Ctrl Pts',(149.951552315435,-131.389586006921,6.));
#6915=CARTESIAN_POINT('Ctrl Pts',(149.901461890471,-131.355520863028,6.));
#6916=CARTESIAN_POINT('Ctrl Pts',(149.863636356131,-131.329796739685,6.));
#6917=CARTESIAN_POINT('Ctrl Pts',(149.826932633258,-131.302345041718,6.));
#6918=CARTESIAN_POINT('Ctrl Pts',(149.791463914459,-131.273262092843,6.));
#6919=CARTESIAN_POINT('Ctrl Pts',(149.773052878207,-131.258165770107,6.));
#6920=CARTESIAN_POINT('Ctrl Pts',(149.754974846449,-131.242629779769,6.));
#6921=CARTESIAN_POINT('Ctrl Pts',(149.737247351723,-131.226666861587,6.));
#6922=CARTESIAN_POINT('Ctrl Pts',(149.727909450531,-131.21825844545,6.));
#6923=CARTESIAN_POINT('Ctrl Pts',(149.718667452877,-131.209730079188,6.));
#6924=CARTESIAN_POINT('Ctrl Pts',(149.709540153302,-131.201099352162,6.));
#6925=CARTESIAN_POINT('Ctrl Pts',(149.66651427138,-131.160414301898,6.));
#6926=CARTESIAN_POINT('Ctrl Pts',(149.625950658036,-131.1173841616,6.));
#6927=CARTESIAN_POINT('Ctrl Pts',(149.588056941764,-131.072249731655,6.));
#6928=CARTESIAN_POINT('Ctrl Pts',(149.550933472287,-131.028032726905,6.));
#6929=CARTESIAN_POINT('Ctrl Pts',(149.51637201908,-130.981795167644,6.));
#6930=CARTESIAN_POINT('Ctrl Pts',(149.484610871841,-130.93374048775,6.));
#6931=CARTESIAN_POINT('Ctrl Pts',(149.461621624161,-130.898957709597,6.));
#6932=CARTESIAN_POINT('Ctrl Pts',(149.440100346185,-130.863222414913,6.));
#6933=CARTESIAN_POINT('Ctrl Pts',(149.420153920571,-130.826608037638,6.));
#6934=CARTESIAN_POINT('Ctrl Pts',(149.40973016463,-130.807473815794,6.));
#6935=CARTESIAN_POINT('Ctrl Pts',(149.399736740611,-130.788099486207,6.));
#6936=CARTESIAN_POINT('Ctrl Pts',(149.390190588398,-130.768495443891,6.));
#6937=CARTESIAN_POINT('Ctrl Pts',(149.385751004326,-130.759378284217,6.));
#6938=CARTESIAN_POINT('Ctrl Pts',(149.381410434239,-130.750215947543,6.));
#6939=CARTESIAN_POINT('Ctrl Pts',(149.377173534133,-130.741016886987,6.));
#6940=CARTESIAN_POINT('Ctrl Pts',(149.353834703689,-130.6903441524,6.));
#6941=CARTESIAN_POINT('Ctrl Pts',(149.33360488427,-130.638491223867,6.));
#6942=CARTESIAN_POINT('Ctrl Pts',(149.316696925316,-130.58564944538,6.));
#6943=CARTESIAN_POINT('Ctrl Pts',(149.305385775552,-130.55029915432,6.));
#6944=CARTESIAN_POINT('Ctrl Pts',(149.295562229905,-130.514505950342,6.));
#6945=CARTESIAN_POINT('Ctrl Pts',(149.287302982098,-130.478325159362,6.));
#6946=CARTESIAN_POINT('Ctrl Pts',(149.275077635611,-130.424770318023,6.));
#6947=CARTESIAN_POINT('Ctrl Pts',(149.266277985568,-130.370365344054,6.));
#6948=CARTESIAN_POINT('Ctrl Pts',(149.260849621959,-130.315420093733,6.));
#6949=CARTESIAN_POINT('Ctrl Pts',(149.2591723738,-130.298443187501,6.));
#6950=CARTESIAN_POINT('Ctrl Pts',(149.257817289303,-130.281414792063,6.));
#6951=CARTESIAN_POINT('Ctrl Pts',(149.256783582244,-130.264344360677,6.));
#6952=CARTESIAN_POINT('Ctrl Pts',(149.255877401184,-130.249379868096,6.));
#6953=CARTESIAN_POINT('Ctrl Pts',(149.255218197702,-130.23437651727,6.));
#6954=CARTESIAN_POINT('Ctrl Pts',(149.254806123164,-130.219376717943,6.));
#6955=CARTESIAN_POINT('Ctrl Pts',(149.253277195042,-130.163722672583,6.));
#6956=CARTESIAN_POINT('Ctrl Pts',(149.255138688074,-130.108042747568,6.));
#6957=CARTESIAN_POINT('Ctrl Pts',(149.260286944665,-130.052653877204,6.));
#6958=CARTESIAN_POINT('Ctrl Pts',(149.265429092427,-129.997330730292,6.));
#6959=CARTESIAN_POINT('Ctrl Pts',(149.273850662874,-129.94229680923,6.));
#6960=CARTESIAN_POINT('Ctrl Pts',(149.285497546299,-129.887883280379,6.));
#6961=CARTESIAN_POINT('Ctrl Pts',(149.292941134605,-129.853107289905,6.));
#6962=CARTESIAN_POINT('Ctrl Pts',(149.301703089437,-129.81858506467,6.));
#6963=CARTESIAN_POINT('Ctrl Pts',(149.311778557732,-129.784409557658,6.));
#6964=CARTESIAN_POINT('Ctrl Pts',(149.316972329269,-129.76679253278,6.));
#6965=CARTESIAN_POINT('Ctrl Pts',(149.322515247905,-129.749267738528,6.));
#6966=CARTESIAN_POINT('Ctrl Pts',(149.328407327683,-129.731848621684,6.));
#6967=CARTESIAN_POINT('Ctrl Pts',(149.331960688745,-129.721343602428,6.));
#6968=CARTESIAN_POINT('Ctrl Pts',(149.33564094055,-129.710877678768,6.));
#6969=CARTESIAN_POINT('Ctrl Pts',(149.339443244016,-129.700466294363,6.));
#6970=CARTESIAN_POINT('Ctrl Pts',(149.357828746352,-129.650123512939,6.));
#6971=CARTESIAN_POINT('Ctrl Pts',(149.379090587662,-129.600975366912,6.));
#6972=CARTESIAN_POINT('Ctrl Pts',(149.403188046555,-129.553335019606,6.));
#6973=CARTESIAN_POINT('Ctrl Pts',(149.418320979272,-129.523417418183,6.));
#6974=CARTESIAN_POINT('Ctrl Pts',(149.434573005673,-129.494094993255,6.));
#6975=CARTESIAN_POINT('Ctrl Pts',(149.451941390322,-129.465452896929,6.));
#6976=CARTESIAN_POINT('Ctrl Pts',(149.458295313987,-129.454974680483,6.));
#6977=CARTESIAN_POINT('Ctrl Pts',(149.464800078976,-129.444585453655,6.));
#6978=CARTESIAN_POINT('Ctrl Pts',(149.471451134727,-129.434296680339,6.));
#6979=CARTESIAN_POINT('Ctrl Pts',(149.499355807737,-129.391129871063,6.));
#6980=CARTESIAN_POINT('Ctrl Pts',(149.529788145865,-129.349795030952,6.));
#6981=CARTESIAN_POINT('Ctrl Pts',(149.562723701102,-129.310590442295,6.));
#6982=CARTESIAN_POINT('Ctrl Pts',(149.581104574297,-129.28871090914,6.));
#6983=CARTESIAN_POINT('Ctrl Pts',(149.600265696646,-129.267495514253,6.));
#6984=CARTESIAN_POINT('Ctrl Pts',(149.620206923565,-129.247001947376,6.));
#6985=CARTESIAN_POINT('Ctrl Pts',(149.634223897611,-129.232596725662,6.));
#6986=CARTESIAN_POINT('Ctrl Pts',(149.648626397721,-129.218548260316,6.));
#6987=CARTESIAN_POINT('Ctrl Pts',(149.663397272092,-129.204864056189,6.));
#6988=CARTESIAN_POINT('Origin',(82.422,-126.747,0.));
#6989=CARTESIAN_POINT('',(82.422,-128.747,6.));
#6990=CARTESIAN_POINT('',(82.422,-129.747,6.));
#6991=CARTESIAN_POINT('',(82.422,-135.747,9.));
#6992=CARTESIAN_POINT('',(82.422,-129.497,9.));
#6993=CARTESIAN_POINT('',(82.422,-135.747,0.));
#6994=CARTESIAN_POINT('',(82.422,-135.747,-4.));
#6995=CARTESIAN_POINT('',(82.422,-134.946994929736,0.));
#6996=CARTESIAN_POINT('',(82.422,-108.109217946712,0.));
#6997=CARTESIAN_POINT('',(82.422,-134.946994929736,2.));
#6998=CARTESIAN_POINT('',(82.422,-134.946994929736,0.));
#6999=CARTESIAN_POINT('',(82.422,-128.747,2.));
#7000=CARTESIAN_POINT('',(82.422,-126.747,2.));
#7001=CARTESIAN_POINT('',(82.422,-128.747,0.));
#7002=CARTESIAN_POINT('Origin',(114.807991300617,-89.4715320530376,9.));
#7003=CARTESIAN_POINT('',(147.194,-135.747,9.));
#7004=CARTESIAN_POINT('',(147.194,-133.497,9.));
#7005=CARTESIAN_POINT('',(149.194,-137.747,9.));
#7006=CARTESIAN_POINT('Origin',(149.194,-135.747,9.));
#7007=CARTESIAN_POINT('',(80.422,-137.747,9.));
#7008=CARTESIAN_POINT('',(158.194,-137.747,9.));
#7009=CARTESIAN_POINT('Origin',(80.422,-135.747,9.));
#7010=CARTESIAN_POINT('Origin',(147.194,-134.747,0.));
#7011=CARTESIAN_POINT('',(147.194,-128.747,2.));
#7012=CARTESIAN_POINT('',(147.194,-128.747,0.));
#7013=CARTESIAN_POINT('',(147.194,-134.947012686688,2.));
#7014=CARTESIAN_POINT('',(147.194,-126.747,2.));
#7015=CARTESIAN_POINT('',(147.194,-134.947012686688,0.));
#7016=CARTESIAN_POINT('',(147.194,-134.947012686688,0.));
#7017=CARTESIAN_POINT('',(147.194,-135.747,0.));
#7018=CARTESIAN_POINT('',(147.194,-112.109217946712,0.));
#7019=CARTESIAN_POINT('',(147.194,-135.747,-4.));
#7020=CARTESIAN_POINT('Origin',(138.379500269451,-54.2315135078871,11.));
#7021=CARTESIAN_POINT('',(138.379500269451,-50.2315135078871,11.));
#7022=CARTESIAN_POINT('Origin',(105.965130907089,-50.2315135078871,11.));
#7023=CARTESIAN_POINT('',(109.536053220674,-50.2315135078871,13.0240352017415));
#7024=CARTESIAN_POINT('Origin',(115.945612172729,-58.5687197445235,11.));
#7025=CARTESIAN_POINT('',(115.945612172729,-62.5687197445236,10.5));
#7026=CARTESIAN_POINT('',(115.945612172729,-62.5687197445236,11.));
#7027=CARTESIAN_POINT('Origin',(115.945612172729,-58.5687197445235,10.5));
#7028=CARTESIAN_POINT('Origin',(114.807991300617,-89.4715320530376,10.5));
#7029=CARTESIAN_POINT('',(147.60084259796,-62.5687197445236,10.5));
#7030=CARTESIAN_POINT('',(131.558016859423,-62.5687197445236,10.5));
#7031=CARTESIAN_POINT('',(144.600053187085,-59.5687197445236,10.5));
#7032=CARTESIAN_POINT('',(148.746000911442,-63.7135768038015,10.5));
#7033=CARTESIAN_POINT('',(116.965584405828,-59.5687197445236,10.5));
#7034=CARTESIAN_POINT('',(115.05881910292,-59.5687197445236,10.5));
#7035=CARTESIAN_POINT('',(114.138264201029,-58.3982533561869,10.5));
#7036=CARTESIAN_POINT('Origin',(116.965584405828,-55.5687197445236,10.5));
#7037=CARTESIAN_POINT('',(108.967479498727,-53.2315135078871,10.5));
#7038=CARTESIAN_POINT('',(122.659835648572,-66.9131587918281,10.5));
#7039=CARTESIAN_POINT('',(115.309646905223,-59.5687197445236,10.5));
#7040=CARTESIAN_POINT('',(134.500995650308,-46.6960641060752,10.5));
#7041=CARTESIAN_POINT('Origin',(78.8682076614499,-130.190548761755,7.10421172358873));
#7042=CARTESIAN_POINT('Ctrl Pts',(77.3232665112615,-130.189788364201,5.85421172358873));
#7043=CARTESIAN_POINT('Ctrl Pts',(77.3229661487113,-130.141859850933,5.85173115187989));
#7044=CARTESIAN_POINT('Ctrl Pts',(77.346572482054,-129.588605300022,5.82308207671211));
#7045=CARTESIAN_POINT('Ctrl Pts',(78.0118074981892,-128.587818939561,5.76826449808541));
#7046=CARTESIAN_POINT('Ctrl Pts',(79.732638665565,-128.592282238375,5.68975898770864));
#7047=CARTESIAN_POINT('Ctrl Pts',(80.6781832227104,-130.029944082956,5.61125347733185));
#7048=CARTESIAN_POINT('Ctrl Pts',(80.0005197841115,-131.611718600237,5.53274796695508));
#7049=CARTESIAN_POINT('Ctrl Pts',(78.3073618501311,-131.918916774616,5.45424245657829));
#7050=CARTESIAN_POINT('Ctrl Pts',(77.4051361528226,-130.976777402645,5.39473037545618));
#7051=CARTESIAN_POINT('Ctrl Pts',(77.3245603206309,-130.331082563199,5.36138679779299));
#7052=CARTESIAN_POINT('Ctrl Pts',(77.325726376745,-130.19185276315,5.35421172358873));
#7053=CARTESIAN_POINT('Ctrl Pts',(77.3268825953515,-130.191846359217,5.89578827641127));
#7054=CARTESIAN_POINT('Ctrl Pts',(77.3292026661606,-129.849981998789,5.87818851068966));
#7055=CARTESIAN_POINT('Ctrl Pts',(77.6080055234923,-128.995374025124,5.83442024150913));
#7056=CARTESIAN_POINT('Ctrl Pts',(79.012348391536,-128.379435711555,5.76448346886966));
#7057=CARTESIAN_POINT('Ctrl Pts',(80.458290236492,-129.311232066535,5.68597795849288));
#7058=CARTESIAN_POINT('Ctrl Pts',(80.478779002371,-131.032108937426,5.60747244811611));
#7059=CARTESIAN_POINT('Ctrl Pts',(79.0545973106628,-131.998020725713,5.52896693773932));
#7060=CARTESIAN_POINT('Ctrl Pts',(77.6244041131377,-131.409336734489,5.45840554717105));
#7061=CARTESIAN_POINT('Ctrl Pts',(77.3288755974026,-130.543189147989,5.4140126600617));
#7062=CARTESIAN_POINT('Ctrl Pts',(77.326126542639,-130.189316333713,5.39578827641127));
#7063=CARTESIAN_POINT('Ctrl Pts',(79.8263238141723,-129.365337462819,6.));
#7064=CARTESIAN_POINT('Ctrl Pts',(80.0976888665049,-129.680407360988,5.97383149654107));
#7065=CARTESIAN_POINT('Ctrl Pts',(80.3006599569816,-130.594243979916,5.92149448962322));
#7066=CARTESIAN_POINT('Ctrl Pts',(79.3208779888439,-131.609981455087,5.84298897924644));
#7067=CARTESIAN_POINT('Ctrl Pts',(77.9343372506853,-131.350182947546,5.76448346886967));
#7068=CARTESIAN_POINT('Ctrl Pts',(77.3856379801807,-130.051658028465,5.68597795849288));
#7069=CARTESIAN_POINT('Ctrl Pts',(78.1663813448957,-128.8770997273,5.60747244811611));
#7070=CARTESIAN_POINT('Ctrl Pts',(79.5766153119383,-128.880757433943,5.52896693773932));
#7071=CARTESIAN_POINT('Ctrl Pts',(80.3514961236754,-130.05893203049,5.45046142736254));
#7072=CARTESIAN_POINT('Ctrl Pts',(79.7961458851087,-131.35520803639,5.37195591698577));
#7073=CARTESIAN_POINT('Ctrl Pts',(78.4085903390826,-131.606959229845,5.29345040660898));
#7074=CARTESIAN_POINT('Ctrl Pts',(77.4332344650081,-130.588454466137,5.21494489623221));
#7075=CARTESIAN_POINT('Ctrl Pts',(77.7447947949615,-129.213091438104,5.13643938585543));
#7076=CARTESIAN_POINT('Ctrl Pts',(79.0638593838048,-128.714338696695,5.05793387547865));
#7077=CARTESIAN_POINT('Ctrl Pts',(80.2074584313138,-129.539484653872,4.97942836510186));
#7078=CARTESIAN_POINT('Ctrl Pts',(80.1499857522554,-130.94852113537,4.90092285472509));
#7079=CARTESIAN_POINT('Ctrl Pts',(78.9429839122311,-131.677789613032,4.82241734434831));
#7080=CARTESIAN_POINT('Ctrl Pts',(77.668920998838,-131.073265309421,4.74391183397153));
#7081=CARTESIAN_POINT('Ctrl Pts',(77.4704068539455,-129.677099738856,4.66540632359475));
#7082=CARTESIAN_POINT('Ctrl Pts',(78.5254737144895,-128.741407497476,4.58690081321797));
#7083=CARTESIAN_POINT('Ctrl Pts',(79.8879125217186,-129.105339574727,4.50839530284119));
#7084=CARTESIAN_POINT('Ctrl Pts',(80.3358557705376,-130.44251305911,4.42988979246441));
#7085=CARTESIAN_POINT('Ctrl Pts',(79.4675773026589,-131.553718967307,4.35138428208763));
#7086=CARTESIAN_POINT('Ctrl Pts',(78.0617698918853,-131.442401429656,4.27287877171085));
#7087=CARTESIAN_POINT('Ctrl Pts',(77.3791950445616,-130.20839265738,4.19437326133407));
#7088=CARTESIAN_POINT('Ctrl Pts',(78.0320021114325,-128.958381055752,4.1158677509573));
#7089=CARTESIAN_POINT('Ctrl Pts',(79.4347381951538,-128.813406745757,4.03736224058051));
#7090=CARTESIAN_POINT('Ctrl Pts',(80.329396227776,-129.903486135497,3.95885673020374));
#7091=CARTESIAN_POINT('Ctrl Pts',(79.9136256163525,-131.251010112924,3.88035121982695));
#7092=CARTESIAN_POINT('Ctrl Pts',(78.5602993295506,-131.647487139654,3.80184570945018));
#7093=CARTESIAN_POINT('Ctrl Pts',(77.483112554976,-130.737347192276,3.72334019907339));
#7094=CARTESIAN_POINT('Ctrl Pts',(77.6481120004692,-129.33682541317,3.64483468869662));
#7095=CARTESIAN_POINT('Ctrl Pts',(78.907322241201,-128.701943028876,3.56632917831984));
#7096=CARTESIAN_POINT('Ctrl Pts',(80.1314535961656,-129.40207765605,3.48782366794306));
#7097=CARTESIAN_POINT('Ctrl Pts',(80.2226759664997,-130.809331914294,3.40931815756628));
#7098=CARTESIAN_POINT('Ctrl Pts',(79.099178956918,-131.661646733454,3.3308126471895));
#7099=CARTESIAN_POINT('Ctrl Pts',(77.7685414054709,-131.194645912282,3.25230713681272));
#7100=CARTESIAN_POINT('Ctrl Pts',(77.4241106808942,-129.827146907981,3.17380162643594));
#7101=CARTESIAN_POINT('Ctrl Pts',(78.3747804904741,-128.785555299285,3.09529611605916));
#7102=CARTESIAN_POINT('Ctrl Pts',(79.76796745343,-129.003995284611,3.01679060568238));
#7103=CARTESIAN_POINT('Ctrl Pts',(80.354228578913,-130.28656452137,2.9382850953056));
#7104=CARTESIAN_POINT('Ctrl Pts',(79.6077905351696,-131.483024784765,2.85977958492882));
#7105=CARTESIAN_POINT('Ctrl Pts',(78.1980775801252,-131.520361314993,2.78127407455204));
#7106=CARTESIAN_POINT('Ctrl Pts',(77.3893519702822,-130.365091400823,2.70276856417527));
#7107=CARTESIAN_POINT('Ctrl Pts',(77.906901910735,-129.053285257668,2.62426305379848));
#7108=CARTESIAN_POINT('Ctrl Pts',(79.2865682280672,-128.761408763912,2.54575754342171));
#7109=CARTESIAN_POINT('Ctrl Pts',(80.2910503302553,-129.751209129187,2.46725203304493));
#7110=CARTESIAN_POINT('Ctrl Pts',(80.0194691963999,-131.135040426231,2.38874652266815));
#7111=CARTESIAN_POINT('Ctrl Pts',(78.7154599291933,-131.671785694853,2.31024101229137));
#7112=CARTESIAN_POINT('Ctrl Pts',(77.5483323148775,-130.880213618211,2.23173550191459));
#7113=CARTESIAN_POINT('Ctrl Pts',(77.5651229841084,-129.469942198303,2.15322999153781));
#7114=CARTESIAN_POINT('Ctrl Pts',(78.7500832488756,-128.706327749874,2.07472448116103));
#7115=CARTESIAN_POINT('Ctrl Pts',(80.0419587627194,-129.272938850916,1.99621897078425));
#7116=CARTESIAN_POINT('Ctrl Pts',(80.2790914234358,-130.664148189864,1.91771346040747));
#7117=CARTESIAN_POINT('Ctrl Pts',(79.5965069179972,-131.304751829096,1.86537645348962));
#7118=CARTESIAN_POINT('Ctrl Pts',(79.194792724981,-131.412147078011,1.83920795003069));
#7119=CARTESIAN_POINT('Ctrl Pts',(79.8966639614066,-129.304754532345,6.05359734998977));
#7120=CARTESIAN_POINT('Ctrl Pts',(80.1879512931842,-129.642955303492,6.02742884653084));
#7121=CARTESIAN_POINT('Ctrl Pts',(80.4058235168356,-130.623881285375,5.97509183961299));
#7122=CARTESIAN_POINT('Ctrl Pts',(79.3541108044968,-131.714189180168,5.89658632923621));
#7123=CARTESIAN_POINT('Ctrl Pts',(77.8657771058592,-131.435317551669,5.81808081885943));
#7124=CARTESIAN_POINT('Ctrl Pts',(77.2767950498437,-130.041461358049,5.73957530848265));
#7125=CARTESIAN_POINT('Ctrl Pts',(78.1148567293269,-128.780672798054,5.66106979810587));
#7126=CARTESIAN_POINT('Ctrl Pts',(79.6286230964805,-128.78459903542,5.5825642877291));
#7127=CARTESIAN_POINT('Ctrl Pts',(80.4603918233537,-130.049269381312,5.50405877735231));
#7128=CARTESIAN_POINT('Ctrl Pts',(79.8642705181096,-131.440711557672,5.42555326697554));
#7129=CARTESIAN_POINT('Ctrl Pts',(78.3748475094321,-131.710945078102,5.34704775659876));
#7130=CARTESIAN_POINT('Ctrl Pts',(77.3278858330827,-130.61766673414,5.26854224622198));
#7131=CARTESIAN_POINT('Ctrl Pts',(77.6623193808803,-129.141331357799,5.1900367358452));
#7132=CARTESIAN_POINT('Ctrl Pts',(79.0782231651877,-128.605962657913,5.11153122546842));
#7133=CARTESIAN_POINT('Ctrl Pts',(80.3057795963085,-129.491686748496,5.03302571509163));
#7134=CARTESIAN_POINT('Ctrl Pts',(80.2440875575248,-131.004167716641,4.95452020471486));
#7135=CARTESIAN_POINT('Ctrl Pts',(78.9484736145753,-131.786975477558,4.87601469433808));
#7136=CARTESIAN_POINT('Ctrl Pts',(77.5808753060642,-131.138069990725,4.7975091839613));
#7137=CARTESIAN_POINT('Ctrl Pts',(77.3677872348893,-129.639404852108,4.71900367358452));
#7138=CARTESIAN_POINT('Ctrl Pts',(78.5003118839297,-128.635018716113,4.64049816320774));
#7139=CARTESIAN_POINT('Ctrl Pts',(79.9627742071239,-129.025668885762,4.56199265283096));
#7140=CARTESIAN_POINT('Ctrl Pts',(80.443603232876,-130.461011031118,4.48348714245418));
#7141=CARTESIAN_POINT('Ctrl Pts',(79.5115800560731,-131.653796178918,4.4049816320774));
#7142=CARTESIAN_POINT('Ctrl Pts',(78.0025652210473,-131.534306258444,4.32647612170063));
#7143=CARTESIAN_POINT('Ctrl Pts',(77.2698791057707,-130.209702667907,4.24797061132384));
#7144=CARTESIAN_POINT('Ctrl Pts',(77.9706120374428,-128.867921399465,4.16946510094707));
#7145=CARTESIAN_POINT('Ctrl Pts',(79.4763300637808,-128.712303792954,4.09095959057028));
#7146=CARTESIAN_POINT('Ctrl Pts',(80.4366694624463,-129.882411417845,4.0124540801935));
#7147=CARTESIAN_POINT('Ctrl Pts',(79.990375029939,-131.328863938231,3.93394856981673));
#7148=CARTESIAN_POINT('Ctrl Pts',(78.5376942233338,-131.75444834652,3.85544305943994));
#7149=CARTESIAN_POINT('Ctrl Pts',(77.3814257256224,-130.777490427521,3.77693754906317));
#7150=CARTESIAN_POINT('Ctrl Pts',(77.5585386139967,-129.274149269086,3.69843203868639));
#7151=CARTESIAN_POINT('Ctrl Pts',(78.9101938401099,-128.592656961496,3.61992652830961));
#7152=CARTESIAN_POINT('Ctrl Pts',(80.2241948622307,-129.344192008775,3.54142101793283));
#7153=CARTESIAN_POINT('Ctrl Pts',(80.3221143276322,-130.854759911653,3.46291550755605));
#7154=CARTESIAN_POINT('Ctrl Pts',(79.1161357265997,-131.769647467636,3.38440999717927));
#7155=CARTESIAN_POINT('Ctrl Pts',(77.6878093500365,-131.268361756864,3.30590448680249));
#7156=CARTESIAN_POINT('Ctrl Pts',(77.318092225883,-129.800467741967,3.22739897642571));
#7157=CARTESIAN_POINT('Ctrl Pts',(78.3385555090278,-128.68240763109,3.14889346604893));
#7158=CARTESIAN_POINT('Ctrl Pts',(79.8340233654021,-128.916884399312,3.07038795567215));
#7159=CARTESIAN_POINT('Ctrl Pts',(80.4633248819349,-130.293613523361,2.99188244529537));
#7160=CARTESIAN_POINT('Ctrl Pts',(79.6620870503484,-131.577911979284,2.91337693491859));
#7161=CARTESIAN_POINT('Ctrl Pts',(78.148879945316,-131.617989572823,2.83487142454182));
#7162=CARTESIAN_POINT('Ctrl Pts',(77.2807817027218,-130.377905457757,2.75636591416503));
#7163=CARTESIAN_POINT('Ctrl Pts',(77.8363275989981,-128.969792998307,2.67786040378826));
#7164=CARTESIAN_POINT('Ctrl Pts',(79.3172821908465,-128.656488376566,2.59935489341147));
#7165=CARTESIAN_POINT('Ctrl Pts',(80.3955083988627,-129.718954987189,2.5208493830347));
#7166=CARTESIAN_POINT('Ctrl Pts',(80.1039891219261,-131.204380330952,2.44234387265792));
#7167=CARTESIAN_POINT('Ctrl Pts',(78.7042459464772,-131.780530781414,2.36383836228114));
#7168=CARTESIAN_POINT('Ctrl Pts',(77.4514335975925,-130.930845399554,2.28533285190436));
#7169=CARTESIAN_POINT('Ctrl Pts',(77.4694569546793,-129.41703882993,2.20682734152758));
#7170=CARTESIAN_POINT('Ctrl Pts',(78.7414111389765,-128.597363587014,2.1283218311508));
#7171=CARTESIAN_POINT('Ctrl Pts',(80.1281297609279,-129.205572471538,2.04981632077402));
#7172=CARTESIAN_POINT('Ctrl Pts',(80.3826715282764,-130.698917516536,1.97131081039724));
#7173=CARTESIAN_POINT('Ctrl Pts',(79.6499750458339,-131.386551105294,1.91897380347939));
#7174=CARTESIAN_POINT('Ctrl Pts',(79.218768984423,-131.501830781998,1.89280530002046));
#7175=CARTESIAN_POINT('Ctrl Pts',(79.9670041086409,-129.24417160187,6.10719469997954));
#7176=CARTESIAN_POINT('Ctrl Pts',(80.2782137198635,-129.605503245995,6.08102619652061));
#7177=CARTESIAN_POINT('Ctrl Pts',(80.5109870766894,-130.653518590833,6.02868918960276));
#7178=CARTESIAN_POINT('Ctrl Pts',(79.3873436201497,-131.818396905248,5.95018367922598));
#7179=CARTESIAN_POINT('Ctrl Pts',(77.797216961033,-131.520452155793,5.87167816884921));
#7180=CARTESIAN_POINT('Ctrl Pts',(77.1679521195067,-130.031264687634,5.79317265847242));
#7181=CARTESIAN_POINT('Ctrl Pts',(78.0633321137581,-128.684245868807,5.71466714809564));
#7182=CARTESIAN_POINT('Ctrl Pts',(79.6806308810227,-128.688440636897,5.63616163771886));
#7183=CARTESIAN_POINT('Ctrl Pts',(80.5692875230322,-130.039606732134,5.55765612734208));
#7184=CARTESIAN_POINT('Ctrl Pts',(79.9323951511105,-131.526215078955,5.47915061696531));
#7185=CARTESIAN_POINT('Ctrl Pts',(78.3411046797816,-131.814930926359,5.40064510658852));
#7186=CARTESIAN_POINT('Ctrl Pts',(77.2225372011573,-130.646879002143,5.32213959621174));
#7187=CARTESIAN_POINT('Ctrl Pts',(77.5798439667991,-129.069571277494,5.24363408583497));
#7188=CARTESIAN_POINT('Ctrl Pts',(79.0925869465705,-128.497586619131,5.16512857545818));
#7189=CARTESIAN_POINT('Ctrl Pts',(80.4041007613031,-129.443888843119,5.08662306508141));
#7190=CARTESIAN_POINT('Ctrl Pts',(80.3381893627942,-131.059814297912,5.00811755470463));
#7191=CARTESIAN_POINT('Ctrl Pts',(78.9539633169194,-131.896161342084,4.92961204432785));
#7192=CARTESIAN_POINT('Ctrl Pts',(77.4928296132905,-131.202874672028,4.85110653395107));
#7193=CARTESIAN_POINT('Ctrl Pts',(77.2651676158329,-129.60170996536,4.77260102357429));
#7194=CARTESIAN_POINT('Ctrl Pts',(78.4751500533699,-128.528629934749,4.69409551319751));
#7195=CARTESIAN_POINT('Ctrl Pts',(80.0376358925291,-128.945998196797,4.61559000282073));
#7196=CARTESIAN_POINT('Ctrl Pts',(80.5513506952145,-130.479509003126,4.53708449244395));
#7197=CARTESIAN_POINT('Ctrl Pts',(79.5555828094873,-131.753873390529,4.45857898206717));
#7198=CARTESIAN_POINT('Ctrl Pts',(77.9433605502093,-131.626211087233,4.3800734716904));
#7199=CARTESIAN_POINT('Ctrl Pts',(77.1605631669798,-130.211012678433,4.30156796131361));
#7200=CARTESIAN_POINT('Ctrl Pts',(77.9092219634532,-128.777461743179,4.22306245093684));
#7201=CARTESIAN_POINT('Ctrl Pts',(79.5179219324077,-128.611200840152,4.14455694056005));
#7202=CARTESIAN_POINT('Ctrl Pts',(80.5439426971166,-129.861336700193,4.06605143018327));
#7203=CARTESIAN_POINT('Ctrl Pts',(80.0671244435255,-131.406717763537,3.9875459198065));
#7204=CARTESIAN_POINT('Ctrl Pts',(78.5150891171168,-131.861409553385,3.90904040942972));
#7205=CARTESIAN_POINT('Ctrl Pts',(77.2797388962688,-130.817633662765,3.83053489905294));
#7206=CARTESIAN_POINT('Ctrl Pts',(77.4689652275243,-129.211473125003,3.75202938867616));
#7207=CARTESIAN_POINT('Ctrl Pts',(78.9130654390187,-128.483370894116,3.67352387829938));
#7208=CARTESIAN_POINT('Ctrl Pts',(80.3169361282959,-129.286306361499,3.5950183679226));
#7209=CARTESIAN_POINT('Ctrl Pts',(80.4215526887648,-130.900187909012,3.51651285754582));
#7210=CARTESIAN_POINT('Ctrl Pts',(79.1330924962815,-131.877648201817,3.43800734716904));
#7211=CARTESIAN_POINT('Ctrl Pts',(77.6070772946022,-131.342077601446,3.35950183679226));
#7212=CARTESIAN_POINT('Ctrl Pts',(77.2120737708719,-129.773788575952,3.28099632641548));
#7213=CARTESIAN_POINT('Ctrl Pts',(78.3023305275814,-128.579259962895,3.2024908160387));
#7214=CARTESIAN_POINT('Ctrl Pts',(79.9000792773742,-128.829773514012,3.12398530566192));
#7215=CARTESIAN_POINT('Ctrl Pts',(80.5724211849568,-130.300662525352,3.04547979528514));
#7216=CARTESIAN_POINT('Ctrl Pts',(79.7163835655272,-131.672799173803,2.96697428490836));
#7217=CARTESIAN_POINT('Ctrl Pts',(78.0996823105068,-131.715617830653,2.88846877453158));
#7218=CARTESIAN_POINT('Ctrl Pts',(77.1722114351614,-130.390719514692,2.80996326415481));
#7219=CARTESIAN_POINT('Ctrl Pts',(77.7657532872611,-128.886300738945,2.73145775377802));
#7220=CARTESIAN_POINT('Ctrl Pts',(79.3479961536257,-128.551567989219,2.65295224340125));
#7221=CARTESIAN_POINT('Ctrl Pts',(80.4999664674701,-129.68670084519,2.57444673302447));
#7222=CARTESIAN_POINT('Ctrl Pts',(80.1885090474523,-131.273720235672,2.49594122264769));
#7223=CARTESIAN_POINT('Ctrl Pts',(78.693031963761,-131.889275867975,2.41743571227091));
#7224=CARTESIAN_POINT('Ctrl Pts',(77.3545348803077,-130.981477180896,2.33893020189413));
#7225=CARTESIAN_POINT('Ctrl Pts',(77.37379092525,-129.364135461558,2.26042469151735));
#7226=CARTESIAN_POINT('Ctrl Pts',(78.7327390290775,-128.488399424154,2.18191918114057));
#7227=CARTESIAN_POINT('Ctrl Pts',(80.2143007591362,-129.138206092161,2.10341367076379));
#7228=CARTESIAN_POINT('Ctrl Pts',(80.4862516331171,-130.733686843207,2.02490816038701));
#7229=CARTESIAN_POINT('Ctrl Pts',(79.7034431736705,-131.468350381491,1.97257115346916));
#7230=CARTESIAN_POINT('Ctrl Pts',(79.2427452438651,-131.591514485986,1.94640265001023));
#7231=CARTESIAN_POINT('Ctrl Pts',(80.0373442558751,-129.183588671396,6.16079204996931));
#7232=CARTESIAN_POINT('Ctrl Pts',(80.3684761465428,-129.568051188498,6.13462354651038));
#7233=CARTESIAN_POINT('Ctrl Pts',(80.6161506365433,-130.683155896292,6.08228653959253));
#7234=CARTESIAN_POINT('Ctrl Pts',(79.4205764358025,-131.922604630329,6.00378102921575));
#7235=CARTESIAN_POINT('Ctrl Pts',(77.7286568162069,-131.605586759917,5.92527551883897));
#7236=CARTESIAN_POINT('Ctrl Pts',(77.0591091891697,-130.021068017218,5.8467700084622));
#7237=CARTESIAN_POINT('Ctrl Pts',(78.0118074981892,-128.587818939561,5.76826449808541));
#7238=CARTESIAN_POINT('Ctrl Pts',(79.732638665565,-128.592282238375,5.68975898770864));
#7239=CARTESIAN_POINT('Ctrl Pts',(80.6781832227104,-130.029944082956,5.61125347733185));
#7240=CARTESIAN_POINT('Ctrl Pts',(80.0005197841115,-131.611718600237,5.53274796695508));
#7241=CARTESIAN_POINT('Ctrl Pts',(78.3073618501311,-131.918916774616,5.45424245657829));
#7242=CARTESIAN_POINT('Ctrl Pts',(77.1171885692319,-130.676091270147,5.37573694620152));
#7243=CARTESIAN_POINT('Ctrl Pts',(77.4973685527178,-128.997811197189,5.29723143582474));
#7244=CARTESIAN_POINT('Ctrl Pts',(79.1069507279534,-128.389210580349,5.21872592544796));
#7245=CARTESIAN_POINT('Ctrl Pts',(80.5024219262977,-129.396090937743,5.14022041507117));
#7246=CARTESIAN_POINT('Ctrl Pts',(80.4322911680635,-131.115460879183,5.0617149046944));
#7247=CARTESIAN_POINT('Ctrl Pts',(78.9594530192636,-132.00534720661,4.98320939431762));
#7248=CARTESIAN_POINT('Ctrl Pts',(77.4047839205167,-131.267679353332,4.90470388394084));
#7249=CARTESIAN_POINT('Ctrl Pts',(77.1625479967767,-129.564015078613,4.82619837356406));
#7250=CARTESIAN_POINT('Ctrl Pts',(78.4499882228101,-128.422241153386,4.74769286318728));
#7251=CARTESIAN_POINT('Ctrl Pts',(80.1124975779344,-128.866327507833,4.6691873528105));
#7252=CARTESIAN_POINT('Ctrl Pts',(80.6590981575529,-130.498006975135,4.59068184243372));
#7253=CARTESIAN_POINT('Ctrl Pts',(79.5995855629015,-131.85395060214,4.51217633205694));
#7254=CARTESIAN_POINT('Ctrl Pts',(77.8841558793715,-131.718115916022,4.43367082168016));
#7255=CARTESIAN_POINT('Ctrl Pts',(77.0512472281888,-130.212322688959,4.35516531130338));
#7256=CARTESIAN_POINT('Ctrl Pts',(77.8478318894635,-128.687002086893,4.2766598009266));
#7257=CARTESIAN_POINT('Ctrl Pts',(79.5595138010348,-128.51009788735,4.19815429054983));
#7258=CARTESIAN_POINT('Ctrl Pts',(80.6512159317869,-129.840261982541,4.11964878017304));
#7259=CARTESIAN_POINT('Ctrl Pts',(80.143873857112,-131.484571588844,4.04114326979627));
#7260=CARTESIAN_POINT('Ctrl Pts',(78.4924840108999,-131.968370760251,3.96263775941948));
#7261=CARTESIAN_POINT('Ctrl Pts',(77.1780520669151,-130.85777689801,3.88413224904271));
#7262=CARTESIAN_POINT('Ctrl Pts',(77.3793918410519,-129.148796980919,3.80562673866593));
#7263=CARTESIAN_POINT('Ctrl Pts',(78.9159370379275,-128.374084826736,3.72712122828915));
#7264=CARTESIAN_POINT('Ctrl Pts',(80.4096773943611,-129.228420714224,3.64861571791237));
#7265=CARTESIAN_POINT('Ctrl Pts',(80.5209910498973,-130.945615906371,3.57011020753559));
#7266=CARTESIAN_POINT('Ctrl Pts',(79.1500492659633,-131.985648935999,3.49160469715881));
#7267=CARTESIAN_POINT('Ctrl Pts',(77.5263452391679,-131.415793446028,3.41309918678203));
#7268=CARTESIAN_POINT('Ctrl Pts',(77.1060553158608,-129.747109409938,3.33459367640525));
#7269=CARTESIAN_POINT('Ctrl Pts',(78.2661055461351,-128.4761122947,3.25608816602847));
#7270=CARTESIAN_POINT('Ctrl Pts',(79.9661351893465,-128.742662628712,3.17758265565169));
#7271=CARTESIAN_POINT('Ctrl Pts',(80.6815174879786,-130.307711527343,3.09907714527491));
#7272=CARTESIAN_POINT('Ctrl Pts',(79.7706800807061,-131.767686368323,3.02057163489814));
#7273=CARTESIAN_POINT('Ctrl Pts',(78.0504846756975,-131.813246088482,2.94206612452135));
#7274=CARTESIAN_POINT('Ctrl Pts',(77.0636411676011,-130.403533571626,2.86356061414457));
#7275=CARTESIAN_POINT('Ctrl Pts',(77.6951789755242,-128.802808479583,2.7850551037678));
#7276=CARTESIAN_POINT('Ctrl Pts',(79.3787101164049,-128.446647601872,2.70654959339101));
#7277=CARTESIAN_POINT('Ctrl Pts',(80.6044245360775,-129.654446703192,2.62804408301424));
#7278=CARTESIAN_POINT('Ctrl Pts',(80.2730289729785,-131.343060140392,2.54953857263746));
#7279=CARTESIAN_POINT('Ctrl Pts',(78.681817981045,-131.998020954535,2.47103306226068));
#7280=CARTESIAN_POINT('Ctrl Pts',(77.2576361630227,-131.032108962239,2.3925275518839));
#7281=CARTESIAN_POINT('Ctrl Pts',(77.2781248958209,-129.311232093185,2.31402204150712));
#7282=CARTESIAN_POINT('Ctrl Pts',(78.7240669191784,-128.379435261294,2.23551653113034));
#7283=CARTESIAN_POINT('Ctrl Pts',(80.3004717573447,-129.070839712783,2.15701102075356));
#7284=CARTESIAN_POINT('Ctrl Pts',(80.5898317379577,-130.768456169878,2.07850551037678));
#7285=CARTESIAN_POINT('Ctrl Pts',(79.7569113015072,-131.550149657688,2.02616850345893));
#7286=CARTESIAN_POINT('Ctrl Pts',(79.2667215033071,-131.681198189974,2.));
#7287=CARTESIAN_POINT('Ctrl Pts',(79.2667215033071,-131.681198189974,2.));
#7288=CARTESIAN_POINT('Ctrl Pts',(79.3241589656664,-131.660210777634,2.));
#7289=CARTESIAN_POINT('Ctrl Pts',(79.380033234624,-131.635607042626,2.));
#7290=CARTESIAN_POINT('Ctrl Pts',(79.4341464661488,-131.607687822687,2.));
#7291=CARTESIAN_POINT('Ctrl Pts',(79.4879437717106,-131.579931601818,2.));
#7292=CARTESIAN_POINT('Ctrl Pts',(79.5400012306578,-131.548897465503,2.));
#7293=CARTESIAN_POINT('Ctrl Pts',(79.5900925118898,-131.514836251917,2.));
#7294=CARTESIAN_POINT('Ctrl Pts',(79.6279183647795,-131.489115319598,2.));
#7295=CARTESIAN_POINT('Ctrl Pts',(79.6646224554323,-131.461667243158,2.));
#7296=CARTESIAN_POINT('Ctrl Pts',(79.7000915724999,-131.432588215222,2.));
#7297=CARTESIAN_POINT('Ctrl Pts',(79.7185033343621,-131.417493502362,2.));
#7298=CARTESIAN_POINT('Ctrl Pts',(79.7365820811785,-131.401959177787,2.));
#7299=CARTESIAN_POINT('Ctrl Pts',(79.7543102762505,-131.38599796376,2.));
#7300=CARTESIAN_POINT('Ctrl Pts',(79.7636479757466,-131.37759095901,2.));
#7301=CARTESIAN_POINT('Ctrl Pts',(79.7728897781965,-131.369064030693,2.));
#7302=CARTESIAN_POINT('Ctrl Pts',(79.7820168907401,-131.360434761267,2.));
#7303=CARTESIAN_POINT('Ctrl Pts',(79.8250434495879,-131.319755108528,2.));
#7304=CARTESIAN_POINT('Ctrl Pts',(79.8656077456654,-131.276730639611,2.));
#7305=CARTESIAN_POINT('Ctrl Pts',(79.9035021064244,-131.231601863398,2.));
#7306=CARTESIAN_POINT('Ctrl Pts',(79.9406252418895,-131.187391547162,2.));
#7307=CARTESIAN_POINT('Ctrl Pts',(79.9751864575234,-131.141160765204,2.));
#7308=CARTESIAN_POINT('Ctrl Pts',(80.006947440171,-131.093112658279,2.));
#7309=CARTESIAN_POINT('Ctrl Pts',(80.0299372087925,-131.058333669443,2.));
#7310=CARTESIAN_POINT('Ctrl Pts',(80.05145896434,-131.022602003997,2.));
#7311=CARTESIAN_POINT('Ctrl Pts',(80.0714058070309,-130.985990986927,2.));
#7312=CARTESIAN_POINT('Ctrl Pts',(80.0818301594749,-130.966857826297,2.));
#7313=CARTESIAN_POINT('Ctrl Pts',(80.09182413221,-130.94748446693,2.));
#7314=CARTESIAN_POINT('Ctrl Pts',(80.1013707809251,-130.92788128882,2.));
#7315=CARTESIAN_POINT('Ctrl Pts',(80.1058106506313,-130.918764418677,2.));
#7316=CARTESIAN_POINT('Ctrl Pts',(80.1101514917498,-130.909602348824,2.));
#7317=CARTESIAN_POINT('Ctrl Pts',(80.1143886483833,-130.900403529325,2.));
#7318=CARTESIAN_POINT('Ctrl Pts',(80.1377271230706,-130.849735962696,2.));
#7319=CARTESIAN_POINT('Ctrl Pts',(80.1579566147973,-130.797887613675,2.));
#7320=CARTESIAN_POINT('Ctrl Pts',(80.1748642506718,-130.74504955118,2.));
#7321=CARTESIAN_POINT('Ctrl Pts',(80.186175561365,-130.709700567695,2.));
#7322=CARTESIAN_POINT('Ctrl Pts',(80.1959991709398,-130.673908255164,2.));
#7323=CARTESIAN_POINT('Ctrl Pts',(80.2042583713899,-130.637727858993,2.));
#7324=CARTESIAN_POINT('Ctrl Pts',(80.216483524356,-130.584174142718,2.));
#7325=CARTESIAN_POINT('Ctrl Pts',(80.22528280617,-130.529769222661,2.));
#7326=CARTESIAN_POINT('Ctrl Pts',(80.230710663986,-130.474823147769,2.));
#7327=CARTESIAN_POINT('Ctrl Pts',(80.2323875845613,-130.45784772088,2.));
#7328=CARTESIAN_POINT('Ctrl Pts',(80.2337423941445,-130.440820731418,2.));
#7329=CARTESIAN_POINT('Ctrl Pts',(80.2347758798294,-130.42375163535,2.));
#7330=CARTESIAN_POINT('Ctrl Pts',(80.2356820973121,-130.408784506636,2.));
#7331=CARTESIAN_POINT('Ctrl Pts',(80.2363412526432,-130.393778445916,2.));
#7332=CARTESIAN_POINT('Ctrl Pts',(80.2367531956933,-130.378775881615,2.));
#7333=CARTESIAN_POINT('Ctrl Pts',(80.2382814096819,-130.323119817933,2.));
#7334=CARTESIAN_POINT('Ctrl Pts',(80.2364190626349,-130.267437115072,2.));
#7335=CARTESIAN_POINT('Ctrl Pts',(80.2312698534029,-130.212044924554,2.));
#7336=CARTESIAN_POINT('Ctrl Pts',(80.2261267692787,-130.156718624372,2.));
#7337=CARTESIAN_POINT('Ctrl Pts',(80.217704183248,-130.1016810067,2.));
#7338=CARTESIAN_POINT('Ctrl Pts',(80.2060562444596,-130.047263446294,2.));
#7339=CARTESIAN_POINT('Ctrl Pts',(80.1986118349888,-130.012484193979,2.));
#7340=CARTESIAN_POINT('Ctrl Pts',(80.1898489908047,-129.97795857999,2.));
#7341=CARTESIAN_POINT('Ctrl Pts',(80.1797725756736,-129.943779617866,2.));
#7342=CARTESIAN_POINT('Ctrl Pts',(80.1745787772915,-129.926162376429,2.));
#7343=CARTESIAN_POINT('Ctrl Pts',(80.1690358785317,-129.90863733164,2.));
#7344=CARTESIAN_POINT('Ctrl Pts',(80.1631438668208,-129.891217935177,2.));
#7345=CARTESIAN_POINT('Ctrl Pts',(80.1595904636577,-129.88071250146,2.));
#7346=CARTESIAN_POINT('Ctrl Pts',(80.1559101814737,-129.870246154915,2.));
#7347=CARTESIAN_POINT('Ctrl Pts',(80.1521078593376,-129.859834340075,2.));
#7348=CARTESIAN_POINT('Ctrl Pts',(80.1337217602953,-129.809488090598,2.));
#7349=CARTESIAN_POINT('Ctrl Pts',(80.1124594381158,-129.760336367005,2.));
#7350=CARTESIAN_POINT('Ctrl Pts',(80.0883616499738,-129.712692509734,2.));
#7351=CARTESIAN_POINT('Ctrl Pts',(80.0732286784998,-129.682773036265,2.));
#7352=CARTESIAN_POINT('Ctrl Pts',(80.0569766980452,-129.653448752741,2.));
#7353=CARTESIAN_POINT('Ctrl Pts',(80.0396084536938,-129.624804853134,2.));
#7354=CARTESIAN_POINT('Ctrl Pts',(80.033255430465,-129.614327377353,2.));
#7355=CARTESIAN_POINT('Ctrl Pts',(80.0267516207083,-129.60393887745,2.));
#7356=CARTESIAN_POINT('Ctrl Pts',(80.020101567089,-129.593650805357,2.));
#7357=CARTESIAN_POINT('Ctrl Pts',(79.9921974787801,-129.550481338064,2.));
#7358=CARTESIAN_POINT('Ctrl Pts',(79.9617659693645,-129.50914399056,2.));
#7359=CARTESIAN_POINT('Ctrl Pts',(79.9288315226157,-129.469937193547,2.));
#7360=CARTESIAN_POINT('Ctrl Pts',(79.9104470805143,-129.448051442887,2.));
#7361=CARTESIAN_POINT('Ctrl Pts',(79.8912821210736,-129.426830226176,2.));
#7362=CARTESIAN_POINT('Ctrl Pts',(79.871336795682,-129.406331299512,2.));
#7363=CARTESIAN_POINT('Ctrl Pts',(79.8573196863523,-129.391925132124,2.));
#7364=CARTESIAN_POINT('Ctrl Pts',(79.8429170727796,-129.377875809751,2.));
#7365=CARTESIAN_POINT('Ctrl Pts',(79.8281461057792,-129.364190831184,2.));
#7366=CARTESIAN_POINT('Ctrl Pts',(79.8263238141723,-129.365337462819,6.));
#7367=CARTESIAN_POINT('Ctrl Pts',(79.8631911357576,-129.399766641515,6.));
#7368=CARTESIAN_POINT('Ctrl Pts',(79.8976797637855,-129.436435383664,6.));
#7369=CARTESIAN_POINT('Ctrl Pts',(79.9297881168458,-129.475023531676,6.));
#7370=CARTESIAN_POINT('Ctrl Pts',(79.9633389388614,-129.515345253672,6.));
#7371=CARTESIAN_POINT('Ctrl Pts',(79.9942914334538,-129.557763170438,6.));
#7372=CARTESIAN_POINT('Ctrl Pts',(80.022615761505,-129.601961723775,6.));
#7373=CARTESIAN_POINT('Ctrl Pts',(80.0453384477142,-129.637419223651,6.));
#7374=CARTESIAN_POINT('Ctrl Pts',(80.0663692560579,-129.674023855855,6.));
#7375=CARTESIAN_POINT('Ctrl Pts',(80.085676525625,-129.711630655384,6.));
#7376=CARTESIAN_POINT('Ctrl Pts',(80.0938167459206,-129.727486218581,6.));
#7377=CARTESIAN_POINT('Ctrl Pts',(80.1016504007553,-129.74352009053,6.));
#7378=CARTESIAN_POINT('Ctrl Pts',(80.1091742349671,-129.759722043067,6.));
#7379=CARTESIAN_POINT('Ctrl Pts',(80.1134811516472,-129.768996630686,6.));
#7380=CARTESIAN_POINT('Ctrl Pts',(80.1176867703151,-129.778327101381,6.));
#7381=CARTESIAN_POINT('Ctrl Pts',(80.1217840664675,-129.787696317858,6.));
#7382=CARTESIAN_POINT('Ctrl Pts',(80.1435944276671,-129.837569694816,6.));
#7383=CARTESIAN_POINT('Ctrl Pts',(80.1623850080338,-129.888636096153,6.));
#7384=CARTESIAN_POINT('Ctrl Pts',(80.1781288165076,-129.940563620072,6.));
#7385=CARTESIAN_POINT('Ctrl Pts',(80.1941633454505,-129.993450022151,6.));
#7386=CARTESIAN_POINT('Ctrl Pts',(80.2070381374134,-130.047230567521,6.));
#7387=CARTESIAN_POINT('Ctrl Pts',(80.2166839797356,-130.101589238201,6.));
#7388=CARTESIAN_POINT('Ctrl Pts',(80.2235839522267,-130.140473694303,6.));
#7389=CARTESIAN_POINT('Ctrl Pts',(80.2288308425814,-130.179654750088,6.));
#7390=CARTESIAN_POINT('Ctrl Pts',(80.2323843076286,-130.219023117912,6.));
#7391=CARTESIAN_POINT('Ctrl Pts',(80.2338921973455,-130.235728828037,6.));
#7392=CARTESIAN_POINT('Ctrl Pts',(80.2350949919592,-130.252468310145,6.));
#7393=CARTESIAN_POINT('Ctrl Pts',(80.2359888531186,-130.269233344418,6.));
#7394=CARTESIAN_POINT('Ctrl Pts',(80.236520733916,-130.279209166393,6.));
#7395=CARTESIAN_POINT('Ctrl Pts',(80.2369428737028,-130.289188587531,6.));
#7396=CARTESIAN_POINT('Ctrl Pts',(80.2372546734251,-130.299162068378,6.));
#7397=CARTESIAN_POINT('Ctrl Pts',(80.239030614595,-130.355968774654,6.));
#7398=CARTESIAN_POINT('Ctrl Pts',(80.2372348604022,-130.412656953027,6.));
#7399=CARTESIAN_POINT('Ctrl Pts',(80.2318080857961,-130.468893739393,6.));
#7400=CARTESIAN_POINT('Ctrl Pts',(80.2284687772645,-130.503498452898,6.));
#7401=CARTESIAN_POINT('Ctrl Pts',(80.2237537323121,-130.537932797886,6.));
#7402=CARTESIAN_POINT('Ctrl Pts',(80.2176397962435,-130.57212229506,6.));
#7403=CARTESIAN_POINT('Ctrl Pts',(80.2079645066028,-130.626227094999,6.));
#7404=CARTESIAN_POINT('Ctrl Pts',(80.1947887968062,-130.679719212546,6.));
#7405=CARTESIAN_POINT('Ctrl Pts',(80.178338504086,-130.73239446521,6.));
#7406=CARTESIAN_POINT('Ctrl Pts',(80.1734193392149,-130.74814605437,6.));
#7407=CARTESIAN_POINT('Ctrl Pts',(80.1682070084457,-130.763824566819,6.));
#7408=CARTESIAN_POINT('Ctrl Pts',(80.1627066780918,-130.779424408221,6.));
#7409=CARTESIAN_POINT('Ctrl Pts',(80.1576198575742,-130.793851467727,6.));
#7410=CARTESIAN_POINT('Ctrl Pts',(80.1522840821391,-130.808217471957,6.));
#7411=CARTESIAN_POINT('Ctrl Pts',(80.1467170447477,-130.822483808032,6.));
#7412=CARTESIAN_POINT('Ctrl Pts',(80.1260876764732,-130.875349538964,6.));
#7413=CARTESIAN_POINT('Ctrl Pts',(80.1022654178706,-130.926916920407,6.));
#7414=CARTESIAN_POINT('Ctrl Pts',(80.0755330092267,-130.976975770888,6.));
#7415=CARTESIAN_POINT('Ctrl Pts',(80.0481707373672,-131.028214097149,6.));
#7416=CARTESIAN_POINT('Ctrl Pts',(80.0177592194003,-131.077872874174,6.));
#7417=CARTESIAN_POINT('Ctrl Pts',(79.9845463386607,-131.125721042372,6.));
#7418=CARTESIAN_POINT('Ctrl Pts',(79.9643842420566,-131.154767586004,6.));
#7419=CARTESIAN_POINT('Ctrl Pts',(79.9431887446227,-131.183146720928,6.));
#7420=CARTESIAN_POINT('Ctrl Pts',(79.9210066050842,-131.210803539546,6.));
#7421=CARTESIAN_POINT('Ctrl Pts',(79.9087921872496,-131.226032545657,6.));
#7422=CARTESIAN_POINT('Ctrl Pts',(79.8962785039538,-131.241042487218,6.));
#7423=CARTESIAN_POINT('Ctrl Pts',(79.8834726107255,-131.255823720937,6.));
#7424=CARTESIAN_POINT('Ctrl Pts',(79.8757622230084,-131.264723454902,6.));
#7425=CARTESIAN_POINT('Ctrl Pts',(79.8679445284943,-131.273541770708,6.));
#7426=CARTESIAN_POINT('Ctrl Pts',(79.8600253275733,-131.282271713777,6.));
#7427=CARTESIAN_POINT('Ctrl Pts',(79.8194396081609,-131.327012467726,6.));
#7428=CARTESIAN_POINT('Ctrl Pts',(79.7763183778946,-131.369295925662,6.));
#7429=CARTESIAN_POINT('Ctrl Pts',(79.7309213136031,-131.408871854254,6.));
#7430=CARTESIAN_POINT('Ctrl Pts',(79.7014069653217,-131.434601662078,6.));
#7431=CARTESIAN_POINT('Ctrl Pts',(79.670929600087,-131.459186752151,6.));
#7432=CARTESIAN_POINT('Ctrl Pts',(79.6395504097752,-131.482552334727,6.));
#7433=CARTESIAN_POINT('Ctrl Pts',(79.6265630980214,-131.492222950896,6.));
#7434=CARTESIAN_POINT('Ctrl Pts',(79.61342121849,-131.501684596959,6.));
#7435=CARTESIAN_POINT('Ctrl Pts',(79.6001287652985,-131.510931644952,6.));
#7436=CARTESIAN_POINT('Ctrl Pts',(79.590409145571,-131.51769321024,6.));
#7437=CARTESIAN_POINT('Ctrl Pts',(79.5806099485407,-131.524339284716,6.));
#7438=CARTESIAN_POINT('Ctrl Pts',(79.5707411967105,-131.530862348149,6.));
#7439=CARTESIAN_POINT('Ctrl Pts',(79.5200124623348,-131.564393108463,6.));
#7440=CARTESIAN_POINT('Ctrl Pts',(79.4673908174063,-131.59471711644,6.));
#7441=CARTESIAN_POINT('Ctrl Pts',(79.4131118556468,-131.621568108388,6.));
#7442=CARTESIAN_POINT('Ctrl Pts',(79.3877170533158,-131.634130537933,6.));
#7443=CARTESIAN_POINT('Ctrl Pts',(79.3619589143255,-131.645932294127,6.));
#7444=CARTESIAN_POINT('Ctrl Pts',(79.3358588931609,-131.656943202672,6.));
#7445=CARTESIAN_POINT('Ctrl Pts',(79.3134085938703,-131.666414390098,6.));
#7446=CARTESIAN_POINT('Ctrl Pts',(79.2907053106216,-131.675300421419,6.));
#7447=CARTESIAN_POINT('Ctrl Pts',(79.2677702076703,-131.683607025086,6.));
#7448=CARTESIAN_POINT('Ctrl Pts',(77.6041327525002,-130.191617400617,5.19341967361941));
#7449=CARTESIAN_POINT('Ctrl Pts',(77.603177160824,-130.305717259439,5.20059474782368));
#7450=CARTESIAN_POINT('Ctrl Pts',(77.6173864354377,-130.419583353536,5.20776982202794));
#7451=CARTESIAN_POINT('Ctrl Pts',(77.6477204990128,-130.528978088749,5.2149448962322));
#7452=CARTESIAN_POINT('Ctrl Pts',(77.7583530896996,-130.92795605404,5.24111339969113));
#7453=CARTESIAN_POINT('Ctrl Pts',(78.0834717143911,-131.267457641942,5.26728190315005));
#7454=CARTESIAN_POINT('Ctrl Pts',(78.4772902844079,-131.395249903651,5.29345040660898));
#7455=CARTESIAN_POINT('Ctrl Pts',(78.8711088544247,-131.52304216536,5.31961891006791));
#7456=CARTESIAN_POINT('Ctrl Pts',(79.3336273697667,-131.439125100875,5.34578741352683));
#7457=CARTESIAN_POINT('Ctrl Pts',(79.6574450005321,-131.181120567649,5.37195591698576));
#7458=CARTESIAN_POINT('Ctrl Pts',(79.9812626312976,-130.923116034423,5.39812442044469));
#7459=CARTESIAN_POINT('Ctrl Pts',(80.1663793774865,-130.491024032457,5.42429292390361));
#7460=CARTESIAN_POINT('Ctrl Pts',(80.1297909486248,-130.078615598715,5.45046142736254));
#7461=CARTESIAN_POINT('Ctrl Pts',(80.093202519763,-129.666207164974,5.47662993082146));
#7462=CARTESIAN_POINT('Ctrl Pts',(79.8349089158506,-129.273482299458,5.50279843428039));
#7463=CARTESIAN_POINT('Ctrl Pts',(79.4707231193874,-129.076510248927,5.52896693773932));
#7464=CARTESIAN_POINT('Ctrl Pts',(79.1065373229241,-128.879538198395,5.55513544119825));
#7465=CARTESIAN_POINT('Ctrl Pts',(78.6364593339099,-128.878318962847,5.58130394465717));
#7466=CARTESIAN_POINT('Ctrl Pts',(78.2712964452836,-129.073469061935,5.6074724481161));
#7467=CARTESIAN_POINT('Ctrl Pts',(77.9061335566574,-129.268619161022,5.63364095157503));
#7468=CARTESIAN_POINT('Ctrl Pts',(77.6458857684191,-129.660138594743,5.65980945503395));
#7469=CARTESIAN_POINT('Ctrl Pts',(77.6072117527173,-130.072319131451,5.68597795849288));
#7470=CARTESIAN_POINT('Ctrl Pts',(77.6035457551807,-130.111390658025,5.68845853020172));
#7471=CARTESIAN_POINT('Ctrl Pts',(77.6018707250546,-130.150647836457,5.69093910191057));
#7472=CARTESIAN_POINT('Ctrl Pts',(77.6021168744031,-130.189925610292,5.69341967361941));
#7473=CARTESIAN_POINT('Ctrl Pts',(78.4696938195926,-131.681198189974,6.));
#7474=CARTESIAN_POINT('Ctrl Pts',(77.9795040213925,-131.550149657688,5.97383149654107));
#7475=CARTESIAN_POINT('Ctrl Pts',(77.146583379952,-130.768457728859,5.92149448962322));
#7476=CARTESIAN_POINT('Ctrl Pts',(77.4359437414656,-129.070839530211,5.84298897924644));
#7477=CARTESIAN_POINT('Ctrl Pts',(79.012348391536,-128.379435711555,5.76448346886966));
#7478=CARTESIAN_POINT('Ctrl Pts',(80.458290236492,-129.311232066535,5.68597795849288));
#7479=CARTESIAN_POINT('Ctrl Pts',(80.478779002371,-131.032108937426,5.60747244811611));
#7480=CARTESIAN_POINT('Ctrl Pts',(79.0545973106628,-131.998020725713,5.52896693773932));
#7481=CARTESIAN_POINT('Ctrl Pts',(77.463386508199,-131.343060033902,5.45046142736255));
#7482=CARTESIAN_POINT('Ctrl Pts',(77.1319909698021,-129.65444675186,5.37195591698576));
#7483=CARTESIAN_POINT('Ctrl Pts',(78.3577052638113,-128.446647794411,5.29345040660899));
#7484=CARTESIAN_POINT('Ctrl Pts',(80.041236219714,-128.802808626729,5.21494489623221));
#7485=CARTESIAN_POINT('Ctrl Pts',(80.6727739615704,-130.403533549881,5.13643938585543));
#7486=CARTESIAN_POINT('Ctrl Pts',(79.6859305587301,-131.813245913047,5.05793387547865));
#7487=CARTESIAN_POINT('Ctrl Pts',(77.9657353396215,-131.767686198708,4.97942836510186));
#7488=CARTESIAN_POINT('Ctrl Pts',(77.0548980301835,-130.307711514566,4.90092285472509));
#7489=CARTESIAN_POINT('Ctrl Pts',(77.7702802518967,-128.742662784783,4.8224173443483));
#7490=CARTESIAN_POINT('Ctrl Pts',(79.4703097118673,-128.476112479373,4.74391183397153));
#7491=CARTESIAN_POINT('Ctrl Pts',(80.6303598171998,-129.747109457733,4.66540632359474));
#7492=CARTESIAN_POINT('Ctrl Pts',(80.2100699391532,-131.415793314012,4.58690081321797));
#7493=CARTESIAN_POINT('Ctrl Pts',(78.5863660873056,-131.985648742601,4.50839530284119));
#7494=CARTESIAN_POINT('Ctrl Pts',(77.2154244510704,-130.945615825018,4.42988979246441));
#7495=CARTESIAN_POINT('Ctrl Pts',(77.3267380946167,-129.228420817884,4.35138428208763));
#7496=CARTESIAN_POINT('Ctrl Pts',(78.8204782901142,-128.37408502244,4.27287877171085));
#7497=CARTESIAN_POINT('Ctrl Pts',(80.3570233214441,-129.148797093157,4.19437326133407));
#7498=CARTESIAN_POINT('Ctrl Pts',(80.5583630738882,-130.857776826123,4.1158677509573));
#7499=CARTESIAN_POINT('Ctrl Pts',(79.2439312715197,-131.96837056871,4.03736224058051));
#7500=CARTESIAN_POINT('Ctrl Pts',(77.5925416032272,-131.484571449427,3.95885673020374));
#7501=CARTESIAN_POINT('Ctrl Pts',(77.0851995832132,-129.840262020281,3.88035121982695));
#7502=CARTESIAN_POINT('Ctrl Pts',(78.176901596346,-128.5100980684,3.80184570945018));
#7503=CARTESIAN_POINT('Ctrl Pts',(79.8885833235017,-128.687002248884,3.7233401990734));
#7504=CARTESIAN_POINT('Ctrl Pts',(80.6851678989527,-130.212322686613,3.64483468869661));
#7505=CARTESIAN_POINT('Ctrl Pts',(79.8522593375072,-131.718115751443,3.56632917831984));
#7506=CARTESIAN_POINT('Ctrl Pts',(78.1368298387965,-131.853950422925,3.48782366794306));
#7507=CARTESIAN_POINT('Ctrl Pts',(77.0773173582962,-130.498006942012,3.40931815756628));
#7508=CARTESIAN_POINT('Ctrl Pts',(77.6239178790248,-128.866327650498,3.3308126471895));
#7509=CARTESIAN_POINT('Ctrl Pts',(79.2864270550305,-128.422241343914,3.25230713681272));
#7510=CARTESIAN_POINT('Ctrl Pts',(80.5738671423573,-129.564015146091,3.17380162643594));
#7511=CARTESIAN_POINT('Ctrl Pts',(80.3316312447137,-131.267679237329,3.09529611605916));
#7512=CARTESIAN_POINT('Ctrl Pts',(78.7769623134675,-132.005347010992,3.01679060568238));
#7513=CARTESIAN_POINT('Ctrl Pts',(77.3041243233514,-131.115460779718,2.9382850953056));
#7514=CARTESIAN_POINT('Ctrl Pts',(77.233993572661,-129.396091022974,2.85977958492882));
#7515=CARTESIAN_POINT('Ctrl Pts',(78.629464620704,-128.389210775135,2.78127407455204));
#7516=CARTESIAN_POINT('Ctrl Pts',(80.2390466223854,-128.99781132431,2.70276856417526));
#7517=CARTESIAN_POINT('Ctrl Pts',(80.6192265652913,-130.676091220513,2.62426305379848));
#7518=CARTESIAN_POINT('Ctrl Pts',(79.4290534116347,-131.918916583255,2.54575754342171));
#7519=CARTESIAN_POINT('Ctrl Pts',(77.7358956625357,-131.611718456931,2.46725203304493));
#7520=CARTESIAN_POINT('Ctrl Pts',(77.0582322909521,-130.029944081751,2.38874652266814));
#7521=CARTESIAN_POINT('Ctrl Pts',(78.003776760495,-128.592282444991,2.31024101229137));
#7522=CARTESIAN_POINT('Ctrl Pts',(79.7246077085676,-128.587819048807,2.23173550191458));
#7523=CARTESIAN_POINT('Ctrl Pts',(80.6773059912924,-130.021068146621,2.15322999153781));
#7524=CARTESIAN_POINT('Ctrl Pts',(80.0077582429273,-131.605586394799,2.07472448116103));
#7525=CARTESIAN_POINT('Ctrl Pts',(78.315839135296,-131.922604682044,1.99621897078425));
#7526=CARTESIAN_POINT('Ctrl Pts',(77.1202636385991,-130.68315472384,1.91771346040747));
#7527=CARTESIAN_POINT('Ctrl Pts',(77.3679391763571,-129.568051188498,1.86537645348962));
#7528=CARTESIAN_POINT('Ctrl Pts',(77.6990710670247,-129.183588671396,1.83920795003069));
#7529=CARTESIAN_POINT('Ctrl Pts',(78.4936700790347,-131.591514485986,6.05359734998977));
#7530=CARTESIAN_POINT('Ctrl Pts',(78.0329721492292,-131.468350381491,6.02742884653084));
#7531=CARTESIAN_POINT('Ctrl Pts',(77.2501634971258,-130.733688308392,5.97509183961299));
#7532=CARTESIAN_POINT('Ctrl Pts',(77.5221147290905,-129.138205920573,5.89658632923621));
#7533=CARTESIAN_POINT('Ctrl Pts',(79.0036762823701,-128.488399847325,5.81808081885943));
#7534=CARTESIAN_POINT('Ctrl Pts',(80.3626242185292,-129.364135436511,5.73957530848266));
#7535=CARTESIAN_POINT('Ctrl Pts',(80.3818802945624,-130.981477157576,5.66106979810587));
#7536=CARTESIAN_POINT('Ctrl Pts',(79.0433833298233,-131.88927565292,5.58256428772909));
#7537=CARTESIAN_POINT('Ctrl Pts',(77.5479064242026,-131.273720135589,5.50405877735232));
#7538=CARTESIAN_POINT('Ctrl Pts',(77.2364490274007,-129.68670089093,5.42555326697554));
#7539=CARTESIAN_POINT('Ctrl Pts',(78.3884192231421,-128.551568170174,5.34704775659876));
#7540=CARTESIAN_POINT('Ctrl Pts',(79.9706619156577,-128.886300877237,5.26854224622197));
#7541=CARTESIAN_POINT('Ctrl Pts',(80.5642037056654,-130.390719494255,5.1900367358452));
#7542=CARTESIAN_POINT('Ctrl Pts',(79.6367329292437,-131.715617665772,5.11153122546841));
#7543=CARTESIAN_POINT('Ctrl Pts',(78.0200318489386,-131.672799014394,5.03302571509164));
#7544=CARTESIAN_POINT('Ctrl Pts',(77.1639943214576,-130.300662513344,4.95452020471486));
#7545=CARTESIAN_POINT('Ctrl Pts',(77.8363361567488,-128.829773660693,4.87601469433808));
#7546=CARTESIAN_POINT('Ctrl Pts',(79.4340847343255,-128.579260136458,4.7975091839613));
#7547=CARTESIAN_POINT('Ctrl Pts',(80.5243413736102,-129.773788620872,4.71900367358452));
#7548=CARTESIAN_POINT('Ctrl Pts',(80.1293378924174,-131.342077477372,4.64049816320774));
#7549=CARTESIAN_POINT('Ctrl Pts',(78.6033228551602,-131.877648020055,4.56199265283096));
#7550=CARTESIAN_POINT('Ctrl Pts',(77.3148628014896,-130.900187832554,4.48348714245418));
#7551=CARTESIAN_POINT('Ctrl Pts',(77.4194793506899,-129.286306458923,4.4049816320774));
#7552=CARTESIAN_POINT('Ctrl Pts',(78.8233498887137,-128.483371078045,4.32647612170062));
#7553=CARTESIAN_POINT('Ctrl Pts',(80.2674499446222,-129.211473230488,4.24797061132384));
#7554=CARTESIAN_POINT('Ctrl Pts',(80.4566762554903,-130.817633595203,4.16946510094706));
#7555=CARTESIAN_POINT('Ctrl Pts',(79.2213261677382,-131.861409373368,4.09095959057029));
#7556=CARTESIAN_POINT('Ctrl Pts',(77.6692910085448,-131.406717632508,4.0124540801935));
#7557=CARTESIAN_POINT('Ctrl Pts',(77.1924728063259,-129.861336735663,3.93394856981673));
#7558=CARTESIAN_POINT('Ctrl Pts',(78.2184934604919,-128.61120101031,3.85544305943994));
#7559=CARTESIAN_POINT('Ctrl Pts',(79.8271932561262,-128.777461895424,3.77693754906317));
#7560=CARTESIAN_POINT('Ctrl Pts',(80.5758519719394,-130.211012676228,3.69843203868639));
#7561=CARTESIAN_POINT('Ctrl Pts',(79.7930546730479,-131.626210932556,3.61992652830961));
#7562=CARTESIAN_POINT('Ctrl Pts',(78.1808325874699,-131.753873222096,3.54142101793283));
#7563=CARTESIAN_POINT('Ctrl Pts',(77.185064809026,-130.479508971997,3.46291550755605));
#7564=CARTESIAN_POINT('Ctrl Pts',(77.6987795563645,-128.945998330879,3.38440999717927));
#7565=CARTESIAN_POINT('Ctrl Pts',(79.2612652271817,-128.528630113815,3.30590448680249));
#7566=CARTESIAN_POINT('Ctrl Pts',(80.4712475343571,-129.601710028779,3.22739897642571));
#7567=CARTESIAN_POINT('Ctrl Pts',(80.243585561426,-131.202874563005,3.14889346604893));
#7568=CARTESIAN_POINT('Ctrl Pts',(78.7824520152202,-131.896161158235,3.07038795567215));
#7569=CARTESIAN_POINT('Ctrl Pts',(77.3982261184823,-131.059814204431,2.99188244529537));
#7570=CARTESIAN_POINT('Ctrl Pts',(77.3323147270632,-129.443888923222,2.91337693491859));
#7571=CARTESIAN_POINT('Ctrl Pts',(78.6438284005372,-128.497586802198,2.83487142454182));
#7572=CARTESIAN_POINT('Ctrl Pts',(80.1565712171963,-129.069571396966,2.75636591416503));
#7573=CARTESIAN_POINT('Ctrl Pts',(80.5138779446994,-130.646878955496,2.67786040378825));
#7574=CARTESIAN_POINT('Ctrl Pts',(79.3953105856623,-131.814930746511,2.59935489341147));
#7575=CARTESIAN_POINT('Ctrl Pts',(77.8040202880914,-131.52621494427,2.5208493830347));
#7576=CARTESIAN_POINT('Ctrl Pts',(77.1671279791535,-130.039606731002,2.44234387265792));
#7577=CARTESIAN_POINT('Ctrl Pts',(78.0557845388307,-128.688440831083,2.36383836228114));
#7578=CARTESIAN_POINT('Ctrl Pts',(79.6730830999864,-128.68424597148,2.28533285190436));
#7579=CARTESIAN_POINT('Ctrl Pts',(80.5684630695251,-130.031264809252,2.20682734152758));
#7580=CARTESIAN_POINT('Ctrl Pts',(79.9391981139704,-131.520451812643,2.1283218311508));
#7581=CARTESIAN_POINT('Ctrl Pts',(78.3490719360162,-131.818396953853,2.04981632077402));
#7582=CARTESIAN_POINT('Ctrl Pts',(77.2254272614904,-130.653517488921,1.97131081039724));
#7583=CARTESIAN_POINT('Ctrl Pts',(77.4582016030363,-129.605503245995,1.91897380347939));
#7584=CARTESIAN_POINT('Ctrl Pts',(77.769411214259,-129.24417160187,1.89280530002046));
#7585=CARTESIAN_POINT('Ctrl Pts',(78.5176463384767,-131.501830781998,6.10719469997954));
#7586=CARTESIAN_POINT('Ctrl Pts',(78.0864402770659,-131.386551105294,6.08102619652061));
#7587=CARTESIAN_POINT('Ctrl Pts',(77.3537436142995,-130.698918887926,6.02868918960276));
#7588=CARTESIAN_POINT('Ctrl Pts',(77.6082857167154,-129.205572310935,5.95018367922599));
#7589=CARTESIAN_POINT('Ctrl Pts',(78.9950041732042,-128.597363983095,5.8716781688492));
#7590=CARTESIAN_POINT('Ctrl Pts',(80.2669582005666,-129.417038806487,5.79317265847243));
#7591=CARTESIAN_POINT('Ctrl Pts',(80.2849815867536,-130.930845377726,5.71466714809564));
#7592=CARTESIAN_POINT('Ctrl Pts',(79.0321693489839,-131.780530580126,5.63616163771886));
#7593=CARTESIAN_POINT('Ctrl Pts',(77.6324263402061,-131.204380237276,5.55765612734208));
#7594=CARTESIAN_POINT('Ctrl Pts',(77.3409070849993,-129.71895503,5.47915061696531));
#7595=CARTESIAN_POINT('Ctrl Pts',(78.4191331824728,-128.656488545937,5.40064510658853));
#7596=CARTESIAN_POINT('Ctrl Pts',(79.9000876116015,-128.969793127746,5.32213959621174));
#7597=CARTESIAN_POINT('Ctrl Pts',(80.4556334497605,-130.377905438629,5.24363408583497));
#7598=CARTESIAN_POINT('Ctrl Pts',(79.5875352997574,-131.617989418497,5.16512857545819));
#7599=CARTESIAN_POINT('Ctrl Pts',(78.0743283582558,-131.57791183008,5.08662306508141));
#7600=CARTESIAN_POINT('Ctrl Pts',(77.2730906127317,-130.293613512122,5.00811755470463));
#7601=CARTESIAN_POINT('Ctrl Pts',(77.9023920616009,-128.916884536603,4.92961204432785));
#7602=CARTESIAN_POINT('Ctrl Pts',(79.3978597567836,-128.682407793542,4.85110653395107));
#7603=CARTESIAN_POINT('Ctrl Pts',(80.4183229300206,-129.800467784011,4.77260102357429));
#7604=CARTESIAN_POINT('Ctrl Pts',(80.0486058456815,-131.268361640733,4.69409551319751));
#7605=CARTESIAN_POINT('Ctrl Pts',(78.6202796230148,-131.769647297509,4.61559000282073));
#7606=CARTESIAN_POINT('Ctrl Pts',(77.4143011519089,-130.854759840089,4.53708449244395));
#7607=CARTESIAN_POINT('Ctrl Pts',(77.5122206067632,-129.344192099962,4.45857898206717));
#7608=CARTESIAN_POINT('Ctrl Pts',(78.8262214873132,-128.592657133651,4.38007347169039));
#7609=CARTESIAN_POINT('Ctrl Pts',(80.1778765678003,-129.274149367819,4.30156796131361));
#7610=CARTESIAN_POINT('Ctrl Pts',(80.3549894370924,-130.777490364283,4.22306245093683));
#7611=CARTESIAN_POINT('Ctrl Pts',(79.1987210639567,-131.754448178026,4.14455694056006));
#7612=CARTESIAN_POINT('Ctrl Pts',(77.7460404138624,-131.328863815589,4.06605143018327));
#7613=CARTESIAN_POINT('Ctrl Pts',(77.2997460294386,-129.882411451044,3.9875459198065));
#7614=CARTESIAN_POINT('Ctrl Pts',(78.2600853246378,-128.712303952219,3.90904040942971));
#7615=CARTESIAN_POINT('Ctrl Pts',(79.7658031887506,-128.867921541965,3.83053489905294));
#7616=CARTESIAN_POINT('Ctrl Pts',(80.4665360449262,-130.209702665843,3.75202938867616));
#7617=CARTESIAN_POINT('Ctrl Pts',(79.7338500085886,-131.534306113669,3.67352387829938));
#7618=CARTESIAN_POINT('Ctrl Pts',(78.2248353361433,-131.653796021268,3.5950183679226));
#7619=CARTESIAN_POINT('Ctrl Pts',(77.2928122597558,-130.461011001981,3.51651285754582));
#7620=CARTESIAN_POINT('Ctrl Pts',(77.7736412337042,-129.02566901126,3.43800734716904));
#7621=CARTESIAN_POINT('Ctrl Pts',(79.2361033993328,-128.635018883715,3.35950183679226));
#7622=CARTESIAN_POINT('Ctrl Pts',(80.3686279263569,-129.639404911467,3.28099632641548));
#7623=CARTESIAN_POINT('Ctrl Pts',(80.1555398781382,-131.138069888681,3.2024908160387));
#7624=CARTESIAN_POINT('Ctrl Pts',(78.7879417169728,-131.786975305478,3.12398530566192));
#7625=CARTESIAN_POINT('Ctrl Pts',(77.4923279136131,-131.004167629145,3.04547979528514));
#7626=CARTESIAN_POINT('Ctrl Pts',(77.4306358814653,-129.491686823471,2.96697428490836));
#7627=CARTESIAN_POINT('Ctrl Pts',(78.6581921803703,-128.60596282926,2.88846877453158));
#7628=CARTESIAN_POINT('Ctrl Pts',(80.0740958120071,-129.141331469623,2.8099632641548));
#7629=CARTESIAN_POINT('Ctrl Pts',(80.4085293241076,-130.617666690479,2.73145775377802));
#7630=CARTESIAN_POINT('Ctrl Pts',(79.3615677596899,-131.710944909767,2.65295224340125));
#7631=CARTESIAN_POINT('Ctrl Pts',(77.8721449136472,-131.440711431609,2.57444673302447));
#7632=CARTESIAN_POINT('Ctrl Pts',(77.2760236673547,-130.049269380253,2.49594122264769));
#7633=CARTESIAN_POINT('Ctrl Pts',(78.1077923171664,-128.784599217175,2.41743571227091));
#7634=CARTESIAN_POINT('Ctrl Pts',(79.6215584914053,-128.780672894154,2.33893020189413));
#7635=CARTESIAN_POINT('Ctrl Pts',(80.4596201477577,-130.041461471882,2.26042469151735));
#7636=CARTESIAN_POINT('Ctrl Pts',(79.8706379850135,-131.435317230486,2.18191918114057));
#7637=CARTESIAN_POINT('Ctrl Pts',(78.3823047367364,-131.714189225661,2.10341367076379));
#7638=CARTESIAN_POINT('Ctrl Pts',(77.3305908843817,-130.623880254002,2.02490816038701));
#7639=CARTESIAN_POINT('Ctrl Pts',(77.5484640297156,-129.642955303492,1.97257115346916));
#7640=CARTESIAN_POINT('Ctrl Pts',(77.8397513614932,-129.304754532345,1.94640265001023));
#7641=CARTESIAN_POINT('Ctrl Pts',(78.5416225979188,-131.412147078011,6.16079204996931));
#7642=CARTESIAN_POINT('Ctrl Pts',(78.1399084049026,-131.304751829096,6.13462354651038));
#7643=CARTESIAN_POINT('Ctrl Pts',(77.4573237314732,-130.66414946746,6.08228653959253));
#7644=CARTESIAN_POINT('Ctrl Pts',(77.6944567043403,-129.272938701297,6.00378102921575));
#7645=CARTESIAN_POINT('Ctrl Pts',(78.9863320640383,-128.706328118866,5.92527551883897));
#7646=CARTESIAN_POINT('Ctrl Pts',(80.1712921826039,-129.469942176463,5.84677000846219));
#7647=CARTESIAN_POINT('Ctrl Pts',(80.1880828789449,-130.880213597877,5.76826449808541));
#7648=CARTESIAN_POINT('Ctrl Pts',(79.0209553681444,-131.671785507332,5.68975898770863));
#7649=CARTESIAN_POINT('Ctrl Pts',(77.7169462562097,-131.135040338962,5.61125347733186));
#7650=CARTESIAN_POINT('Ctrl Pts',(77.4453651425979,-129.75120916907,5.53274796695507));
#7651=CARTESIAN_POINT('Ctrl Pts',(78.4498471418038,-128.761408921699,5.4542424565783));
#7652=CARTESIAN_POINT('Ctrl Pts',(79.8295133075451,-129.053285378255,5.37573694620152));
#7653=CARTESIAN_POINT('Ctrl Pts',(80.3470631938558,-130.365091383003,5.29723143582474));
#7654=CARTESIAN_POINT('Ctrl Pts',(79.5383376702709,-131.520361171223,5.21872592544796));
#7655=CARTESIAN_POINT('Ctrl Pts',(78.1286248675731,-131.483024645765,5.14022041507117));
#7656=CARTESIAN_POINT('Ctrl Pts',(77.3821869040057,-130.2865645109,5.0617149046944));
#7657=CARTESIAN_POINT('Ctrl Pts',(77.9684479664531,-129.003995412513,4.98320939431762));
#7658=CARTESIAN_POINT('Ctrl Pts',(79.3616347792417,-128.785555450627,4.90470388394084));
#7659=CARTESIAN_POINT('Ctrl Pts',(80.3123044864309,-129.82714694715,4.82619837356406));
#7660=CARTESIAN_POINT('Ctrl Pts',(79.9678737989456,-131.194645804094,4.74769286318728));
#7661=CARTESIAN_POINT('Ctrl Pts',(78.6372363908695,-131.661646574963,4.6691873528105));
#7662=CARTESIAN_POINT('Ctrl Pts',(77.5137395023281,-130.809331847624,4.59068184243372));
#7663=CARTESIAN_POINT('Ctrl Pts',(77.6049618628364,-129.402077741,4.51217633205694));
#7664=CARTESIAN_POINT('Ctrl Pts',(78.8290930859126,-128.701943189257,4.43367082168016));
#7665=CARTESIAN_POINT('Ctrl Pts',(80.0883031909785,-129.33682550515,4.35516531130338));
#7666=CARTESIAN_POINT('Ctrl Pts',(80.2533026186944,-130.737347133364,4.27665980092661));
#7667=CARTESIAN_POINT('Ctrl Pts',(79.1761159601752,-131.647486982685,4.19815429054982));
#7668=CARTESIAN_POINT('Ctrl Pts',(77.82278981918,-131.251009998671,4.11964878017305));
#7669=CARTESIAN_POINT('Ctrl Pts',(77.4070192525514,-129.903486166425,4.04114326979627));
#7670=CARTESIAN_POINT('Ctrl Pts',(78.3016771887838,-128.813406894129,3.96263775941949));
#7671=CARTESIAN_POINT('Ctrl Pts',(79.704413121375,-128.958381188505,3.88413224904271));
#7672=CARTESIAN_POINT('Ctrl Pts',(80.3572201179129,-130.208392655458,3.80562673866593));
#7673=CARTESIAN_POINT('Ctrl Pts',(79.6746453441294,-131.442401294782,3.72712122828915));
#7674=CARTESIAN_POINT('Ctrl Pts',(78.2688380848166,-131.553718820439,3.64861571791237));
#7675=CARTESIAN_POINT('Ctrl Pts',(77.4005597104856,-130.442513031966,3.57011020753559));
#7676=CARTESIAN_POINT('Ctrl Pts',(77.8485029110439,-129.105339691642,3.49160469715881));
#7677=CARTESIAN_POINT('Ctrl Pts',(79.2109415714839,-128.741407653615,3.41309918678203));
#7678=CARTESIAN_POINT('Ctrl Pts',(80.2660083183569,-129.677099794155,3.33459367640525));
#7679=CARTESIAN_POINT('Ctrl Pts',(80.0674941948505,-131.073265214356,3.25608816602847));
#7680=CARTESIAN_POINT('Ctrl Pts',(78.7934314187255,-131.677789452721,3.17758265565169));
#7681=CARTESIAN_POINT('Ctrl Pts',(77.5864297087438,-130.948521053858,3.09907714527491));
#7682=CARTESIAN_POINT('Ctrl Pts',(77.5289570358676,-129.53948472372,3.02057163489813));
#7683=CARTESIAN_POINT('Ctrl Pts',(78.6725559602035,-128.714338856323,2.94206612452136));
#7684=CARTESIAN_POINT('Ctrl Pts',(79.991620406818,-129.21309154228,2.86356061414457));
#7685=CARTESIAN_POINT('Ctrl Pts',(80.3031807035156,-130.588454425462,2.78505510376779));
#7686=CARTESIAN_POINT('Ctrl Pts',(79.3278249337175,-131.606959073023,2.70654959339101));
#7687=CARTESIAN_POINT('Ctrl Pts',(77.9402695392029,-131.355207918948,2.62804408301424));
#7688=CARTESIAN_POINT('Ctrl Pts',(77.384919355556,-130.058932029503,2.54953857263746));
#7689=CARTESIAN_POINT('Ctrl Pts',(78.1598000955021,-128.880757603266,2.47103306226068));
#7690=CARTESIAN_POINT('Ctrl Pts',(79.5700338828241,-128.877099816828,2.3925275518839));
#7691=CARTESIAN_POINT('Ctrl Pts',(80.3507772259903,-130.051658134512,2.31402204150712));
#7692=CARTESIAN_POINT('Ctrl Pts',(79.8020778560566,-131.350182648329,2.23551653113034));
#7693=CARTESIAN_POINT('Ctrl Pts',(78.4155375374567,-131.609981497469,2.15701102075356));
#7694=CARTESIAN_POINT('Ctrl Pts',(77.435754507273,-130.594243019083,2.07850551037678));
#7695=CARTESIAN_POINT('Ctrl Pts',(77.6387264563949,-129.680407360988,2.02616850345893));
#7696=CARTESIAN_POINT('Ctrl Pts',(77.9100915087275,-129.365337462819,2.));
#7697=CARTESIAN_POINT('Ctrl Pts',(77.9100915087275,-129.365337462819,2.));
#7698=CARTESIAN_POINT('Ctrl Pts',(77.8732241535202,-129.399766672913,2.));
#7699=CARTESIAN_POINT('Ctrl Pts',(77.8387354899733,-129.436435443564,2.));
#7700=CARTESIAN_POINT('Ctrl Pts',(77.8066271009758,-129.475023617913,2.));
#7701=CARTESIAN_POINT('Ctrl Pts',(77.7730762507392,-129.515345356216,2.));
#7702=CARTESIAN_POINT('Ctrl Pts',(77.7421237260202,-129.55776328576,2.));
#7703=CARTESIAN_POINT('Ctrl Pts',(77.7137993675695,-129.601961849461,2.));
#7704=CARTESIAN_POINT('Ctrl Pts',(77.6910766767102,-129.637419326853,2.));
#7705=CARTESIAN_POINT('Ctrl Pts',(77.6700458606018,-129.674023933026,2.));
#7706=CARTESIAN_POINT('Ctrl Pts',(77.6507385809154,-129.71163070392,2.));
#7707=CARTESIAN_POINT('Ctrl Pts',(77.6425982927495,-129.727486378931,2.));
#7708=CARTESIAN_POINT('Ctrl Pts',(77.6347645744156,-129.743520365017,2.));
#7709=CARTESIAN_POINT('Ctrl Pts',(77.6272406812095,-129.759722433842,2.));
#7710=CARTESIAN_POINT('Ctrl Pts',(77.6229338429784,-129.768996846374,2.));
#7711=CARTESIAN_POINT('Ctrl Pts',(77.6187282990668,-129.778327139534,2.));
#7712=CARTESIAN_POINT('Ctrl Pts',(77.6146310736211,-129.787696176936,2.));
#7713=CARTESIAN_POINT('Ctrl Pts',(77.592820672688,-129.837569552174,2.));
#7714=CARTESIAN_POINT('Ctrl Pts',(77.5740300545589,-129.888635951055,2.));
#7715=CARTESIAN_POINT('Ctrl Pts',(77.5582862119523,-129.940563472921,2.));
#7716=CARTESIAN_POINT('Ctrl Pts',(77.5422516547693,-129.993449851395,2.));
#7717=CARTESIAN_POINT('Ctrl Pts',(77.5293768357578,-130.047230372853,2.));
#7718=CARTESIAN_POINT('Ctrl Pts',(77.5197309692785,-130.101589020897,2.));
#7719=CARTESIAN_POINT('Ctrl Pts',(77.5128309834466,-130.140473438607,2.));
#7720=CARTESIAN_POINT('Ctrl Pts',(77.5075840793437,-130.179654456313,2.));
#7721=CARTESIAN_POINT('Ctrl Pts',(77.5040306007041,-130.219022787136,2.));
#7722=CARTESIAN_POINT('Ctrl Pts',(77.502522697294,-130.235728569361,2.));
#7723=CARTESIAN_POINT('Ctrl Pts',(77.5013198922217,-130.252468124119,2.));
#7724=CARTESIAN_POINT('Ctrl Pts',(77.5004260239426,-130.269233231519,2.));
#7725=CARTESIAN_POINT('Ctrl Pts',(77.4998941372175,-130.279209128729,2.));
#7726=CARTESIAN_POINT('Ctrl Pts',(77.4994719934085,-130.28918862477,2.));
#7727=CARTESIAN_POINT('Ctrl Pts',(77.4991601915547,-130.29916218068,2.));
#7728=CARTESIAN_POINT('Ctrl Pts',(77.4973842526551,-130.35596885355,2.));
#7729=CARTESIAN_POINT('Ctrl Pts',(77.4991800126826,-130.412657001124,2.));
#7730=CARTESIAN_POINT('Ctrl Pts',(77.5046067985048,-130.468893761222,2.));
#7731=CARTESIAN_POINT('Ctrl Pts',(77.5079460946692,-130.503498258884,2.));
#7732=CARTESIAN_POINT('Ctrl Pts',(77.512661113422,-130.537932391709,2.));
#7733=CARTESIAN_POINT('Ctrl Pts',(77.5187750094648,-130.572121682127,2.));
#7734=CARTESIAN_POINT('Ctrl Pts',(77.5284502884923,-130.62622644973,2.));
#7735=CARTESIAN_POINT('Ctrl Pts',(77.5416259912147,-130.679718541785,2.));
#7736=CARTESIAN_POINT('Ctrl Pts',(77.558076279492,-130.732393774887,2.));
#7737=CARTESIAN_POINT('Ctrl Pts',(77.5629954503942,-130.748145381763,2.));
#7738=CARTESIAN_POINT('Ctrl Pts',(77.568207788307,-130.763823912241,2.));
#7739=CARTESIAN_POINT('Ctrl Pts',(77.5737081268699,-130.779423771936,2.));
#7740=CARTESIAN_POINT('Ctrl Pts',(77.5787949503148,-130.79385083513,2.));
#7741=CARTESIAN_POINT('Ctrl Pts',(77.5841307291393,-130.808216843403,2.));
#7742=CARTESIAN_POINT('Ctrl Pts',(77.5896977703445,-130.82248318383,2.));
#7743=CARTESIAN_POINT('Ctrl Pts',(77.6103271403252,-130.875348899044,2.));
#7744=CARTESIAN_POINT('Ctrl Pts',(77.6341494026146,-130.926916270601,2.));
#7745=CARTESIAN_POINT('Ctrl Pts',(77.6608818159874,-130.976975116014,2.));
#7746=CARTESIAN_POINT('Ctrl Pts',(77.6882440985195,-131.028213448009,2.));
#7747=CARTESIAN_POINT('Ctrl Pts',(77.7186556295507,-131.077872235144,2.));
#7748=CARTESIAN_POINT('Ctrl Pts',(77.7518685245933,-131.125720416705,2.));
#7749=CARTESIAN_POINT('Ctrl Pts',(77.77203063594,-131.154766977179,2.));
#7750=CARTESIAN_POINT('Ctrl Pts',(77.7932261491947,-131.183146129745,2.));
#7751=CARTESIAN_POINT('Ctrl Pts',(77.8154083053369,-131.210802966517,2.));
#7752=CARTESIAN_POINT('Ctrl Pts',(77.8276227299792,-131.226031979713,2.));
#7753=CARTESIAN_POINT('Ctrl Pts',(77.8401364202058,-131.241041928598,2.));
#7754=CARTESIAN_POINT('Ctrl Pts',(77.8529423204434,-131.255823169838,2.));
#7755=CARTESIAN_POINT('Ctrl Pts',(77.8606527137019,-131.264722909856,2.));
#7756=CARTESIAN_POINT('Ctrl Pts',(77.8684704137967,-131.273541231731,2.));
#7757=CARTESIAN_POINT('Ctrl Pts',(77.8763896204153,-131.282271180969,2.));
#7758=CARTESIAN_POINT('Ctrl Pts',(77.916975363755,-131.327011960725,2.));
#7759=CARTESIAN_POINT('Ctrl Pts',(77.9600966185777,-131.369295445767,2.));
#7760=CARTESIAN_POINT('Ctrl Pts',(78.0054937067225,-131.408871401473,2.));
#7761=CARTESIAN_POINT('Ctrl Pts',(78.0350080773787,-131.434601232912,2.));
#7762=CARTESIAN_POINT('Ctrl Pts',(78.0654854651402,-131.459186346073,2.));
#7763=CARTESIAN_POINT('Ctrl Pts',(78.0968646777285,-131.482551950812,2.));
#7764=CARTESIAN_POINT('Ctrl Pts',(78.1098519475839,-131.492222538092,2.));
#7765=CARTESIAN_POINT('Ctrl Pts',(78.1229937839576,-131.50168415675,2.));
#7766=CARTESIAN_POINT('Ctrl Pts',(78.1362861927505,-131.510931178864,2.));
#7767=CARTESIAN_POINT('Ctrl Pts',(78.1460058115638,-131.517692747178,2.));
#7768=CARTESIAN_POINT('Ctrl Pts',(78.1558050076594,-131.524338824832,2.));
#7769=CARTESIAN_POINT('Ctrl Pts',(78.1656737583953,-131.530861891491,2.));
#7770=CARTESIAN_POINT('Ctrl Pts',(78.2164025135689,-131.564392685854,2.));
#7771=CARTESIAN_POINT('Ctrl Pts',(78.2690241775123,-131.594716726176,2.));
#7772=CARTESIAN_POINT('Ctrl Pts',(78.3233031551086,-131.621567747487,2.));
#7773=CARTESIAN_POINT('Ctrl Pts',(78.3486980424439,-131.634130229155,2.));
#7774=CARTESIAN_POINT('Ctrl Pts',(78.3744562679627,-131.645932032172,2.));
#7775=CARTESIAN_POINT('Ctrl Pts',(78.400556376843,-131.656942981829,2.));
#7776=CARTESIAN_POINT('Ctrl Pts',(78.4230066823345,-131.666414175404,2.));
#7777=CARTESIAN_POINT('Ctrl Pts',(78.4457099711026,-131.675300212257,2.));
#7778=CARTESIAN_POINT('Ctrl Pts',(78.4686450789363,-131.683606820888,2.));
#7779=CARTESIAN_POINT('Ctrl Pts',(77.6044606914328,-130.189538777789,5.5565803263806));
#7780=CARTESIAN_POINT('Ctrl Pts',(77.6034786513031,-130.063125397799,5.5486362065721));
#7781=CARTESIAN_POINT('Ctrl Pts',(77.6209605205933,-129.936977096563,5.54069208676359));
#7782=CARTESIAN_POINT('Ctrl Pts',(77.6580423280675,-129.81688098949,5.53274796695509));
#7783=CARTESIAN_POINT('Ctrl Pts',(77.7801924756665,-129.42127575328,5.50657946349616));
#7784=CARTESIAN_POINT('Ctrl Pts',(78.1150198087351,-129.09134233749,5.48041096003724));
#7785=CARTESIAN_POINT('Ctrl Pts',(78.5123778362263,-128.975021705687,5.45424245657831));
#7786=CARTESIAN_POINT('Ctrl Pts',(78.9097358637175,-128.858701073885,5.42807395311939));
#7787=CARTESIAN_POINT('Ctrl Pts',(79.3696245856313,-128.95599322607,5.40190544966046));
#7788=CARTESIAN_POINT('Ctrl Pts',(79.6858272609733,-129.223273636287,5.37573694620153));
#7789=CARTESIAN_POINT('Ctrl Pts',(80.0020299363153,-129.490554046504,5.34956844274261));
#7790=CARTESIAN_POINT('Ctrl Pts',(80.1745465650856,-129.927822714753,5.32339993928368));
#7791=CARTESIAN_POINT('Ctrl Pts',(80.1260172922065,-130.339002013581,5.29723143582475));
#7792=CARTESIAN_POINT('Ctrl Pts',(80.0774880193275,-130.750181312409,5.27106293236583));
#7793=CARTESIAN_POINT('Ctrl Pts',(79.8079128447992,-131.135271241816,5.2448944289069));
#7794=CARTESIAN_POINT('Ctrl Pts',(79.4381731237521,-131.321593452276,5.21872592544797));
#7795=CARTESIAN_POINT('Ctrl Pts',(79.0684334027049,-131.507915662737,5.19255742198905));
#7796=CARTESIAN_POINT('Ctrl Pts',(78.598529135139,-131.495470154251,5.16638891853012));
#7797=CARTESIAN_POINT('Ctrl Pts',(78.2391706740948,-131.28983737753,5.14022041507119));
#7798=CARTESIAN_POINT('Ctrl Pts',(77.8798122130506,-131.08420460081,5.11405191161227));
#7799=CARTESIAN_POINT('Ctrl Pts',(77.6309995585282,-130.685384555855,5.08788340815334));
#7800=CARTESIAN_POINT('Ctrl Pts',(77.6043034083415,-130.272213016979,5.06171490469442));
#7801=CARTESIAN_POINT('Ctrl Pts',(77.602557372004,-130.245189925056,5.06000337858981));
#7802=CARTESIAN_POINT('Ctrl Pts',(77.6017614811574,-130.218105441895,5.05829185248521));
#7803=CARTESIAN_POINT('Ctrl Pts',(77.6018912191486,-130.191013202759,5.0565803263806));
#7804=CARTESIAN_POINT('Ctrl Pts',(78.4696938195926,-131.681198189974,6.));
#7805=CARTESIAN_POINT('Ctrl Pts',(78.4122563572333,-131.660210777634,6.));
#7806=CARTESIAN_POINT('Ctrl Pts',(78.3563820868008,-131.635607053844,6.));
#7807=CARTESIAN_POINT('Ctrl Pts',(78.3022688527178,-131.607687853692,6.));
#7808=CARTESIAN_POINT('Ctrl Pts',(78.2484715415628,-131.579931650922,6.));
#7809=CARTESIAN_POINT('Ctrl Pts',(78.1964140761478,-131.548897540812,6.));
#7810=CARTESIAN_POINT('Ctrl Pts',(78.1463227879842,-131.514836359086,6.));
#7811=CARTESIAN_POINT('Ctrl Pts',(78.1084969323597,-131.489115452526,6.));
#7812=CARTESIAN_POINT('Ctrl Pts',(78.0717928385593,-131.4616674053,6.));
#7813=CARTESIAN_POINT('Ctrl Pts',(78.0363237180896,-131.432588408963,6.));
#7814=CARTESIAN_POINT('Ctrl Pts',(78.0179119503869,-131.417493709165,6.));
#7815=CARTESIAN_POINT('Ctrl Pts',(77.9998331978088,-131.4019593981,6.));
#7816=CARTESIAN_POINT('Ctrl Pts',(77.9821049970881,-131.385998197888,6.));
#7817=CARTESIAN_POINT('Ctrl Pts',(77.9727672990308,-131.377591204389,6.));
#7818=CARTESIAN_POINT('Ctrl Pts',(77.9635254979694,-131.36906428753,6.));
#7819=CARTESIAN_POINT('Ctrl Pts',(77.9543983867514,-131.360435029715,6.));
#7820=CARTESIAN_POINT('Ctrl Pts',(77.9113718223776,-131.319755420578,6.));
#7821=CARTESIAN_POINT('Ctrl Pts',(77.8708075207024,-131.276730997424,6.));
#7822=CARTESIAN_POINT('Ctrl Pts',(77.8329131546417,-131.231602266752,6.));
#7823=CARTESIAN_POINT('Ctrl Pts',(77.7957900218547,-131.187392004504,6.));
#7824=CARTESIAN_POINT('Ctrl Pts',(77.7612288080973,-131.141161277182,6.));
#7825=CARTESIAN_POINT('Ctrl Pts',(77.7294678267234,-131.093113223144,6.));
#7826=CARTESIAN_POINT('Ctrl Pts',(77.7064780536233,-131.05833426442,6.));
#7827=CARTESIAN_POINT('Ctrl Pts',(77.68495629397,-131.022602627721,6.));
#7828=CARTESIAN_POINT('Ctrl Pts',(77.6650094476909,-130.985991637146,6.));
#7829=CARTESIAN_POINT('Ctrl Pts',(77.6545850904305,-130.966858484963,6.));
#7830=CARTESIAN_POINT('Ctrl Pts',(77.6445911132634,-130.947485133292,6.));
#7831=CARTESIAN_POINT('Ctrl Pts',(77.6350444605367,-130.927881962003,6.));
#7832=CARTESIAN_POINT('Ctrl Pts',(77.6306045886609,-130.918765094407,6.));
#7833=CARTESIAN_POINT('Ctrl Pts',(77.6262637454831,-130.909603026916,6.));
#7834=CARTESIAN_POINT('Ctrl Pts',(77.6220265869012,-130.900404209568,6.));
#7835=CARTESIAN_POINT('Ctrl Pts',(77.5986881150121,-130.849736684165,6.));
#7836=CARTESIAN_POINT('Ctrl Pts',(77.5784586258575,-130.797888371485,6.));
#7837=CARTESIAN_POINT('Ctrl Pts',(77.5615509925268,-130.745050338199,6.));
#7838=CARTESIAN_POINT('Ctrl Pts',(77.5502396800092,-130.709701363234,6.));
#7839=CARTESIAN_POINT('Ctrl Pts',(77.5404160695238,-130.673909055753,6.));
#7840=CARTESIAN_POINT('Ctrl Pts',(77.5321568692049,-130.637728660511,6.));
#7841=CARTESIAN_POINT('Ctrl Pts',(77.5199317178799,-130.584174951949,6.));
#7842=CARTESIAN_POINT('Ctrl Pts',(77.5111324391788,-130.529770030772,6.));
#7843=CARTESIAN_POINT('Ctrl Pts',(77.505704585635,-130.474823947546,6.));
#7844=CARTESIAN_POINT('Ctrl Pts',(77.5040276678196,-130.457848532661,6.));
#7845=CARTESIAN_POINT('Ctrl Pts',(77.5026728605539,-130.440821554601,6.));
#7846=CARTESIAN_POINT('Ctrl Pts',(77.5016393767367,-130.423752469358,6.));
#7847=CARTESIAN_POINT('Ctrl Pts',(77.5007331589574,-130.408785318188,6.));
#7848=CARTESIAN_POINT('Ctrl Pts',(77.500074004039,-130.393779234405,6.));
#7849=CARTESIAN_POINT('Ctrl Pts',(77.4996620621006,-130.378776646591,6.));
#7850=CARTESIAN_POINT('Ctrl Pts',(77.4981338541372,-130.323120564913,6.));
#7851=CARTESIAN_POINT('Ctrl Pts',(77.4999962083662,-130.26743783785,6.));
#7852=CARTESIAN_POINT('Ctrl Pts',(77.5051454255906,-130.212045618739,6.));
#7853=CARTESIAN_POINT('Ctrl Pts',(77.5102885175549,-130.156719291537,6.));
#7854=CARTESIAN_POINT('Ctrl Pts',(77.5187111120531,-130.101681642443,6.));
#7855=CARTESIAN_POINT('Ctrl Pts',(77.5303590596057,-130.047264047955,6.));
#7856=CARTESIAN_POINT('Ctrl Pts',(77.5378034760709,-130.012484767351,6.));
#7857=CARTESIAN_POINT('Ctrl Pts',(77.5465663278636,-129.977959124082,6.));
#7858=CARTESIAN_POINT('Ctrl Pts',(77.5566427511273,-129.943780132198,6.));
#7859=CARTESIAN_POINT('Ctrl Pts',(77.5618365497019,-129.926162888988,6.));
#7860=CARTESIAN_POINT('Ctrl Pts',(77.5673794482558,-129.908637842157,6.));
#7861=CARTESIAN_POINT('Ctrl Pts',(77.5732714593501,-129.891218443424,6.));
#7862=CARTESIAN_POINT('Ctrl Pts',(77.5768248628556,-129.880713006226,6.));
#7863=CARTESIAN_POINT('Ctrl Pts',(77.5805051452827,-129.870246656135,6.));
#7864=CARTESIAN_POINT('Ctrl Pts',(77.5843074675625,-129.859834837692,6.));
#7865=CARTESIAN_POINT('Ctrl Pts',(77.6026935714976,-129.809488559298,6.));
#7866=CARTESIAN_POINT('Ctrl Pts',(77.6239558975565,-129.760336806003,6.));
#7867=CARTESIAN_POINT('Ctrl Pts',(77.6480536882639,-129.712692919726,6.));
#7868=CARTESIAN_POINT('Ctrl Pts',(77.6631866599913,-129.682773430726,6.));
#7869=CARTESIAN_POINT('Ctrl Pts',(77.6794386399799,-129.653449131839,6.));
#7870=CARTESIAN_POINT('Ctrl Pts',(77.6968068830646,-129.624805217387,6.));
#7871=CARTESIAN_POINT('Ctrl Pts',(77.7031598984906,-129.614327748279,6.));
#7872=CARTESIAN_POINT('Ctrl Pts',(77.7096636999728,-129.603939254938,6.));
#7873=CARTESIAN_POINT('Ctrl Pts',(77.7163137449147,-129.593651189187,6.));
#7874=CARTESIAN_POINT('Ctrl Pts',(77.7442178280409,-129.550481700197,6.));
#7875=CARTESIAN_POINT('Ctrl Pts',(77.7746493301901,-129.509144332371,6.));
#7876=CARTESIAN_POINT('Ctrl Pts',(77.8075837672878,-129.469937517649,6.));
#7877=CARTESIAN_POINT('Ctrl Pts',(77.8259682403299,-129.448051713856,6.));
#7878=CARTESIAN_POINT('Ctrl Pts',(77.8451332330511,-129.426830447452,6.));
#7879=CARTESIAN_POINT('Ctrl Pts',(77.8650785940058,-129.406331475102,6.));
#7880=CARTESIAN_POINT('Ctrl Pts',(77.8790957044921,-129.391925300104,6.));
#7881=CARTESIAN_POINT('Ctrl Pts',(77.8934983190383,-129.377875970888,6.));
#7882=CARTESIAN_POINT('Ctrl Pts',(77.9082692868374,-129.364190986192,6.));
#7883=CARTESIAN_POINT('Origin',(76.922,-132.247,6.));
#7884=CARTESIAN_POINT('Origin',(80.422,-128.747,6.));
#7885=CARTESIAN_POINT('Origin',(78.8682076614499,-130.190548761755,0.));
#7886=CARTESIAN_POINT('Origin',(150.623343898743,-130.031246592388,7.10421172358873));
#7887=CARTESIAN_POINT('Ctrl Pts',(149.078380368143,-130.030484487081,5.85421172358873));
#7888=CARTESIAN_POINT('Ctrl Pts',(149.078080311077,-129.982554849211,5.85173115187988));
#7889=CARTESIAN_POINT('Ctrl Pts',(149.101690164973,-129.429288074115,5.82308207671211));
#7890=CARTESIAN_POINT('Ctrl Pts',(149.766928885702,-128.42850118584,5.76826449808541));
#7891=CARTESIAN_POINT('Ctrl Pts',(151.48778826943,-128.432953484098,5.68975898770864));
#7892=CARTESIAN_POINT('Ctrl Pts',(152.433344757791,-129.870641690196,5.61125347733185));
#7893=CARTESIAN_POINT('Ctrl Pts',(151.755672307487,-131.452435562552,5.53274796695508));
#7894=CARTESIAN_POINT('Ctrl Pts',(150.062490039471,-131.759639755751,5.4542424565783));
#7895=CARTESIAN_POINT('Ctrl Pts',(149.160251581328,-130.817486332324,5.39473037545618));
#7896=CARTESIAN_POINT('Ctrl Pts',(149.079674608324,-130.17178229563,5.36138679779299));
#7897=CARTESIAN_POINT('Ctrl Pts',(149.080840681141,-130.032550521925,5.35421172358873));
#7898=CARTESIAN_POINT('Ctrl Pts',(149.082024700891,-130.032441463112,5.89578827641127));
#7899=CARTESIAN_POINT('Ctrl Pts',(149.08433955811,-129.690594934319,5.87818851068966));
#7900=CARTESIAN_POINT('Ctrl Pts',(149.363123256429,-128.836077160089,5.83442024150913));
#7901=CARTESIAN_POINT('Ctrl Pts',(150.767486441527,-128.220076858996,5.76448346886966));
#7902=CARTESIAN_POINT('Ctrl Pts',(152.213451501564,-129.151930827625,5.68597795849289));
#7903=CARTESIAN_POINT('Ctrl Pts',(152.233936301672,-130.872811263369,5.6074724481161));
#7904=CARTESIAN_POINT('Ctrl Pts',(150.809737489864,-131.838748083309,5.52896693773933));
#7905=CARTESIAN_POINT('Ctrl Pts',(149.379522061552,-131.250050536093,5.45840554717105));
#7906=CARTESIAN_POINT('Ctrl Pts',(149.083989763038,-130.383891545848,5.4140126600617));
#7907=CARTESIAN_POINT('Ctrl Pts',(149.081240813651,-130.030014036626,5.39578827641127));
#7908=CARTESIAN_POINT('Ctrl Pts',(151.581460051466,-129.206035293451,6.));
#7909=CARTESIAN_POINT('Ctrl Pts',(151.852825103798,-129.52110519162,5.97383149654107));
#7910=CARTESIAN_POINT('Ctrl Pts',(152.055690079946,-130.435061751182,5.92149448962322));
#7911=CARTESIAN_POINT('Ctrl Pts',(151.076034287462,-131.450680336035,5.84298897924644));
#7912=CARTESIAN_POINT('Ctrl Pts',(149.689446122752,-131.19091826277,5.76448346886966));
#7913=CARTESIAN_POINT('Ctrl Pts',(149.140757700126,-129.892343707064,5.68597795849288));
#7914=CARTESIAN_POINT('Ctrl Pts',(149.921505412684,-128.717784786439,5.6074724481161));
#7915=CARTESIAN_POINT('Ctrl Pts',(151.331762503237,-128.721433478044,5.52896693773933));
#7916=CARTESIAN_POINT('Ctrl Pts',(152.106653092694,-129.899629678051,5.45046142736254));
#7917=CARTESIAN_POINT('Ctrl Pts',(151.551295468968,-131.195921545578,5.37195591698577));
#7918=CARTESIAN_POINT('Ctrl Pts',(150.163719981019,-131.447677671502,5.29345040660898));
#7919=CARTESIAN_POINT('Ctrl Pts',(149.188350311775,-130.429157717392,5.21494489623221));
#7920=CARTESIAN_POINT('Ctrl Pts',(149.499915044812,-129.053775487731,5.13643938585543));
#7921=CARTESIAN_POINT('Ctrl Pts',(150.818998406338,-128.555015466117,5.05793387547865));
#7922=CARTESIAN_POINT('Ctrl Pts',(151.962613718486,-129.380173255242,4.97942836510187));
#7923=CARTESIAN_POINT('Ctrl Pts',(151.90514022221,-130.789229731742,4.90092285472509));
#7924=CARTESIAN_POINT('Ctrl Pts',(150.698121213374,-131.518508607157,4.82241734434831));
#7925=CARTESIAN_POINT('Ctrl Pts',(149.424040176621,-130.913975692261,4.74391183397153));
#7926=CARTESIAN_POINT('Ctrl Pts',(149.225523208207,-129.517790267925,4.66540632359475));
#7927=CARTESIAN_POINT('Ctrl Pts',(150.28060507647,-128.582084713659,4.58690081321797));
#7928=CARTESIAN_POINT('Ctrl Pts',(151.643063263929,-128.946021969214,4.50839530284119));
#7929=CARTESIAN_POINT('Ctrl Pts',(152.091012884496,-130.283214473579,4.42988979246441));
#7930=CARTESIAN_POINT('Ctrl Pts',(151.222722065749,-131.394436188595,4.35138428208763));
#7931=CARTESIAN_POINT('Ctrl Pts',(149.81689465793,-131.283117067311,4.27287877171085));
#7932=CARTESIAN_POINT('Ctrl Pts',(149.134310101271,-130.049090741865,4.19437326133407));
#7933=CARTESIAN_POINT('Ctrl Pts',(149.787126454047,-128.799061359294,4.1158677509573));
#7934=CARTESIAN_POINT('Ctrl Pts',(151.189882491109,-128.654084987123,4.03736224058051));
#7935=CARTESIAN_POINT('Ctrl Pts',(152.084553249872,-129.744179882778,3.95885673020374));
#7936=CARTESIAN_POINT('Ctrl Pts',(151.668776724281,-131.091723028184,3.88035121982696));
#7937=CARTESIAN_POINT('Ctrl Pts',(150.315431186981,-131.488205694624,3.80184570945018));
#7938=CARTESIAN_POINT('Ctrl Pts',(149.238229089856,-130.578052800901,3.7233401990734));
#7939=CARTESIAN_POINT('Ctrl Pts',(149.403230882428,-129.177511099918,3.64483468869662));
#7940=CARTESIAN_POINT('Ctrl Pts',(150.662459034843,-128.542619684756,3.56632917831984));
#7941=CARTESIAN_POINT('Ctrl Pts',(151.886607802688,-129.242764270912,3.48782366794306));
#7942=CARTESIAN_POINT('Ctrl Pts',(151.977831470384,-130.650038547055,3.40931815756628));
#7943=CARTESIAN_POINT('Ctrl Pts',(150.854318479998,-131.502365489449,3.3308126471895));
#7944=CARTESIAN_POINT('Ctrl Pts',(149.523661999842,-131.035358026583,3.25230713681272));
#7945=CARTESIAN_POINT('Ctrl Pts',(149.179226377741,-129.66783956775,3.17380162643594));
#7946=CARTESIAN_POINT('Ctrl Pts',(150.12990970655,-128.626233147742,3.09529611605916));
#7947=CARTESIAN_POINT('Ctrl Pts',(151.523116494157,-128.844676230419,3.01679060568238));
#7948=CARTESIAN_POINT('Ctrl Pts',(152.109385945081,-130.127263731033,2.9382850953056));
#7949=CARTESIAN_POINT('Ctrl Pts',(151.362937310334,-131.323740973786,2.85977958492883));
#7950=CARTESIAN_POINT('Ctrl Pts',(149.953204251546,-131.361078114711,2.78127407455204));
#7951=CARTESIAN_POINT('Ctrl Pts',(149.144467234645,-130.205791608554,2.70276856417526));
#7952=CARTESIAN_POINT('Ctrl Pts',(149.662024356608,-128.893967121039,2.62426305379848));
#7953=CARTESIAN_POINT('Ctrl Pts',(151.041710629843,-128.602085850576,2.5457575434217));
#7954=CARTESIAN_POINT('Ctrl Pts',(152.046206427887,-129.591901527058,2.46725203304493));
#7955=CARTESIAN_POINT('Ctrl Pts',(151.774622458084,-130.975750089363,2.38874652266815));
#7956=CARTESIAN_POINT('Ctrl Pts',(150.47059294057,-131.512507696472,2.31024101229137));
#7957=CARTESIAN_POINT('Ctrl Pts',(149.303451302242,-130.720915143143,2.23173550191459));
#7958=CARTESIAN_POINT('Ctrl Pts',(149.32023872853,-129.310640761683,2.15322999153781));
#7959=CARTESIAN_POINT('Ctrl Pts',(150.505217998978,-128.546979193671,2.07472448116103));
#7960=CARTESIAN_POINT('Ctrl Pts',(151.797112165502,-129.113647117347,1.99621897078425));
#7961=CARTESIAN_POINT('Ctrl Pts',(152.034207574577,-130.504687141445,1.91771346040747));
#7962=CARTESIAN_POINT('Ctrl Pts',(151.351643155291,-131.145449659729,1.86537645348962));
#7963=CARTESIAN_POINT('Ctrl Pts',(150.949928962275,-131.252844908643,1.83920795003069));
#7964=CARTESIAN_POINT('Ctrl Pts',(151.6518001987,-129.145452362977,6.05359734998977));
#7965=CARTESIAN_POINT('Ctrl Pts',(151.943087530478,-129.483653134124,6.02742884653084));
#7966=CARTESIAN_POINT('Ctrl Pts',(152.160845849411,-130.464707862088,5.97509183961299));
#7967=CARTESIAN_POINT('Ctrl Pts',(151.109268575918,-131.554888138224,5.89658632923622));
#7968=CARTESIAN_POINT('Ctrl Pts',(149.620883968906,-131.276055618826,5.81808081885943));
#7969=CARTESIAN_POINT('Ctrl Pts',(149.031913557167,-129.882146144506,5.73957530848266));
#7970=CARTESIAN_POINT('Ctrl Pts',(149.86997990369,-128.621356919572,5.66106979810587));
#7971=CARTESIAN_POINT('Ctrl Pts',(151.383771091968,-128.625273480062,5.5825642877291));
#7972=CARTESIAN_POINT('Ctrl Pts',(152.215550314393,-129.889967015433,5.50405877735231));
#7973=CARTESIAN_POINT('Ctrl Pts',(151.619421081808,-131.281426217903,5.42555326697554));
#7974=CARTESIAN_POINT('Ctrl Pts',(150.129976667169,-131.551665032918,5.34704775659875));
#7975=CARTESIAN_POINT('Ctrl Pts',(149.083000182878,-130.458370383351,5.26854224622198));
#7976=CARTESIAN_POINT('Ctrl Pts',(149.417438457012,-128.982014395693,5.19003673584519));
#7977=CARTESIAN_POINT('Ctrl Pts',(150.833362392199,-128.446637881125,5.11153122546842));
#7978=CARTESIAN_POINT('Ctrl Pts',(152.060936282028,-129.332374672299,5.03302571509164));
#7979=CARTESIAN_POINT('Ctrl Pts',(151.999243366031,-130.84487710338,4.95452020471486));
#7980=CARTESIAN_POINT('Ctrl Pts',(150.70361099382,-131.627696025402,4.87601469433808));
#7981=CARTESIAN_POINT('Ctrl Pts',(149.335993231422,-130.978781295085,4.7975091839613));
#7982=CARTESIAN_POINT('Ctrl Pts',(149.122902129437,-129.480094845132,4.71900367358452));
#7983=CARTESIAN_POINT('Ctrl Pts',(150.255442887989,-128.475694418885,4.64049816320774));
#7984=CARTESIAN_POINT('Ctrl Pts',(151.717926014213,-128.866350147004,4.56199265283096));
#7985=CARTESIAN_POINT('Ctrl Pts',(152.198761879496,-130.301712708694,4.48348714245418));
#7986=CARTESIAN_POINT('Ctrl Pts',(151.266725445085,-131.494514823772,4.4049816320774));
#7987=CARTESIAN_POINT('Ctrl Pts',(149.757689144929,-131.375023203404,4.32647612170062));
#7988=CARTESIAN_POINT('Ctrl Pts',(149.024992607507,-130.050400771028,4.24797061132384));
#7989=CARTESIAN_POINT('Ctrl Pts',(149.725735506809,-128.708600416256,4.16946510094706));
#7990=CARTESIAN_POINT('Ctrl Pts',(151.231474951364,-128.552980596173,4.09095959057029));
#7991=CARTESIAN_POINT('Ctrl Pts',(152.191828010459,-129.723104865346,4.0124540801935));
#7992=CARTESIAN_POINT('Ctrl Pts',(151.745527229596,-131.169577960929,3.93394856981673));
#7993=CARTESIAN_POINT('Ctrl Pts',(150.292825759216,-131.595168422968,3.85544305943995));
#7994=CARTESIAN_POINT('Ctrl Pts',(149.136540814049,-130.618196607167,3.77693754906316));
#7995=CARTESIAN_POINT('Ctrl Pts',(149.313656221812,-129.114834064291,3.69843203868639));
#7996=CARTESIAN_POINT('Ctrl Pts',(150.665330674596,-128.433332062831,3.6199265283096));
#7997=CARTESIAN_POINT('Ctrl Pts',(151.979350387965,-129.18487780023,3.54142101793283));
#7998=CARTESIAN_POINT('Ctrl Pts',(152.077271245975,-130.695467190623,3.46291550755605));
#7999=CARTESIAN_POINT('Ctrl Pts',(150.871275490906,-131.610367759867,3.38440999717927));
#8000=CARTESIAN_POINT('Ctrl Pts',(149.442928795982,-131.109074919801,3.30590448680249));
#8001=CARTESIAN_POINT('Ctrl Pts',(149.073206414752,-129.641160022117,3.22739897642571));
#8002=CARTESIAN_POINT('Ctrl Pts',(150.09368420964,-128.523084012555,3.14889346604893));
#8003=CARTESIAN_POINT('Ctrl Pts',(151.589173346094,-128.757564105519,3.07038795567215));
#8004=CARTESIAN_POINT('Ctrl Pts',(152.21848379928,-130.134312834266,2.99188244529537));
#8005=CARTESIAN_POINT('Ctrl Pts',(151.417234599151,-131.418629516087,2.9133769349186));
#8006=CARTESIAN_POINT('Ctrl Pts',(149.904005914457,-131.458707765157,2.83487142454181));
#8007=CARTESIAN_POINT('Ctrl Pts',(149.035895427356,-130.218605840003,2.75636591416503));
#8008=CARTESIAN_POINT('Ctrl Pts',(149.591449032374,-128.81047368944,2.67786040378825));
#8009=CARTESIAN_POINT('Ctrl Pts',(151.072425045188,-128.49716394031,2.59935489341148));
#8010=CARTESIAN_POINT('Ctrl Pts',(152.150665954543,-129.559646986213,2.5208493830347));
#8011=CARTESIAN_POINT('Ctrl Pts',(151.859143633457,-131.045090862767,2.44234387265792));
#8012=CARTESIAN_POINT('Ctrl Pts',(150.459378721023,-131.621254557547,2.36383836228114));
#8013=CARTESIAN_POINT('Ctrl Pts',(149.206551318552,-130.771547195703,2.28533285190436));
#8014=CARTESIAN_POINT('Ctrl Pts',(149.224571194616,-129.257737447105,2.20682734152758));
#8015=CARTESIAN_POINT('Ctrl Pts',(150.496545779897,-128.438011625319,2.1283218311508));
#8016=CARTESIAN_POINT('Ctrl Pts',(151.883284423915,-129.046281504114,2.04981632077402));
#8017=CARTESIAN_POINT('Ctrl Pts',(152.137786204792,-130.539444804003,1.97131081039724));
#8018=CARTESIAN_POINT('Ctrl Pts',(151.405111283127,-131.227248935926,1.91897380347939));
#8019=CARTESIAN_POINT('Ctrl Pts',(150.973905221717,-131.342528612631,1.89280530002046));
#8020=CARTESIAN_POINT('Ctrl Pts',(151.722140345934,-129.084869432503,6.10719469997954));
#8021=CARTESIAN_POINT('Ctrl Pts',(152.033349957157,-129.446201076627,6.08102619652061));
#8022=CARTESIAN_POINT('Ctrl Pts',(152.266001618876,-130.494353972995,6.02868918960276));
#8023=CARTESIAN_POINT('Ctrl Pts',(151.142502864374,-131.659095940414,5.95018367922598));
#8024=CARTESIAN_POINT('Ctrl Pts',(149.55232181506,-131.361192974883,5.8716781688492));
#8025=CARTESIAN_POINT('Ctrl Pts',(148.923069414208,-129.871948581949,5.79317265847242));
#8026=CARTESIAN_POINT('Ctrl Pts',(149.818454394696,-128.524929052706,5.71466714809565));
#8027=CARTESIAN_POINT('Ctrl Pts',(151.435779680699,-128.52911348208,5.63616163771886));
#8028=CARTESIAN_POINT('Ctrl Pts',(152.324447536092,-129.880304352814,5.55765612734209));
#8029=CARTESIAN_POINT('Ctrl Pts',(151.687546694647,-131.366930890227,5.4791506169653));
#8030=CARTESIAN_POINT('Ctrl Pts',(150.09623335332,-131.655652394334,5.40064510658853));
#8031=CARTESIAN_POINT('Ctrl Pts',(148.977650053981,-130.487583049309,5.32213959621175));
#8032=CARTESIAN_POINT('Ctrl Pts',(149.334961869212,-128.910253303655,5.24363408583497));
#8033=CARTESIAN_POINT('Ctrl Pts',(150.84772637806,-128.338260296134,5.16512857545819));
#8034=CARTESIAN_POINT('Ctrl Pts',(152.15925884557,-129.284576089355,5.08662306508141));
#8035=CARTESIAN_POINT('Ctrl Pts',(152.093346509852,-130.900524475018,5.00811755470463));
#8036=CARTESIAN_POINT('Ctrl Pts',(150.709100774267,-131.736883443648,4.92961204432785));
#8037=CARTESIAN_POINT('Ctrl Pts',(149.247946286224,-131.04358689791,4.85110653395107));
#8038=CARTESIAN_POINT('Ctrl Pts',(149.020281050667,-129.44239942234,4.77260102357429));
#8039=CARTESIAN_POINT('Ctrl Pts',(150.230280699508,-128.369304124111,4.69409551319751));
#8040=CARTESIAN_POINT('Ctrl Pts',(151.792788764497,-128.786678324794,4.61559000282073));
#8041=CARTESIAN_POINT('Ctrl Pts',(152.306510874495,-130.32021094381,4.53708449244395));
#8042=CARTESIAN_POINT('Ctrl Pts',(151.310728824421,-131.594593458949,4.45857898206718));
#8043=CARTESIAN_POINT('Ctrl Pts',(149.698483631929,-131.466929339496,4.38007347169039));
#8044=CARTESIAN_POINT('Ctrl Pts',(148.915675113742,-130.051710800191,4.30156796131362));
#8045=CARTESIAN_POINT('Ctrl Pts',(149.664344559571,-128.618139473217,4.22306245093683));
#8046=CARTESIAN_POINT('Ctrl Pts',(151.273067411618,-128.451876205224,4.14455694056006));
#8047=CARTESIAN_POINT('Ctrl Pts',(152.299102771047,-129.702029847915,4.06605143018327));
#8048=CARTESIAN_POINT('Ctrl Pts',(151.822277734911,-131.247432893675,3.9875459198065));
#8049=CARTESIAN_POINT('Ctrl Pts',(150.270220331451,-131.702131151312,3.90904040942972));
#8050=CARTESIAN_POINT('Ctrl Pts',(149.034852538241,-130.658340413433,3.83053489905294));
#8051=CARTESIAN_POINT('Ctrl Pts',(149.224081561197,-129.052157028664,3.75202938867616));
#8052=CARTESIAN_POINT('Ctrl Pts',(150.66820231435,-128.324044440905,3.67352387829938));
#8053=CARTESIAN_POINT('Ctrl Pts',(152.072092973242,-129.126991329548,3.5950183679226));
#8054=CARTESIAN_POINT('Ctrl Pts',(152.176711021565,-130.740895834191,3.51651285754582));
#8055=CARTESIAN_POINT('Ctrl Pts',(150.888232501814,-131.718370030285,3.43800734716904));
#8056=CARTESIAN_POINT('Ctrl Pts',(149.362195592122,-131.18279181302,3.35950183679226));
#8057=CARTESIAN_POINT('Ctrl Pts',(148.967186451762,-129.614480476483,3.28099632641548));
#8058=CARTESIAN_POINT('Ctrl Pts',(150.057458712731,-128.419934877367,3.2024908160387));
#8059=CARTESIAN_POINT('Ctrl Pts',(151.655230198031,-128.670451980619,3.12398530566192));
#8060=CARTESIAN_POINT('Ctrl Pts',(152.327581653479,-130.141361937499,3.04547979528514));
#8061=CARTESIAN_POINT('Ctrl Pts',(151.471531887968,-131.513518058388,2.96697428490836));
#8062=CARTESIAN_POINT('Ctrl Pts',(149.854807577369,-131.556337415603,2.88846877453158));
#8063=CARTESIAN_POINT('Ctrl Pts',(148.927323620067,-130.231420071452,2.8099632641548));
#8064=CARTESIAN_POINT('Ctrl Pts',(149.520873708139,-128.726980257841,2.73145775377802));
#8065=CARTESIAN_POINT('Ctrl Pts',(151.103139460533,-128.392242030044,2.65295224340124));
#8066=CARTESIAN_POINT('Ctrl Pts',(152.255125481198,-129.527392445369,2.57444673302447));
#8067=CARTESIAN_POINT('Ctrl Pts',(151.94366480883,-131.114431636171,2.49594122264769));
#8068=CARTESIAN_POINT('Ctrl Pts',(150.448164501476,-131.730001418622,2.41743571227091));
#8069=CARTESIAN_POINT('Ctrl Pts',(149.109651334863,-130.822179248262,2.33893020189413));
#8070=CARTESIAN_POINT('Ctrl Pts',(149.128903660701,-129.204834132527,2.26042469151735));
#8071=CARTESIAN_POINT('Ctrl Pts',(150.487873560816,-128.329044056967,2.18191918114057));
#8072=CARTESIAN_POINT('Ctrl Pts',(151.969456682329,-128.978915890882,2.10341367076379));
#8073=CARTESIAN_POINT('Ctrl Pts',(152.241364835006,-130.57420246656,2.02490816038701));
#8074=CARTESIAN_POINT('Ctrl Pts',(151.458579410964,-131.309048212123,1.97257115346916));
#8075=CARTESIAN_POINT('Ctrl Pts',(150.997881481159,-131.432212316618,1.94640265001023));
#8076=CARTESIAN_POINT('Ctrl Pts',(151.792480493169,-129.024286502028,6.16079204996931));
#8077=CARTESIAN_POINT('Ctrl Pts',(152.123612383836,-129.40874901913,6.13462354651038));
#8078=CARTESIAN_POINT('Ctrl Pts',(152.371157388341,-130.524000083902,6.08228653959253));
#8079=CARTESIAN_POINT('Ctrl Pts',(151.17573715283,-131.763303742603,6.00378102921575));
#8080=CARTESIAN_POINT('Ctrl Pts',(149.483759661215,-131.44633033094,5.92527551883897));
#8081=CARTESIAN_POINT('Ctrl Pts',(148.814225271249,-129.861751019391,5.84677000846219));
#8082=CARTESIAN_POINT('Ctrl Pts',(149.766928885702,-128.42850118584,5.76826449808541));
#8083=CARTESIAN_POINT('Ctrl Pts',(151.48778826943,-128.432953484098,5.68975898770864));
#8084=CARTESIAN_POINT('Ctrl Pts',(152.433344757791,-129.870641690196,5.61125347733185));
#8085=CARTESIAN_POINT('Ctrl Pts',(151.755672307487,-131.452435562552,5.53274796695508));
#8086=CARTESIAN_POINT('Ctrl Pts',(150.062490039471,-131.759639755751,5.4542424565783));
#8087=CARTESIAN_POINT('Ctrl Pts',(148.872299925084,-130.516795715268,5.37573694620152));
#8088=CARTESIAN_POINT('Ctrl Pts',(149.252485281411,-128.838492211617,5.29723143582473));
#8089=CARTESIAN_POINT('Ctrl Pts',(150.862090363922,-128.229882711142,5.21872592544796));
#8090=CARTESIAN_POINT('Ctrl Pts',(152.257581409113,-129.236777506412,5.14022041507118));
#8091=CARTESIAN_POINT('Ctrl Pts',(152.187449653673,-130.956171846657,5.0617149046944));
#8092=CARTESIAN_POINT('Ctrl Pts',(150.714590554714,-131.846070861893,4.98320939431761));
#8093=CARTESIAN_POINT('Ctrl Pts',(149.159899341025,-131.108392500734,4.90470388394084));
#8094=CARTESIAN_POINT('Ctrl Pts',(148.917659971897,-129.404703999547,4.82619837356406));
#8095=CARTESIAN_POINT('Ctrl Pts',(150.205118511027,-128.262913829337,4.74769286318728));
#8096=CARTESIAN_POINT('Ctrl Pts',(151.867651514782,-128.707006502583,4.6691873528105));
#8097=CARTESIAN_POINT('Ctrl Pts',(152.414259869495,-130.338709178926,4.59068184243372));
#8098=CARTESIAN_POINT('Ctrl Pts',(151.354732203757,-131.694672094126,4.51217633205694));
#8099=CARTESIAN_POINT('Ctrl Pts',(149.639278118929,-131.558835475588,4.43367082168017));
#8100=CARTESIAN_POINT('Ctrl Pts',(148.806357619978,-130.053020829354,4.35516531130338));
#8101=CARTESIAN_POINT('Ctrl Pts',(149.602953612333,-128.527678530179,4.27665980092661));
#8102=CARTESIAN_POINT('Ctrl Pts',(151.314659871872,-128.350771814275,4.19815429054982));
#8103=CARTESIAN_POINT('Ctrl Pts',(152.406377531635,-129.680954830483,4.11964878017305));
#8104=CARTESIAN_POINT('Ctrl Pts',(151.899028240225,-131.32528782642,4.04114326979627));
#8105=CARTESIAN_POINT('Ctrl Pts',(150.247614903686,-131.809093879656,3.96263775941949));
#8106=CARTESIAN_POINT('Ctrl Pts',(148.933164262434,-130.6984842197,3.88413224904271));
#8107=CARTESIAN_POINT('Ctrl Pts',(149.134506900582,-128.989479993036,3.80562673866593));
#8108=CARTESIAN_POINT('Ctrl Pts',(150.671073954103,-128.214756818979,3.72712122828915));
#8109=CARTESIAN_POINT('Ctrl Pts',(152.164835558519,-129.069104858866,3.64861571791237));
#8110=CARTESIAN_POINT('Ctrl Pts',(152.276150797155,-130.786324477759,3.57011020753559));
#8111=CARTESIAN_POINT('Ctrl Pts',(150.905189512722,-131.826372300703,3.49160469715881));
#8112=CARTESIAN_POINT('Ctrl Pts',(149.281462388262,-131.256508706238,3.41309918678203));
#8113=CARTESIAN_POINT('Ctrl Pts',(148.861166488773,-129.587800930849,3.33459367640525));
#8114=CARTESIAN_POINT('Ctrl Pts',(150.021233215821,-128.31678574218,3.25608816602847));
#8115=CARTESIAN_POINT('Ctrl Pts',(151.721287049968,-128.583339855719,3.17758265565169));
#8116=CARTESIAN_POINT('Ctrl Pts',(152.436679507679,-130.148411040731,3.09907714527491));
#8117=CARTESIAN_POINT('Ctrl Pts',(151.525829176785,-131.608406600689,3.02057163489813));
#8118=CARTESIAN_POINT('Ctrl Pts',(149.805609240281,-131.653967066049,2.94206612452135));
#8119=CARTESIAN_POINT('Ctrl Pts',(148.818751812777,-130.244234302901,2.86356061414457));
#8120=CARTESIAN_POINT('Ctrl Pts',(149.450298383904,-128.643486826242,2.7850551037678));
#8121=CARTESIAN_POINT('Ctrl Pts',(151.133853875878,-128.287320119778,2.70654959339101));
#8122=CARTESIAN_POINT('Ctrl Pts',(152.359585007853,-129.495137904524,2.62804408301424));
#8123=CARTESIAN_POINT('Ctrl Pts',(152.028185984202,-131.183772409574,2.54953857263746));
#8124=CARTESIAN_POINT('Ctrl Pts',(150.436950281929,-131.838748279697,2.47103306226068));
#8125=CARTESIAN_POINT('Ctrl Pts',(149.012751351173,-130.872811300822,2.3925275518839));
#8126=CARTESIAN_POINT('Ctrl Pts',(149.033236126787,-129.151930817949,2.31402204150712));
#8127=CARTESIAN_POINT('Ctrl Pts',(150.479201341735,-128.220076488615,2.23551653113034));
#8128=CARTESIAN_POINT('Ctrl Pts',(152.055628940743,-128.911550277649,2.15701102075356));
#8129=CARTESIAN_POINT('Ctrl Pts',(152.344943465221,-130.608960129118,2.07850551037678));
#8130=CARTESIAN_POINT('Ctrl Pts',(151.512047538801,-131.390847488321,2.02616850345893));
#8131=CARTESIAN_POINT('Ctrl Pts',(151.021857740601,-131.521896020606,2.));
#8132=CARTESIAN_POINT('Ctrl Pts',(151.021857740601,-131.521896020606,2.));
#8133=CARTESIAN_POINT('Ctrl Pts',(151.07929520296,-131.500908608266,2.));
#8134=CARTESIAN_POINT('Ctrl Pts',(151.135169295557,-131.476303478259,2.));
#8135=CARTESIAN_POINT('Ctrl Pts',(151.189282221179,-131.448381794684,2.));
#8136=CARTESIAN_POINT('Ctrl Pts',(151.243078819575,-131.420623332532,2.));
#8137=CARTESIAN_POINT('Ctrl Pts',(151.295135469223,-131.389585946954,2.));
#8138=CARTESIAN_POINT('Ctrl Pts',(151.345225888649,-131.355520777687,2.));
#8139=CARTESIAN_POINT('Ctrl Pts',(151.383051421056,-131.329796633653,2.));
#8140=CARTESIAN_POINT('Ctrl Pts',(151.41975514169,-131.302344912188,2.));
#8141=CARTESIAN_POINT('Ctrl Pts',(151.455223858058,-131.273261937847,2.));
#8142=CARTESIAN_POINT('Ctrl Pts',(151.47363488959,-131.258165604728,2.));
#8143=CARTESIAN_POINT('Ctrl Pts',(151.491712916702,-131.242629603642,2.));
#8144=CARTESIAN_POINT('Ctrl Pts',(151.509440406882,-131.226666674459,2.));
#8145=CARTESIAN_POINT('Ctrl Pts',(151.518778309513,-131.218258249075,2.));
#8146=CARTESIAN_POINT('Ctrl Pts',(151.528020308562,-131.20972987339,2.));
#8147=CARTESIAN_POINT('Ctrl Pts',(151.537147609477,-131.201099136808,2.));
#8148=CARTESIAN_POINT('Ctrl Pts',(151.580173487062,-131.160414051575,2.));
#8149=CARTESIAN_POINT('Ctrl Pts',(151.620737096052,-131.117383874492,2.));
#8150=CARTESIAN_POINT('Ctrl Pts',(151.658630808227,-131.072249407812,2.));
#8151=CARTESIAN_POINT('Ctrl Pts',(151.695754279887,-131.028032359692,2.));
#8152=CARTESIAN_POINT('Ctrl Pts',(151.73031573467,-130.981794756431,2.));
#8153=CARTESIAN_POINT('Ctrl Pts',(151.762076883023,-130.93374003378,2.));
#8154=CARTESIAN_POINT('Ctrl Pts',(151.785066127553,-130.898957230665,2.));
#8155=CARTESIAN_POINT('Ctrl Pts',(151.806587402641,-130.863221911998,2.));
#8156=CARTESIAN_POINT('Ctrl Pts',(151.826533825735,-130.826607512418,2.));
#8157=CARTESIAN_POINT('Ctrl Pts',(151.83695757781,-130.807473283598,2.));
#8158=CARTESIAN_POINT('Ctrl Pts',(151.846950998273,-130.78809894761,2.));
#8159=CARTESIAN_POINT('Ctrl Pts',(151.85649714727,-130.768494899565,2.));
#8160=CARTESIAN_POINT('Ctrl Pts',(151.86093672934,-130.759377738266,2.));
#8161=CARTESIAN_POINT('Ctrl Pts',(151.865277297529,-130.75021540011,2.));
#8162=CARTESIAN_POINT('Ctrl Pts',(151.869514195837,-130.741016338241,2.));
#8163=CARTESIAN_POINT('Ctrl Pts',(151.892853028658,-130.69034356975,2.));
#8164=CARTESIAN_POINT('Ctrl Pts',(151.913082850271,-130.638490611021,2.));
#8165=CARTESIAN_POINT('Ctrl Pts',(151.929990811382,-130.585648807805,2.));
#8166=CARTESIAN_POINT('Ctrl Pts',(151.941301960571,-130.550298506511,2.));
#8167=CARTESIAN_POINT('Ctrl Pts',(151.951125506156,-130.514505294904,2.));
#8168=CARTESIAN_POINT('Ctrl Pts',(151.959384754497,-130.478324499423,2.));
#8169=CARTESIAN_POINT('Ctrl Pts',(151.971610102171,-130.424769649679,2.));
#8170=CARTESIAN_POINT('Ctrl Pts',(151.980409754483,-130.370364674101,2.));
#8171=CARTESIAN_POINT('Ctrl Pts',(151.985838121213,-130.315419427767,2.));
#8172=CARTESIAN_POINT('Ctrl Pts',(151.987515371401,-130.298442511995,2.));
#8173=CARTESIAN_POINT('Ctrl Pts',(151.988870457599,-130.281414107487,2.));
#8174=CARTESIAN_POINT('Ctrl Pts',(151.989904166026,-130.264343667483,2.));
#8175=CARTESIAN_POINT('Ctrl Pts',(151.99081034685,-130.249379191058,2.));
#8176=CARTESIAN_POINT('Ctrl Pts',(151.991469550623,-130.234375856856,2.));
#8177=CARTESIAN_POINT('Ctrl Pts',(151.991881625972,-130.219376074506,2.));
#8178=CARTESIAN_POINT('Ctrl Pts',(151.99341055851,-130.16372204085,2.));
#8179=CARTESIAN_POINT('Ctrl Pts',(151.991549070778,-130.108042132402,2.));
#8180=CARTESIAN_POINT('Ctrl Pts',(151.986400820114,-130.052653282107,2.));
#8181=CARTESIAN_POINT('Ctrl Pts',(151.981258678192,-129.99733015436,2.));
#8182=CARTESIAN_POINT('Ctrl Pts',(151.972837114105,-129.94229625597,2.));
#8183=CARTESIAN_POINT('Ctrl Pts',(151.961190237317,-129.887882751998,2.));
#8184=CARTESIAN_POINT('Ctrl Pts',(151.953746654032,-129.853106781066,2.));
#8185=CARTESIAN_POINT('Ctrl Pts',(151.944984704611,-129.818584576222,2.));
#8186=CARTESIAN_POINT('Ctrl Pts',(151.934909242049,-129.784409090077,2.));
#8187=CARTESIAN_POINT('Ctrl Pts',(151.929715470702,-129.766792066577,2.));
#8188=CARTESIAN_POINT('Ctrl Pts',(151.924172551971,-129.749267273926,2.));
#8189=CARTESIAN_POINT('Ctrl Pts',(151.918280471803,-129.731848158878,2.));
#8190=CARTESIAN_POINT('Ctrl Pts',(151.914727110988,-129.721343142132,2.));
#8191=CARTESIAN_POINT('Ctrl Pts',(151.911046859357,-129.71087722104,2.));
#8192=CARTESIAN_POINT('Ctrl Pts',(151.907244555991,-129.700465839255,2.));
#8193=CARTESIAN_POINT('Ctrl Pts',(151.888859057441,-129.650123079546,2.));
#8194=CARTESIAN_POINT('Ctrl Pts',(151.86759721923,-129.600974956022,2.));
#8195=CARTESIAN_POINT('Ctrl Pts',(151.843499762523,-129.5533346309,2.));
#8196=CARTESIAN_POINT('Ctrl Pts',(151.828366830085,-129.523417041246,2.));
#8197=CARTESIAN_POINT('Ctrl Pts',(151.812114803442,-129.494094628047,2.));
#8198=CARTESIAN_POINT('Ctrl Pts',(151.794746417969,-129.465452543148,2.));
#8199=CARTESIAN_POINT('Ctrl Pts',(151.788392488939,-129.454974322533,2.));
#8200=CARTESIAN_POINT('Ctrl Pts',(151.781887718256,-129.444585091622,2.));
#8201=CARTESIAN_POINT('Ctrl Pts',(151.775236656529,-129.434296314378,2.));
#8202=CARTESIAN_POINT('Ctrl Pts',(151.747331980084,-129.391129522102,2.));
#8203=CARTESIAN_POINT('Ctrl Pts',(151.716899637031,-129.34979469814,2.));
#8204=CARTESIAN_POINT('Ctrl Pts',(151.683964075156,-129.31059012385,2.));
#8205=CARTESIAN_POINT('Ctrl Pts',(151.665583223386,-129.288710628627,2.));
#8206=CARTESIAN_POINT('Ctrl Pts',(151.646422124061,-129.267495269303,2.));
#8207=CARTESIAN_POINT('Ctrl Pts',(151.626480921723,-129.247001735213,2.));
#8208=CARTESIAN_POINT('Ctrl Pts',(151.612463948498,-129.232596519632,2.));
#8209=CARTESIAN_POINT('Ctrl Pts',(151.598061449073,-129.218548059886,2.));
#8210=CARTESIAN_POINT('Ctrl Pts',(151.583290575257,-129.20486386086,2.));
#8211=CARTESIAN_POINT('Ctrl Pts',(149.359251015621,-130.032315172361,5.19341967361941));
#8212=CARTESIAN_POINT('Ctrl Pts',(149.358295410256,-130.146416648609,5.20059474782367));
#8213=CARTESIAN_POINT('Ctrl Pts',(149.372504886048,-130.26028436461,5.20776982202793));
#8214=CARTESIAN_POINT('Ctrl Pts',(149.402839378822,-130.369680671467,5.2149448962322));
#8215=CARTESIAN_POINT('Ctrl Pts',(149.513473534856,-130.768664368762,5.24111339969112));
#8216=CARTESIAN_POINT('Ctrl Pts',(149.838596757938,-131.108171020132,5.26728190315005));
#8217=CARTESIAN_POINT('Ctrl Pts',(150.232420950803,-131.235964991496,5.29345040660897));
#8218=CARTESIAN_POINT('Ctrl Pts',(150.626245143668,-131.36375896286,5.3196189100679));
#8219=CARTESIAN_POINT('Ctrl Pts',(151.088770306318,-131.279840254219,5.34578741352683));
#8220=CARTESIAN_POINT('Ctrl Pts',(151.412592491597,-131.021832255311,5.37195591698576));
#8221=CARTESIAN_POINT('Ctrl Pts',(151.736414676876,-130.763824256402,5.39812442044468));
#8222=CARTESIAN_POINT('Ctrl Pts',(151.921533884785,-130.331726967227,5.42429292390361));
#8223=CARTESIAN_POINT('Ctrl Pts',(151.884945057163,-129.919312289304,5.45046142736253));
#8224=CARTESIAN_POINT('Ctrl Pts',(151.848356229541,-129.506897611382,5.47662993082146));
#8225=CARTESIAN_POINT('Ctrl Pts',(151.590059366389,-129.114165544713,5.50279843428039));
#8226=CARTESIAN_POINT('Ctrl Pts',(151.225868086387,-128.917191396111,5.52896693773932));
#8227=CARTESIAN_POINT('Ctrl Pts',(150.861676806386,-128.720217247509,5.55513544119824));
#8228=CARTESIAN_POINT('Ctrl Pts',(150.391591109535,-128.719001016974,5.58130394465717));
#8229=CARTESIAN_POINT('Ctrl Pts',(150.026423642349,-128.91415272181,5.60747244811609));
#8230=CARTESIAN_POINT('Ctrl Pts',(149.661256175164,-129.109304426647,5.63364095157502));
#8231=CARTESIAN_POINT('Ctrl Pts',(149.401006937645,-129.500824066856,5.65980945503394));
#8232=CARTESIAN_POINT('Ctrl Pts',(149.362330389323,-129.913012979577,5.68597795849287));
#8233=CARTESIAN_POINT('Ctrl Pts',(149.358664151714,-129.952085300133,5.68845853020172));
#8234=CARTESIAN_POINT('Ctrl Pts',(149.35698887178,-129.991343345954,5.69093910191056));
#8235=CARTESIAN_POINT('Ctrl Pts',(149.357234770783,-130.030622041409,5.69341967361941));
#8236=CARTESIAN_POINT('Ctrl Pts',(150.224830056886,-131.521896020606,6.));
#8237=CARTESIAN_POINT('Ctrl Pts',(149.734640258686,-131.390847488321,5.97383149654108));
#8238=CARTESIAN_POINT('Ctrl Pts',(148.901744181108,-130.608961374828,5.92149448962322));
#8239=CARTESIAN_POINT('Ctrl Pts',(149.191058985133,-128.911550259962,5.84298897924644));
#8240=CARTESIAN_POINT('Ctrl Pts',(150.767486441527,-128.220076858996,5.76448346886966));
#8241=CARTESIAN_POINT('Ctrl Pts',(152.213451501564,-129.151930827625,5.68597795849289));
#8242=CARTESIAN_POINT('Ctrl Pts',(152.233936301672,-130.872811263369,5.6074724481161));
#8243=CARTESIAN_POINT('Ctrl Pts',(150.809737489864,-131.838748083309,5.52896693773933));
#8244=CARTESIAN_POINT('Ctrl Pts',(149.218501953771,-131.183772309312,5.45046142736255));
#8245=CARTESIAN_POINT('Ctrl Pts',(148.887102954803,-129.495137950726,5.37195591698577));
#8246=CARTESIAN_POINT('Ctrl Pts',(150.11283397248,-128.287320291239,5.29345040660899));
#8247=CARTESIAN_POINT('Ctrl Pts',(151.79638929934,-128.643486958994,5.21494489623221));
#8248=CARTESIAN_POINT('Ctrl Pts',(152.427935810669,-130.244234283021,5.13643938585543));
#8249=CARTESIAN_POINT('Ctrl Pts',(151.441078477909,-131.653966908796,5.05793387547865));
#8250=CARTESIAN_POINT('Ctrl Pts',(149.720858708082,-131.608406448374,4.97942836510187));
#8251=CARTESIAN_POINT('Ctrl Pts',(148.810008465073,-130.148411029315,4.90092285472509));
#8252=CARTESIAN_POINT('Ctrl Pts',(149.525400853708,-128.583339995757,4.82241734434831));
#8253=CARTESIAN_POINT('Ctrl Pts',(151.225454523432,-128.316785907926,4.74391183397153));
#8254=CARTESIAN_POINT('Ctrl Pts',(152.385521138341,-129.587800973735,4.66540632359475));
#8255=CARTESIAN_POINT('Ctrl Pts',(151.965225279478,-131.256508587765,4.58690081321797));
#8256=CARTESIAN_POINT('Ctrl Pts',(150.341498312018,-131.826372127139,4.50839530284119));
#8257=CARTESIAN_POINT('Ctrl Pts',(148.970537160137,-130.786324404751,4.42988979246442));
#8258=CARTESIAN_POINT('Ctrl Pts',(149.081852388011,-129.069104951894,4.35138428208763));
#8259=CARTESIAN_POINT('Ctrl Pts',(150.575613847998,-128.214756994611,4.27287877171085));
#8260=CARTESIAN_POINT('Ctrl Pts',(152.112180752953,-128.989480093762,4.19437326133407));
#8261=CARTESIAN_POINT('Ctrl Pts',(152.313523371633,-130.698484155186,4.1158677509573));
#8262=CARTESIAN_POINT('Ctrl Pts',(150.999072857472,-131.80909370776,4.03736224058051));
#8263=CARTESIAN_POINT('Ctrl Pts',(149.347659680604,-131.325287701302,3.95885673020374));
#8264=CARTESIAN_POINT('Ctrl Pts',(148.84031043825,-129.680954864352,3.88035121982695));
#8265=CARTESIAN_POINT('Ctrl Pts',(149.932027992457,-128.350771976756,3.80184570945018));
#8266=CARTESIAN_POINT('Ctrl Pts',(151.643734086495,-128.527678675555,3.7233401990734));
#8267=CARTESIAN_POINT('Ctrl Pts',(152.440330001829,-130.053020827249,3.64483468869662));
#8268=CARTESIAN_POINT('Ctrl Pts',(151.607409583411,-131.55883532789,3.56632917831984));
#8269=CARTESIAN_POINT('Ctrl Pts',(149.891955664447,-131.694671933292,3.48782366794306));
#8270=CARTESIAN_POINT('Ctrl Pts',(148.832428101151,-130.3387091492,3.40931815756628));
#8271=CARTESIAN_POINT('Ctrl Pts',(149.379036403014,-128.707006630618,3.3308126471895));
#8272=CARTESIAN_POINT('Ctrl Pts',(151.041569246022,-128.262914000319,3.25230713681272));
#8273=CARTESIAN_POINT('Ctrl Pts',(152.329027660672,-129.404704060113,3.17380162643594));
#8274=CARTESIAN_POINT('Ctrl Pts',(152.086788314963,-131.108392396614,3.09529611605916));
#8275=CARTESIAN_POINT('Ctrl Pts',(150.532097251598,-131.846070686368,3.01679060568238));
#8276=CARTESIAN_POINT('Ctrl Pts',(149.059238295041,-130.956171757336,2.9382850953056));
#8277=CARTESIAN_POINT('Ctrl Pts',(148.989106546385,-129.236777583013,2.85977958492882));
#8278=CARTESIAN_POINT('Ctrl Pts',(150.384597456657,-128.229882885737,2.78127407455204));
#8279=CARTESIAN_POINT('Ctrl Pts',(151.994202383493,-128.838492326103,2.70276856417526));
#8280=CARTESIAN_POINT('Ctrl Pts',(152.374387703221,-130.516795669964,2.62426305379848));
#8281=CARTESIAN_POINT('Ctrl Pts',(151.184197703434,-131.759639585435,2.54575754342171));
#8282=CARTESIAN_POINT('Ctrl Pts',(149.491015600422,-131.452435431318,2.46725203304493));
#8283=CARTESIAN_POINT('Ctrl Pts',(148.813343212252,-129.870641693871,2.38874652266815));
#8284=CARTESIAN_POINT('Ctrl Pts',(149.758899617484,-128.432953660823,2.31024101229137));
#8285=CARTESIAN_POINT('Ctrl Pts',(151.479758813391,-128.42850129828,2.23173550191459));
#8286=CARTESIAN_POINT('Ctrl Pts',(152.432462381054,-129.861751106696,2.15322999153781));
#8287=CARTESIAN_POINT('Ctrl Pts',(151.76292791583,-131.446330032964,2.07472448116103));
#8288=CARTESIAN_POINT('Ctrl Pts',(150.070950760691,-131.763303684875,1.99621897078425));
#8289=CARTESIAN_POINT('Ctrl Pts',(148.875529582374,-130.523999139926,1.91771346040747));
#8290=CARTESIAN_POINT('Ctrl Pts',(149.123075413651,-129.408749019131,1.86537645348962));
#8291=CARTESIAN_POINT('Ctrl Pts',(149.454207304318,-129.024286502028,1.83920795003069));
#8292=CARTESIAN_POINT('Ctrl Pts',(150.248806316328,-131.432212316618,6.05359734998977));
#8293=CARTESIAN_POINT('Ctrl Pts',(149.788108386523,-131.309048212123,6.02742884653085));
#8294=CARTESIAN_POINT('Ctrl Pts',(149.005322820418,-130.574203637323,5.97509183961299));
#8295=CARTESIAN_POINT('Ctrl Pts',(149.277231235822,-128.978915874259,5.89658632923622));
#8296=CARTESIAN_POINT('Ctrl Pts',(150.758814223302,-128.329044405065,5.81808081885943));
#8297=CARTESIAN_POINT('Ctrl Pts',(152.117783977825,-129.204834141621,5.73957530848265));
#8298=CARTESIAN_POINT('Ctrl Pts',(152.137036326685,-130.822179213063,5.66106979810587));
#8299=CARTESIAN_POINT('Ctrl Pts',(150.798523271862,-131.730001234049,5.58256428772909));
#8300=CARTESIAN_POINT('Ctrl Pts',(149.303023120691,-131.11443154194,5.50405877735232));
#8301=CARTESIAN_POINT('Ctrl Pts',(148.991562471521,-129.527392488791,5.42555326697554));
#8302=CARTESIAN_POINT('Ctrl Pts',(150.143548384764,-128.392242191189,5.34704775659876));
#8303=CARTESIAN_POINT('Ctrl Pts',(151.725813981978,-128.726980382606,5.26854224622198));
#8304=CARTESIAN_POINT('Ctrl Pts',(152.319364013851,-130.231420052768,5.1900367358452));
#8305=CARTESIAN_POINT('Ctrl Pts',(151.391880145591,-131.556337267811,5.11153122546842));
#8306=CARTESIAN_POINT('Ctrl Pts',(149.775155991642,-131.513517915237,5.03302571509164));
#8307=CARTESIAN_POINT('Ctrl Pts',(148.919106308727,-130.14136192677,4.95452020471486));
#8308=CARTESIAN_POINT('Ctrl Pts',(149.591457699256,-128.670452112232,4.87601469433808));
#8309=CARTESIAN_POINT('Ctrl Pts',(151.189229030026,-128.419935033141,4.7975091839613));
#8310=CARTESIAN_POINT('Ctrl Pts',(152.279501185602,-129.614480516789,4.71900367358452));
#8311=CARTESIAN_POINT('Ctrl Pts',(151.884492083424,-131.182791701674,4.64049816320774));
#8312=CARTESIAN_POINT('Ctrl Pts',(150.358455321286,-131.718369867163,4.56199265283096));
#8313=CARTESIAN_POINT('Ctrl Pts',(149.069976926112,-130.740895765576,4.48348714245419));
#8314=CARTESIAN_POINT('Ctrl Pts',(149.174594964321,-129.126991416979,4.4049816320774));
#8315=CARTESIAN_POINT('Ctrl Pts',(150.578485487474,-128.32404460597,4.32647612170063));
#8316=CARTESIAN_POINT('Ctrl Pts',(152.022606100998,-129.052157123329,4.24797061132384));
#8317=CARTESIAN_POINT('Ctrl Pts',(152.211835105658,-130.658340352801,4.16946510094707));
#8318=CARTESIAN_POINT('Ctrl Pts',(150.976467431893,-131.702130989758,4.09095959057028));
#8319=CARTESIAN_POINT('Ctrl Pts',(149.424410178498,-131.247432776084,4.01245408019351));
#8320=CARTESIAN_POINT('Ctrl Pts',(148.947585188465,-129.702029879746,3.93394856981673));
#8321=CARTESIAN_POINT('Ctrl Pts',(149.973620448689,-128.45187635793,3.85544305943995));
#8322=CARTESIAN_POINT('Ctrl Pts',(151.582343145192,-128.618139609847,3.77693754906317));
#8323=CARTESIAN_POINT('Ctrl Pts',(152.331012518634,-130.051710798212,3.69843203868639));
#8324=CARTESIAN_POINT('Ctrl Pts',(151.548204076135,-131.466929200683,3.61992652830961));
#8325=CARTESIAN_POINT('Ctrl Pts',(149.935959039528,-131.594593307792,3.54142101793283));
#8326=CARTESIAN_POINT('Ctrl Pts',(148.940177085733,-130.320210915873,3.46291550755605));
#8327=CARTESIAN_POINT('Ctrl Pts',(149.453899146061,-128.786678445125,3.38440999717927));
#8328=CARTESIAN_POINT('Ctrl Pts',(151.016407059974,-128.369304284806,3.30590448680249));
#8329=CARTESIAN_POINT('Ctrl Pts',(152.226406591824,-129.442399479261,3.22739897642571));
#8330=CARTESIAN_POINT('Ctrl Pts',(151.998741378278,-131.043586800054,3.14889346604893));
#8331=CARTESIAN_POINT('Ctrl Pts',(150.537587031514,-131.736883278683,3.07038795567215));
#8332=CARTESIAN_POINT('Ctrl Pts',(149.153341429764,-130.900524391071,2.99188244529537));
#8333=CARTESIAN_POINT('Ctrl Pts',(149.087429100421,-129.284576161348,2.91337693491859));
#8334=CARTESIAN_POINT('Ctrl Pts',(150.398961441129,-128.338260460224,2.83487142454181));
#8335=CARTESIAN_POINT('Ctrl Pts',(151.911725803669,-128.910253411254,2.75636591416504));
#8336=CARTESIAN_POINT('Ctrl Pts',(152.269037584503,-130.487583006731,2.67786040378825));
#8337=CARTESIAN_POINT('Ctrl Pts',(151.150454392869,-131.655652234266,2.59935489341148));
#8338=CARTESIAN_POINT('Ctrl Pts',(149.559141206619,-131.366930766889,2.52084938303469));
#8339=CARTESIAN_POINT('Ctrl Pts',(148.922240423569,-129.880304356269,2.44234387265792));
#8340=CARTESIAN_POINT('Ctrl Pts',(149.810908200835,-128.529113648172,2.36383836228114));
#8341=CARTESIAN_POINT('Ctrl Pts',(151.428233310317,-128.524929158381,2.28533285190436));
#8342=CARTESIAN_POINT('Ctrl Pts',(152.32361824683,-129.871948664001,2.20682734152758));
#8343=CARTESIAN_POINT('Ctrl Pts',(151.694365775247,-131.361192694835,2.1283218311508));
#8344=CARTESIAN_POINT('Ctrl Pts',(150.104185042166,-131.659095886159,2.04981632077402));
#8345=CARTESIAN_POINT('Ctrl Pts',(148.980685401581,-130.494353085813,1.97131081039724));
#8346=CARTESIAN_POINT('Ctrl Pts',(149.21333784033,-129.446201076627,1.91897380347939));
#8347=CARTESIAN_POINT('Ctrl Pts',(149.524547451552,-129.084869432503,1.89280530002046));
#8348=CARTESIAN_POINT('Ctrl Pts',(150.27278257577,-131.342528612631,6.10719469997954));
#8349=CARTESIAN_POINT('Ctrl Pts',(149.841576514359,-131.227248935926,6.08102619652062));
#8350=CARTESIAN_POINT('Ctrl Pts',(149.108901459727,-130.539445899818,6.02868918960276));
#8351=CARTESIAN_POINT('Ctrl Pts',(149.363403486511,-129.046281488556,5.95018367922599));
#8352=CARTESIAN_POINT('Ctrl Pts',(150.750142005076,-128.438011951133,5.87167816884921));
#8353=CARTESIAN_POINT('Ctrl Pts',(152.022116454087,-129.257737455617,5.79317265847242));
#8354=CARTESIAN_POINT('Ctrl Pts',(152.040136351698,-130.771547162756,5.71466714809565));
#8355=CARTESIAN_POINT('Ctrl Pts',(150.787309053861,-131.62125438479,5.63616163771886));
#8356=CARTESIAN_POINT('Ctrl Pts',(149.387544287612,-131.045090774569,5.55765612734209));
#8357=CARTESIAN_POINT('Ctrl Pts',(149.096021988239,-129.559647026856,5.47915061696531));
#8358=CARTESIAN_POINT('Ctrl Pts',(150.174262797048,-128.497164091139,5.40064510658853));
#8359=CARTESIAN_POINT('Ctrl Pts',(151.655238664617,-128.810473806218,5.32213959621175));
#8360=CARTESIAN_POINT('Ctrl Pts',(152.210792217032,-130.218605822515,5.24363408583497));
#8361=CARTESIAN_POINT('Ctrl Pts',(151.342681813274,-131.458707626826,5.16512857545819));
#8362=CARTESIAN_POINT('Ctrl Pts',(149.829453275202,-131.4186293821,5.08662306508141));
#8363=CARTESIAN_POINT('Ctrl Pts',(149.028204152382,-130.134312824224,5.00811755470463));
#8364=CARTESIAN_POINT('Ctrl Pts',(149.657514544805,-128.757564228706,4.92961204432785));
#8365=CARTESIAN_POINT('Ctrl Pts',(151.153003536621,-128.523084158357,4.85110653395107));
#8366=CARTESIAN_POINT('Ctrl Pts',(152.173481232863,-129.641160059842,4.77260102357429));
#8367=CARTESIAN_POINT('Ctrl Pts',(151.80375888737,-131.109074815584,4.69409551319751));
#8368=CARTESIAN_POINT('Ctrl Pts',(150.375412330554,-131.610367607188,4.61559000282073));
#8369=CARTESIAN_POINT('Ctrl Pts',(149.169416692088,-130.6954671264,4.53708449244396));
#8370=CARTESIAN_POINT('Ctrl Pts',(149.267337540631,-129.184877882064,4.45857898206717));
#8371=CARTESIAN_POINT('Ctrl Pts',(150.58135712695,-128.433332217329,4.3800734716904));
#8372=CARTESIAN_POINT('Ctrl Pts',(151.933031449044,-129.114834152897,4.30156796131361));
#8373=CARTESIAN_POINT('Ctrl Pts',(152.110146839682,-130.618196550416,4.22306245093684));
#8374=CARTESIAN_POINT('Ctrl Pts',(150.953862006314,-131.595168271756,4.14455694056005));
#8375=CARTESIAN_POINT('Ctrl Pts',(149.501160676392,-131.169577850867,4.06605143018328));
#8376=CARTESIAN_POINT('Ctrl Pts',(149.054859938681,-129.72310489514,3.98754591980649));
#8377=CARTESIAN_POINT('Ctrl Pts',(150.015212904922,-128.552980739103,3.90904040942972));
#8378=CARTESIAN_POINT('Ctrl Pts',(151.52095220389,-128.708600544139,3.83053489905294));
#8379=CARTESIAN_POINT('Ctrl Pts',(152.221695035439,-130.050400769176,3.75202938867616));
#8380=CARTESIAN_POINT('Ctrl Pts',(151.488998568859,-131.375023073477,3.67352387829938));
#8381=CARTESIAN_POINT('Ctrl Pts',(149.979962414609,-131.494514682291,3.5950183679226));
#8382=CARTESIAN_POINT('Ctrl Pts',(149.047926070315,-130.301712682545,3.51651285754582));
#8383=CARTESIAN_POINT('Ctrl Pts',(149.528761889107,-128.866350259632,3.43800734716904));
#8384=CARTESIAN_POINT('Ctrl Pts',(150.991244873926,-128.475694569294,3.35950183679226));
#8385=CARTESIAN_POINT('Ctrl Pts',(152.123785522977,-129.48009489841,3.28099632641548));
#8386=CARTESIAN_POINT('Ctrl Pts',(151.910694441592,-130.978781203494,3.2024908160387));
#8387=CARTESIAN_POINT('Ctrl Pts',(150.54307681143,-131.627695870998,3.12398530566192));
#8388=CARTESIAN_POINT('Ctrl Pts',(149.247444564487,-130.844877024807,3.04547979528514));
#8389=CARTESIAN_POINT('Ctrl Pts',(149.185751654457,-129.332374739682,2.96697428490836));
#8390=CARTESIAN_POINT('Ctrl Pts',(150.413325425601,-128.446638034711,2.88846877453158));
#8391=CARTESIAN_POINT('Ctrl Pts',(151.829249223846,-128.982014496404,2.80996326415481));
#8392=CARTESIAN_POINT('Ctrl Pts',(152.163687465784,-130.458370343499,2.73145775377802));
#8393=CARTESIAN_POINT('Ctrl Pts',(151.116711082303,-131.551664883096,2.65295224340125));
#8394=CARTESIAN_POINT('Ctrl Pts',(149.627266812815,-131.28142610246,2.57444673302447));
#8395=CARTESIAN_POINT('Ctrl Pts',(149.031137634887,-129.889967018666,2.49594122264769));
#8396=CARTESIAN_POINT('Ctrl Pts',(149.862916784185,-128.625273635522,2.41743571227091));
#8397=CARTESIAN_POINT('Ctrl Pts',(151.376707807243,-128.621357018482,2.33893020189413));
#8398=CARTESIAN_POINT('Ctrl Pts',(152.214774112606,-129.882146221306,2.26042469151735));
#8399=CARTESIAN_POINT('Ctrl Pts',(151.625803634664,-131.276055356705,2.18191918114057));
#8400=CARTESIAN_POINT('Ctrl Pts',(150.137419323641,-131.554888087443,2.10341367076379));
#8401=CARTESIAN_POINT('Ctrl Pts',(149.085841220788,-130.4647070317,2.02490816038701));
#8402=CARTESIAN_POINT('Ctrl Pts',(149.303600267009,-129.483653134124,1.97257115346916));
#8403=CARTESIAN_POINT('Ctrl Pts',(149.594887598787,-129.145452362977,1.94640265001023));
#8404=CARTESIAN_POINT('Ctrl Pts',(150.296758835212,-131.252844908643,6.16079204996931));
#8405=CARTESIAN_POINT('Ctrl Pts',(149.895044642196,-131.145449659729,6.13462354651039));
#8406=CARTESIAN_POINT('Ctrl Pts',(149.212480099036,-130.504688162314,6.08228653959253));
#8407=CARTESIAN_POINT('Ctrl Pts',(149.449575737201,-129.113647102853,6.00378102921576));
#8408=CARTESIAN_POINT('Ctrl Pts',(150.741469786851,-128.546979497201,5.92527551883897));
#8409=CARTESIAN_POINT('Ctrl Pts',(151.926448930349,-129.310640769613,5.84677000846219));
#8410=CARTESIAN_POINT('Ctrl Pts',(151.94323637671,-130.72091511245,5.76826449808542));
#8411=CARTESIAN_POINT('Ctrl Pts',(150.77609483586,-131.512507535531,5.68975898770863));
#8412=CARTESIAN_POINT('Ctrl Pts',(149.472065454532,-130.975750007197,5.61125347733185));
#8413=CARTESIAN_POINT('Ctrl Pts',(149.200481504957,-129.591901564921,5.53274796695508));
#8414=CARTESIAN_POINT('Ctrl Pts',(150.204977209333,-128.60208599109,5.45424245657829));
#8415=CARTESIAN_POINT('Ctrl Pts',(151.584663347255,-128.89396722983,5.37573694620152));
#8416=CARTESIAN_POINT('Ctrl Pts',(152.102220420214,-130.205791592262,5.29723143582474));
#8417=CARTESIAN_POINT('Ctrl Pts',(151.293483480956,-131.361077985841,5.21872592544796));
#8418=CARTESIAN_POINT('Ctrl Pts',(149.883750558762,-131.323740848963,5.14022041507118));
#8419=CARTESIAN_POINT('Ctrl Pts',(149.137301996037,-130.127263721678,5.0617149046944));
#8420=CARTESIAN_POINT('Ctrl Pts',(149.723571390353,-128.844676345181,4.98320939431762));
#8421=CARTESIAN_POINT('Ctrl Pts',(151.116778043215,-128.626233283572,4.90470388394084));
#8422=CARTESIAN_POINT('Ctrl Pts',(152.067461280124,-129.667839602896,4.82619837356406));
#8423=CARTESIAN_POINT('Ctrl Pts',(151.723025691315,-131.035357929494,4.74769286318728));
#8424=CARTESIAN_POINT('Ctrl Pts',(150.392369339823,-131.502365347212,4.6691873528105));
#8425=CARTESIAN_POINT('Ctrl Pts',(149.268856458064,-130.650038487225,4.59068184243372));
#8426=CARTESIAN_POINT('Ctrl Pts',(149.360080116941,-129.242764347149,4.51217633205694));
#8427=CARTESIAN_POINT('Ctrl Pts',(150.584228766425,-128.542619828688,4.43367082168017));
#8428=CARTESIAN_POINT('Ctrl Pts',(151.843456797089,-129.177511182464,4.35516531130338));
#8429=CARTESIAN_POINT('Ctrl Pts',(152.008458573707,-130.578052748031,4.27665980092661));
#8430=CARTESIAN_POINT('Ctrl Pts',(150.931256580735,-131.488205553754,4.19815429054982));
#8431=CARTESIAN_POINT('Ctrl Pts',(149.577911174287,-131.091722925649,4.11964878017305));
#8432=CARTESIAN_POINT('Ctrl Pts',(149.162134688896,-129.744179910534,4.04114326979626));
#8433=CARTESIAN_POINT('Ctrl Pts',(150.056805361155,-128.654085120277,3.96263775941949));
#8434=CARTESIAN_POINT('Ctrl Pts',(151.459561262587,-128.799061478431,3.88413224904271));
#8435=CARTESIAN_POINT('Ctrl Pts',(152.112377552244,-130.04909074014,3.80562673866593));
#8436=CARTESIAN_POINT('Ctrl Pts',(151.429793061583,-131.283116946271,3.72712122828915));
#8437=CARTESIAN_POINT('Ctrl Pts',(150.023965789691,-131.39443605679,3.64861571791237));
#8438=CARTESIAN_POINT('Ctrl Pts',(149.155675054897,-130.283214449218,3.57011020753559));
#8439=CARTESIAN_POINT('Ctrl Pts',(149.603624632153,-128.946022074139,3.49160469715881));
#8440=CARTESIAN_POINT('Ctrl Pts',(150.966082687878,-128.582084853781,3.41309918678203));
#8441=CARTESIAN_POINT('Ctrl Pts',(152.021164454129,-129.517790317558,3.33459367640525));
#8442=CARTESIAN_POINT('Ctrl Pts',(151.822647504907,-130.913975606934,3.25608816602847));
#8443=CARTESIAN_POINT('Ctrl Pts',(150.548566591345,-131.518508463313,3.17758265565169));
#8444=CARTESIAN_POINT('Ctrl Pts',(149.341547699209,-130.789229658542,3.09907714527491));
#8445=CARTESIAN_POINT('Ctrl Pts',(149.284074208493,-129.380173318017,3.02057163489813));
#8446=CARTESIAN_POINT('Ctrl Pts',(150.427689410073,-128.555015609199,2.94206612452135));
#8447=CARTESIAN_POINT('Ctrl Pts',(151.746772644022,-129.053775581554,2.86356061414457));
#8448=CARTESIAN_POINT('Ctrl Pts',(152.058337347066,-130.429157680266,2.7850551037678));
#8449=CARTESIAN_POINT('Ctrl Pts',(151.082967771738,-131.447677531927,2.70654959339102));
#8450=CARTESIAN_POINT('Ctrl Pts',(149.695392419011,-131.195921438031,2.62804408301423));
#8451=CARTESIAN_POINT('Ctrl Pts',(149.140034846204,-129.899629681063,2.54953857263746));
#8452=CARTESIAN_POINT('Ctrl Pts',(149.914925367536,-128.721433622871,2.47103306226068));
#8453=CARTESIAN_POINT('Ctrl Pts',(151.325182304169,-128.717784878584,2.3925275518839));
#8454=CARTESIAN_POINT('Ctrl Pts',(152.105929978381,-129.892343778611,2.31402204150712));
#8455=CARTESIAN_POINT('Ctrl Pts',(151.557241494081,-131.190918018576,2.23551653113034));
#8456=CARTESIAN_POINT('Ctrl Pts',(150.170653605116,-131.450680288726,2.15701102075356));
#8457=CARTESIAN_POINT('Ctrl Pts',(149.190997039995,-130.435060977587,2.07850551037678));
#8458=CARTESIAN_POINT('Ctrl Pts',(149.393862693688,-129.521105191621,2.02616850345893));
#8459=CARTESIAN_POINT('Ctrl Pts',(149.665227746021,-129.206035293451,2.));
#8460=CARTESIAN_POINT('Ctrl Pts',(149.665227746021,-129.206035293451,2.));
#8461=CARTESIAN_POINT('Ctrl Pts',(149.628364565607,-129.240460604843,2.));
#8462=CARTESIAN_POINT('Ctrl Pts',(149.593880309916,-129.277125842237,2.));
#8463=CARTESIAN_POINT('Ctrl Pts',(149.561776380292,-129.315710758481,2.));
#8464=CARTESIAN_POINT('Ctrl Pts',(149.528229042392,-129.356030471308,2.));
#8465=CARTESIAN_POINT('Ctrl Pts',(149.497280264455,-129.398446818985,2.));
#8466=CARTESIAN_POINT('Ctrl Pts',(149.46895968667,-129.442644106981,2.));
#8467=CARTESIAN_POINT('Ctrl Pts',(149.446237569397,-129.478104399091,2.));
#8468=CARTESIAN_POINT('Ctrl Pts',(149.425207714974,-129.514712265302,2.));
#8469=CARTESIAN_POINT('Ctrl Pts',(149.405901691779,-129.552322625194,2.));
#8470=CARTESIAN_POINT('Ctrl Pts',(149.397769834764,-129.568164420567,2.));
#8471=CARTESIAN_POINT('Ctrl Pts',(149.389944005132,-129.584184239492,2.));
#8472=CARTESIAN_POINT('Ctrl Pts',(149.382427441662,-129.600371874811,2.));
#8473=CARTESIAN_POINT('Ctrl Pts',(149.378110760904,-129.60966825795,2.));
#8474=CARTESIAN_POINT('Ctrl Pts',(149.373895838613,-129.619020828888,2.));
#8475=CARTESIAN_POINT('Ctrl Pts',(149.369789743528,-129.628412337693,2.));
#8476=CARTESIAN_POINT('Ctrl Pts',(149.347984313286,-129.678285973313,2.));
#8477=CARTESIAN_POINT('Ctrl Pts',(149.329198424522,-129.729352730781,2.));
#8478=CARTESIAN_POINT('Ctrl Pts',(149.313458866372,-129.781280568649,2.));
#8479=CARTESIAN_POINT('Ctrl Pts',(149.297427869236,-129.834169919939,2.));
#8480=CARTESIAN_POINT('Ctrl Pts',(149.284556465853,-129.887953459647,2.));
#8481=CARTESIAN_POINT('Ctrl Pts',(149.274913661864,-129.942314976105,2.));
#8482=CARTESIAN_POINT('Ctrl Pts',(149.268015380616,-129.981204186133,2.));
#8483=CARTESIAN_POINT('Ctrl Pts',(149.262770233308,-130.02038996142,2.));
#8484=CARTESIAN_POINT('Ctrl Pts',(149.259218494592,-130.059762920941,2.));
#8485=CARTESIAN_POINT('Ctrl Pts',(149.257712292615,-130.076459990812,2.));
#8486=CARTESIAN_POINT('Ctrl Pts',(149.256510796207,-130.093190766897,2.));
#8487=CARTESIAN_POINT('Ctrl Pts',(149.255617831101,-130.109947037838,2.));
#8488=CARTESIAN_POINT('Ctrl Pts',(149.255086679722,-130.119913963033,2.));
#8489=CARTESIAN_POINT('Ctrl Pts',(149.254665042958,-130.129884527213,2.));
#8490=CARTESIAN_POINT('Ctrl Pts',(149.254353521627,-130.139849131903,2.));
#8491=CARTESIAN_POINT('Ctrl Pts',(149.25257745498,-130.196660015396,2.));
#8492=CARTESIAN_POINT('Ctrl Pts',(149.254372651579,-130.253352057437,2.));
#8493=CARTESIAN_POINT('Ctrl Pts',(149.259798215453,-130.309592158553,2.));
#8494=CARTESIAN_POINT('Ctrl Pts',(149.263139094556,-130.344222914533,2.));
#8495=CARTESIAN_POINT('Ctrl Pts',(149.267857370641,-130.378682857577,2.));
#8496=CARTESIAN_POINT('Ctrl Pts',(149.273976196994,-130.412897300006,2.));
#8497=CARTESIAN_POINT('Ctrl Pts',(149.283652895346,-130.467006179649,2.));
#8498=CARTESIAN_POINT('Ctrl Pts',(149.296829586832,-130.52050154697,2.));
#8499=CARTESIAN_POINT('Ctrl Pts',(149.313280542105,-130.573179328312,2.));
#8500=CARTESIAN_POINT('Ctrl Pts',(149.318199004373,-130.588928789396,2.));
#8501=CARTESIAN_POINT('Ctrl Pts',(149.323410496668,-130.604605135985,2.));
#8502=CARTESIAN_POINT('Ctrl Pts',(149.328909858355,-130.620202779533,2.));
#8503=CARTESIAN_POINT('Ctrl Pts',(149.333996384152,-130.634629511362,2.));
#8504=CARTESIAN_POINT('Ctrl Pts',(149.339331811421,-130.648995144229,2.));
#8505=CARTESIAN_POINT('Ctrl Pts',(149.344898451478,-130.663261069951,2.));
#8506=CARTESIAN_POINT('Ctrl Pts',(149.365527744118,-130.716128859769,2.));
#8507=CARTESIAN_POINT('Ctrl Pts',(149.389349684304,-130.767697588833,2.));
#8508=CARTESIAN_POINT('Ctrl Pts',(149.416081643325,-130.817757196076,2.));
#8509=CARTESIAN_POINT('Ctrl Pts',(149.4434427556,-130.868994987259,2.));
#8510=CARTESIAN_POINT('Ctrl Pts',(149.473852820656,-130.918652690814,2.));
#8511=CARTESIAN_POINT('Ctrl Pts',(149.507064092345,-130.966499380967,2.));
#8512=CARTESIAN_POINT('Ctrl Pts',(149.527224478702,-130.995543970661,2.));
#8513=CARTESIAN_POINT('Ctrl Pts',(149.548418133093,-131.023921050872,2.));
#8514=CARTESIAN_POINT('Ctrl Pts',(149.570598332007,-131.051575748298,2.));
#8515=CARTESIAN_POINT('Ctrl Pts',(149.582811930513,-131.066803897175,2.));
#8516=CARTESIAN_POINT('Ctrl Pts',(149.595324777087,-131.081812952392,2.));
#8517=CARTESIAN_POINT('Ctrl Pts',(149.608129821555,-131.09659327574,2.));
#8518=CARTESIAN_POINT('Ctrl Pts',(149.615839565101,-131.105492307902,2.));
#8519=CARTESIAN_POINT('Ctrl Pts',(149.623656610462,-131.114309919388,2.));
#8520=CARTESIAN_POINT('Ctrl Pts',(149.631575147956,-131.123039145289,2.));
#8521=CARTESIAN_POINT('Ctrl Pts',(149.672158076196,-131.167776894978,2.));
#8522=CARTESIAN_POINT('Ctrl Pts',(149.715276429347,-131.210057176612,2.));
#8523=CARTESIAN_POINT('Ctrl Pts',(149.760670689275,-131.249629910532,2.));
#8524=CARTESIAN_POINT('Ctrl Pts',(149.790182390952,-131.275356923592,2.));
#8525=CARTESIAN_POINT('Ctrl Pts',(149.820657086471,-131.299939274783,2.));
#8526=CARTESIAN_POINT('Ctrl Pts',(149.852033631855,-131.32330222172,2.));
#8527=CARTESIAN_POINT('Ctrl Pts',(149.865025964074,-131.332976300383,2.));
#8528=CARTESIAN_POINT('Ctrl Pts',(149.878173013901,-131.342441229807,2.));
#8529=CARTESIAN_POINT('Ctrl Pts',(149.891470784985,-131.351691377411,2.));
#8530=CARTESIAN_POINT('Ctrl Pts',(149.901190557227,-131.358452610354,2.));
#8531=CARTESIAN_POINT('Ctrl Pts',(149.910989909319,-131.365098332619,2.));
#8532=CARTESIAN_POINT('Ctrl Pts',(149.920858835395,-131.371621036425,2.));
#8533=CARTESIAN_POINT('Ctrl Pts',(149.971585090796,-131.405147717709,2.));
#8534=CARTESIAN_POINT('Ctrl Pts',(150.024204455978,-131.43546783377,2.));
#8535=CARTESIAN_POINT('Ctrl Pts',(150.078481503633,-131.462315273612,2.));
#8536=CARTESIAN_POINT('Ctrl Pts',(150.103866106915,-131.474871439413,2.));
#8537=CARTESIAN_POINT('Ctrl Pts',(150.1296138607,-131.486667563278,2.));
#8538=CARTESIAN_POINT('Ctrl Pts',(150.155703350789,-131.497673520012,2.));
#8539=CARTESIAN_POINT('Ctrl Pts',(150.178152900864,-131.507143953355,2.));
#8540=CARTESIAN_POINT('Ctrl Pts',(150.200855514174,-131.516029301172,2.));
#8541=CARTESIAN_POINT('Ctrl Pts',(150.223790021342,-131.524335286542,2.));
#8542=CARTESIAN_POINT('Ctrl Pts',(149.359578927195,-130.030236503755,5.55658032638059));
#8543=CARTESIAN_POINT('Ctrl Pts',(149.358596924709,-129.903821446597,5.54863620657209));
#8544=CARTESIAN_POINT('Ctrl Pts',(149.37607908987,-129.777671466103,5.54069208676359));
#8545=CARTESIAN_POINT('Ctrl Pts',(149.413161447282,-129.657573709662,5.53274796695509));
#8546=CARTESIAN_POINT('Ctrl Pts',(149.535313406416,-129.261963040311,5.50657946349616));
#8547=CARTESIAN_POINT('Ctrl Pts',(149.870145307874,-128.9320245157,5.48041096003723));
#8548=CARTESIAN_POINT('Ctrl Pts',(150.267508948257,-128.815702126518,5.45424245657831));
#8549=CARTESIAN_POINT('Ctrl Pts',(150.66487258864,-128.699379737336,5.42807395311938));
#8550=CARTESIAN_POINT('Ctrl Pts',(151.124767967948,-128.796673483583,5.40190544966046));
#8551=CARTESIAN_POINT('Ctrl Pts',(151.440975169761,-129.063957750445,5.37573694620153));
#8552=CARTESIAN_POINT('Ctrl Pts',(151.757182371575,-129.331242017308,5.3495684427426));
#8553=CARTESIAN_POINT('Ctrl Pts',(151.929701395895,-129.768516804785,5.32339993928368));
#8554=CARTESIAN_POINT('Ctrl Pts',(151.881171418178,-130.179701930787,5.29723143582475));
#8555=CARTESIAN_POINT('Ctrl Pts',(151.832641440462,-130.590887056788,5.27106293236582));
#8556=CARTESIAN_POINT('Ctrl Pts',(151.563062460709,-130.975982521315,5.24489442890689));
#8557=CARTESIAN_POINT('Ctrl Pts',(151.1933174838,-131.162307397431,5.21872592544797));
#8558=CARTESIAN_POINT('Ctrl Pts',(150.823572506892,-131.348632273548,5.19255742198904));
#8559=CARTESIAN_POINT('Ctrl Pts',(150.353661532827,-131.336186561255,5.16638891853011));
#8560=CARTESIAN_POINT('Ctrl Pts',(149.994297952007,-131.130550850562,5.14022041507119));
#8561=CARTESIAN_POINT('Ctrl Pts',(149.634934371187,-130.924915139868,5.11405191161226));
#8562=CARTESIAN_POINT('Ctrl Pts',(149.386118183612,-130.526089430773,5.08788340815334));
#8563=CARTESIAN_POINT('Ctrl Pts',(149.359421655544,-130.112912013476,5.06171490469441));
#8564=CARTESIAN_POINT('Ctrl Pts',(149.357675594491,-130.08588853708,5.06000337858981));
#8565=CARTESIAN_POINT('Ctrl Pts',(149.356879692426,-130.058803668529,5.0582918524852));
#8566=CARTESIAN_POINT('Ctrl Pts',(149.35700943235,-130.031711043855,5.05658032638059));
#8567=CARTESIAN_POINT('Origin',(150.623343898743,-130.031246592388,0.));
#8568=CARTESIAN_POINT('Origin',(150.443597668578,-48.8471193473221,7.10421172358873));
#8569=CARTESIAN_POINT('Ctrl Pts',(148.898659681373,-48.8463593310848,5.85421172358873));
#8570=CARTESIAN_POINT('Ctrl Pts',(148.898359269939,-48.7984309881157,5.85173115187988));
#8571=CARTESIAN_POINT('Ctrl Pts',(148.921965048616,-48.2451782758397,5.82308207671211));
#8572=CARTESIAN_POINT('Ctrl Pts',(149.587199742909,-47.2443915902116,5.76826449808542));
#8573=CARTESIAN_POINT('Ctrl Pts',(151.308026690017,-47.2488567991248,5.68975898770863));
#8574=CARTESIAN_POINT('Ctrl Pts',(152.253569577745,-48.6865146362245,5.61125347733186));
#8575=CARTESIAN_POINT('Ctrl Pts',(151.575907418973,-50.2682864452254,5.53274796695507));
#8576=CARTESIAN_POINT('Ctrl Pts',(149.882753029166,-50.575483691002,5.4542424565783));
#8577=CARTESIAN_POINT('Ctrl Pts',(148.980529179272,-49.6333463807586,5.39473037545618));
#8578=CARTESIAN_POINT('Ctrl Pts',(148.899953512441,-48.9876528762671,5.36138679779299));
#8579=CARTESIAN_POINT('Ctrl Pts',(148.901119566154,-48.8484233623569,5.35421172358873));
#8580=CARTESIAN_POINT('Ctrl Pts',(148.902271654323,-48.8484322642495,5.89578827641128));
#8581=CARTESIAN_POINT('Ctrl Pts',(148.904592575894,-48.5065648646387,5.87818851068966));
#8582=CARTESIAN_POINT('Ctrl Pts',(149.183398559937,-47.6519421919317,5.83442024150913));
#8583=CARTESIAN_POINT('Ctrl Pts',(150.587738167289,-47.0360150141089,5.76448346886967));
#8584=CARTESIAN_POINT('Ctrl Pts',(152.033676584938,-47.9678020746181,5.68597795849288));
#8585=CARTESIAN_POINT('Ctrl Pts',(152.054165995555,-49.6886790807246,5.60747244811611));
#8586=CARTESIAN_POINT('Ctrl Pts',(150.629986715017,-50.6545869045892,5.52896693773932));
#8587=CARTESIAN_POINT('Ctrl Pts',(149.199796789968,-50.0659050480527,5.45840554717105));
#8588=CARTESIAN_POINT('Ctrl Pts',(148.904268811452,-49.1997590848295,5.4140126600617));
#8589=CARTESIAN_POINT('Ctrl Pts',(148.901519737538,-48.8458869404715,5.39578827641128));
#8590=CARTESIAN_POINT('Ctrl Pts',(151.4017138213,-48.0219080483856,6.));
#8591=CARTESIAN_POINT('Ctrl Pts',(151.673078873633,-48.3369779465552,5.97383149654107));
#8592=CARTESIAN_POINT('Ctrl Pts',(151.876066577352,-49.2507960015864,5.92149448962322));
#8593=CARTESIAN_POINT('Ctrl Pts',(150.896263947838,-50.2665530012892,5.84298897924644));
#8594=CARTESIAN_POINT('Ctrl Pts',(149.509731432423,-50.0067477486877,5.76448346886966));
#8595=CARTESIAN_POINT('Ctrl Pts',(148.961030198757,-48.7082306880107,5.68597795849289));
#8596=CARTESIAN_POINT('Ctrl Pts',(149.741773185747,-47.5336720052183,5.6074724481161));
#8597=CARTESIAN_POINT('Ctrl Pts',(151.152003694249,-47.5373312772019,5.52896693773933));
#8598=CARTESIAN_POINT('Ctrl Pts',(151.926883137886,-48.7155025895885,5.45046142736254));
#8599=CARTESIAN_POINT('Ctrl Pts',(151.371533948146,-50.0117763760315,5.37195591698577));
#8600=CARTESIAN_POINT('Ctrl Pts',(149.983981306597,-50.2635268084908,5.29345040660898));
#8601=CARTESIAN_POINT('Ctrl Pts',(149.00862742968,-49.2450242736238,5.21494489623221));
#8602=CARTESIAN_POINT('Ctrl Pts',(149.320187122805,-47.8696640189844,5.13643938585543));
#8603=CARTESIAN_POINT('Ctrl Pts',(150.639248986458,-47.3709123410187,5.05793387547864));
#8604=CARTESIAN_POINT('Ctrl Pts',(151.782845674094,-48.1960565775036,4.97942836510187));
#8605=CARTESIAN_POINT('Ctrl Pts',(151.725373113452,-49.6050901592987,4.90092285472509));
#8606=CARTESIAN_POINT('Ctrl Pts',(150.518373764997,-50.3343571270617,4.82241734434831));
#8607=CARTESIAN_POINT('Ctrl Pts',(149.244313481592,-49.7298340736195,4.74391183397153));
#8608=CARTESIAN_POINT('Ctrl Pts',(149.045799746453,-48.3336713839166,4.66540632359475));
#8609=CARTESIAN_POINT('Ctrl Pts',(150.10086442911,-47.3979810746081,4.58690081321797));
#8610=CARTESIAN_POINT('Ctrl Pts',(151.463300423929,-47.7619124003252,4.50839530284119));
#8611=CARTESIAN_POINT('Ctrl Pts',(151.911242748095,-49.0990831246113,4.42988979246441));
#8612=CARTESIAN_POINT('Ctrl Pts',(151.042966072544,-50.2102867389435,4.35138428208763));
#8613=CARTESIAN_POINT('Ctrl Pts',(149.637161563693,-50.098969431114,4.27287877171086));
#8614=CARTESIAN_POINT('Ctrl Pts',(148.954588125364,-48.8649632061074,4.19437326133407));
#8615=CARTESIAN_POINT('Ctrl Pts',(149.607393844687,-47.6149541848078,4.1158677509573));
#8616=CARTESIAN_POINT('Ctrl Pts',(151.010127032829,-47.4699801740693,4.03736224058052));
#8617=CARTESIAN_POINT('Ctrl Pts',(151.904783218664,-48.5600573136305,3.95885673020373));
#8618=CARTESIAN_POINT('Ctrl Pts',(151.489013465491,-49.9075785094468,3.88035121982696));
#8619=CARTESIAN_POINT('Ctrl Pts',(150.135689972274,-50.3040547177564,3.80184570945018));
#8620=CARTESIAN_POINT('Ctrl Pts',(149.05850542127,-49.393916649119,3.7233401990734));
#8621=CARTESIAN_POINT('Ctrl Pts',(149.22350452616,-47.9933977610289,3.64483468869662));
#8622=CARTESIAN_POINT('Ctrl Pts',(150.482712167595,-47.3585166872685,3.56632917831983));
#8623=CARTESIAN_POINT('Ctrl Pts',(151.70684099564,-48.0586498692271,3.48782366794306));
#8624=CARTESIAN_POINT('Ctrl Pts',(151.798063177714,-49.4659012225071,3.40931815756627));
#8625=CARTESIAN_POINT('Ctrl Pts',(150.674568487207,-50.3182142824037,3.3308126471895));
#8626=CARTESIAN_POINT('Ctrl Pts',(149.343933682687,-49.8512144249992,3.25230713681272));
#8627=CARTESIAN_POINT('Ctrl Pts',(148.999503668753,-48.4837182440086,3.17380162643594));
#8628=CARTESIAN_POINT('Ctrl Pts',(149.950171516597,-47.4421287844649,3.09529611605916));
#8629=CARTESIAN_POINT('Ctrl Pts',(151.34335560238,-47.6605683207576,3.01679060568238));
#8630=CARTESIAN_POINT('Ctrl Pts',(151.929615520199,-48.9431349062412,2.9382850953056));
#8631=CARTESIAN_POINT('Ctrl Pts',(151.183179012458,-50.1395927073211,2.85977958492882));
#8632=CARTESIAN_POINT('Ctrl Pts',(149.773468976547,-50.1769291456635,2.78127407455204));
#8633=CARTESIAN_POINT('Ctrl Pts',(148.964745018929,-49.0216616455619,2.70276856417527));
#8634=CARTESIAN_POINT('Ctrl Pts',(149.482293922834,-47.7098581524697,2.62426305379848));
#8635=CARTESIAN_POINT('Ctrl Pts',(150.861957334375,-47.4179823747796,2.54575754342171));
#8636=CARTESIAN_POINT('Ctrl Pts',(151.866437465808,-48.4077804748332,2.46725203304493));
#8637=CARTESIAN_POINT('Ctrl Pts',(151.594856716011,-49.7916093473111,2.38874652266815));
#8638=CARTESIAN_POINT('Ctrl Pts',(150.290850429517,-50.3283526735728,2.31024101229137));
#8639=CARTESIAN_POINT('Ctrl Pts',(149.123724790491,-49.5367838388475,2.23173550191459));
#8640=CARTESIAN_POINT('Ctrl Pts',(149.140515986807,-48.1265123164863,2.15322999153781));
#8641=CARTESIAN_POINT('Ctrl Pts',(150.325473445638,-47.362905466428,2.07472448116103));
#8642=CARTESIAN_POINT('Ctrl Pts',(151.617345966744,-47.9295063619385,1.99621897078425));
#8643=CARTESIAN_POINT('Ctrl Pts',(151.854484695821,-49.3207434727217,1.91771346040747));
#8644=CARTESIAN_POINT('Ctrl Pts',(151.171896925125,-49.9613224146634,1.86537645348962));
#8645=CARTESIAN_POINT('Ctrl Pts',(150.770182732109,-50.0687176635777,1.83920795003069));
#8646=CARTESIAN_POINT('Ctrl Pts',(151.472053968535,-47.9613251179115,6.05359734998977));
#8647=CARTESIAN_POINT('Ctrl Pts',(151.763341300312,-48.2995258890585,6.02742884653084));
#8648=CARTESIAN_POINT('Ctrl Pts',(151.981231356868,-49.2804319441757,5.975091839613));
#8649=CARTESIAN_POINT('Ctrl Pts',(150.929496466297,-50.3707607968948,5.89658632923621));
#8650=CARTESIAN_POINT('Ctrl Pts',(149.441171594076,-50.0918819281474,5.81808081885943));
#8651=CARTESIAN_POINT('Ctrl Pts',(148.852187430773,-48.6980341698565,5.73957530848266));
#8652=CARTESIAN_POINT('Ctrl Pts',(149.690248704801,-47.437245200216,5.66106979810587));
#8653=CARTESIAN_POINT('Ctrl Pts',(151.204011359505,-47.4411731178429,5.5825642877291));
#8654=CARTESIAN_POINT('Ctrl Pts',(152.035778617839,-48.7058399384671,5.50405877735231));
#8655=CARTESIAN_POINT('Ctrl Pts',(151.439658438422,-50.0972797324295,5.42555326697554));
#8656=CARTESIAN_POINT('Ctrl Pts',(149.950238547454,-50.3675124359945,5.34704775659875));
#8657=CARTESIAN_POINT('Ctrl Pts',(148.903279014882,-49.2742364845043,5.26854224622198));
#8658=CARTESIAN_POINT('Ctrl Pts',(149.237711879099,-47.7979040851655,5.1900367358452));
#8659=CARTESIAN_POINT('Ctrl Pts',(150.653612738146,-47.2625365267955,5.11153122546842));
#8660=CARTESIAN_POINT('Ctrl Pts',(151.881166636144,-48.1482587703612,5.03302571509164));
#8661=CARTESIAN_POINT('Ctrl Pts',(151.819474724471,-49.660736625922,4.95452020471486));
#8662=CARTESIAN_POINT('Ctrl Pts',(150.523863456009,-50.443542766091,4.87601469433808));
#8663=CARTESIAN_POINT('Ctrl Pts',(149.156267970567,-49.7946386212072,4.7975091839613));
#8664=CARTESIAN_POINT('Ctrl Pts',(148.943180339227,-48.2959765749516,4.71900367358452));
#8665=CARTESIAN_POINT('Ctrl Pts',(150.075702650491,-47.2915925128707,4.64049816320774));
#8666=CARTESIAN_POINT('Ctrl Pts',(151.538161954801,-47.6822418758126,4.56199265283096));
#8667=CARTESIAN_POINT('Ctrl Pts',(152.018989988018,-49.1175810584389,4.48348714245418));
#8668=CARTESIAN_POINT('Ctrl Pts',(151.086968735126,-50.3103637439696,4.4049816320774));
#8669=CARTESIAN_POINT('Ctrl Pts',(149.577957015068,-50.1908740701904,4.32647612170062));
#8670=CARTESIAN_POINT('Ctrl Pts',(148.845272412227,-48.866273213929,4.24797061132384));
#8671=CARTESIAN_POINT('Ctrl Pts',(149.546003897421,-47.5244947152519,4.16946510094707));
#8672=CARTESIAN_POINT('Ctrl Pts',(151.0517188156,-47.3688774299672,4.09095959057028));
#8673=CARTESIAN_POINT('Ctrl Pts',(152.012056231897,-48.5389826394818,4.01245408019351));
#8674=CARTESIAN_POINT('Ctrl Pts',(151.565762720648,-49.9854321740446,3.93394856981673));
#8675=CARTESIAN_POINT('Ctrl Pts',(150.113084912719,-50.4110157038288,3.85544305943995));
#8676=CARTESIAN_POINT('Ctrl Pts',(148.956818801823,-49.4340598014982,3.77693754906316));
#8677=CARTESIAN_POINT('Ctrl Pts',(149.133931324588,-47.9307217463241,3.69843203868639));
#8678=CARTESIAN_POINT('Ctrl Pts',(150.485583760577,-47.24923084548,3.61992652830961));
#8679=CARTESIAN_POINT('Ctrl Pts',(151.799582070264,-48.0007643414429,3.54142101793283));
#8680=CARTESIAN_POINT('Ctrl Pts',(151.897501333585,-49.5113291260893,3.46291550755605));
#8681=CARTESIAN_POINT('Ctrl Pts',(150.691525221882,-50.4262147936519,3.38440999717927));
#8682=CARTESIAN_POINT('Ctrl Pts',(149.263201793911,-49.9249301174028,3.30590448680249));
#8683=CARTESIAN_POINT('Ctrl Pts',(148.893485432572,-48.4570391330891,3.22739897642571));
#8684=CARTESIAN_POINT('Ctrl Pts',(149.91394660996,-47.3389813291451,3.14889346604893));
#8685=CARTESIAN_POINT('Ctrl Pts',(151.409411377933,-47.5734576153672,3.07038795567215));
#8686=CARTESIAN_POINT('Ctrl Pts',(152.038711598142,-48.9501838934981,2.99188244529537));
#8687=CARTESIAN_POINT('Ctrl Pts',(151.237475415324,-50.2344797063351,2.91337693491859));
#8688=CARTESIAN_POINT('Ctrl Pts',(149.724271443733,-50.2745572012423,2.83487142454181));
#8689=CARTESIAN_POINT('Ctrl Pts',(148.856174974661,-49.0344756774743,2.75636591416504));
#8690=CARTESIAN_POINT('Ctrl Pts',(149.411719758292,-47.6263660626407,2.67786040378825));
#8691=CARTESIAN_POINT('Ctrl Pts',(150.892671231021,-47.3130622095356,2.59935489341148));
#8692=CARTESIAN_POINT('Ctrl Pts',(151.970895323598,-48.3755263886362,2.52084938303469));
#8693=CARTESIAN_POINT('Ctrl Pts',(151.679376458916,-49.860949129833,2.44234387265792));
#8694=CARTESIAN_POINT('Ctrl Pts',(150.279636483009,-50.4370974953366,2.36383836228114));
#8695=CARTESIAN_POINT('Ctrl Pts',(149.02682625443,-49.5874155933986,2.28533285190436));
#8696=CARTESIAN_POINT('Ctrl Pts',(149.044850177298,-48.0736089138006,2.20682734152758));
#8697=CARTESIAN_POINT('Ctrl Pts',(150.316801349662,-47.25394182709,2.1283218311508));
#8698=CARTESIAN_POINT('Ctrl Pts',(151.703516759163,-47.8621397568431,2.04981632077402));
#8699=CARTESIAN_POINT('Ctrl Pts',(151.95806504038,-49.3555146125461,1.97131081039724));
#8700=CARTESIAN_POINT('Ctrl Pts',(151.225365052962,-50.0431216908607,1.91897380347939));
#8701=CARTESIAN_POINT('Ctrl Pts',(150.794158991551,-50.1584013675653,1.89280530002046));
#8702=CARTESIAN_POINT('Ctrl Pts',(151.542394115769,-47.9007421874373,6.10719469997954));
#8703=CARTESIAN_POINT('Ctrl Pts',(151.853603726991,-48.2620738315618,6.08102619652061));
#8704=CARTESIAN_POINT('Ctrl Pts',(152.086396136384,-49.3100678867651,6.02868918960276));
#8705=CARTESIAN_POINT('Ctrl Pts',(150.962728984756,-50.4749685925004,5.95018367922598));
#8706=CARTESIAN_POINT('Ctrl Pts',(149.372611755729,-50.1770161076071,5.8716781688492));
#8707=CARTESIAN_POINT('Ctrl Pts',(148.74334466279,-48.6878376517021,5.79317265847242));
#8708=CARTESIAN_POINT('Ctrl Pts',(149.638724223855,-47.3408183952139,5.71466714809565));
#8709=CARTESIAN_POINT('Ctrl Pts',(151.256019024761,-47.3450149584838,5.63616163771886));
#8710=CARTESIAN_POINT('Ctrl Pts',(152.144674097792,-48.6961772873459,5.55765612734209));
#8711=CARTESIAN_POINT('Ctrl Pts',(151.507782928697,-50.1827830888273,5.47915061696531));
#8712=CARTESIAN_POINT('Ctrl Pts',(149.91649578831,-50.4714980634983,5.40064510658853));
#8713=CARTESIAN_POINT('Ctrl Pts',(148.797930600085,-49.3034486953848,5.32213959621175));
#8714=CARTESIAN_POINT('Ctrl Pts',(149.155236635393,-47.7261441513465,5.24363408583497));
#8715=CARTESIAN_POINT('Ctrl Pts',(150.667976489835,-47.1541607125724,5.16512857545819));
#8716=CARTESIAN_POINT('Ctrl Pts',(151.979487598194,-48.1004609632189,5.08662306508141));
#8717=CARTESIAN_POINT('Ctrl Pts',(151.913576335489,-49.7163830925454,5.00811755470463));
#8718=CARTESIAN_POINT('Ctrl Pts',(150.529353147021,-50.5527284051202,4.92961204432785));
#8719=CARTESIAN_POINT('Ctrl Pts',(149.068222459541,-49.8594431687949,4.85110653395107));
#8720=CARTESIAN_POINT('Ctrl Pts',(148.840560932001,-48.2582817659867,4.77260102357429));
#8721=CARTESIAN_POINT('Ctrl Pts',(150.050540871871,-47.1852039511333,4.69409551319751));
#8722=CARTESIAN_POINT('Ctrl Pts',(151.613023485674,-47.6025713513,4.61559000282073));
#8723=CARTESIAN_POINT('Ctrl Pts',(152.12673722794,-49.1360789922665,4.53708449244395));
#8724=CARTESIAN_POINT('Ctrl Pts',(151.130971397708,-50.4104407489957,4.45857898206717));
#8725=CARTESIAN_POINT('Ctrl Pts',(149.518752466442,-50.2827787092667,4.3800734716904));
#8726=CARTESIAN_POINT('Ctrl Pts',(148.73595669909,-48.8675832217508,4.30156796131361));
#8727=CARTESIAN_POINT('Ctrl Pts',(149.484613950155,-47.4340352456959,4.22306245093684));
#8728=CARTESIAN_POINT('Ctrl Pts',(151.093310598372,-47.2677746858653,4.14455694056005));
#8729=CARTESIAN_POINT('Ctrl Pts',(152.11932924513,-48.5179079653331,4.06605143018328));
#8730=CARTESIAN_POINT('Ctrl Pts',(151.642511975806,-50.0632858386424,3.98754591980649));
#8731=CARTESIAN_POINT('Ctrl Pts',(150.090479853164,-50.5179766899013,3.90904040942972));
#8732=CARTESIAN_POINT('Ctrl Pts',(148.855132182375,-49.4742029538774,3.83053489905294));
#8733=CARTESIAN_POINT('Ctrl Pts',(149.044358123016,-47.8680457316194,3.75202938867616));
#8734=CARTESIAN_POINT('Ctrl Pts',(150.488455353558,-47.1399450036914,3.67352387829937));
#8735=CARTESIAN_POINT('Ctrl Pts',(151.892323144888,-47.9428788136587,3.5950183679226));
#8736=CARTESIAN_POINT('Ctrl Pts',(151.996939489455,-49.5567570296714,3.51651285754582));
#8737=CARTESIAN_POINT('Ctrl Pts',(150.708481956557,-50.5342153049002,3.43800734716904));
#8738=CARTESIAN_POINT('Ctrl Pts',(149.182469905136,-49.9986458098064,3.35950183679226));
#8739=CARTESIAN_POINT('Ctrl Pts',(148.787467196391,-48.4303600221697,3.28099632641548));
#8740=CARTESIAN_POINT('Ctrl Pts',(149.877721703323,-47.2358338738253,3.2024908160387));
#8741=CARTESIAN_POINT('Ctrl Pts',(151.475467153487,-47.4863469099769,3.12398530566192));
#8742=CARTESIAN_POINT('Ctrl Pts',(152.147807676085,-48.957232880755,3.04547979528514));
#8743=CARTESIAN_POINT('Ctrl Pts',(151.291771818189,-50.3293667053492,2.96697428490836));
#8744=CARTESIAN_POINT('Ctrl Pts',(149.675073910919,-50.372185256821,2.88846877453159));
#8745=CARTESIAN_POINT('Ctrl Pts',(148.747604930394,-49.0472897093868,2.8099632641548));
#8746=CARTESIAN_POINT('Ctrl Pts',(149.34114559375,-47.5428739728116,2.73145775377803));
#8747=CARTESIAN_POINT('Ctrl Pts',(150.923385127666,-47.2081420442915,2.65295224340125));
#8748=CARTESIAN_POINT('Ctrl Pts',(152.075353181389,-48.3432723024393,2.57444673302446));
#8749=CARTESIAN_POINT('Ctrl Pts',(151.763896201821,-49.9302889123549,2.49594122264769));
#8750=CARTESIAN_POINT('Ctrl Pts',(150.268422536502,-50.5458423171003,2.41743571227091));
#8751=CARTESIAN_POINT('Ctrl Pts',(148.929927718369,-49.6380473479497,2.33893020189413));
#8752=CARTESIAN_POINT('Ctrl Pts',(148.949184367789,-48.0207055111151,2.26042469151735));
#8753=CARTESIAN_POINT('Ctrl Pts',(150.308129253684,-47.1449781877519,2.18191918114057));
#8754=CARTESIAN_POINT('Ctrl Pts',(151.789687551581,-47.7947731517477,2.10341367076379));
#8755=CARTESIAN_POINT('Ctrl Pts',(152.06164538494,-49.3902857523705,2.02490816038701));
#8756=CARTESIAN_POINT('Ctrl Pts',(151.278833180799,-50.124920967058,1.97257115346916));
#8757=CARTESIAN_POINT('Ctrl Pts',(150.818135250993,-50.248085071553,1.94640265001023));
#8758=CARTESIAN_POINT('Ctrl Pts',(151.612734263003,-47.8401592569631,6.16079204996931));
#8759=CARTESIAN_POINT('Ctrl Pts',(151.943866153671,-48.2246217740652,6.13462354651038));
#8760=CARTESIAN_POINT('Ctrl Pts',(152.1915609159,-49.3397038293544,6.08228653959253));
#8761=CARTESIAN_POINT('Ctrl Pts',(150.995961503215,-50.579176388106,6.00378102921576));
#8762=CARTESIAN_POINT('Ctrl Pts',(149.304051917382,-50.2621502870667,5.92527551883897));
#8763=CARTESIAN_POINT('Ctrl Pts',(148.634501894807,-48.6776411335479,5.84677000846219));
#8764=CARTESIAN_POINT('Ctrl Pts',(149.587199742909,-47.2443915902116,5.76826449808542));
#8765=CARTESIAN_POINT('Ctrl Pts',(151.308026690017,-47.2488567991248,5.68975898770863));
#8766=CARTESIAN_POINT('Ctrl Pts',(152.253569577745,-48.6865146362245,5.61125347733186));
#8767=CARTESIAN_POINT('Ctrl Pts',(151.575907418973,-50.2682864452254,5.53274796695507));
#8768=CARTESIAN_POINT('Ctrl Pts',(149.882753029166,-50.575483691002,5.4542424565783));
#8769=CARTESIAN_POINT('Ctrl Pts',(148.692582185288,-49.3326609062653,5.37573694620152));
#8770=CARTESIAN_POINT('Ctrl Pts',(149.072761391688,-47.6543842175276,5.29723143582474));
#8771=CARTESIAN_POINT('Ctrl Pts',(150.682340241523,-47.0457848983493,5.21872592544796));
#8772=CARTESIAN_POINT('Ctrl Pts',(152.077808560244,-48.0526631560765,5.14022041507118));
#8773=CARTESIAN_POINT('Ctrl Pts',(152.007677946507,-49.7720295591687,5.0617149046944));
#8774=CARTESIAN_POINT('Ctrl Pts',(150.534842838032,-50.6619140441494,4.98320939431762));
#8775=CARTESIAN_POINT('Ctrl Pts',(148.980176948515,-49.9242477163826,4.90470388394084));
#8776=CARTESIAN_POINT('Ctrl Pts',(148.737941524776,-48.2205869570218,4.82619837356406));
#8777=CARTESIAN_POINT('Ctrl Pts',(150.025379093252,-47.0788153893959,4.74769286318728));
#8778=CARTESIAN_POINT('Ctrl Pts',(151.687885016547,-47.5229008267873,4.6691873528105));
#8779=CARTESIAN_POINT('Ctrl Pts',(152.234484467862,-49.1545769260942,4.59068184243372));
#8780=CARTESIAN_POINT('Ctrl Pts',(151.17497406029,-50.5105177540218,4.51217633205694));
#8781=CARTESIAN_POINT('Ctrl Pts',(149.459547917817,-50.374683348343,4.43367082168017));
#8782=CARTESIAN_POINT('Ctrl Pts',(148.626640985953,-48.8688932295725,4.35516531130338));
#8783=CARTESIAN_POINT('Ctrl Pts',(149.423224002889,-47.3435757761401,4.2766598009266));
#8784=CARTESIAN_POINT('Ctrl Pts',(151.134902381143,-47.1666719417632,4.19815429054983));
#8785=CARTESIAN_POINT('Ctrl Pts',(152.226602258363,-48.4968332911844,4.11964878017305));
#8786=CARTESIAN_POINT('Ctrl Pts',(151.719261230963,-50.1411395032402,4.04114326979627));
#8787=CARTESIAN_POINT('Ctrl Pts',(150.067874793609,-50.6249376759738,3.96263775941949));
#8788=CARTESIAN_POINT('Ctrl Pts',(148.753445562927,-49.5143461062565,3.88413224904271));
#8789=CARTESIAN_POINT('Ctrl Pts',(148.954784921444,-47.8053697169145,3.80562673866593));
#8790=CARTESIAN_POINT('Ctrl Pts',(150.49132694654,-47.0306591619028,3.72712122828915));
#8791=CARTESIAN_POINT('Ctrl Pts',(151.985064219512,-47.8849932858745,3.64861571791237));
#8792=CARTESIAN_POINT('Ctrl Pts',(152.096377645325,-49.6021849332536,3.57011020753559));
#8793=CARTESIAN_POINT('Ctrl Pts',(150.725438691231,-50.6422158161485,3.49160469715881));
#8794=CARTESIAN_POINT('Ctrl Pts',(149.10173801636,-50.0723615022099,3.41309918678203));
#8795=CARTESIAN_POINT('Ctrl Pts',(148.681448960211,-48.4036809112503,3.33459367640525));
#8796=CARTESIAN_POINT('Ctrl Pts',(149.841496796687,-47.1326864185055,3.25608816602847));
#8797=CARTESIAN_POINT('Ctrl Pts',(151.541522929041,-47.3992362045865,3.17758265565169));
#8798=CARTESIAN_POINT('Ctrl Pts',(152.256903754028,-48.9642818680119,3.09907714527491));
#8799=CARTESIAN_POINT('Ctrl Pts',(151.346068221055,-50.4242537043632,3.02057163489813));
#8800=CARTESIAN_POINT('Ctrl Pts',(149.625876378105,-50.4698133123998,2.94206612452135));
#8801=CARTESIAN_POINT('Ctrl Pts',(148.639034886127,-49.0601037412992,2.86356061414458));
#8802=CARTESIAN_POINT('Ctrl Pts',(149.270571429208,-47.4593818829826,2.78505510376779));
#8803=CARTESIAN_POINT('Ctrl Pts',(150.954099024312,-47.1032218790475,2.70654959339102));
#8804=CARTESIAN_POINT('Ctrl Pts',(152.17981103918,-48.3110182162423,2.62804408301423));
#8805=CARTESIAN_POINT('Ctrl Pts',(151.848415944726,-49.9996286948768,2.54953857263746));
#8806=CARTESIAN_POINT('Ctrl Pts',(150.257208589993,-50.6545871388641,2.47103306226068));
#8807=CARTESIAN_POINT('Ctrl Pts',(148.833029182308,-49.6886791025009,2.3925275518839));
#8808=CARTESIAN_POINT('Ctrl Pts',(148.853518558279,-47.9678021084295,2.31402204150712));
#8809=CARTESIAN_POINT('Ctrl Pts',(150.299457157708,-47.0360145484138,2.23551653113034));
#8810=CARTESIAN_POINT('Ctrl Pts',(151.875858344,-47.7274065466523,2.15701102075356));
#8811=CARTESIAN_POINT('Ctrl Pts',(152.1652257295,-49.4250568921949,2.07850551037678));
#8812=CARTESIAN_POINT('Ctrl Pts',(151.332301308635,-50.2067202432554,2.02616850345893));
#8813=CARTESIAN_POINT('Ctrl Pts',(150.842111510435,-50.3377687755407,2.));
#8814=CARTESIAN_POINT('Ctrl Pts',(150.842111510435,-50.3377687755407,2.));
#8815=CARTESIAN_POINT('Ctrl Pts',(150.899548972794,-50.3167813632007,2.));
#8816=CARTESIAN_POINT('Ctrl Pts',(150.955423270422,-50.2921778450417,2.));
#8817=CARTESIAN_POINT('Ctrl Pts',(151.00953655167,-50.2642590075576,2.));
#8818=CARTESIAN_POINT('Ctrl Pts',(151.063333965091,-50.2365031367678,2.));
#8819=CARTESIAN_POINT('Ctrl Pts',(151.115391548954,-50.2054695072345,2.));
#8820=CARTESIAN_POINT('Ctrl Pts',(151.165482964179,-50.1714089096864,2.));
#8821=CARTESIAN_POINT('Ctrl Pts',(151.203308870372,-50.145688475118,2.));
#8822=CARTESIAN_POINT('Ctrl Pts',(151.240013022346,-50.1182409631514,2.));
#8823=CARTESIAN_POINT('Ctrl Pts',(151.275482205679,-50.0891625456777,2.));
#8824=CARTESIAN_POINT('Ctrl Pts',(151.293894080352,-50.0740680854192,2.));
#8825=CARTESIAN_POINT('Ctrl Pts',(151.311972938476,-50.058534022092,2.));
#8826=CARTESIAN_POINT('Ctrl Pts',(151.329701242688,-50.0425730751832,2.));
#8827=CARTESIAN_POINT('Ctrl Pts',(151.339038914875,-50.0341662874706,2.));
#8828=CARTESIAN_POINT('Ctrl Pts',(151.348280690984,-50.0256395801854,2.));
#8829=CARTESIAN_POINT('Ctrl Pts',(151.357407778394,-50.0170105347206,2.));
#8830=CARTESIAN_POINT('Ctrl Pts',(151.400434444212,-49.9763317246201,2.));
#8831=CARTESIAN_POINT('Ctrl Pts',(151.440998848715,-49.9333081399603,2.));
#8832=CARTESIAN_POINT('Ctrl Pts',(151.478893312213,-49.8881802434722,2.));
#8833=CARTESIAN_POINT('Ctrl Pts',(151.516016396,-49.8439709704597,2.));
#8834=CARTESIAN_POINT('Ctrl Pts',(151.550577575508,-49.797741244057,2.));
#8835=CARTESIAN_POINT('Ctrl Pts',(151.582338533715,-49.7496941586048,2.));
#8836=CARTESIAN_POINT('Ctrl Pts',(151.605328389646,-49.7149157503073,2.));
#8837=CARTESIAN_POINT('Ctrl Pts',(151.626850225238,-49.6791846388427,2.));
#8838=CARTESIAN_POINT('Ctrl Pts',(151.646797137888,-49.6425741319711,2.));
#8839=CARTESIAN_POINT('Ctrl Pts',(151.657221583408,-49.6234411342479,2.));
#8840=CARTESIAN_POINT('Ctrl Pts',(151.667215641797,-49.6040679232137,2.));
#8841=CARTESIAN_POINT('Ctrl Pts',(151.676762368042,-49.5844648764749,2.));
#8842=CARTESIAN_POINT('Ctrl Pts',(151.681202279209,-49.5753480563332,2.));
#8843=CARTESIAN_POINT('Ctrl Pts',(151.685543159677,-49.566186032864,2.));
#8844=CARTESIAN_POINT('Ctrl Pts',(151.689780353541,-49.5569872557012,2.));
#8845=CARTESIAN_POINT('Ctrl Pts',(151.713118774395,-49.5063204843243,2.));
#8846=CARTESIAN_POINT('Ctrl Pts',(151.733348216656,-49.4544728358081,2.));
#8847=CARTESIAN_POINT('Ctrl Pts',(151.750255803587,-49.4016353355212,2.));
#8848=CARTESIAN_POINT('Ctrl Pts',(151.761567151086,-49.3662865108119,2.));
#8849=CARTESIAN_POINT('Ctrl Pts',(151.771390779426,-49.3304942896887,2.));
#8850=CARTESIAN_POINT('Ctrl Pts',(151.779649978097,-49.2943139049482,2.));
#8851=CARTESIAN_POINT('Ctrl Pts',(151.791875099141,-49.240760333889,2.));
#8852=CARTESIAN_POINT('Ctrl Pts',(151.800674320425,-49.186355387861,2.));
#8853=CARTESIAN_POINT('Ctrl Pts',(151.806102095173,-49.1314091472312,2.));
#8854=CARTESIAN_POINT('Ctrl Pts',(151.807778962101,-49.1144339524197,2.));
#8855=CARTESIAN_POINT('Ctrl Pts',(151.809133726635,-49.0974071834102,2.));
#8856=CARTESIAN_POINT('Ctrl Pts',(151.81016717601,-49.0803382966108,2.));
#8857=CARTESIAN_POINT('Ctrl Pts',(151.811073399243,-49.0653707305608,2.));
#8858=CARTESIAN_POINT('Ctrl Pts',(151.811732546539,-49.0503642207277,2.));
#8859=CARTESIAN_POINT('Ctrl Pts',(151.812144467969,-49.0353611985986,2.));
#8860=CARTESIAN_POINT('Ctrl Pts',(151.8136725648,-48.9797047824105,2.));
#8861=CARTESIAN_POINT('Ctrl Pts',(151.811810078168,-48.924021606881,2.));
#8862=CARTESIAN_POINT('Ctrl Pts',(151.806660713646,-48.8686288588267,2.));
#8863=CARTESIAN_POINT('Ctrl Pts',(151.801517477242,-48.8133020321611,2.));
#8864=CARTESIAN_POINT('Ctrl Pts',(151.793094726843,-48.7582638029232,2.));
#8865=CARTESIAN_POINT('Ctrl Pts',(151.781446618028,-48.7038455797118,2.));
#8866=CARTESIAN_POINT('Ctrl Pts',(151.774002072455,-48.6690657756126,2.));
#8867=CARTESIAN_POINT('Ctrl Pts',(151.765239080143,-48.6345395907634,2.));
#8868=CARTESIAN_POINT('Ctrl Pts',(151.755162506614,-48.6003600486831,2.));
#8869=CARTESIAN_POINT('Ctrl Pts',(151.749968704581,-48.582742772868,2.));
#8870=CARTESIAN_POINT('Ctrl Pts',(151.744425809925,-48.5652176885208,2.));
#8871=CARTESIAN_POINT('Ctrl Pts',(151.738533810312,-48.5477982481125,2.));
#8872=CARTESIAN_POINT('Ctrl Pts',(151.73498039991,-48.5372927449206,2.));
#8873=CARTESIAN_POINT('Ctrl Pts',(151.731300112376,-48.5268263276689,2.));
#8874=CARTESIAN_POINT('Ctrl Pts',(151.72749778678,-48.5164144410462,2.));
#8875=CARTESIAN_POINT('Ctrl Pts',(151.709111592849,-48.4660676304433,2.));
#8876=CARTESIAN_POINT('Ctrl Pts',(151.687849195601,-48.4169153308695,2.));
#8877=CARTESIAN_POINT('Ctrl Pts',(151.663751358044,-48.3692709114918,2.));
#8878=CARTESIAN_POINT('Ctrl Pts',(151.648618381497,-48.3393511363545,2.));
#8879=CARTESIAN_POINT('Ctrl Pts',(151.632366409937,-48.3100265545944,2.));
#8880=CARTESIAN_POINT('Ctrl Pts',(151.614998190025,-48.2813823669991,2.));
#8881=CARTESIAN_POINT('Ctrl Pts',(151.608645316844,-48.2709050185962,2.));
#8882=CARTESIAN_POINT('Ctrl Pts',(151.602141666227,-48.260516643939,2.));
#8883=CARTESIAN_POINT('Ctrl Pts',(151.595491779507,-48.2502286929319,2.));
#8884=CARTESIAN_POINT('Ctrl Pts',(151.56758779213,-48.2070588064134,2.));
#8885=CARTESIAN_POINT('Ctrl Pts',(151.537156424252,-48.1657210667288,2.));
#8886=CARTESIAN_POINT('Ctrl Pts',(151.504222165493,-48.1265139286358,2.));
#8887=CARTESIAN_POINT('Ctrl Pts',(151.485837123258,-48.1046271482163,2.));
#8888=CARTESIAN_POINT('Ctrl Pts',(151.466671518324,-48.0834049686185,2.));
#8889=CARTESIAN_POINT('Ctrl Pts',(151.446725503194,-48.0629051569536,2.));
#8890=CARTESIAN_POINT('Ctrl Pts',(151.432708371349,-48.0484988426583,2.));
#8891=CARTESIAN_POINT('Ctrl Pts',(151.418305738821,-48.0344493883375,2.));
#8892=CARTESIAN_POINT('Ctrl Pts',(151.403534756259,-48.020764291756,2.));
#8893=CARTESIAN_POINT('Ctrl Pts',(149.179525367531,-48.8481879973619,5.19341967361941));
#8894=CARTESIAN_POINT('Ctrl Pts',(149.178569777823,-48.9622876216908,5.20059474782367));
#8895=CARTESIAN_POINT('Ctrl Pts',(149.192779023276,-49.0761534803732,5.20776982202793));
#8896=CARTESIAN_POINT('Ctrl Pts',(149.223113024687,-49.1855479869951,5.2149448962322));
#8897=CARTESIAN_POINT('Ctrl Pts',(149.333745388652,-49.5845251185795,5.24111339969112));
#8898=CARTESIAN_POINT('Ctrl Pts',(149.658863347625,-49.9240259635351,5.26728190315005));
#8899=CARTESIAN_POINT('Ctrl Pts',(150.052681100703,-50.0518179806031,5.29345040660897));
#8900=CARTESIAN_POINT('Ctrl Pts',(150.44649885378,-50.179609997671,5.3196189100679));
#8901=CARTESIAN_POINT('Ctrl Pts',(150.909016400963,-50.0956931868513,5.34578741352683));
#8902=CARTESIAN_POINT('Ctrl Pts',(151.232833372845,-49.8376891503676,5.37195591698576));
#8903=CARTESIAN_POINT('Ctrl Pts',(151.556650344726,-49.5796851138838,5.39812442044468));
#8904=CARTESIAN_POINT('Ctrl Pts',(151.741766741306,-49.1475938517362,5.42429292390361));
#8905=CARTESIAN_POINT('Ctrl Pts',(151.705178365656,-48.7351863352646,5.45046142736253));
#8906=CARTESIAN_POINT('Ctrl Pts',(151.668589990007,-48.322778818793,5.47662993082146));
#8907=CARTESIAN_POINT('Ctrl Pts',(151.410296842128,-47.9300550479974,5.50279843428039));
#8908=CARTESIAN_POINT('Ctrl Pts',(151.046111850105,-47.7330832839358,5.52896693773932));
#8909=CARTESIAN_POINT('Ctrl Pts',(150.681926858081,-47.5361115198741,5.55513544119824));
#8910=CARTESIAN_POINT('Ctrl Pts',(150.211850021914,-47.5348917625462,5.58130394465717));
#8911=CARTESIAN_POINT('Ctrl Pts',(149.846687772665,-47.7300416643477,5.60747244811609));
#8912=CARTESIAN_POINT('Ctrl Pts',(149.481525523417,-47.9251915661491,5.63364095157502));
#8913=CARTESIAN_POINT('Ctrl Pts',(149.221277861087,-48.3167111270799,5.65980945503395));
#8914=CARTESIAN_POINT('Ctrl Pts',(149.182604235533,-48.7288904176581,5.68597795849287));
#8915=CARTESIAN_POINT('Ctrl Pts',(149.178938274979,-48.7679618261086,5.68845853020172));
#8916=CARTESIAN_POINT('Ctrl Pts',(149.177263284211,-48.8072188740775,5.69093910191056));
#8917=CARTESIAN_POINT('Ctrl Pts',(149.17750947362,-48.8464965083512,5.69341967361941));
#8918=CARTESIAN_POINT('Ctrl Pts',(150.045083826721,-50.3377687755407,6.));
#8919=CARTESIAN_POINT('Ctrl Pts',(149.554894028521,-50.2067202432554,5.97383149654107));
#8920=CARTESIAN_POINT('Ctrl Pts',(148.721969393102,-49.4250585052706,5.92149448962322));
#8921=CARTESIAN_POINT('Ctrl Pts',(149.011337177414,-47.7274063326529,5.84298897924644));
#8922=CARTESIAN_POINT('Ctrl Pts',(150.587738167289,-47.0360150141089,5.76448346886967));
#8923=CARTESIAN_POINT('Ctrl Pts',(152.033676584938,-47.9678020746181,5.68597795849288));
#8924=CARTESIAN_POINT('Ctrl Pts',(152.054165995555,-49.6886790807246,5.60747244811611));
#8925=CARTESIAN_POINT('Ctrl Pts',(150.629986715017,-50.6545869045892,5.52896693773932));
#8926=CARTESIAN_POINT('Ctrl Pts',(149.038779553459,-49.9996285877993,5.45046142736254));
#8927=CARTESIAN_POINT('Ctrl Pts',(148.707384483562,-48.3110182650924,5.37195591698577));
#8928=CARTESIAN_POINT('Ctrl Pts',(149.933096371161,-47.1032220748422,5.29345040660899));
#8929=CARTESIAN_POINT('Ctrl Pts',(151.616623778257,-47.4593820322264,5.21494489623221));
#8930=CARTESIAN_POINT('Ctrl Pts',(152.248160254367,-49.0601037193041,5.13643938585543));
#8931=CARTESIAN_POINT('Ctrl Pts',(151.261318869199,-50.4698131342282,5.05793387547864));
#8932=CARTESIAN_POINT('Ctrl Pts',(149.541127215036,-50.4242535321692,4.97942836510187));
#8933=CARTESIAN_POINT('Ctrl Pts',(148.63029178138,-48.9642818550273,4.90092285472508));
#8934=CARTESIAN_POINT('Ctrl Pts',(149.345672528278,-47.3992363630589,4.82241734434831));
#8935=CARTESIAN_POINT('Ctrl Pts',(151.045698474574,-47.1326866060101,4.74391183397153));
#8936=CARTESIAN_POINT('Ctrl Pts',(152.205746184194,-48.4036809597804,4.66540632359475));
#8937=CARTESIAN_POINT('Ctrl Pts',(151.785457173998,-50.0723613681667,4.58690081321797));
#8938=CARTESIAN_POINT('Ctrl Pts',(150.16175667676,-50.6422156197828,4.50839530284119));
#8939=CARTESIAN_POINT('Ctrl Pts',(148.790817872631,-49.6021848506523,4.42988979246441));
#8940=CARTESIAN_POINT('Ctrl Pts',(148.902131286271,-47.8849933911255,4.35138428208763));
#8941=CARTESIAN_POINT('Ctrl Pts',(150.395868395837,-47.0306593606101,4.27287877171085));
#8942=CARTESIAN_POINT('Ctrl Pts',(151.932410252847,-47.8053698308749,4.19437326133407));
#8943=CARTESIAN_POINT('Ctrl Pts',(152.133749589338,-49.5143460332665,4.1158677509573));
#8944=CARTESIAN_POINT('Ctrl Pts',(150.819320502445,-50.6249374814932,4.03736224058052));
#8945=CARTESIAN_POINT('Ctrl Pts',(149.167934245741,-50.1411393616835,3.95885673020373));
#8946=CARTESIAN_POINT('Ctrl Pts',(148.660593273841,-48.4968333295033,3.88035121982696));
#8947=CARTESIAN_POINT('Ctrl Pts',(149.752293031637,-47.1666721255922,3.80184570945018));
#8948=CARTESIAN_POINT('Ctrl Pts',(151.463971222645,-47.3435759406173,3.7233401990734));
#8949=CARTESIAN_POINT('Ctrl Pts',(152.260554152441,-48.8688932271902,3.64483468869662));
#8950=CARTESIAN_POINT('Ctrl Pts',(151.427647311691,-50.3746831812391,3.56632917831984));
#8951=CARTESIAN_POINT('Ctrl Pts',(149.712221356873,-50.5105175720563,3.48782366794306));
#8952=CARTESIAN_POINT('Ctrl Pts',(148.652711065204,-49.1545768924637,3.40931815756628));
#8953=CARTESIAN_POINT('Ctrl Pts',(149.199310456726,-47.5229009716409,3.3308126471895));
#8954=CARTESIAN_POINT('Ctrl Pts',(150.861816198153,-47.0788155828489,3.25230713681272));
#8955=CARTESIAN_POINT('Ctrl Pts',(152.149253625794,-48.220587025534,3.17380162643594));
#8956=CARTESIAN_POINT('Ctrl Pts',(151.907018228552,-49.9242475986039,3.09529611605916));
#8957=CARTESIAN_POINT('Ctrl Pts',(150.352352509105,-50.6619138455218,3.01679060568238));
#8958=CARTESIAN_POINT('Ctrl Pts',(148.879517561751,-49.772029458191,2.9382850953056));
#8959=CARTESIAN_POINT('Ctrl Pts',(148.80938695567,-48.05266324259,2.85977958492882));
#8960=CARTESIAN_POINT('Ctrl Pts',(150.204855121792,-47.0457850961728,2.78127407455205));
#8961=CARTESIAN_POINT('Ctrl Pts',(151.814433795389,-47.6543843465076,2.70276856417526));
#8962=CARTESIAN_POINT('Ctrl Pts',(152.194612960632,-49.3326608560413,2.62426305379849));
#8963=CARTESIAN_POINT('Ctrl Pts',(151.004442245848,-50.5754834963876,2.5457575434217));
#8964=CARTESIAN_POINT('Ctrl Pts',(149.311288043981,-50.2682863002999,2.46725203304493));
#8965=CARTESIAN_POINT('Ctrl Pts',(148.633625952778,-48.686514633955,2.38874652266815));
#8966=CARTESIAN_POINT('Ctrl Pts',(149.579168752583,-47.2488570107835,2.31024101229137));
#8967=CARTESIAN_POINT('Ctrl Pts',(151.299995474916,-47.2443916979556,2.23173550191459));
#8968=CARTESIAN_POINT('Ctrl Pts',(152.252693301178,-48.6776412707554,2.15322999153781));
#8969=CARTESIAN_POINT('Ctrl Pts',(151.583143147333,-50.2621499091831,2.07472448116103));
#8970=CARTESIAN_POINT('Ctrl Pts',(149.891234106744,-50.579176461082,1.99621897078425));
#8971=CARTESIAN_POINT('Ctrl Pts',(148.695633335117,-49.3397026175996,1.91771346040747));
#8972=CARTESIAN_POINT('Ctrl Pts',(148.943329183485,-48.2246217740652,1.86537645348962));
#8973=CARTESIAN_POINT('Ctrl Pts',(149.274461074153,-47.8401592569631,1.83920795003069));
#8974=CARTESIAN_POINT('Ctrl Pts',(150.069060086163,-50.248085071553,6.05359734998977));
#8975=CARTESIAN_POINT('Ctrl Pts',(149.608362156357,-50.124920967058,6.02742884653084));
#8976=CARTESIAN_POINT('Ctrl Pts',(148.825549750571,-49.3902872683968,5.97509183961299));
#8977=CARTESIAN_POINT('Ctrl Pts',(149.097507958747,-47.7947729506234,5.89658632923622));
#8978=CARTESIAN_POINT('Ctrl Pts',(150.579066072044,-47.1449786254287,5.81808081885943));
#8979=CARTESIAN_POINT('Ctrl Pts',(151.938010787097,-48.0207054793379,5.73957530848265));
#8980=CARTESIAN_POINT('Ctrl Pts',(151.957267469077,-49.6380473274836,5.66106979810587));
#8981=CARTESIAN_POINT('Ctrl Pts',(150.618772770443,-50.5458420969205,5.5825642877291));
#8982=CARTESIAN_POINT('Ctrl Pts',(149.123299286676,-49.9302888117196,5.50405877735231));
#8983=CARTESIAN_POINT('Ctrl Pts',(148.811842330187,-48.3432723483504,5.42555326697553));
#8984=CARTESIAN_POINT('Ctrl Pts',(149.963810264298,-47.2081422283063,5.34704775659876));
#8985=CARTESIAN_POINT('Ctrl Pts',(151.546049621518,-47.5428741130763,5.26854224622198));
#8986=CARTESIAN_POINT('Ctrl Pts',(152.139590221932,-49.0472896887149,5.1900367358452));
#8987=CARTESIAN_POINT('Ctrl Pts',(151.212121341791,-50.372185089369,5.11153122546842));
#8988=CARTESIAN_POINT('Ctrl Pts',(149.595423611949,-50.3293665435151,5.03302571509164));
#8989=CARTESIAN_POINT('Ctrl Pts',(148.739387847395,-48.9572328685516,4.95452020471486));
#8990=CARTESIAN_POINT('Ctrl Pts',(149.411728296602,-47.4863470589149,4.87601469433808));
#8991=CARTESIAN_POINT('Ctrl Pts',(151.009473571902,-47.2358340500489,4.7975091839613));
#8992=CARTESIAN_POINT('Ctrl Pts',(152.09972795961,-48.43036006778,4.71900367358452));
#8993=CARTESIAN_POINT('Ctrl Pts',(151.704725294054,-49.9986456838277,4.64049816320774));
#8994=CARTESIAN_POINT('Ctrl Pts',(150.178713409579,-50.5342151203487,4.56199265283096));
#8995=CARTESIAN_POINT('Ctrl Pts',(148.890256017623,-49.5567569520397,4.48348714245418));
#8996=CARTESIAN_POINT('Ctrl Pts',(148.994872350749,-47.9428789125774,4.4049816320774));
#8997=CARTESIAN_POINT('Ctrl Pts',(150.398739988504,-47.1399451904436,4.32647612170063));
#8998=CARTESIAN_POINT('Ctrl Pts',(151.842837061073,-47.8680458387234,4.24797061132384));
#8999=CARTESIAN_POINT('Ctrl Pts',(152.032062981014,-49.4742028852787,4.16946510094707));
#9000=CARTESIAN_POINT('Ctrl Pts',(150.796715445363,-50.5179765071215,4.09095959057028));
#9001=CARTESIAN_POINT('Ctrl Pts',(149.244683492503,-50.0632857056024,4.01245408019351));
#9002=CARTESIAN_POINT('Ctrl Pts',(148.767866275339,-48.5179080013466,3.93394856981673));
#9003=CARTESIAN_POINT('Ctrl Pts',(149.793884809858,-47.2677748586343,3.85544305943995));
#9004=CARTESIAN_POINT('Ctrl Pts',(151.402581282095,-47.4340354002775,3.77693754906317));
#9005=CARTESIAN_POINT('Ctrl Pts',(152.151238451262,-48.8675832195118,3.69843203868639));
#9006=CARTESIAN_POINT('Ctrl Pts',(151.368442769542,-50.2827785522165,3.61992652830961));
#9007=CARTESIAN_POINT('Ctrl Pts',(149.756224014642,-50.410440577978,3.54142101793283));
#9008=CARTESIAN_POINT('Ctrl Pts',(148.760458293339,-49.1360789606594,3.46291550755605));
#9009=CARTESIAN_POINT('Ctrl Pts',(149.274171979409,-47.6025714874385,3.38440999717927));
#9010=CARTESIAN_POINT('Ctrl Pts',(150.836654422286,-47.1852041329474,3.30590448680249));
#9011=CARTESIAN_POINT('Ctrl Pts',(152.046634229794,-48.2582818303769,3.22739897642571));
#9012=CARTESIAN_POINT('Ctrl Pts',(151.818972727158,-49.8594430581023,3.14889346604893));
#9013=CARTESIAN_POINT('Ctrl Pts',(150.357842199516,-50.5527282184429,3.07038795567215));
#9014=CARTESIAN_POINT('Ctrl Pts',(148.973619162475,-49.7163829976429,2.99188244529537));
#9015=CARTESIAN_POINT('Ctrl Pts',(148.907707906965,-48.1004610445274,2.91337693491859));
#9016=CARTESIAN_POINT('Ctrl Pts',(150.219218871907,-47.154160898494,2.83487142454181));
#9017=CARTESIAN_POINT('Ctrl Pts',(151.731958560713,-47.7261442725665,2.75636591416504));
#9018=CARTESIAN_POINT('Ctrl Pts',(152.089264557341,-49.3034486481826,2.67786040378825));
#9019=CARTESIAN_POINT('Ctrl Pts',(150.970699490443,-50.4714978805926,2.59935489341148));
#9020=CARTESIAN_POINT('Ctrl Pts',(149.379412526688,-50.1827829526212,2.5208493830347));
#9021=CARTESIAN_POINT('Ctrl Pts',(148.742521421097,-48.6961772852129,2.44234387265792));
#9022=CARTESIAN_POINT('Ctrl Pts',(149.631176411496,-47.3450151574082,2.36383836228114));
#9023=CARTESIAN_POINT('Ctrl Pts',(151.24847100115,-47.3408184964756,2.28533285190436));
#9024=CARTESIAN_POINT('Ctrl Pts',(152.143850541688,-48.6878377806546,2.20682734152758));
#9025=CARTESIAN_POINT('Ctrl Pts',(151.514583325378,-50.1770157524585,2.1283218311508));
#9026=CARTESIAN_POINT('Ctrl Pts',(149.92446660879,-50.4749686610858,2.04981632077402));
#9027=CARTESIAN_POINT('Ctrl Pts',(148.80079817998,-49.3100667479145,1.97131081039724));
#9028=CARTESIAN_POINT('Ctrl Pts',(149.033591610164,-48.2620738315618,1.91897380347939));
#9029=CARTESIAN_POINT('Ctrl Pts',(149.344801221387,-47.9007421874373,1.89280530002046));
#9030=CARTESIAN_POINT('Ctrl Pts',(150.093036345605,-50.1584013675653,6.10719469997954));
#9031=CARTESIAN_POINT('Ctrl Pts',(149.661830284194,-50.0431216908607,6.08102619652061));
#9032=CARTESIAN_POINT('Ctrl Pts',(148.929130108038,-49.3555160315231,6.02868918960276));
#9033=CARTESIAN_POINT('Ctrl Pts',(149.18367874008,-47.8621395685939,5.95018367922598));
#9034=CARTESIAN_POINT('Ctrl Pts',(150.570393976799,-47.2539422367487,5.87167816884921));
#9035=CARTESIAN_POINT('Ctrl Pts',(151.842344989256,-48.0736088840577,5.79317265847242));
#9036=CARTESIAN_POINT('Ctrl Pts',(151.8603689426,-49.5874155742427,5.71466714809565));
#9037=CARTESIAN_POINT('Ctrl Pts',(150.607558825869,-50.4370972892516,5.63616163771887));
#9038=CARTESIAN_POINT('Ctrl Pts',(149.207819019893,-49.8609490356399,5.55765612734208));
#9039=CARTESIAN_POINT('Ctrl Pts',(148.916300176812,-48.3755264316083,5.47915061696531));
#9040=CARTESIAN_POINT('Ctrl Pts',(149.994524157435,-47.3130623817705,5.40064510658852));
#9041=CARTESIAN_POINT('Ctrl Pts',(151.475475464779,-47.6263661939262,5.32213959621175));
#9042=CARTESIAN_POINT('Ctrl Pts',(152.031020189497,-49.0344756581258,5.24363408583497));
#9043=CARTESIAN_POINT('Ctrl Pts',(151.162923814383,-50.2745570445097,5.16512857545819));
#9044=CARTESIAN_POINT('Ctrl Pts',(149.649720008862,-50.234479554861,5.08662306508141));
#9045=CARTESIAN_POINT('Ctrl Pts',(148.84848391341,-48.950183882076,5.00811755470463));
#9046=CARTESIAN_POINT('Ctrl Pts',(149.477784064926,-47.5734577547709,4.92961204432785));
#9047=CARTESIAN_POINT('Ctrl Pts',(150.973248669229,-47.3389814940876,4.85110653395107));
#9048=CARTESIAN_POINT('Ctrl Pts',(151.993709735026,-48.4570391757797,4.77260102357429));
#9049=CARTESIAN_POINT('Ctrl Pts',(151.623993414111,-49.9249299994887,4.69409551319751));
#9050=CARTESIAN_POINT('Ctrl Pts',(150.195670142399,-50.4262146209146,4.61559000282073));
#9051=CARTESIAN_POINT('Ctrl Pts',(148.989694162616,-49.5113290534271,4.53708449244395));
#9052=CARTESIAN_POINT('Ctrl Pts',(149.087613415228,-48.0007644340293,4.45857898206718));
#9053=CARTESIAN_POINT('Ctrl Pts',(150.401611581172,-47.2492310202771,4.38007347169039));
#9054=CARTESIAN_POINT('Ctrl Pts',(151.7532638693,-47.9307218465718,4.30156796131362));
#9055=CARTESIAN_POINT('Ctrl Pts',(151.93037637269,-49.4340597372909,4.22306245093684));
#9056=CARTESIAN_POINT('Ctrl Pts',(150.774110388281,-50.4110155327498,4.14455694056006));
#9057=CARTESIAN_POINT('Ctrl Pts',(149.321432739265,-49.9854320495212,4.06605143018328));
#9058=CARTESIAN_POINT('Ctrl Pts',(148.875139276837,-48.5389826731898,3.9875459198065));
#9059=CARTESIAN_POINT('Ctrl Pts',(149.83547658808,-47.3688775916764,3.90904040942972));
#9060=CARTESIAN_POINT('Ctrl Pts',(151.341191341544,-47.5244948599378,3.83053489905294));
#9061=CARTESIAN_POINT('Ctrl Pts',(152.041922750083,-48.8662732118334,3.75202938867616));
#9062=CARTESIAN_POINT('Ctrl Pts',(151.309238227393,-50.1908739231938,3.67352387829938));
#9063=CARTESIAN_POINT('Ctrl Pts',(149.80022667241,-50.3103635838996,3.5950183679226));
#9064=CARTESIAN_POINT('Ctrl Pts',(148.868205521475,-49.1175810288552,3.51651285754582));
#9065=CARTESIAN_POINT('Ctrl Pts',(149.349033502092,-47.6822420032362,3.43800734716904));
#9066=CARTESIAN_POINT('Ctrl Pts',(150.811492646419,-47.2915926830458,3.35950183679226));
#9067=CARTESIAN_POINT('Ctrl Pts',(151.944014833794,-48.2959766352199,3.28099632641548));
#9068=CARTESIAN_POINT('Ctrl Pts',(151.730927225764,-49.7946385176007,3.2024908160387));
#9069=CARTESIAN_POINT('Ctrl Pts',(150.363331889928,-50.4435425913638,3.12398530566192));
#9070=CARTESIAN_POINT('Ctrl Pts',(149.067720763199,-49.6607365370949,3.04547979528514));
#9071=CARTESIAN_POINT('Ctrl Pts',(149.00602885826,-48.1482588464647,2.96697428490836));
#9072=CARTESIAN_POINT('Ctrl Pts',(150.233582622021,-47.2625367008153,2.88846877453158));
#9073=CARTESIAN_POINT('Ctrl Pts',(151.649483326036,-47.7979041986254,2.8099632641548));
#9074=CARTESIAN_POINT('Ctrl Pts',(151.983916154049,-49.2742364403238,2.73145775377803));
#9075=CARTESIAN_POINT('Ctrl Pts',(150.936956735038,-50.3675122647976,2.65295224340125));
#9076=CARTESIAN_POINT('Ctrl Pts',(149.447537009394,-50.0972796049427,2.57444673302447));
#9077=CARTESIAN_POINT('Ctrl Pts',(148.851416889417,-48.7058399364707,2.49594122264769));
#9078=CARTESIAN_POINT('Ctrl Pts',(149.683184070408,-47.441173304033,2.41743571227091));
#9079=CARTESIAN_POINT('Ctrl Pts',(151.196946527383,-47.4372452949954,2.33893020189413));
#9080=CARTESIAN_POINT('Ctrl Pts',(152.035007782198,-48.6980342905539,2.26042469151735));
#9081=CARTESIAN_POINT('Ctrl Pts',(151.446023503422,-50.0918815957338,2.18191918114057));
#9082=CARTESIAN_POINT('Ctrl Pts',(149.957699110836,-50.3707608610897,2.10341367076379));
#9083=CARTESIAN_POINT('Ctrl Pts',(148.905963024842,-49.2804308782294,2.02490816038701));
#9084=CARTESIAN_POINT('Ctrl Pts',(149.123854036844,-48.2995258890585,1.97257115346916));
#9085=CARTESIAN_POINT('Ctrl Pts',(149.415141368621,-47.9613251179115,1.94640265001023));
#9086=CARTESIAN_POINT('Ctrl Pts',(150.117012605047,-50.0687176635777,6.16079204996931));
#9087=CARTESIAN_POINT('Ctrl Pts',(149.715298412031,-49.9613224146634,6.13462354651038));
#9088=CARTESIAN_POINT('Ctrl Pts',(149.032710465507,-49.3207447946493,6.08228653959253));
#9089=CARTESIAN_POINT('Ctrl Pts',(149.269849521412,-47.9295061865644,6.00378102921575));
#9090=CARTESIAN_POINT('Ctrl Pts',(150.561721881553,-47.3629058480686,5.92527551883898));
#9091=CARTESIAN_POINT('Ctrl Pts',(151.746679191415,-48.1265122887776,5.84677000846219));
#9092=CARTESIAN_POINT('Ctrl Pts',(151.763470416123,-49.5367838210016,5.76826449808541));
#9093=CARTESIAN_POINT('Ctrl Pts',(150.596344881295,-50.3283524815829,5.68975898770864));
#9094=CARTESIAN_POINT('Ctrl Pts',(149.292338753109,-49.7916092595602,5.61125347733185));
#9095=CARTESIAN_POINT('Ctrl Pts',(149.020758023437,-48.4077805148662,5.53274796695508));
#9096=CARTESIAN_POINT('Ctrl Pts',(150.025238050571,-47.4179825352347,5.45424245657829));
#9097=CARTESIAN_POINT('Ctrl Pts',(151.40490130804,-47.7098582747761,5.37573694620152));
#9098=CARTESIAN_POINT('Ctrl Pts',(151.922450157062,-49.0216616275368,5.29723143582474));
#9099=CARTESIAN_POINT('Ctrl Pts',(151.113726286974,-50.1769289996505,5.21872592544796));
#9100=CARTESIAN_POINT('Ctrl Pts',(149.704016405776,-50.1395925662069,5.14022041507118));
#9101=CARTESIAN_POINT('Ctrl Pts',(148.957579979426,-48.9431348956003,5.0617149046944));
#9102=CARTESIAN_POINT('Ctrl Pts',(149.543839833251,-47.6605684506268,4.98320939431762));
#9103=CARTESIAN_POINT('Ctrl Pts',(150.937023766557,-47.4421289381264,4.90470388394084));
#9104=CARTESIAN_POINT('Ctrl Pts',(151.887691510442,-48.4837182837793,4.82619837356406));
#9105=CARTESIAN_POINT('Ctrl Pts',(151.543261534167,-49.8512143151497,4.74769286318728));
#9106=CARTESIAN_POINT('Ctrl Pts',(150.212626875218,-50.3182141214806,4.6691873528105));
#9107=CARTESIAN_POINT('Ctrl Pts',(149.089132307609,-49.4659011548146,4.59068184243372));
#9108=CARTESIAN_POINT('Ctrl Pts',(149.180354479707,-48.0586499554812,4.51217633205694));
#9109=CARTESIAN_POINT('Ctrl Pts',(150.404483173839,-47.3585168501106,4.43367082168017));
#9110=CARTESIAN_POINT('Ctrl Pts',(151.663690677527,-47.9933978544203,4.35516531130338));
#9111=CARTESIAN_POINT('Ctrl Pts',(151.828689764366,-49.3939165893031,4.27665980092661));
#9112=CARTESIAN_POINT('Ctrl Pts',(150.751505331199,-50.3040545583781,4.19815429054982));
#9113=CARTESIAN_POINT('Ctrl Pts',(149.398181986026,-49.9075783934401,4.11964878017305));
#9114=CARTESIAN_POINT('Ctrl Pts',(148.982412278335,-48.5600573450332,4.04114326979627));
#9115=CARTESIAN_POINT('Ctrl Pts',(149.877068366302,-47.4699803247184,3.96263775941949));
#9116=CARTESIAN_POINT('Ctrl Pts',(151.279801400994,-47.6149543195981,3.88413224904271));
#9117=CARTESIAN_POINT('Ctrl Pts',(151.932607048905,-48.864963204155,3.80562673866593));
#9118=CARTESIAN_POINT('Ctrl Pts',(151.250033685245,-50.0989692941712,3.72712122828915));
#9119=CARTESIAN_POINT('Ctrl Pts',(149.844229330178,-50.2102865898214,3.64861571791237));
#9120=CARTESIAN_POINT('Ctrl Pts',(148.97595274961,-49.0990830970509,3.57011020753559));
#9121=CARTESIAN_POINT('Ctrl Pts',(149.423895024775,-47.7619125190338,3.49160469715881));
#9122=CARTESIAN_POINT('Ctrl Pts',(150.786330870553,-47.3979812331443,3.41309918678203));
#9123=CARTESIAN_POINT('Ctrl Pts',(151.841395437794,-48.3336714400628,3.33459367640525));
#9124=CARTESIAN_POINT('Ctrl Pts',(151.64288172437,-49.7298339770991,3.25608816602847));
#9125=CARTESIAN_POINT('Ctrl Pts',(150.368821580339,-50.3343569642848,3.17758265565169));
#9126=CARTESIAN_POINT('Ctrl Pts',(149.161822363923,-49.6050900765469,3.09907714527491));
#9127=CARTESIAN_POINT('Ctrl Pts',(149.104349809555,-48.196056648402,3.02057163489814));
#9128=CARTESIAN_POINT('Ctrl Pts',(150.247946372136,-47.3709125031365,2.94206612452135));
#9129=CARTESIAN_POINT('Ctrl Pts',(151.56700809136,-47.8696641246844,2.86356061414457));
#9130=CARTESIAN_POINT('Ctrl Pts',(151.878567750758,-49.245024232465,2.7850551037678));
#9131=CARTESIAN_POINT('Ctrl Pts',(150.903213979633,-50.2635266490028,2.70654959339102));
#9132=CARTESIAN_POINT('Ctrl Pts',(149.515661492101,-50.011776257264,2.62804408301424));
#9133=CARTESIAN_POINT('Ctrl Pts',(148.960312357736,-48.7155025877287,2.54953857263746));
#9134=CARTESIAN_POINT('Ctrl Pts',(149.73519172932,-47.5373314506577,2.47103306226068));
#9135=CARTESIAN_POINT('Ctrl Pts',(151.145422053617,-47.5336720935153,2.3925275518839));
#9136=CARTESIAN_POINT('Ctrl Pts',(151.926165022708,-48.7082308004532,2.31402204150712));
#9137=CARTESIAN_POINT('Ctrl Pts',(151.377463681466,-50.0067474390092,2.23551653113034));
#9138=CARTESIAN_POINT('Ctrl Pts',(149.990931612882,-50.2665530610936,2.15701102075356));
#9139=CARTESIAN_POINT('Ctrl Pts',(149.011127869705,-49.2507950085443,2.07850551037678));
#9140=CARTESIAN_POINT('Ctrl Pts',(149.214116463523,-48.3369779465552,2.02616850345893));
#9141=CARTESIAN_POINT('Ctrl Pts',(149.485481515856,-48.0219080483856,2.));
#9142=CARTESIAN_POINT('Ctrl Pts',(149.485481515856,-48.0219080483856,2.));
#9143=CARTESIAN_POINT('Ctrl Pts',(149.448613509258,-48.0563378667922,2.));
#9144=CARTESIAN_POINT('Ctrl Pts',(149.414124157499,-48.0930071897755,2.));
#9145=CARTESIAN_POINT('Ctrl Pts',(149.382015072166,-48.1315958746562,2.));
#9146=CARTESIAN_POINT('Ctrl Pts',(149.348463675345,-48.1719179288608,2.));
#9147=CARTESIAN_POINT('Ctrl Pts',(149.317510567061,-48.2143361060814,2.));
#9148=CARTESIAN_POINT('Ctrl Pts',(149.289185619756,-48.2585348708496,2.));
#9149=CARTESIAN_POINT('Ctrl Pts',(149.266462838691,-48.2939919131654,2.));
#9150=CARTESIAN_POINT('Ctrl Pts',(149.245431872063,-48.3305960156985,2.));
#9151=CARTESIAN_POINT('Ctrl Pts',(149.2261243963,-48.3682022326,2.));
#9152=CARTESIAN_POINT('Ctrl Pts',(149.217982793268,-48.3840600740565,2.));
#9153=CARTESIAN_POINT('Ctrl Pts',(149.210147844762,-48.4000962715994,2.));
#9154=CARTESIAN_POINT('Ctrl Pts',(149.202622808674,-48.4163005935984,2.));
#9155=CARTESIAN_POINT('Ctrl Pts',(149.198317486813,-48.4255716217953,2.));
#9156=CARTESIAN_POINT('Ctrl Pts',(149.194113387914,-48.4348984832979,2.));
#9157=CARTESIAN_POINT('Ctrl Pts',(149.19001752922,-48.4442640592883,2.));
#9158=CARTESIAN_POINT('Ctrl Pts',(149.168206359567,-48.4941374026018,2.));
#9159=CARTESIAN_POINT('Ctrl Pts',(149.149415011007,-48.5452037554265,2.));
#9160=CARTESIAN_POINT('Ctrl Pts',(149.133670508457,-48.5971312392589,2.));
#9161=CARTESIAN_POINT('Ctrl Pts',(149.117635405738,-48.6500171614769,2.));
#9162=CARTESIAN_POINT('Ctrl Pts',(149.10476006436,-48.7037972208864,2.));
#9163=CARTESIAN_POINT('Ctrl Pts',(149.095113731693,-48.7581554318245,2.));
#9164=CARTESIAN_POINT('Ctrl Pts',(149.088213488887,-48.7970391057449,2.));
#9165=CARTESIAN_POINT('Ctrl Pts',(149.08296631991,-48.8362193858263,2.));
#9166=CARTESIAN_POINT('Ctrl Pts',(149.079412579424,-48.8755870000036,2.));
#9167=CARTESIAN_POINT('Ctrl Pts',(149.077904410512,-48.8922941884036,2.));
#9168=CARTESIAN_POINT('Ctrl Pts',(149.076701402947,-48.9090351600295,2.));
#9169=CARTESIAN_POINT('Ctrl Pts',(149.075807397214,-48.9258016936037,2.));
#9170=CARTESIAN_POINT('Ctrl Pts',(149.075275395409,-48.9357790637719,2.));
#9171=CARTESIAN_POINT('Ctrl Pts',(149.074853173783,-48.9457600263287,2.));
#9172=CARTESIAN_POINT('Ctrl Pts',(149.074541331084,-48.9557350518483,2.));
#9173=CARTESIAN_POINT('Ctrl Pts',(149.072765441413,-49.0125410789935,2.));
#9174=CARTESIAN_POINT('Ctrl Pts',(149.074561319911,-49.0692286314624,2.));
#9175=CARTESIAN_POINT('Ctrl Pts',(149.079988328729,-49.1254648844528,2.));
#9176=CARTESIAN_POINT('Ctrl Pts',(149.08332738627,-49.1600651755015,2.));
#9177=CARTESIAN_POINT('Ctrl Pts',(149.088041896456,-49.1944951733509,2.));
#9178=CARTESIAN_POINT('Ctrl Pts',(149.094155014067,-49.2286804340148,2.));
#9179=CARTESIAN_POINT('Ctrl Pts',(149.103830089979,-49.2827845774377,2.));
#9180=CARTESIAN_POINT('Ctrl Pts',(149.117005658364,-49.3362761782512,2.));
#9181=CARTESIAN_POINT('Ctrl Pts',(149.133455863394,-49.3889510352344,2.));
#9182=CARTESIAN_POINT('Ctrl Pts',(149.138375152191,-49.4047029868577,2.));
#9183=CARTESIAN_POINT('Ctrl Pts',(149.143587629586,-49.4203818681483,2.));
#9184=CARTESIAN_POINT('Ctrl Pts',(149.149088128304,-49.43598208379,2.));
#9185=CARTESIAN_POINT('Ctrl Pts',(149.154175009192,-49.4504092190153,2.));
#9186=CARTESIAN_POINT('Ctrl Pts',(149.159510854415,-49.4647753061906,2.));
#9187=CARTESIAN_POINT('Ctrl Pts',(149.165077970235,-49.4790417315508,2.));
#9188=CARTESIAN_POINT('Ctrl Pts',(149.185707376293,-49.5319071453999,2.));
#9189=CARTESIAN_POINT('Ctrl Pts',(149.209529713064,-49.5834743287203,2.));
#9190=CARTESIAN_POINT('Ctrl Pts',(149.236262221036,-49.6335330793474,2.));
#9191=CARTESIAN_POINT('Ctrl Pts',(149.263624713899,-49.6847715268657,2.));
#9192=CARTESIAN_POINT('Ctrl Pts',(149.294036501635,-49.7344305143499,2.));
#9193=CARTESIAN_POINT('Ctrl Pts',(149.327249677294,-49.7822789591916,2.));
#9194=CARTESIAN_POINT('Ctrl Pts',(149.347412076943,-49.8113258494194,2.));
#9195=CARTESIAN_POINT('Ctrl Pts',(149.368607899415,-49.8397053471616,2.));
#9196=CARTESIAN_POINT('Ctrl Pts',(149.390790379934,-49.8673625389306,2.));
#9197=CARTESIAN_POINT('Ctrl Pts',(149.40300493707,-49.8825916900975,2.));
#9198=CARTESIAN_POINT('Ctrl Pts',(149.41551876213,-49.8976017815874,2.));
#9199=CARTESIAN_POINT('Ctrl Pts',(149.428324798674,-49.9123831692464,2.));
#9200=CARTESIAN_POINT('Ctrl Pts',(149.436035299752,-49.9212830271437,2.));
#9201=CARTESIAN_POINT('Ctrl Pts',(149.443853108411,-49.9301014671838,2.));
#9202=CARTESIAN_POINT('Ctrl Pts',(149.451772425855,-49.9388315365591,2.));
#9203=CARTESIAN_POINT('Ctrl Pts',(149.492358636381,-49.9835728209008,2.));
#9204=CARTESIAN_POINT('Ctrl Pts',(149.535480370365,-50.025856835385,2.));
#9205=CARTESIAN_POINT('Ctrl Pts',(149.580877923695,-50.0654333202814,2.));
#9206=CARTESIAN_POINT('Ctrl Pts',(149.610392730959,-50.0911636127366,2.));
#9207=CARTESIAN_POINT('Ctrl Pts',(149.640870558197,-50.1157491764354,2.));
#9208=CARTESIAN_POINT('Ctrl Pts',(149.672250205291,-50.1391152134875,2.));
#9209=CARTESIAN_POINT('Ctrl Pts',(149.685236655967,-50.1487852358032,2.));
#9210=CARTESIAN_POINT('Ctrl Pts',(149.698377648536,-50.158246318521,2.));
#9211=CARTESIAN_POINT('Ctrl Pts',(149.711669189263,-50.1674928344704,2.));
#9212=CARTESIAN_POINT('Ctrl Pts',(149.721388790725,-50.1742544621695,2.));
#9213=CARTESIAN_POINT('Ctrl Pts',(149.731187969078,-50.1809006021565,2.));
#9214=CARTESIAN_POINT('Ctrl Pts',(149.741056698955,-50.1874237320577,2.));
#9215=CARTESIAN_POINT('Ctrl Pts',(149.79178585866,-50.2209551897678,2.));
#9216=CARTESIAN_POINT('Ctrl Pts',(149.8444078921,-50.2512798598722,2.));
#9217=CARTESIAN_POINT('Ctrl Pts',(149.898687176979,-50.2781314524712,2.));
#9218=CARTESIAN_POINT('Ctrl Pts',(149.924083724469,-50.2906949515698,2.));
#9219=CARTESIAN_POINT('Ctrl Pts',(149.949843639908,-50.3024976683948,2.));
#9220=CARTESIAN_POINT('Ctrl Pts',(149.975945461893,-50.3135094202212,2.));
#9221=CARTESIAN_POINT('Ctrl Pts',(149.998395887819,-50.3229807329455,2.));
#9222=CARTESIAN_POINT('Ctrl Pts',(150.021099283695,-50.3318668768711,2.));
#9223=CARTESIAN_POINT('Ctrl Pts',(150.044034486181,-50.3401735814115,2.));
#9224=CARTESIAN_POINT('Ctrl Pts',(149.179853310963,-48.8461093807229,5.55658032638059));
#9225=CARTESIAN_POINT('Ctrl Pts',(149.178871263992,-48.7196962400462,5.54863620657208));
#9226=CARTESIAN_POINT('Ctrl Pts',(149.196353089117,-48.5935481786721,5.54069208676358));
#9227=CARTESIAN_POINT('Ctrl Pts',(149.233434816238,-48.4734523090433,5.53274796695508));
#9228=CARTESIAN_POINT('Ctrl Pts',(149.355584699148,-48.077847854989,5.50657946349615));
#9229=CARTESIAN_POINT('Ctrl Pts',(149.69041137486,-47.7479151951119,5.48041096003722));
#9230=CARTESIAN_POINT('Ctrl Pts',(150.08776858896,-47.6315948217635,5.45424245657829));
#9231=CARTESIAN_POINT('Ctrl Pts',(150.485125803061,-47.5152744484152,5.42807395311937));
#9232=CARTESIAN_POINT('Ctrl Pts',(150.94501355555,-47.6125663615956,5.40190544966045));
#9233=CARTESIAN_POINT('Ctrl Pts',(151.261215573299,-47.8798462103126,5.37573694620152));
#9234=CARTESIAN_POINT('Ctrl Pts',(151.577417591047,-48.1471260590297,5.34956844274259));
#9235=CARTESIAN_POINT('Ctrl Pts',(151.749933874054,-48.5843938432832,5.32339993928367));
#9236=CARTESIAN_POINT('Ctrl Pts',(151.701404703877,-48.995572297429,5.29723143582474));
#9237=CARTESIAN_POINT('Ctrl Pts',(151.652875533699,-49.4067507515747,5.27106293236581));
#9238=CARTESIAN_POINT('Ctrl Pts',(151.383300910337,-49.7918398756126,5.24489442890688));
#9239=CARTESIAN_POINT('Ctrl Pts',(151.013561951789,-49.9781616987243,5.21872592544796));
#9240=CARTESIAN_POINT('Ctrl Pts',(150.643822993241,-50.164483521836,5.19255742198903));
#9241=CARTESIAN_POINT('Ctrl Pts',(150.173919699509,-50.1520380440214,5.16638891853011));
#9242=CARTESIAN_POINT('Ctrl Pts',(149.814561981584,-49.9464056933464,5.14022041507118));
#9243=CARTESIAN_POINT('Ctrl Pts',(149.455204263659,-49.7407733426713,5.11405191161225));
#9244=CARTESIAN_POINT('Ctrl Pts',(149.206392121542,-49.3419541191358,5.08788340815332));
#9245=CARTESIAN_POINT('Ctrl Pts',(149.179696026122,-48.9287834332058,5.0617149046944));
#9246=CARTESIAN_POINT('Ctrl Pts',(149.177949993366,-48.9017603970686,5.06000337858979));
#9247=CARTESIAN_POINT('Ctrl Pts',(149.177154104144,-48.874675969828,5.05829185248519));
#9248=CARTESIAN_POINT('Ctrl Pts',(149.177283841852,-48.8475837866363,5.05658032638058));
#9249=CARTESIAN_POINT('Origin',(150.443597668578,-48.8471193473221,0.));
#9250=CARTESIAN_POINT('Origin',(79.0179919316802,-48.6059364935562,7.10421172358873));
#9251=CARTESIAN_POINT('Ctrl Pts',(77.4730779982434,-48.6051808173007,5.85421172358873));
#9252=CARTESIAN_POINT('Ctrl Pts',(77.4727771274067,-48.5572539111894,5.85173115187988));
#9253=CARTESIAN_POINT('Ctrl Pts',(77.4963778064644,-48.0040165607984,5.82308207671211));
#9254=CARTESIAN_POINT('Ctrl Pts',(78.1616127558701,-47.0032222825634,5.76826449808541));
#9255=CARTESIAN_POINT('Ctrl Pts',(79.8824048191984,-47.0077066234014,5.68975898770864));
#9256=CARTESIAN_POINT('Ctrl Pts',(80.8279355251695,-48.4453306544319,5.61125347733186));
#9257=CARTESIAN_POINT('Ctrl Pts',(80.1502829651505,-50.0270826162771,5.53274796695508));
#9258=CARTESIAN_POINT('Ctrl Pts',(78.4571565355654,-50.3342718304373,5.4542424565783));
#9259=CARTESIAN_POINT('Ctrl Pts',(77.5549470824498,-49.3921509834914,5.39473037545618));
#9260=CARTESIAN_POINT('Ctrl Pts',(77.4743727081408,-48.7464679374099,5.36138679779299));
#9261=CARTESIAN_POINT('Ctrl Pts',(77.4755387435362,-48.6072406605406,5.35421172358873));
#9262=CARTESIAN_POINT('Ctrl Pts',(77.4766573741812,-48.6073740711134,5.89578827641128));
#9263=CARTESIAN_POINT('Ctrl Pts',(77.4789859995907,-48.2654777614862,5.87818851068966));
#9264=CARTESIAN_POINT('Ctrl Pts',(77.7578202931766,-47.4107218629262,5.83442024150913));
#9265=CARTESIAN_POINT('Ctrl Pts',(79.1621305335988,-46.7949080363744,5.76448346886966));
#9266=CARTESIAN_POINT('Ctrl Pts',(80.6080418721573,-47.7266093193764,5.68597795849288));
#9267=CARTESIAN_POINT('Ctrl Pts',(80.6285371232609,-49.447495642557,5.60747244811611));
#9268=CARTESIAN_POINT('Ctrl Pts',(79.2043758853104,-50.4133679091636,5.52896693773932));
#9269=CARTESIAN_POINT('Ctrl Pts',(77.7742121560277,-49.8247050355002,5.45840554717105));
#9270=CARTESIAN_POINT('Ctrl Pts',(77.4786882376749,-48.9585713425074,5.4140126600617));
#9271=CARTESIAN_POINT('Ctrl Pts',(77.4759389658941,-48.6047042868479,5.39578827641128));
#9272=CARTESIAN_POINT('Ctrl Pts',(79.9761080844026,-47.7807251946197,6.));
#9273=CARTESIAN_POINT('Ctrl Pts',(80.2474731367353,-48.0957950927892,5.97383149654108));
#9274=CARTESIAN_POINT('Ctrl Pts',(80.4506047015217,-49.0094545841175,5.92149448962322));
#9275=CARTESIAN_POINT('Ctrl Pts',(79.4706136761602,-50.0253903811288,5.84298897924645));
#9276=CARTESIAN_POINT('Ctrl Pts',(78.0841619301332,-49.7655145181794,5.76448346886966));
#9277=CARTESIAN_POINT('Ctrl Pts',(77.5354395280994,-48.4670678463415,5.68597795849288));
#9278=CARTESIAN_POINT('Ctrl Pts',(78.3161828144982,-47.2925002525968,5.6074724481161));
#9279=CARTESIAN_POINT('Ctrl Pts',(79.7263847354823,-47.2961752033354,5.52896693773932));
#9280=CARTESIAN_POINT('Ctrl Pts',(80.501254196079,-48.4743188113963,5.45046142736254));
#9281=CARTESIAN_POINT('Ctrl Pts',(79.9459128725895,-49.7705763329474,5.37195591698577));
#9282=CARTESIAN_POINT('Ctrl Pts',(78.5583831446503,-50.0223201834371,5.29345040660898));
#9283=CARTESIAN_POINT('Ctrl Pts',(77.5830448314465,-49.0038354463053,5.21494489623221));
#9284=CARTESIAN_POINT('Ctrl Pts',(77.8945995735388,-47.6284967276017,5.13643938585542));
#9285=CARTESIAN_POINT('Ctrl Pts',(79.2136400762886,-47.1297534784474,5.05793387547865));
#9286=CARTESIAN_POINT('Ctrl Pts',(80.3572182891531,-47.9548841849934,4.97942836510187));
#9287=CARTESIAN_POINT('Ctrl Pts',(80.2997466523454,-49.3638950845048,4.90092285472509));
#9288=CARTESIAN_POINT('Ctrl Pts',(79.0927668196378,-50.0931502116861,4.82241734434831));
#9289=CARTESIAN_POINT('Ctrl Pts',(77.8187271337087,-49.4886369574996,4.74391183397153));
#9290=CARTESIAN_POINT('Ctrl Pts',(77.6202166081101,-48.0924968267535,4.66540632359475));
#9291=CARTESIAN_POINT('Ctrl Pts',(78.6752642332901,-47.15682165168,4.58690081321797));
#9292=CARTESIAN_POINT('Ctrl Pts',(80.0376782012169,-47.520747090231,4.50839530284119));
#9293=CARTESIAN_POINT('Ctrl Pts',(80.4856132834272,-48.8578961978608,4.42988979246441));
#9294=CARTESIAN_POINT('Ctrl Pts',(79.6173506454958,-49.969081846216,4.35138428208763));
#9295=CARTESIAN_POINT('Ctrl Pts',(78.2115688646571,-49.8577663385194,4.27287877171086));
#9296=CARTESIAN_POINT('Ctrl Pts',(77.5290064616549,-48.6237800637812,4.19437326133407));
#9297=CARTESIAN_POINT('Ctrl Pts',(78.1818016269085,-47.373791251804,4.1158677509573));
#9298=CARTESIAN_POINT('Ctrl Pts',(79.5845121367083,-47.2288195848387,4.03736224058051));
#9299=CARTESIAN_POINT('Ctrl Pts',(80.4791538584098,-48.3188791008816,3.95885673020373));
#9300=CARTESIAN_POINT('Ctrl Pts',(80.0633908270981,-49.6663785109588,3.88035121982695));
#9301=CARTESIAN_POINT('Ctrl Pts',(78.7100892133858,-50.0628483093665,3.80184570945018));
#9302=CARTESIAN_POINT('Ctrl Pts',(77.6329220775303,-49.152724955113,3.7233401990734));
#9303=CARTESIAN_POINT('Ctrl Pts',(77.7979185147705,-47.7522287096539,3.64483468869662));
#9304=CARTESIAN_POINT('Ctrl Pts',(79.0571057984113,-47.117357899999,3.56632917831983));
#9305=CARTESIAN_POINT('Ctrl Pts',(80.2812148353959,-47.8174797630802,3.48782366794306));
#9306=CARTESIAN_POINT('Ctrl Pts',(80.3724355431709,-49.2247083642715,3.40931815756628));
#9307=CARTESIAN_POINT('Ctrl Pts',(79.2489590154836,-50.0770076460061,3.3308126471895));
#9308=CARTESIAN_POINT('Ctrl Pts',(77.9183457256233,-49.6100153359258,3.25230713681272));
#9309=CARTESIAN_POINT('Ctrl Pts',(77.5739212763877,-48.2425412691095,3.17380162643594));
#9310=CARTESIAN_POINT('Ctrl Pts',(78.5245737618607,-47.2009686382686,3.09529611605916));
#9311=CARTESIAN_POINT('Ctrl Pts',(79.9177353096371,-47.4194046646169,3.01679060568238));
#9312=CARTESIAN_POINT('Ctrl Pts',(80.503985776051,-48.7019504718741,2.9382850953056));
#9313=CARTESIAN_POINT('Ctrl Pts',(79.7575612853771,-49.8983890134219,2.85977958492882));
#9314=CARTESIAN_POINT('Ctrl Pts',(78.3478741358441,-49.9357246835656,2.78127407455205));
#9315=CARTESIAN_POINT('Ctrl Pts',(77.539163076365,-48.7804761827016,2.70276856417526));
#9316=CARTESIAN_POINT('Ctrl Pts',(78.056703936187,-47.468693271203,2.62426305379849));
#9317=CARTESIAN_POINT('Ctrl Pts',(79.4363444616421,-47.1768234277877,2.5457575434217));
#9318=CARTESIAN_POINT('Ctrl Pts',(80.4408093715649,-48.1666031795046,2.46725203304493));
#9319=CARTESIAN_POINT('Ctrl Pts',(80.1692312874802,-49.5504141824951,2.38874652266814));
#9320=CARTESIAN_POINT('Ctrl Pts',(78.8652488584432,-50.0871402457178,2.31024101229137));
#9321=CARTESIAN_POINT('Ctrl Pts',(77.6981380028654,-49.2956004716047,2.23173550191459));
#9322=CARTESIAN_POINT('Ctrl Pts',(77.7149339726853,-47.8853214187467,2.15322999153781));
#9323=CARTESIAN_POINT('Ctrl Pts',(78.8998692593222,-47.1217846478028,2.07472448116103));
#9324=CARTESIAN_POINT('Ctrl Pts',(80.1917148379685,-47.6882816991072,1.99621897078425));
#9325=CARTESIAN_POINT('Ctrl Pts',(80.4289084674922,-49.0797726748421,1.91771346040747));
#9326=CARTESIAN_POINT('Ctrl Pts',(79.7462911882275,-49.7201395608974,1.86537645348962));
#9327=CARTESIAN_POINT('Ctrl Pts',(79.3445769952113,-49.8275348098117,1.83920795003069));
#9328=CARTESIAN_POINT('Ctrl Pts',(80.0464482316369,-47.7201422641455,6.05359734998977));
#9329=CARTESIAN_POINT('Ctrl Pts',(80.3377355634145,-48.0583430352926,6.02742884653085));
#9330=CARTESIAN_POINT('Ctrl Pts',(80.5557800426054,-49.0390788857444,5.97509183961299));
#9331=CARTESIAN_POINT('Ctrl Pts',(79.503842925096,-50.1295996621856,5.89658632923622));
#9332=CARTESIAN_POINT('Ctrl Pts',(78.0156047519519,-49.8506449992279,5.81808081885943));
#9333=CARTESIAN_POINT('Ctrl Pts',(77.4265978662047,-48.4568727973764,5.73957530848265));
#9334=CARTESIAN_POINT('Ctrl Pts',(78.2646594616221,-47.1960742625856,5.66106979810587));
#9335=CARTESIAN_POINT('Ctrl Pts',(79.7783914300544,-47.2000190100241,5.58256428772909));
#9336=CARTESIAN_POINT('Ctrl Pts',(80.6101479724424,-48.4646560924082,5.50405877735232));
#9337=CARTESIAN_POINT('Ctrl Pts',(80.0140362367766,-49.8560784273906,5.42555326697553));
#9338=CARTESIAN_POINT('Ctrl Pts',(78.524640941622,-50.1263040657706,5.34704775659876));
#9339=CARTESIAN_POINT('Ctrl Pts',(77.4776981153757,-49.033047218637,5.26854224622198));
#9340=CARTESIAN_POINT('Ctrl Pts',(77.8121256650789,-47.5567379362961,5.19003673584519));
#9341=CARTESIAN_POINT('Ctrl Pts',(79.228003595011,-47.021379425539,5.11153122546842));
#9342=CARTESIAN_POINT('Ctrl Pts',(80.4555376619108,-47.9070871458648,5.03302571509164));
#9343=CARTESIAN_POINT('Ctrl Pts',(80.3938467418947,-49.4195406539207,4.95452020471486));
#9344=CARTESIAN_POINT('Ctrl Pts',(79.0982564219302,-50.2023340842311,4.87601469433808));
#9345=CARTESIAN_POINT('Ctrl Pts',(77.7306830461287,-49.5534404580158,4.7975091839613));
#9346=CARTESIAN_POINT('Ctrl Pts',(77.5175988599581,-48.0548026268841,4.71900367358452));
#9347=CARTESIAN_POINT('Ctrl Pts',(78.6501028614694,-47.0504348101188,4.64049816320774));
#9348=CARTESIAN_POINT('Ctrl Pts',(80.1125385217826,-47.441077853688,4.56199265283096));
#9349=CARTESIAN_POINT('Ctrl Pts',(80.593358781374,-48.87639383267,4.48348714245418));
#9350=CARTESIAN_POINT('Ctrl Pts',(79.6613525966749,-50.0691572332506,4.4049816320774));
#9351=CARTESIAN_POINT('Ctrl Pts',(78.1523652732071,-49.9496694917611,4.32647612170063));
#9352=CARTESIAN_POINT('Ctrl Pts',(77.4196925158523,-48.6250900504182,4.24797061132384));
#9353=CARTESIAN_POINT('Ctrl Pts',(78.1204126721494,-47.2833332447319,4.16946510094706));
#9354=CARTESIAN_POINT('Ctrl Pts',(79.626103247055,-47.1277184752887,4.09095959057028));
#9355=CARTESIAN_POINT('Ctrl Pts',(80.5864251373328,-48.2978047674534,4.01245408019351));
#9356=CARTESIAN_POINT('Ctrl Pts',(80.1401388414315,-49.7442309168759,3.93394856981673));
#9357=CARTESIAN_POINT('Ctrl Pts',(78.687484519292,-50.1698075661751,3.85544305943994));
#9358=CARTESIAN_POINT('Ctrl Pts',(77.5312371020773,-49.1928674584854,3.77693754906317));
#9359=CARTESIAN_POINT('Ctrl Pts',(77.7083467613478,-47.6895537082525,3.69843203868638));
#9360=CARTESIAN_POINT('Ctrl Pts',(79.0599773449736,-47.0080738250534,3.61992652830961));
#9361=CARTESIAN_POINT('Ctrl Pts',(80.3739544106391,-47.759595171163,3.54142101793283));
#9362=CARTESIAN_POINT('Ctrl Pts',(80.4718720914245,-49.270135533375,3.46291550755605));
#9363=CARTESIAN_POINT('Ctrl Pts',(79.2659154759659,-50.1850064112512,3.38440999717927));
#9364=CARTESIAN_POINT('Ctrl Pts',(77.8376151421551,-49.6837298364135,3.30590448680249));
#9365=CARTESIAN_POINT('Ctrl Pts',(77.467904754047,-48.2158625897874,3.22739897642571));
#9366=CARTESIAN_POINT('Ctrl Pts',(78.4883494412347,-47.0978228500262,3.14889346604893));
#9367=CARTESIAN_POINT('Ctrl Pts',(79.9837900165729,-47.3322953686213,3.07038795567215));
#9368=CARTESIAN_POINT('Ctrl Pts',(80.6130800915004,-48.708999343091,2.99188244529537));
#9369=CARTESIAN_POINT('Ctrl Pts',(79.8118568079827,-49.9932744824565,2.91337693491859));
#9370=CARTESIAN_POINT('Ctrl Pts',(78.2986774029747,-50.0333511527674,2.83487142454182));
#9371=CARTESIAN_POINT('Ctrl Pts',(77.4305947789602,-48.7932900230673,2.75636591416503));
#9372=CARTESIAN_POINT('Ctrl Pts',(77.9861309279505,-47.3852025008259,2.67786040378826));
#9373=CARTESIAN_POINT('Ctrl Pts',(79.4670578344099,-47.0719050176607,2.59935489341147));
#9374=CARTESIAN_POINT('Ctrl Pts',(80.5452655879897,-48.1343495013807,2.5208493830347));
#9375=CARTESIAN_POINT('Ctrl Pts',(80.253749584723,-49.6197530612005,2.44234387265791));
#9376=CARTESIAN_POINT('Ctrl Pts',(78.8540352177693,-50.1958828962983,2.36383836228114));
#9377=CARTESIAN_POINT('Ctrl Pts',(77.6012408579663,-49.3462321884589,2.28533285190436));
#9378=CARTESIAN_POINT('Ctrl Pts',(77.6192699047849,-47.8324174255124,2.20682734152758));
#9379=CARTESIAN_POINT('Ctrl Pts',(78.8911972771813,-47.0128255627778,2.1283218311508));
#9380=CARTESIAN_POINT('Ctrl Pts',(80.2778837662409,-47.6209120245972,2.04981632077402));
#9381=CARTESIAN_POINT('Ctrl Pts',(80.532490978425,-49.1145593827604,1.97131081039724));
#9382=CARTESIAN_POINT('Ctrl Pts',(79.7997593160642,-49.8019388370948,1.91897380347939));
#9383=CARTESIAN_POINT('Ctrl Pts',(79.3685532546534,-49.9172185137994,1.89280530002046));
#9384=CARTESIAN_POINT('Ctrl Pts',(80.1167883788711,-47.6595593336713,6.10719469997954));
#9385=CARTESIAN_POINT('Ctrl Pts',(80.4279979900938,-48.0208909777959,6.08102619652062));
#9386=CARTESIAN_POINT('Ctrl Pts',(80.6609553836891,-49.0687031873711,6.02868918960276));
#9387=CARTESIAN_POINT('Ctrl Pts',(79.5370721740317,-50.2338089432424,5.95018367922599));
#9388=CARTESIAN_POINT('Ctrl Pts',(77.9470475737707,-49.9357754802764,5.8716781688492));
#9389=CARTESIAN_POINT('Ctrl Pts',(77.3177562043101,-48.4466777484112,5.79317265847242));
#9390=CARTESIAN_POINT('Ctrl Pts',(78.2131361087461,-47.0996482725745,5.71466714809565));
#9391=CARTESIAN_POINT('Ctrl Pts',(79.8303981246264,-47.1038628167128,5.63616163771886));
#9392=CARTESIAN_POINT('Ctrl Pts',(80.7190417488059,-48.45499337342,5.55765612734209));
#9393=CARTESIAN_POINT('Ctrl Pts',(80.0821596009636,-49.9415805218339,5.47915061696531));
#9394=CARTESIAN_POINT('Ctrl Pts',(78.4908987385936,-50.2302879481039,5.40064510658853));
#9395=CARTESIAN_POINT('Ctrl Pts',(77.3723513993048,-49.0622589909689,5.32213959621175));
#9396=CARTESIAN_POINT('Ctrl Pts',(77.729651756619,-47.4849791449903,5.24363408583497));
#9397=CARTESIAN_POINT('Ctrl Pts',(79.2423671137335,-46.9130053726307,5.16512857545819));
#9398=CARTESIAN_POINT('Ctrl Pts',(80.5538570346684,-47.8592901067361,5.08662306508141));
#9399=CARTESIAN_POINT('Ctrl Pts',(80.487946831444,-49.4751862233366,5.00811755470462));
#9400=CARTESIAN_POINT('Ctrl Pts',(79.1037460242226,-50.311517956776,4.92961204432786));
#9401=CARTESIAN_POINT('Ctrl Pts',(77.6426389585486,-49.618243958532,4.85110653395107));
#9402=CARTESIAN_POINT('Ctrl Pts',(77.4149811118063,-48.0171084270147,4.77260102357429));
#9403=CARTESIAN_POINT('Ctrl Pts',(78.6249414896487,-46.9440479685576,4.69409551319751));
#9404=CARTESIAN_POINT('Ctrl Pts',(80.1873988423483,-47.361408617145,4.61559000282073));
#9405=CARTESIAN_POINT('Ctrl Pts',(80.7011042793209,-48.8948914674793,4.53708449244395));
#9406=CARTESIAN_POINT('Ctrl Pts',(79.7053545478539,-50.1692326202852,4.45857898206717));
#9407=CARTESIAN_POINT('Ctrl Pts',(78.0931616817569,-50.0415726450028,4.38007347169039));
#9408=CARTESIAN_POINT('Ctrl Pts',(77.3103785700498,-48.6264000370553,4.30156796131362));
#9409=CARTESIAN_POINT('Ctrl Pts',(78.0590237173902,-47.1928752376598,4.22306245093684));
#9410=CARTESIAN_POINT('Ctrl Pts',(79.6676943574017,-47.0266173657387,4.14455694056005));
#9411=CARTESIAN_POINT('Ctrl Pts',(80.6936964162558,-48.2767304340252,4.06605143018328));
#9412=CARTESIAN_POINT('Ctrl Pts',(80.2168868557649,-49.822083322793,3.9875459198065));
#9413=CARTESIAN_POINT('Ctrl Pts',(78.6648798251982,-50.2767668229836,3.90904040942972));
#9414=CARTESIAN_POINT('Ctrl Pts',(77.4295521266243,-49.233009961858,3.83053489905294));
#9415=CARTESIAN_POINT('Ctrl Pts',(77.618775007925,-47.6268787068509,3.75202938867616));
#9416=CARTESIAN_POINT('Ctrl Pts',(79.0628488915361,-46.8987897501079,3.67352387829938));
#9417=CARTESIAN_POINT('Ctrl Pts',(80.4666939858822,-47.701710579246,3.5950183679226));
#9418=CARTESIAN_POINT('Ctrl Pts',(80.5713086396782,-49.3155627024785,3.51651285754582));
#9419=CARTESIAN_POINT('Ctrl Pts',(79.282871936448,-50.2930051764963,3.43800734716904));
#9420=CARTESIAN_POINT('Ctrl Pts',(77.7568845586868,-49.7574443369011,3.35950183679226));
#9421=CARTESIAN_POINT('Ctrl Pts',(77.3618882317064,-48.1891839104653,3.28099632641548));
#9422=CARTESIAN_POINT('Ctrl Pts',(78.4521251206087,-46.9946770617837,3.2024908160387));
#9423=CARTESIAN_POINT('Ctrl Pts',(80.0498447235086,-47.2451860726257,3.12398530566192));
#9424=CARTESIAN_POINT('Ctrl Pts',(80.7221744069499,-48.7160482143079,3.04547979528514));
#9425=CARTESIAN_POINT('Ctrl Pts',(79.8661523305883,-50.0881599514911,2.96697428490836));
#9426=CARTESIAN_POINT('Ctrl Pts',(78.2494806701052,-50.1309776219694,2.88846877453159));
#9427=CARTESIAN_POINT('Ctrl Pts',(77.3220264815553,-48.8061038634329,2.8099632641548));
#9428=CARTESIAN_POINT('Ctrl Pts',(77.9155579197142,-47.301711730449,2.73145775377803));
#9429=CARTESIAN_POINT('Ctrl Pts',(79.4977712071776,-46.9669866075337,2.65295224340124));
#9430=CARTESIAN_POINT('Ctrl Pts',(80.6497218044146,-48.1020958232567,2.57444673302447));
#9431=CARTESIAN_POINT('Ctrl Pts',(80.3382678819657,-49.6890919399061,2.49594122264768));
#9432=CARTESIAN_POINT('Ctrl Pts',(78.8428215770953,-50.3046255468787,2.41743571227091));
#9433=CARTESIAN_POINT('Ctrl Pts',(77.5043437130672,-49.3968639053132,2.33893020189413));
#9434=CARTESIAN_POINT('Ctrl Pts',(77.5236058368845,-47.7795134322781,2.26042469151735));
#9435=CARTESIAN_POINT('Ctrl Pts',(78.8825252950403,-46.9038664777528,2.18191918114057));
#9436=CARTESIAN_POINT('Ctrl Pts',(80.3640526945134,-47.5535423500871,2.10341367076379));
#9437=CARTESIAN_POINT('Ctrl Pts',(80.6360734893578,-49.1493460906787,2.02490816038701));
#9438=CARTESIAN_POINT('Ctrl Pts',(79.8532274439009,-49.8837381132921,1.97257115346916));
#9439=CARTESIAN_POINT('Ctrl Pts',(79.3925295140954,-50.006902217787,1.94640265001023));
#9440=CARTESIAN_POINT('Ctrl Pts',(80.1871285261054,-47.5989764031972,6.16079204996931));
#9441=CARTESIAN_POINT('Ctrl Pts',(80.5182604167731,-47.9834389202992,6.13462354651039));
#9442=CARTESIAN_POINT('Ctrl Pts',(80.7661307247727,-49.098327488998,6.08228653959253));
#9443=CARTESIAN_POINT('Ctrl Pts',(79.5703014229674,-50.3380182242992,6.00378102921576));
#9444=CARTESIAN_POINT('Ctrl Pts',(77.8784903955893,-50.0209059613249,5.92527551883898));
#9445=CARTESIAN_POINT('Ctrl Pts',(77.2089145424154,-48.4364826994461,5.84677000846219));
#9446=CARTESIAN_POINT('Ctrl Pts',(78.1616127558701,-47.0032222825634,5.76826449808541));
#9447=CARTESIAN_POINT('Ctrl Pts',(79.8824048191984,-47.0077066234014,5.68975898770864));
#9448=CARTESIAN_POINT('Ctrl Pts',(80.8279355251695,-48.4453306544319,5.61125347733186));
#9449=CARTESIAN_POINT('Ctrl Pts',(80.1502829651505,-50.0270826162771,5.53274796695508));
#9450=CARTESIAN_POINT('Ctrl Pts',(78.4571565355654,-50.3342718304373,5.4542424565783));
#9451=CARTESIAN_POINT('Ctrl Pts',(77.2670046832338,-49.0914707633006,5.37573694620152));
#9452=CARTESIAN_POINT('Ctrl Pts',(77.6471778481592,-47.4132203536846,5.29723143582474));
#9453=CARTESIAN_POINT('Ctrl Pts',(79.2567306324559,-46.8046313197224,5.21872592544796));
#9454=CARTESIAN_POINT('Ctrl Pts',(80.6521764074261,-47.8114930676073,5.14022041507118));
#9455=CARTESIAN_POINT('Ctrl Pts',(80.5820469209934,-49.5308317927525,5.0617149046944));
#9456=CARTESIAN_POINT('Ctrl Pts',(79.1092356265149,-50.4207018293209,4.98320939431762));
#9457=CARTESIAN_POINT('Ctrl Pts',(77.5545948709685,-49.6830474590482,4.90470388394084));
#9458=CARTESIAN_POINT('Ctrl Pts',(77.3123633636544,-47.9794142271453,4.82619837356406));
#9459=CARTESIAN_POINT('Ctrl Pts',(78.5997801178281,-46.8376611269964,4.74769286318728));
#9460=CARTESIAN_POINT('Ctrl Pts',(80.262259162914,-47.2817393806019,4.6691873528105));
#9461=CARTESIAN_POINT('Ctrl Pts',(80.8088497772678,-48.9133891022885,4.59068184243372));
#9462=CARTESIAN_POINT('Ctrl Pts',(79.7493564990329,-50.2693080073199,4.51217633205694));
#9463=CARTESIAN_POINT('Ctrl Pts',(78.0339580903069,-50.1334757982444,4.43367082168017));
#9464=CARTESIAN_POINT('Ctrl Pts',(77.2010646242472,-48.6277100236924,4.35516531130338));
#9465=CARTESIAN_POINT('Ctrl Pts',(77.9976347626311,-47.1024172305877,4.2766598009266));
#9466=CARTESIAN_POINT('Ctrl Pts',(79.7092854677484,-46.9255162561887,4.19815429054982));
#9467=CARTESIAN_POINT('Ctrl Pts',(80.8009676951788,-48.255656100597,4.11964878017305));
#9468=CARTESIAN_POINT('Ctrl Pts',(80.2936348700983,-49.8999357287102,4.04114326979627));
#9469=CARTESIAN_POINT('Ctrl Pts',(78.6422751311044,-50.3837260797921,3.96263775941949));
#9470=CARTESIAN_POINT('Ctrl Pts',(77.3278671511714,-49.2731524652305,3.88413224904271));
#9471=CARTESIAN_POINT('Ctrl Pts',(77.5292032545022,-47.5642037054493,3.80562673866593));
#9472=CARTESIAN_POINT('Ctrl Pts',(79.0657204380985,-46.7895056751624,3.72712122828915));
#9473=CARTESIAN_POINT('Ctrl Pts',(80.5594335611253,-47.6438259873288,3.64861571791237));
#9474=CARTESIAN_POINT('Ctrl Pts',(80.6707451879319,-49.360989871582,3.57011020753559));
#9475=CARTESIAN_POINT('Ctrl Pts',(79.2998283969302,-50.4010039417414,3.49160469715881));
#9476=CARTESIAN_POINT('Ctrl Pts',(77.6761539752186,-49.8311588373888,3.41309918678203));
#9477=CARTESIAN_POINT('Ctrl Pts',(77.2558717093658,-48.1625052311431,3.33459367640525));
#9478=CARTESIAN_POINT('Ctrl Pts',(78.4159007999828,-46.8915312735414,3.25608816602847));
#9479=CARTESIAN_POINT('Ctrl Pts',(80.1158994304444,-47.15807677663,3.17758265565169));
#9480=CARTESIAN_POINT('Ctrl Pts',(80.8312687223993,-48.7230970855249,3.09907714527491));
#9481=CARTESIAN_POINT('Ctrl Pts',(79.9204478531939,-50.1830454205256,3.02057163489814));
#9482=CARTESIAN_POINT('Ctrl Pts',(78.2002839372358,-50.2286040911714,2.94206612452136));
#9483=CARTESIAN_POINT('Ctrl Pts',(77.2134581841504,-48.8189177037985,2.86356061414457));
#9484=CARTESIAN_POINT('Ctrl Pts',(77.8449849114778,-47.2182209600718,2.7850551037678));
#9485=CARTESIAN_POINT('Ctrl Pts',(79.5284845799453,-46.8620681974069,2.70654959339101));
#9486=CARTESIAN_POINT('Ctrl Pts',(80.7541780208396,-48.0698421451326,2.62804408301424));
#9487=CARTESIAN_POINT('Ctrl Pts',(80.4227861792084,-49.7584308186117,2.54953857263745));
#9488=CARTESIAN_POINT('Ctrl Pts',(78.8316079364214,-50.4133681974592,2.47103306226068));
#9489=CARTESIAN_POINT('Ctrl Pts',(77.407446568168,-49.4474956221674,2.3925275518839));
#9490=CARTESIAN_POINT('Ctrl Pts',(77.4279417689842,-47.7266094390437,2.31402204150712));
#9491=CARTESIAN_POINT('Ctrl Pts',(78.8738533128993,-46.7949073927278,2.23551653113034));
#9492=CARTESIAN_POINT('Ctrl Pts',(80.4502216227857,-47.486172675577,2.15701102075356));
#9493=CARTESIAN_POINT('Ctrl Pts',(80.7396560002906,-49.184132798597,2.07850551037678));
#9494=CARTESIAN_POINT('Ctrl Pts',(79.9066955717376,-49.9655373894894,2.02616850345893));
#9495=CARTESIAN_POINT('Ctrl Pts',(79.4165057735375,-50.0965859217747,2.));
#9496=CARTESIAN_POINT('Ctrl Pts',(79.4165057735375,-50.0965859217747,2.));
#9497=CARTESIAN_POINT('Ctrl Pts',(79.4739432358968,-50.0755985094347,2.));
#9498=CARTESIAN_POINT('Ctrl Pts',(79.5298177926157,-50.05099685318,2.));
#9499=CARTESIAN_POINT('Ctrl Pts',(79.5839315232049,-50.0230812941275,2.));
#9500=CARTESIAN_POINT('Ctrl Pts',(79.6377298403534,-49.9953284468755,2.));
#9501=CARTESIAN_POINT('Ctrl Pts',(79.6897884866584,-49.9642991864914,2.));
#9502=CARTESIAN_POINT('Ctrl Pts',(79.7398810518207,-49.9302438902716,2.));
#9503=CARTESIAN_POINT('Ctrl Pts',(79.7777074518494,-49.9045277135549,2.));
#9504=CARTESIAN_POINT('Ctrl Pts',(79.8144121697835,-49.8770850256144,2.));
#9505=CARTESIAN_POINT('Ctrl Pts',(79.8498819633757,-49.8480118179181,2.));
#9506=CARTESIAN_POINT('Ctrl Pts',(79.8682947987504,-49.8329195342335,2.));
#9507=CARTESIAN_POINT('Ctrl Pts',(79.8863746062227,-49.8173877206658,2.));
#9508=CARTESIAN_POINT('Ctrl Pts',(79.9041038426166,-49.8014290724545,2.));
#9509=CARTESIAN_POINT('Ctrl Pts',(79.9134413245569,-49.7930241086899,2.));
#9510=CARTESIAN_POINT('Ctrl Pts',(79.9226829182617,-49.784499257958,2.));
#9511=CARTESIAN_POINT('Ctrl Pts',(79.9318098329013,-49.7758720926679,2.));
#9512=CARTESIAN_POINT('Ctrl Pts',(79.9748374277163,-49.7352004980317,2.));
#9513=CARTESIAN_POINT('Ctrl Pts',(80.0154027795372,-49.6921844730525,2.));
#9514=CARTESIAN_POINT('Ctrl Pts',(80.0532981448364,-49.6470640783977,2.));
#9515=CARTESIAN_POINT('Ctrl Pts',(80.0904207913714,-49.6028637270074,2.));
#9516=CARTESIAN_POINT('Ctrl Pts',(80.1249816720916,-49.5566430113505,2.));
#9517=CARTESIAN_POINT('Ctrl Pts',(80.1567424347683,-49.5086046213384,2.));
#9518=CARTESIAN_POINT('Ctrl Pts',(80.1797331016118,-49.4738310665686,2.));
#9519=CARTESIAN_POINT('Ctrl Pts',(80.2012556807834,-49.438104564494,2.));
#9520=CARTESIAN_POINT('Ctrl Pts',(80.2212032440164,-49.40149827304,2.));
#9521=CARTESIAN_POINT('Ctrl Pts',(80.2316284860196,-49.3823666406299,2.));
#9522=CARTESIAN_POINT('Ctrl Pts',(80.2416232777823,-49.3629946661525,2.));
#9523=CARTESIAN_POINT('Ctrl Pts',(80.2511706681935,-49.3433927063435,2.));
#9524=CARTESIAN_POINT('Ctrl Pts',(80.2556109001658,-49.3342763672273,2.));
#9525=CARTESIAN_POINT('Ctrl Pts',(80.2599520852192,-49.3251147930488,2.));
#9526=CARTESIAN_POINT('Ctrl Pts',(80.264189567105,-49.315916430276,2.));
#9527=CARTESIAN_POINT('Ctrl Pts',(80.287527546369,-49.265256343593,2.));
#9528=CARTESIAN_POINT('Ctrl Pts',(80.3077565844781,-49.2134145375552,2.));
#9529=CARTESIAN_POINT('Ctrl Pts',(80.3246637698865,-49.1605816581432,2.));
#9530=CARTESIAN_POINT('Ctrl Pts',(80.3359755577356,-49.1252337093906,2.));
#9531=CARTESIAN_POINT('Ctrl Pts',(80.3457994412972,-49.0894417616473,2.));
#9532=CARTESIAN_POINT('Ctrl Pts',(80.3540586857067,-49.0532609392795,2.));
#9533=CARTESIAN_POINT('Ctrl Pts',(80.366283516993,-48.9997082863594,2.));
#9534=CARTESIAN_POINT('Ctrl Pts',(80.3750821898314,-48.9453027502051,2.));
#9535=CARTESIAN_POINT('Ctrl Pts',(80.3805092123099,-48.8903546950595,2.));
#9536=CARTESIAN_POINT('Ctrl Pts',(80.3821855942017,-48.87338149751,2.));
#9537=CARTESIAN_POINT('Ctrl Pts',(80.3835399512946,-48.8563566244317,2.));
#9538=CARTESIAN_POINT('Ctrl Pts',(80.384573072108,-48.839289536232,2.));
#9539=CARTESIAN_POINT('Ctrl Pts',(80.3854793458661,-48.8243179530805,2.));
#9540=CARTESIAN_POINT('Ctrl Pts',(80.3861384195501,-48.8093073225598,2.));
#9541=CARTESIAN_POINT('Ctrl Pts',(80.386550145061,-48.7943001039242,2.));
#9542=CARTESIAN_POINT('Ctrl Pts',(80.3880771817546,-48.7386402700871,2.));
#9543=CARTESIAN_POINT('Ctrl Pts',(80.3862134370762,-48.6829526317429,2.));
#9544=CARTESIAN_POINT('Ctrl Pts',(80.3810626771743,-48.627554693345,2.));
#9545=CARTESIAN_POINT('Ctrl Pts',(80.3759180766095,-48.5722230004306,2.));
#9546=CARTESIAN_POINT('Ctrl Pts',(80.3674938625048,-48.5171791749457,2.));
#9547=CARTESIAN_POINT('Ctrl Pts',(80.355844248388,-48.4627549297666,2.));
#9548=CARTESIAN_POINT('Ctrl Pts',(80.3483984538296,-48.4279699365007,2.));
#9549=CARTESIAN_POINT('Ctrl Pts',(80.3396340939657,-48.3934384079859,2.));
#9550=CARTESIAN_POINT('Ctrl Pts',(80.3295560502518,-48.359253459093,2.));
#9551=CARTESIAN_POINT('Ctrl Pts',(80.3243622232935,-48.3416358822929,2.));
#9552=CARTESIAN_POINT('Ctrl Pts',(80.3188193749265,-48.3241104542315,2.));
#9553=CARTESIAN_POINT('Ctrl Pts',(80.31292749499,-48.3066906344954,2.));
#9554=CARTESIAN_POINT('Ctrl Pts',(80.3093740170603,-48.2961844894892,2.));
#9555=CARTESIAN_POINT('Ctrl Pts',(80.3056936788606,-48.2857174208762,2.));
#9556=CARTESIAN_POINT('Ctrl Pts',(80.3018913195095,-48.2753048748534,2.));
#9557=CARTESIAN_POINT('Ctrl Pts',(80.2835043026997,-48.2249530692836,2.));
#9558=CARTESIAN_POINT('Ctrl Pts',(80.2622412722017,-48.1757956735403,2.));
#9559=CARTESIAN_POINT('Ctrl Pts',(80.2381430435662,-48.1281463147106,2.));
#9560=CARTESIAN_POINT('Ctrl Pts',(80.2230100364239,-48.0982238627992,2.));
#9561=CARTESIAN_POINT('Ctrl Pts',(80.2067581616639,-48.068896649177,2.));
#9562=CARTESIAN_POINT('Ctrl Pts',(80.1893901802264,-48.0402499361973,2.));
#9563=CARTESIAN_POINT('Ctrl Pts',(80.1830386826122,-48.0297737890526,2.));
#9564=CARTESIAN_POINT('Ctrl Pts',(80.1765364905814,-48.0193865979947,2.));
#9565=CARTESIAN_POINT('Ctrl Pts',(80.1698881330785,-48.0090997940342,2.));
#9566=CARTESIAN_POINT('Ctrl Pts',(80.1419851236717,-47.9659263053115,2.));
#9567=CARTESIAN_POINT('Ctrl Pts',(80.1115551097184,-47.9245852351636,2.));
#9568=CARTESIAN_POINT('Ctrl Pts',(80.0786226336817,-47.8853752541888,2.));
#9569=CARTESIAN_POINT('Ctrl Pts',(80.0602320070829,-47.8634790530572,2.));
#9570=CARTESIAN_POINT('Ctrl Pts',(80.0410603930031,-47.8422480803615,2.));
#9571=CARTESIAN_POINT('Ctrl Pts',(80.0211079540411,-47.82174020455,2.));
#9572=CARTESIAN_POINT('Ctrl Pts',(80.0070906175241,-47.8073326528193,2.));
#9573=CARTESIAN_POINT('Ctrl Pts',(79.9926878124843,-47.7932821017673,2.));
#9574=CARTESIAN_POINT('Ctrl Pts',(79.9779166880134,-47.7795960394019,2.));
#9575=CARTESIAN_POINT('Ctrl Pts',(79.9761080844026,-47.7807251946197,6.));
#9576=CARTESIAN_POINT('Ctrl Pts',(80.012981663703,-47.8151602171899,6.));
#9577=CARTESIAN_POINT('Ctrl Pts',(80.0474769076209,-47.8518342761468,6.));
#9578=CARTESIAN_POINT('Ctrl Pts',(80.0795919552802,-47.8904273511018,6.));
#9579=CARTESIAN_POINT('Ctrl Pts',(80.1131480123089,-47.9307521059592,6.));
#9580=CARTESIAN_POINT('Ctrl Pts',(80.1441061011207,-47.9731724103865,6.));
#9581=CARTESIAN_POINT('Ctrl Pts',(80.1724360741276,-48.017372915643,6.));
#9582=CARTESIAN_POINT('Ctrl Pts',(80.1951596335871,-48.0528262783797,6.));
#9583=CARTESIAN_POINT('Ctrl Pts',(80.2161918919887,-48.089426124317,6.));
#9584=CARTESIAN_POINT('Ctrl Pts',(80.2355010446094,-48.1270276640284,6.));
#9585=CARTESIAN_POINT('Ctrl Pts',(80.2436538906323,-48.1429040501918,6.));
#9586=CARTESIAN_POINT('Ctrl Pts',(80.2514993568557,-48.1589591791665,6.));
#9587=CARTESIAN_POINT('Ctrl Pts',(80.259034162963,-48.1751827911853,6.));
#9588=CARTESIAN_POINT('Ctrl Pts',(80.2633267201007,-48.1844253357947,6.));
#9589=CARTESIAN_POINT('Ctrl Pts',(80.2675186533367,-48.1937233153367,6.));
#9590=CARTESIAN_POINT('Ctrl Pts',(80.2716030039316,-48.203059759688,6.));
#9591=CARTESIAN_POINT('Ctrl Pts',(80.2934206753706,-48.2529329208017,6.));
#9592=CARTESIAN_POINT('Ctrl Pts',(80.3122181915643,-48.303998982872,6.));
#9593=CARTESIAN_POINT('Ctrl Pts',(80.3279682476777,-48.3559262589123,6.));
#9594=CARTESIAN_POINT('Ctrl Pts',(80.3440079108474,-48.4088083573002,6.));
#9595=CARTESIAN_POINT('Ctrl Pts',(80.3568876079027,-48.462584556816,6.));
#9596=CARTESIAN_POINT('Ctrl Pts',(80.3665378046064,-48.5169391375579,6.));
#9597=CARTESIAN_POINT('Ctrl Pts',(80.3734401493467,-48.5558164854524,6.));
#9598=CARTESIAN_POINT('Ctrl Pts',(80.3786894857408,-48.594990499939,6.));
#9599=CARTESIAN_POINT('Ctrl Pts',(80.3822453641543,-48.6343520370848,6.));
#9600=CARTESIAN_POINT('Ctrl Pts',(80.383755806617,-48.6510717699292,6.));
#9601=CARTESIAN_POINT('Ctrl Pts',(80.3849605297027,-48.6678253812103,6.));
#9602=CARTESIAN_POINT('Ctrl Pts',(80.3858556750604,-48.6846046371766,6.));
#9603=CARTESIAN_POINT('Ctrl Pts',(80.3863886688339,-48.6945954603171,6.));
#9604=CARTESIAN_POINT('Ctrl Pts',(80.3868115444863,-48.7045898187114,6.));
#9605=CARTESIAN_POINT('Ctrl Pts',(80.3871237058814,-48.7145782672833,6.));
#9606=CARTESIAN_POINT('Ctrl Pts',(80.388898852513,-48.7713788874659,6.));
#9607=CARTESIAN_POINT('Ctrl Pts',(80.3871016257164,-48.8280614789046,6.));
#9608=CARTESIAN_POINT('Ctrl Pts',(80.3816723561558,-48.8842935402963,6.));
#9609=CARTESIAN_POINT('Ctrl Pts',(80.3783352560753,-48.9188565721181,6.));
#9610=CARTESIAN_POINT('Ctrl Pts',(80.3736251135128,-48.9532499424867,6.));
#9611=CARTESIAN_POINT('Ctrl Pts',(80.3675187747937,-48.987399503858,6.));
#9612=CARTESIAN_POINT('Ctrl Pts',(80.357845246508,-49.0414984923129,6.));
#9613=CARTESIAN_POINT('Ctrl Pts',(80.3446706209573,-49.0949861004016,6.));
#9614=CARTESIAN_POINT('Ctrl Pts',(80.3282209129889,-49.1476579668321,6.));
#9615=CARTESIAN_POINT('Ctrl Pts',(80.3233005406222,-49.1634129696921,6.));
#9616=CARTESIAN_POINT('Ctrl Pts',(80.3180867928754,-49.1790949553911,6.));
#9617=CARTESIAN_POINT('Ctrl Pts',(80.3125848451065,-49.1946983203927,6.));
#9618=CARTESIAN_POINT('Ctrl Pts',(80.3074973588789,-49.2091262844309,6.));
#9619=CARTESIAN_POINT('Ctrl Pts',(80.3021608260849,-49.2234932591824,6.));
#9620=CARTESIAN_POINT('Ctrl Pts',(80.2965929474833,-49.237760622614,6.));
#9621=CARTESIAN_POINT('Ctrl Pts',(80.2759629856814,-49.2906236937526,6.));
#9622=CARTESIAN_POINT('Ctrl Pts',(80.2521397631095,-49.3421895145665,6.));
#9623=CARTESIAN_POINT('Ctrl Pts',(80.2254062036357,-49.3922477064199,6.));
#9624=CARTESIAN_POINT('Ctrl Pts',(80.1980416265384,-49.443487469373,6.));
#9625=CARTESIAN_POINT('Ctrl Pts',(80.1676273562932,-49.4931484982706,6.));
#9626=CARTESIAN_POINT('Ctrl Pts',(80.1344115014793,-49.5409995139495,6.));
#9627=CARTESIAN_POINT('Ctrl Pts',(80.1142464414352,-49.5700494543993,6.));
#9628=CARTESIAN_POINT('Ctrl Pts',(80.0930477800016,-49.5984321293921,6.));
#9629=CARTESIAN_POINT('Ctrl Pts',(80.0708623334857,-49.6260925752359,6.));
#9630=CARTESIAN_POINT('Ctrl Pts',(80.0586466104059,-49.6413229356637,6.));
#9631=CARTESIAN_POINT('Ctrl Pts',(80.0461316037518,-49.6563342764758,6.));
#9632=CARTESIAN_POINT('Ctrl Pts',(80.0333243776326,-49.6711169463068,6.));
#9633=CARTESIAN_POINT('Ctrl Pts',(80.0256128853238,-49.6800178936035,6.));
#9634=CARTESIAN_POINT('Ctrl Pts',(80.0177940794185,-49.6888374241854,6.));
#9635=CARTESIAN_POINT('Ctrl Pts',(80.0098737451943,-49.6975686002717,6.));
#9636=CARTESIAN_POINT('Ctrl Pts',(79.9692832571989,-49.7423145274116,6.));
#9637=CARTESIAN_POINT('Ctrl Pts',(79.9261571609865,-49.7846033722213,6.));
#9638=CARTESIAN_POINT('Ctrl Pts',(79.8807553932906,-49.8241846499235,6.));
#9639=CARTESIAN_POINT('Ctrl Pts',(79.8512366539828,-49.849919097661,6.));
#9640=CARTESIAN_POINT('Ctrl Pts',(79.8207548792429,-49.8745087086313,6.));
#9641=CARTESIAN_POINT('Ctrl Pts',(79.7893713394471,-49.8978786154736,6.));
#9642=CARTESIAN_POINT('Ctrl Pts',(79.7763921817436,-49.907543608919,6.));
#9643=CARTESIAN_POINT('Ctrl Pts',(79.7632587033038,-49.9169999187606,6.));
#9644=CARTESIAN_POINT('Ctrl Pts',(79.7499748946483,-49.92624192451,6.));
#9645=CARTESIAN_POINT('Ctrl Pts',(79.7402553588189,-49.9330041422102,6.));
#9646=CARTESIAN_POINT('Ctrl Pts',(79.7304562492423,-49.939650894989,6.));
#9647=CARTESIAN_POINT('Ctrl Pts',(79.7205876156455,-49.946174642222,6.));
#9648=CARTESIAN_POINT('Ctrl Pts',(79.6698548646698,-49.9797119744734,6.));
#9649=CARTESIAN_POINT('Ctrl Pts',(79.6172295808544,-50.0100421860083,6.));
#9650=CARTESIAN_POINT('Ctrl Pts',(79.5629476296743,-50.0368987637288,6.));
#9651=CARTESIAN_POINT('Ctrl Pts',(79.5375363684443,-50.0494712578518,6.));
#9652=CARTESIAN_POINT('Ctrl Pts',(79.5117614819187,-50.0612820410738,6.));
#9653=CARTESIAN_POINT('Ctrl Pts',(79.4856444902174,-50.0723008591967,6.));
#9654=CARTESIAN_POINT('Ctrl Pts',(79.4631930199415,-50.0817731855041,6.));
#9655=CARTESIAN_POINT('Ctrl Pts',(79.4404887030651,-50.0906602289792,6.));
#9656=CARTESIAN_POINT('Ctrl Pts',(79.4175526947574,-50.0989677276715,6.));
#9657=CARTESIAN_POINT('Ctrl Pts',(77.7539400480716,-48.6070052681198,5.19341967361942));
#9658=CARTESIAN_POINT('Ctrl Pts',(77.7529844733746,-48.7211030591771,5.20059474782369));
#9659=CARTESIAN_POINT('Ctrl Pts',(77.7671934908956,-48.8349670735543,5.20776982202795));
#9660=CARTESIAN_POINT('Ctrl Pts',(77.7975270073292,-48.94435978271,5.21494489623221));
#9661=CARTESIAN_POINT('Ctrl Pts',(77.9081576025145,-49.3433303586826,5.24111339969114));
#9662=CARTESIAN_POINT('Ctrl Pts',(78.2332703735824,-49.6828252710598,5.26728190315006));
#9663=CARTESIAN_POINT('Ctrl Pts',(78.6270817137729,-49.8106154188335,5.29345040660899));
#9664=CARTESIAN_POINT('Ctrl Pts',(79.0208930539634,-49.9384055666072,5.31961891006792));
#9665=CARTESIAN_POINT('Ctrl Pts',(79.4834029632765,-49.8544909497773,5.34578741352685));
#9666=CARTESIAN_POINT('Ctrl Pts',(79.8072148051812,-49.5964907211038,5.37195591698577));
#9667=CARTESIAN_POINT('Ctrl Pts',(80.131026647086,-49.3384904924304,5.3981244204447));
#9668=CARTESIAN_POINT('Ctrl Pts',(80.3161404215825,-48.9064046519133,5.42429292390363));
#9669=CARTESIAN_POINT('Ctrl Pts',(80.2795523987313,-48.4940044636446,5.45046142736255));
#9670=CARTESIAN_POINT('Ctrl Pts',(80.2429643758801,-48.081604275376,5.47662993082148));
#9671=CARTESIAN_POINT('Ctrl Pts',(79.9846745556812,-47.6888897393557,5.5027984342804));
#9672=CARTESIAN_POINT('Ctrl Pts',(79.6204959920844,-47.4919199795558,5.52896693773933));
#9673=CARTESIAN_POINT('Ctrl Pts',(79.2563174284876,-47.2949502197558,5.55513544119825));
#9674=CARTESIAN_POINT('Ctrl Pts',(78.7862501214929,-47.2937252361763,5.58130394465718));
#9675=CARTESIAN_POINT('Ctrl Pts',(78.4210925869291,-47.4888740100107,5.60747244811611));
#9676=CARTESIAN_POINT('Ctrl Pts',(78.0559350523652,-47.684022783845,5.63364095157503));
#9677=CARTESIAN_POINT('Ctrl Pts',(77.7956872902323,-48.0755453150933,5.65980945503396));
#9678=CARTESIAN_POINT('Ctrl Pts',(77.7570171428381,-48.487714359357,5.68597795849289));
#9679=CARTESIAN_POINT('Ctrl Pts',(77.7533515119872,-48.5267847965361,5.68845853020173));
#9680=CARTESIAN_POINT('Ctrl Pts',(77.7516768830711,-48.5660407544746,5.69093910191058));
#9681=CARTESIAN_POINT('Ctrl Pts',(77.7519234489642,-48.6053172112327,5.69341967361942));
#9682=CARTESIAN_POINT('Ctrl Pts',(78.619478089823,-50.0965859217747,6.));
#9683=CARTESIAN_POINT('Ctrl Pts',(78.1292882916229,-49.9655373894894,5.97383149654107));
#9684=CARTESIAN_POINT('Ctrl Pts',(77.2963275518919,-49.1841349436976,5.92149448962322));
#9685=CARTESIAN_POINT('Ctrl Pts',(77.5857625087255,-47.4861721157129,5.84298897924644));
#9686=CARTESIAN_POINT('Ctrl Pts',(79.1621305335988,-46.7949080363744,5.76448346886966));
#9687=CARTESIAN_POINT('Ctrl Pts',(80.6080418721573,-47.7266093193764,5.68597795849288));
#9688=CARTESIAN_POINT('Ctrl Pts',(80.6285371232609,-49.447495642557,5.60747244811611));
#9689=CARTESIAN_POINT('Ctrl Pts',(79.2043758853104,-50.4133679091636,5.52896693773932));
#9690=CARTESIAN_POINT('Ctrl Pts',(77.6131978687568,-49.7584307124244,5.45046142736254));
#9691=CARTESIAN_POINT('Ctrl Pts',(77.2818060483283,-48.0698421923056,5.37195591698577));
#9692=CARTESIAN_POINT('Ctrl Pts',(78.5074993503838,-46.8620684213031,5.29345040660899));
#9693=CARTESIAN_POINT('Ctrl Pts',(80.1909988054294,-47.218221125347,5.2149448962322));
#9694=CARTESIAN_POINT('Ctrl Pts',(80.822525459002,-48.8189176803022,5.13643938585543));
#9695=CARTESIAN_POINT('Ctrl Pts',(79.8356998249884,-50.2286038905689,5.05793387547865));
#9696=CARTESIAN_POINT('Ctrl Pts',(78.1155361213683,-50.1830452275972,4.97942836510187));
#9697=CARTESIAN_POINT('Ctrl Pts',(77.2047153633804,-48.7230970707764,4.90092285472509));
#9698=CARTESIAN_POINT('Ctrl Pts',(77.9200845678293,-47.1580769545832,4.82241734434831));
#9699=CARTESIAN_POINT('Ctrl Pts',(79.620082989394,-46.8915314839394,4.74391183397153));
#9700=CARTESIAN_POINT('Ctrl Pts',(80.7801119376742,-48.1625052856358,4.66540632359475));
#9701=CARTESIAN_POINT('Ctrl Pts',(80.3598297233759,-49.8311586869324,4.58690081321797));
#9702=CARTESIAN_POINT('Ctrl Pts',(78.7361555010424,-50.4010037213571,4.50839530284119));
#9703=CARTESIAN_POINT('Ctrl Pts',(77.3652388783478,-49.3609897788709,4.42988979246441));
#9704=CARTESIAN_POINT('Ctrl Pts',(77.4765504914943,-47.6438261054591,4.35138428208763));
#9705=CARTESIAN_POINT('Ctrl Pts',(78.9702634311208,-46.7895058981806,4.27287877171085));
#9706=CARTESIAN_POINT('Ctrl Pts',(80.5067804260668,-47.5642038333533,4.19437326133407));
#9707=CARTESIAN_POINT('Ctrl Pts',(80.7081165046767,-49.2731523833099,4.1158677509573));
#9708=CARTESIAN_POINT('Ctrl Pts',(79.3937086861261,-50.3837258615169,4.03736224058051));
#9709=CARTESIAN_POINT('Ctrl Pts',(77.7423491498845,-49.8999355698339,3.95885673020374));
#9710=CARTESIAN_POINT('Ctrl Pts',(77.235016387094,-48.2556561436043,3.88035121982695));
#9711=CARTESIAN_POINT('Ctrl Pts',(78.3266984804885,-46.925516462509,3.80184570945018));
#9712=CARTESIAN_POINT('Ctrl Pts',(80.0383489754509,-47.102417415189,3.7233401990734));
#9713=CARTESIAN_POINT('Ctrl Pts',(80.8349190160325,-48.627710021018,3.64483468869662));
#9714=CARTESIAN_POINT('Ctrl Pts',(80.0020256522347,-50.1334756106965,3.56632917831984));
#9715=CARTESIAN_POINT('Ctrl Pts',(78.2866274541239,-50.2693078030886,3.48782366794306));
#9716=CARTESIAN_POINT('Ctrl Pts',(77.2271343059727,-48.9133890645474,3.40931815756628));
#9717=CARTESIAN_POINT('Ctrl Pts',(77.7737248532165,-47.2817395431706,3.3308126471895));
#9718=CARTESIAN_POINT('Ctrl Pts',(79.4362036941851,-46.8376613441332,3.25230713681272));
#9719=CARTESIAN_POINT('Ctrl Pts',(80.723620290289,-47.9794143040115,3.17380162643594));
#9720=CARTESIAN_POINT('Ctrl Pts',(80.4813888127218,-49.6830473269137,3.09529611605916));
#9721=CARTESIAN_POINT('Ctrl Pts',(78.9267482480369,-50.420701606288,3.01679060568238));
#9722=CARTESIAN_POINT('Ctrl Pts',(77.453937134429,-49.5308316796152,2.9382850953056));
#9723=CARTESIAN_POINT('Ctrl Pts',(77.3838076565092,-47.811493164339,2.85977958492883));
#9724=CARTESIAN_POINT('Ctrl Pts',(78.7792532603797,-46.8046315424354,2.78127407455204));
#9725=CARTESIAN_POINT('Ctrl Pts',(80.3888058465153,-47.4132204971719,2.70276856417527));
#9726=CARTESIAN_POINT('Ctrl Pts',(80.76897896601,-49.0914707092773,2.62426305379848));
#9727=CARTESIAN_POINT('Ctrl Pts',(79.5788272569674,-50.3342716077318,2.54575754342171));
#9728=CARTESIAN_POINT('Ctrl Pts',(77.8857010416584,-50.0270824613434,2.46725203304493));
#9729=CARTESIAN_POINT('Ctrl Pts',(77.2080485505336,-48.4453306381434,2.38874652266814));
#9730=CARTESIAN_POINT('Ctrl Pts',(78.1535791722102,-47.0077068850328,2.31024101229137));
#9731=CARTESIAN_POINT('Ctrl Pts',(79.8743709539604,-47.0032223625931,2.23173550191459));
#9732=CARTESIAN_POINT('Ctrl Pts',(80.8270692047849,-48.4364829235183,2.15322999153781));
#9733=CARTESIAN_POINT('Ctrl Pts',(80.1574930911787,-50.0209054390766,2.07472448116103));
#9734=CARTESIAN_POINT('Ctrl Pts',(78.4656829773806,-50.3380185357425,1.99621897078425));
#9735=CARTESIAN_POINT('Ctrl Pts',(77.2698516728545,-49.0983258921529,1.91771346040747));
#9736=CARTESIAN_POINT('Ctrl Pts',(77.5177234465874,-47.9834389202992,1.86537645348962));
#9737=CARTESIAN_POINT('Ctrl Pts',(77.8488553372551,-47.5989764031972,1.83920795003069));
#9738=CARTESIAN_POINT('Ctrl Pts',(78.643454349265,-50.006902217787,6.05359734998977));
#9739=CARTESIAN_POINT('Ctrl Pts',(78.1827564194596,-49.8837381132921,6.02742884653084));
#9740=CARTESIAN_POINT('Ctrl Pts',(77.3999100815466,-49.149348106721,5.97509183961299));
#9741=CARTESIAN_POINT('Ctrl Pts',(77.6719314208648,-47.5535418239068,5.89658632923621));
#9742=CARTESIAN_POINT('Ctrl Pts',(79.1534585524724,-46.9038670826749,5.81808081885944));
#9743=CARTESIAN_POINT('Ctrl Pts',(80.5123778176265,-47.7795133198104,5.73957530848264));
#9744=CARTESIAN_POINT('Ctrl Pts',(80.5316399887059,-49.396863924476,5.66106979810588));
#9745=CARTESIAN_POINT('Ctrl Pts',(79.193162247141,-50.3046252759282,5.58256428772909));
#9746=CARTESIAN_POINT('Ctrl Pts',(77.697716154893,-49.6890918401075,5.50405877735232));
#9747=CARTESIAN_POINT('Ctrl Pts',(77.386262252371,-48.1020958675914,5.42555326697554));
#9748=CARTESIAN_POINT('Ctrl Pts',(78.5382127191224,-46.9669868179595,5.34704775659875));
#9749=CARTESIAN_POINT('Ctrl Pts',(80.1204258060042,-47.3017118857804,5.26854224622198));
#9750=CARTESIAN_POINT('Ctrl Pts',(80.7139571748459,-48.8061038413501,5.19003673584519));
#9751=CARTESIAN_POINT('Ctrl Pts',(79.7865030982037,-50.1309774334361,5.11153122546842));
#9752=CARTESIAN_POINT('Ctrl Pts',(78.1698316372836,-50.0881597701699,5.03302571509164));
#9753=CARTESIAN_POINT('Ctrl Pts',(77.3138096654481,-48.7160482004469,4.95452020471486));
#9754=CARTESIAN_POINT('Ctrl Pts',(77.9861392666482,-47.2451862398724,4.87601469433808));
#9755=CARTESIAN_POINT('Ctrl Pts',(79.5838586732191,-46.9946772595234,4.7975091839613));
#9756=CARTESIAN_POINT('Ctrl Pts',(80.6740954283484,-48.1891839616794,4.71900367358452));
#9757=CARTESIAN_POINT('Ctrl Pts',(80.2790991498206,-49.7574441954968,4.64049816320774));
#9758=CARTESIAN_POINT('Ctrl Pts',(78.7531119594422,-50.2930049693712,4.56199265283097));
#9759=CARTESIAN_POINT('Ctrl Pts',(77.464675414393,-49.3155626153453,4.48348714245418));
#9760=CARTESIAN_POINT('Ctrl Pts',(77.5692900553509,-47.701710690269,4.4049816320774));
#9761=CARTESIAN_POINT('Ctrl Pts',(78.9731349773308,-46.8987899597084,4.32647612170062));
#9762=CARTESIAN_POINT('Ctrl Pts',(80.4172086836414,-47.6268788270596,4.24797061132384));
#9763=CARTESIAN_POINT('Ctrl Pts',(80.6064315417087,-49.2330098848661,4.16946510094707));
#9764=CARTESIAN_POINT('Ctrl Pts',(79.3711039948076,-50.2767666178407,4.09095959057028));
#9765=CARTESIAN_POINT('Ctrl Pts',(77.8190971547948,-49.8220831734755,4.01245408019351));
#9766=CARTESIAN_POINT('Ctrl Pts',(77.3422876528463,-48.276730474445,3.93394856981673));
#9767=CARTESIAN_POINT('Ctrl Pts',(78.3682895857287,-47.0266175596459,3.85544305943995));
#9768=CARTESIAN_POINT('Ctrl Pts',(79.976960028229,-47.1928754111547,3.77693754906317));
#9769=CARTESIAN_POINT('Ctrl Pts',(80.7256050836515,-48.6264000345419,3.69843203868639));
#9770=CARTESIAN_POINT('Ctrl Pts',(79.9428220680536,-50.0415724687384,3.61992652830961));
#9771=CARTESIAN_POINT('Ctrl Pts',(78.3306293999005,-50.1692324283415,3.54142101793283));
#9772=CARTESIAN_POINT('Ctrl Pts',(77.3348797906906,-48.8948914320088,3.46291550755605));
#9773=CARTESIAN_POINT('Ctrl Pts',(77.8485851645909,-47.3614087699329,3.38440999717927));
#9774=CARTESIAN_POINT('Ctrl Pts',(79.4110423254538,-46.9440481726306,3.30590448680249));
#9775=CARTESIAN_POINT('Ctrl Pts',(80.6210025547364,-48.0171084992563,3.22739897642571));
#9776=CARTESIAN_POINT('Ctrl Pts',(80.3933447359514,-49.6182438343473,3.14889346604893));
#9777=CARTESIAN_POINT('Ctrl Pts',(78.932237849656,-50.3115177471616,3.07038795567215));
#9778=CARTESIAN_POINT('Ctrl Pts',(77.5480372124231,-49.4751861170062,2.99188244529538));
#9779=CARTESIAN_POINT('Ctrl Pts',(77.4821270171994,-47.8592901976479,2.91337693491859));
#9780=CARTESIAN_POINT('Ctrl Pts',(78.7936167773288,-46.9130055819444,2.83487142454182));
#9781=CARTESIAN_POINT('Ctrl Pts',(80.3063319482042,-47.4849792798448,2.75636591416503));
#9782=CARTESIAN_POINT('Ctrl Pts',(80.6636322628212,-49.0622589401958,2.67786040378826));
#9783=CARTESIAN_POINT('Ctrl Pts',(79.5450850582004,-50.2302877387972,2.59935489341147));
#9784=CARTESIAN_POINT('Ctrl Pts',(77.9538243972149,-49.9415803762216,2.5208493830347));
#9785=CARTESIAN_POINT('Ctrl Pts',(77.3169423141217,-48.4549933581116,2.44234387265792));
#9786=CARTESIAN_POINT('Ctrl Pts',(78.2055858590783,-47.1038630626032,2.36383836228114));
#9787=CARTESIAN_POINT('Ctrl Pts',(79.8228476103214,-47.0996483477893,2.28533285190436));
#9788=CARTESIAN_POINT('Ctrl Pts',(80.7182275498789,-48.4466779590023,2.20682734152758));
#9789=CARTESIAN_POINT('Ctrl Pts',(80.0889359356548,-49.9357749894487,2.1283218311508));
#9790=CARTESIAN_POINT('Ctrl Pts',(78.4989121940089,-50.233809235948,2.04981632077402));
#9791=CARTESIAN_POINT('Ctrl Pts',(77.3750271021228,-49.068701686599,1.97131081039724));
#9792=CARTESIAN_POINT('Ctrl Pts',(77.6079858732667,-48.0208909777959,1.91897380347939));
#9793=CARTESIAN_POINT('Ctrl Pts',(77.9191954844893,-47.6595593336713,1.89280530002046));
#9794=CARTESIAN_POINT('Ctrl Pts',(78.6674306087071,-49.9172185137994,6.10719469997954));
#9795=CARTESIAN_POINT('Ctrl Pts',(78.2362245472962,-49.8019388370948,6.08102619652061));
#9796=CARTESIAN_POINT('Ctrl Pts',(77.5034926112011,-49.1145612697445,6.02868918960277));
#9797=CARTESIAN_POINT('Ctrl Pts',(77.7581003330041,-47.6209115321006,5.95018367922598));
#9798=CARTESIAN_POINT('Ctrl Pts',(79.144786571346,-47.0128261289754,5.87167816884921));
#9799=CARTESIAN_POINT('Ctrl Pts',(80.4167137630957,-47.8324173202444,5.79317265847242));
#9800=CARTESIAN_POINT('Ctrl Pts',(80.4347428541509,-49.3462322063951,5.71466714809565));
#9801=CARTESIAN_POINT('Ctrl Pts',(79.1819486089716,-50.1958826426928,5.63616163771886));
#9802=CARTESIAN_POINT('Ctrl Pts',(77.7822344410291,-49.6197529677906,5.55765612734209));
#9803=CARTESIAN_POINT('Ctrl Pts',(77.4907184564137,-48.1343495428773,5.4791506169653));
#9804=CARTESIAN_POINT('Ctrl Pts',(78.568926087861,-47.0719052146159,5.40064510658853));
#9805=CARTESIAN_POINT('Ctrl Pts',(80.0498528065791,-47.3852026462138,5.32213959621175));
#9806=CARTESIAN_POINT('Ctrl Pts',(80.6053888906896,-48.7932900023982,5.24363408583497));
#9807=CARTESIAN_POINT('Ctrl Pts',(79.7373063714191,-50.0333509763032,5.16512857545819));
#9808=CARTESIAN_POINT('Ctrl Pts',(78.2241271531989,-49.9932743127428,5.08662306508141));
#9809=CARTESIAN_POINT('Ctrl Pts',(77.4229039675159,-48.7089993301172,5.00811755470463));
#9810=CARTESIAN_POINT('Ctrl Pts',(78.052193965467,-47.3322955251617,4.92961204432785));
#9811=CARTESIAN_POINT('Ctrl Pts',(79.5476343570443,-47.0978230351074,4.85110653395108));
#9812=CARTESIAN_POINT('Ctrl Pts',(80.5680789190225,-48.215862637723,4.77260102357429));
#9813=CARTESIAN_POINT('Ctrl Pts',(80.1983685762655,-49.6837297040612,4.69409551319751));
#9814=CARTESIAN_POINT('Ctrl Pts',(78.7700684178419,-50.1850062173854,4.61559000282073));
#9815=CARTESIAN_POINT('Ctrl Pts',(77.5641119504382,-49.2701354518196,4.53708449244395));
#9816=CARTESIAN_POINT('Ctrl Pts',(77.6620296192073,-47.759595275079,4.45857898206718));
#9817=CARTESIAN_POINT('Ctrl Pts',(78.9760065235407,-47.0080740212362,4.38007347169039));
#9818=CARTESIAN_POINT('Ctrl Pts',(80.3276369412162,-47.6895538207659,4.30156796131361));
#9819=CARTESIAN_POINT('Ctrl Pts',(80.5047465787405,-49.1928673864223,4.22306245093684));
#9820=CARTESIAN_POINT('Ctrl Pts',(79.3484993034891,-50.1698073741645,4.14455694056006));
#9821=CARTESIAN_POINT('Ctrl Pts',(77.8958451597052,-49.744230777117,4.06605143018328));
#9822=CARTESIAN_POINT('Ctrl Pts',(77.4495589185985,-48.2978048052857,3.98754591980649));
#9823=CARTESIAN_POINT('Ctrl Pts',(78.4098806909689,-47.1277186567828,3.90904040942972));
#9824=CARTESIAN_POINT('Ctrl Pts',(79.9155710810071,-47.2833334071204,3.83053489905293));
#9825=CARTESIAN_POINT('Ctrl Pts',(80.6162911512704,-48.6250900480657,3.75202938867616));
#9826=CARTESIAN_POINT('Ctrl Pts',(79.8836184838725,-49.9496693267805,3.67352387829938));
#9827=CARTESIAN_POINT('Ctrl Pts',(78.3746313456769,-50.0691570535942,3.5950183679226));
#9828=CARTESIAN_POINT('Ctrl Pts',(77.4426252754087,-48.8763937994703,3.51651285754582));
#9829=CARTESIAN_POINT('Ctrl Pts',(77.9234454759653,-47.441077996695,3.43800734716904));
#9830=CARTESIAN_POINT('Ctrl Pts',(79.3858809567224,-47.050435001128,3.35950183679226));
#9831=CARTESIAN_POINT('Ctrl Pts',(80.518384819184,-48.0548026945011,3.28099632641548));
#9832=CARTESIAN_POINT('Ctrl Pts',(80.305300659181,-49.5534403417808,3.2024908160387));
#9833=CARTESIAN_POINT('Ctrl Pts',(78.9377274512751,-50.2023338880353,3.12398530566192));
#9834=CARTESIAN_POINT('Ctrl Pts',(77.6421372904171,-49.4195405543971,3.04547979528514));
#9835=CARTESIAN_POINT('Ctrl Pts',(77.5804463778897,-47.9070872309568,2.96697428490836));
#9836=CARTESIAN_POINT('Ctrl Pts',(78.8079802942779,-47.0213796214534,2.88846877453159));
#9837=CARTESIAN_POINT('Ctrl Pts',(80.2238580498933,-47.5567380625178,2.80996326415481));
#9838=CARTESIAN_POINT('Ctrl Pts',(80.5582855596324,-49.0330471711143,2.73145775377803));
#9839=CARTESIAN_POINT('Ctrl Pts',(79.5113428594334,-50.1263038698627,2.65295224340125));
#9840=CARTESIAN_POINT('Ctrl Pts',(78.0219477527715,-49.8560782910998,2.57444673302447));
#9841=CARTESIAN_POINT('Ctrl Pts',(77.4258360777097,-48.4646560780796,2.49594122264769));
#9842=CARTESIAN_POINT('Ctrl Pts',(78.2575925459464,-47.2000192401738,2.41743571227091));
#9843=CARTESIAN_POINT('Ctrl Pts',(79.7713242666823,-47.1960743329855,2.33893020189413));
#9844=CARTESIAN_POINT('Ctrl Pts',(80.609385894973,-48.4568729944863,2.26042469151735));
#9845=CARTESIAN_POINT('Ctrl Pts',(80.0203787801308,-49.8506445398209,2.18191918114057));
#9846=CARTESIAN_POINT('Ctrl Pts',(78.5321414106373,-50.1295999361534,2.10341367076379));
#9847=CARTESIAN_POINT('Ctrl Pts',(77.4802025313911,-49.0390774810451,2.02490816038701));
#9848=CARTESIAN_POINT('Ctrl Pts',(77.698248299946,-48.0583430352926,1.97257115346916));
#9849=CARTESIAN_POINT('Ctrl Pts',(77.9895356317236,-47.7201422641455,1.94640265001023));
#9850=CARTESIAN_POINT('Ctrl Pts',(78.6914068681491,-49.8275348098117,6.16079204996931));
#9851=CARTESIAN_POINT('Ctrl Pts',(78.2896926751329,-49.7201395608975,6.13462354651038));
#9852=CARTESIAN_POINT('Ctrl Pts',(77.6070751408557,-49.079774432768,6.08228653959254));
#9853=CARTESIAN_POINT('Ctrl Pts',(77.8442692451435,-47.6882812402945,6.00378102921575));
#9854=CARTESIAN_POINT('Ctrl Pts',(79.1361145902194,-47.121785175276,5.92527551883898));
#9855=CARTESIAN_POINT('Ctrl Pts',(80.321049708565,-47.8853213206784,5.84677000846219));
#9856=CARTESIAN_POINT('Ctrl Pts',(80.3378457195958,-49.2956004883142,5.76826449808542));
#9857=CARTESIAN_POINT('Ctrl Pts',(79.1707349708023,-50.0871400094574,5.68975898770863));
#9858=CARTESIAN_POINT('Ctrl Pts',(77.8667527271652,-49.5504140954738,5.61125347733185));
#9859=CARTESIAN_POINT('Ctrl Pts',(77.5951746604563,-48.1666032181632,5.53274796695508));
#9860=CARTESIAN_POINT('Ctrl Pts',(78.5996394565997,-47.1768236112723,5.45424245657829));
#9861=CARTESIAN_POINT('Ctrl Pts',(79.9792798071539,-47.4686934066472,5.37573694620152));
#9862=CARTESIAN_POINT('Ctrl Pts',(80.4968206065334,-48.7804761634462,5.29723143582473));
#9863=CARTESIAN_POINT('Ctrl Pts',(79.6881096446343,-49.9357245191703,5.21872592544796));
#9864=CARTESIAN_POINT('Ctrl Pts',(78.2784226691141,-49.8983888553156,5.14022041507118));
#9865=CARTESIAN_POINT('Ctrl Pts',(77.5319982695836,-48.7019504597875,5.0617149046944));
#9866=CARTESIAN_POINT('Ctrl Pts',(78.1182486642859,-47.419404810451,4.98320939431762));
#9867=CARTESIAN_POINT('Ctrl Pts',(79.5114100408695,-47.2009688106914,4.90470388394084));
#9868=CARTESIAN_POINT('Ctrl Pts',(80.4620624096967,-48.2425413137666,4.82619837356406));
#9869=CARTESIAN_POINT('Ctrl Pts',(80.1176380027101,-49.6100152126257,4.74769286318728));
#9870=CARTESIAN_POINT('Ctrl Pts',(78.7870248762417,-50.0770074653995,4.6691873528105));
#9871=CARTESIAN_POINT('Ctrl Pts',(77.6635484864834,-49.224708288294,4.59068184243372));
#9872=CARTESIAN_POINT('Ctrl Pts',(77.7547691830638,-47.8174798598888,4.51217633205694));
#9873=CARTESIAN_POINT('Ctrl Pts',(78.9788780697507,-47.117358082764,4.43367082168017));
#9874=CARTESIAN_POINT('Ctrl Pts',(80.2380651987909,-47.7522288144721,4.35516531130338));
#9875=CARTESIAN_POINT('Ctrl Pts',(80.4030616157724,-49.1527248879785,4.27665980092661));
#9876=CARTESIAN_POINT('Ctrl Pts',(79.3258946121707,-50.0628481304883,4.19815429054982));
#9877=CARTESIAN_POINT('Ctrl Pts',(77.9725931646156,-49.6663783807585,4.11964878017305));
#9878=CARTESIAN_POINT('Ctrl Pts',(77.5568301843508,-48.3188791361264,4.04114326979627));
#9879=CARTESIAN_POINT('Ctrl Pts',(78.4514717962091,-47.2288197539196,3.96263775941949));
#9880=CARTESIAN_POINT('Ctrl Pts',(79.8541821337852,-47.3737914030862,3.88413224904271));
#9881=CARTESIAN_POINT('Ctrl Pts',(80.5069772188892,-48.6237800615895,3.80562673866593));
#9882=CARTESIAN_POINT('Ctrl Pts',(79.8244148996914,-49.8577661848225,3.72712122828915));
#9883=CARTESIAN_POINT('Ctrl Pts',(78.4186332914534,-49.969081678847,3.64861571791237));
#9884=CARTESIAN_POINT('Ctrl Pts',(77.5503707601267,-48.8578961669317,3.57011020753559));
#9885=CARTESIAN_POINT('Ctrl Pts',(77.9983057873397,-47.5207472234572,3.49160469715881));
#9886=CARTESIAN_POINT('Ctrl Pts',(79.360719587991,-47.1568218296254,3.41309918678203));
#9887=CARTESIAN_POINT('Ctrl Pts',(80.4157670836315,-48.0924968897459,3.33459367640525));
#9888=CARTESIAN_POINT('Ctrl Pts',(80.2172565824106,-49.4886368492143,3.25608816602847));
#9889=CARTESIAN_POINT('Ctrl Pts',(78.9432170528941,-50.093150028909,3.17758265565169));
#9890=CARTESIAN_POINT('Ctrl Pts',(77.7362373684112,-49.363894991788,3.09907714527492));
#9891=CARTESIAN_POINT('Ctrl Pts',(77.6787657385799,-47.9548842642657,3.02057163489813));
#9892=CARTESIAN_POINT('Ctrl Pts',(78.822343811227,-47.1297536609624,2.94206612452136));
#9893=CARTESIAN_POINT('Ctrl Pts',(80.1413841515823,-47.6284968451907,2.86356061414457));
#9894=CARTESIAN_POINT('Ctrl Pts',(80.4529388564437,-49.0038354020328,2.7850551037678));
#9895=CARTESIAN_POINT('Ctrl Pts',(79.4776006606664,-50.0223200009281,2.70654959339102));
#9896=CARTESIAN_POINT('Ctrl Pts',(78.0900711083279,-49.7705762059781,2.62804408301424));
#9897=CARTESIAN_POINT('Ctrl Pts',(77.5347298412979,-48.4743187980478,2.54953857263746));
#9898=CARTESIAN_POINT('Ctrl Pts',(78.3095992328144,-47.2961754177443,2.47103306226068));
#9899=CARTESIAN_POINT('Ctrl Pts',(79.7198009230433,-47.2925003181817,2.3925275518839));
#9900=CARTESIAN_POINT('Ctrl Pts',(80.500544240067,-48.4670680299704,2.31402204150712));
#9901=CARTESIAN_POINT('Ctrl Pts',(79.9518216246069,-49.765514090193,2.23551653113034));
#9902=CARTESIAN_POINT('Ctrl Pts',(78.5653706272655,-50.025390636359,2.15701102075356));
#9903=CARTESIAN_POINT('Ctrl Pts',(77.5853779606594,-49.0094532754911,2.07850551037678));
#9904=CARTESIAN_POINT('Ctrl Pts',(77.7885107266252,-48.0957950927892,2.02616850345893));
#9905=CARTESIAN_POINT('Ctrl Pts',(78.0598757789579,-47.7807251946197,2.));
#9906=CARTESIAN_POINT('Ctrl Pts',(78.0598757789579,-47.7807251946197,2.));
#9907=CARTESIAN_POINT('Ctrl Pts',(78.0230021529898,-47.8151602607714,2.));
#9908=CARTESIAN_POINT('Ctrl Pts',(77.9885068596985,-47.8518343594659,2.));
#9909=CARTESIAN_POINT('Ctrl Pts',(77.9563917620749,-47.8904274713463,2.));
#9910=CARTESIAN_POINT('Ctrl Pts',(77.922835666141,-47.9307522488021,2.));
#9911=CARTESIAN_POINT('Ctrl Pts',(77.8918775357141,-47.9731725710988,2.));
#9912=CARTESIAN_POINT('Ctrl Pts',(77.8635475207153,-48.0173730910732,2.));
#9913=CARTESIAN_POINT('Ctrl Pts',(77.8408239546935,-48.0528264233032,2.));
#9914=CARTESIAN_POINT('Ctrl Pts',(77.8197916854503,-48.0894262339708,2.));
#9915=CARTESIAN_POINT('Ctrl Pts',(77.8004825187975,-48.1270277349645,2.));
#9916=CARTESIAN_POINT('Ctrl Pts',(77.7923295786599,-48.1429042765159,2.));
#9917=CARTESIAN_POINT('Ctrl Pts',(77.7844840244014,-48.1589595641297,2.));
#9918=CARTESIAN_POINT('Ctrl Pts',(77.7769491365277,-48.175183337803,2.));
#9919=CARTESIAN_POINT('Ctrl Pts',(77.7726566846965,-48.1844256474673,2.));
#9920=CARTESIAN_POINT('Ctrl Pts',(77.7684648518371,-48.1937233887769,2.));
#9921=CARTESIAN_POINT('Ctrl Pts',(77.7643805962031,-48.2030595928419,2.));
#9922=CARTESIAN_POINT('Ctrl Pts',(77.7425628708861,-48.2529327531061,2.));
#9923=CARTESIAN_POINT('Ctrl Pts',(77.7237653036624,-48.303998813507,2.));
#9924=CARTESIAN_POINT('Ctrl Pts',(77.7080152017429,-48.3559260886765,2.));
#9925=CARTESIAN_POINT('Ctrl Pts',(77.691975501192,-48.4088081556241,2.));
#9926=CARTESIAN_POINT('Ctrl Pts',(77.6790957685181,-48.4625843234951,2.));
#9927=CARTESIAN_POINT('Ctrl Pts',(77.6694455403929,-48.5169388746343,2.));
#9928=CARTESIAN_POINT('Ctrl Pts',(77.6625431787851,-48.5558161697741,2.));
#9929=CARTESIAN_POINT('Ctrl Pts',(77.6572938249861,-48.594990132067,2.));
#9930=CARTESIAN_POINT('Ctrl Pts',(77.6537379294357,-48.634351618664,2.));
#9931=CARTESIAN_POINT('Ctrl Pts',(77.6522274678992,-48.6510714605947,2.));
#9932=CARTESIAN_POINT('Ctrl Pts',(77.6510227305619,-48.6678251817879,2.));
#9933=CARTESIAN_POINT('Ctrl Pts',(77.650127575928,-48.6846045483827,2.));
#9934=CARTESIAN_POINT('Ctrl Pts',(77.649594573769,-48.6945954910461,2.));
#9935=CARTESIAN_POINT('Ctrl Pts',(77.6491716927156,-48.7045899684684,2.));
#9936=CARTESIAN_POINT('Ctrl Pts',(77.6488595288812,-48.7145785363017,2.));
#9937=CARTESIAN_POINT('Ctrl Pts',(77.6470843909613,-48.7713791120545,2.));
#9938=CARTESIAN_POINT('Ctrl Pts',(77.6488816316312,-48.8280616628862,2.));
#9939=CARTESIAN_POINT('Ctrl Pts',(77.6543109228384,-48.884293690231,2.));
#9940=CARTESIAN_POINT('Ctrl Pts',(77.6576480071181,-48.918856399673,2.));
#9941=CARTESIAN_POINT('Ctrl Pts',(77.6623581128763,-48.9532494530981,2.));
#9942=CARTESIAN_POINT('Ctrl Pts',(77.6684643937629,-48.9873987055181,2.));
#9943=CARTESIAN_POINT('Ctrl Pts',(77.678137910473,-49.0414976521696,2.));
#9944=CARTESIAN_POINT('Ctrl Pts',(77.6913125296315,-49.094985228371,2.));
#9945=CARTESIAN_POINT('Ctrl Pts',(77.7077622350019,-49.1476570714317,2.));
#9946=CARTESIAN_POINT('Ctrl Pts',(77.7126826169828,-49.1634121005742,2.));
#9947=CARTESIAN_POINT('Ctrl Pts',(77.7178963759223,-49.1790941130104,2.));
#9948=CARTESIAN_POINT('Ctrl Pts',(77.7233983363931,-49.1946975051333,2.));
#9949=CARTESIAN_POINT('Ctrl Pts',(77.7284858284822,-49.2091254775641,2.));
#9950=CARTESIAN_POINT('Ctrl Pts',(77.7338223678636,-49.2234924612011,2.));
#9951=CARTESIAN_POINT('Ctrl Pts',(77.7393902537149,-49.2377598339345,2.));
#9952=CARTESIAN_POINT('Ctrl Pts',(77.7600202219476,-49.290622887185,2.));
#9953=CARTESIAN_POINT('Ctrl Pts',(77.7838434537219,-49.3421886984081,2.));
#9954=CARTESIAN_POINT('Ctrl Pts',(77.8105770237342,-49.3922468874288,2.));
#9955=CARTESIAN_POINT('Ctrl Pts',(77.837941620334,-49.4434866638012,2.));
#9956=CARTESIAN_POINT('Ctrl Pts',(77.8683559134244,-49.4931477121953,2.));
#9957=CARTESIAN_POINT('Ctrl Pts',(77.9015717926673,-49.5409987517324,2.));
#9958=CARTESIAN_POINT('Ctrl Pts',(77.9217368763815,-49.5700487194006,2.));
#9959=CARTESIAN_POINT('Ctrl Pts',(77.9429355629762,-49.5984314226372,2.));
#9960=CARTESIAN_POINT('Ctrl Pts',(77.9651210356952,-49.6260918973128,2.));
#9961=CARTESIAN_POINT('Ctrl Pts',(77.9773367687569,-49.6413222680728,2.));
#9962=CARTESIAN_POINT('Ctrl Pts',(77.9898517854913,-49.6563336195549,2.));
#9963=CARTESIAN_POINT('Ctrl Pts',(78.002659021723,-49.6711163003316,2.));
#9964=CARTESIAN_POINT('Ctrl Pts',(78.0103705228338,-49.6800172573505,2.));
#9965=CARTESIAN_POINT('Ctrl Pts',(78.0181893375888,-49.688836797654,2.));
#9966=CARTESIAN_POINT('Ctrl Pts',(78.0261096808276,-49.6975679835918,2.));
#9967=CARTESIAN_POINT('Ctrl Pts',(78.0667002066336,-49.7423139519721,2.));
#9968=CARTESIAN_POINT('Ctrl Pts',(78.1098263412295,-49.7846028393999,2.));
#9969=CARTESIAN_POINT('Ctrl Pts',(78.1552281458553,-49.8241841591364,2.));
#9970=CARTESIAN_POINT('Ctrl Pts',(78.1847469194814,-49.8499186431894,2.));
#9971=CARTESIAN_POINT('Ctrl Pts',(78.2152287285992,-49.8745082894315,2.));
#9972=CARTESIAN_POINT('Ctrl Pts',(78.2466123022203,-49.8978782298961,2.));
#9973=CARTESIAN_POINT('Ctrl Pts',(78.259591396705,-49.9075431797534,2.));
#9974=CARTESIAN_POINT('Ctrl Pts',(78.2727248099959,-49.9169994482074,2.));
#9975=CARTESIAN_POINT('Ctrl Pts',(78.2860085516,-49.9262414148271,2.));
#9976=CARTESIAN_POINT('Ctrl Pts',(78.2957280875257,-49.9330036380969,2.));
#9977=CARTESIAN_POINT('Ctrl Pts',(78.3055271971744,-49.9396503966163,2.));
#9978=CARTESIAN_POINT('Ctrl Pts',(78.3153958306072,-49.9461741496025,2.));
#9979=CARTESIAN_POINT('Ctrl Pts',(78.3661286125013,-49.9797115324253,2.));
#9980=CARTESIAN_POINT('Ctrl Pts',(78.4187539240684,-50.0100417913936,2.));
#9981=CARTESIAN_POINT('Ctrl Pts',(78.473035897718,-50.0368984114656,2.));
#9982=CARTESIAN_POINT('Ctrl Pts',(78.4984472858421,-50.0494709829929,2.));
#9983=CARTESIAN_POINT('Ctrl Pts',(78.524222301434,-50.0612818355307,2.));
#9984=CARTESIAN_POINT('Ctrl Pts',(78.5503394238643,-50.0723007142611,2.));
#9985=CARTESIAN_POINT('Ctrl Pts',(78.5727909029315,-50.081773048965,2.));
#9986=CARTESIAN_POINT('Ctrl Pts',(78.5954952274958,-50.0906600998006,2.));
#9987=CARTESIAN_POINT('Ctrl Pts',(78.6184312424622,-50.0989676048961,2.));
#9988=CARTESIAN_POINT('Ctrl Pts',(77.7542680332768,-48.604926690975,5.55658032638058));
#9989=CARTESIAN_POINT('Ctrl Pts',(77.7532859156223,-48.4785153681254,5.54863620657208));
#9990=CARTESIAN_POINT('Ctrl Pts',(77.7707673797016,-48.3523691325922,5.54069208676357));
#9991=CARTESIAN_POINT('Ctrl Pts',(77.8078484709317,-48.2322750965665,5.53274796695507));
#9992=CARTESIAN_POINT('Ctrl Pts',(77.9299962591707,-47.8366766825329,5.50657946349614));
#9993=CARTESIAN_POINT('Ctrl Pts',(78.2648178578852,-47.5067501469026,5.48041096003722));
#9994=CARTESIAN_POINT('Ctrl Pts',(78.6621687156681,-47.3904318449833,5.45424245657829));
#9995=CARTESIAN_POINT('Ctrl Pts',(79.0595195734511,-47.2741135430639,5.42807395311936));
#9996=CARTESIAN_POINT('Ctrl Pts',(79.5193996903025,-47.3714034748556,5.40190544966044));
#9997=CARTESIAN_POINT('Ctrl Pts',(79.8355965486248,-47.6386789002179,5.37573694620151));
#9998=CARTESIAN_POINT('Ctrl Pts',(80.1517934069471,-47.9059543255802,5.34956844274259));
#9999=CARTESIAN_POINT('Ctrl Pts',(80.3243070067403,-48.3432152445132,5.32339993928366));
#10000=CARTESIAN_POINT('Ctrl Pts',(80.2757786463203,-48.7543870966004,5.29723143582473));
#10001=CARTESIAN_POINT('Ctrl Pts',(80.2272502859004,-49.1655589486876,5.2710629323658));
#10002=CARTESIAN_POINT('Ctrl Pts',(79.9576799652674,-49.550641733929,5.24489442890688));
#10003=CARTESIAN_POINT('Ctrl Pts',(79.5879469756975,-49.7369605159072,5.21872592544795));
#10004=CARTESIAN_POINT('Ctrl Pts',(79.2182139861276,-49.9232792978854,5.19255742198903));
#10005=CARTESIAN_POINT('Ctrl Pts',(78.7483183276209,-49.9108340766005,5.1663889185301));
#10006=CARTESIAN_POINT('Ctrl Pts',(78.3889664317791,-49.7052050667034,5.14022041507117));
#10007=CARTESIAN_POINT('Ctrl Pts',(78.0296145359373,-49.4995760568063,5.11405191161224));
#10008=CARTESIAN_POINT('Ctrl Pts',(77.7808064027604,-49.1007632582969,5.08788340815332));
#10009=CARTESIAN_POINT('Ctrl Pts',(77.7541107352891,-48.6875992508194,5.06171490469439));
#10010=CARTESIAN_POINT('Ctrl Pts',(77.7523647305231,-48.6605766514801,5.06000337858979));
#10011=CARTESIAN_POINT('Ctrl Pts',(77.751568853972,-48.6334926621215,5.05829185248518));
#10012=CARTESIAN_POINT('Ctrl Pts',(77.751698589424,-48.6064009170189,5.05658032638058));
#10013=CARTESIAN_POINT('Ctrl Pts',(78.619478089823,-50.0965859217747,6.));
#10014=CARTESIAN_POINT('Ctrl Pts',(78.5620406274637,-50.0755985094347,6.));
#10015=CARTESIAN_POINT('Ctrl Pts',(78.5061660685058,-50.050996868615,6.));
#10016=CARTESIAN_POINT('Ctrl Pts',(78.4520523340334,-50.0230813367011,6.));
#10017=CARTESIAN_POINT('Ctrl Pts',(78.3982540095601,-49.9953285146422,6.));
#10018=CARTESIAN_POINT('Ctrl Pts',(78.3461953545274,-49.9642992906072,6.));
#10019=CARTESIAN_POINT('Ctrl Pts',(78.2961027798439,-49.930244038421,6.));
#10020=CARTESIAN_POINT('Ctrl Pts',(78.2582763754645,-49.9045278968855,6.));
#10021=CARTESIAN_POINT('Ctrl Pts',(78.2215716525586,-49.8770852487708,6.));
#10022=CARTESIAN_POINT('Ctrl Pts',(78.1861018536144,-49.8480120840317,6.));
#10023=CARTESIAN_POINT('Ctrl Pts',(78.1676890103364,-49.832919818446,6.));
#10024=CARTESIAN_POINT('Ctrl Pts',(78.1496091950437,-49.8173880235763,6.));
#10025=CARTESIAN_POINT('Ctrl Pts',(78.1318799509614,-49.8014293944579,6.));
#10026=CARTESIAN_POINT('Ctrl Pts',(78.1225424702935,-49.7930244455393,6.));
#10027=CARTESIAN_POINT('Ctrl Pts',(78.1133008777993,-49.7844996099116,6.));
#10028=CARTESIAN_POINT('Ctrl Pts',(78.1041739642955,-49.7758724599109,6.));
#10029=CARTESIAN_POINT('Ctrl Pts',(78.0611463617086,-49.7352009249463,6.));
#10030=CARTESIAN_POINT('Ctrl Pts',(78.0205810019217,-49.6921849623964,6.));
#10031=CARTESIAN_POINT('Ctrl Pts',(77.9826856290096,-49.6470646295531,6.));
#10032=CARTESIAN_POINT('Ctrl Pts',(77.9455629860535,-49.6028643518547,6.));
#10033=CARTESIAN_POINT('Ctrl Pts',(77.9110021077288,-49.5566437105057,6.));
#10034=CARTESIAN_POINT('Ctrl Pts',(77.8792413465703,-49.5086053920219,6.));
#10035=CARTESIAN_POINT('Ctrl Pts',(77.8562506725632,-49.4738318765323,6.));
#10036=CARTESIAN_POINT('Ctrl Pts',(77.8347280868219,-49.4381054115966,6.));
#10037=CARTESIAN_POINT('Ctrl Pts',(77.8147805178358,-49.4014991538841,6.));
#10038=CARTESIAN_POINT('Ctrl Pts',(77.8043552692507,-49.3823675325478,6.));
#10039=CARTESIAN_POINT('Ctrl Pts',(77.7943604714247,-49.3629955680503,6.));
#10040=CARTESIAN_POINT('Ctrl Pts',(77.7848130755196,-49.3433936169517,6.));
#10041=CARTESIAN_POINT('Ctrl Pts',(77.7803728411523,-49.3342772822151,6.));
#10042=CARTESIAN_POINT('Ctrl Pts',(77.7760316538241,-49.3251157121483,6.));
#10043=CARTESIAN_POINT('Ctrl Pts',(77.7717941697885,-49.315917353197,6.));
#10044=CARTESIAN_POINT('Ctrl Pts',(77.7484561940319,-49.2652573208755,6.));
#10045=CARTESIAN_POINT('Ctrl Pts',(77.7282271591191,-49.2134155620079,6.));
#10046=CARTESIAN_POINT('Ctrl Pts',(77.7113199768974,-49.16058271939,6.));
#10047=CARTESIAN_POINT('Ctrl Pts',(77.7000081844885,-49.1252347743434,6.));
#10048=CARTESIAN_POINT('Ctrl Pts',(77.6901842981213,-49.0894428251346,6.));
#10049=CARTESIAN_POINT('Ctrl Pts',(77.681925052883,-49.0532619952299,6.));
#10050=CARTESIAN_POINT('Ctrl Pts',(77.6697002241075,-48.9997093475274,6.));
#10051=CARTESIAN_POINT('Ctrl Pts',(77.6609015560163,-48.9453038038075,6.));
#10052=CARTESIAN_POINT('Ctrl Pts',(77.6554745400468,-48.8903557307714,6.));
#10053=CARTESIAN_POINT('Ctrl Pts',(77.653798162349,-48.8733825498025,6.));
#10054=CARTESIAN_POINT('Ctrl Pts',(77.6524438087795,-48.8563576924541,6.));
#10055=CARTESIAN_POINT('Ctrl Pts',(77.6514106908078,-48.8392906191679,6.));
#10056=CARTESIAN_POINT('Ctrl Pts',(77.65050441662,-48.8243190008202,6.));
#10057=CARTESIAN_POINT('Ctrl Pts',(77.6498453435769,-48.8093083342269,6.));
#10058=CARTESIAN_POINT('Ctrl Pts',(77.6494336197614,-48.7943010788832,6.));
#10059=CARTESIAN_POINT('Ctrl Pts',(77.6479065922357,-48.7386412138692,6.));
#10060=CARTESIAN_POINT('Ctrl Pts',(77.6497703477592,-48.6829535355899,6.));
#10061=CARTESIAN_POINT('Ctrl Pts',(77.6549211196609,-48.6275555512402,6.));
#10062=CARTESIAN_POINT('Ctrl Pts',(77.6600657319253,-48.5722238155018,6.));
#10063=CARTESIAN_POINT('Ctrl Pts',(77.6684899585192,-48.517179941151,6.));
#10064=CARTESIAN_POINT('Ctrl Pts',(77.6801395854147,-48.4627556436886,6.));
#10065=CARTESIAN_POINT('Ctrl Pts',(77.6875853909045,-48.4279706040936,6.));
#10066=CARTESIAN_POINT('Ctrl Pts',(77.6963497627966,-48.3934390280406,6.));
#10067=CARTESIAN_POINT('Ctrl Pts',(77.7064278194971,-48.3592540312002,6.));
#10068=CARTESIAN_POINT('Ctrl Pts',(77.7116216466109,-48.3416364518637,6.));
#10069=CARTESIAN_POINT('Ctrl Pts',(77.7171644945098,-48.3241110209257,6.));
#10070=CARTESIAN_POINT('Ctrl Pts',(77.7230563733355,-48.3066911980342,6.));
#10071=CARTESIAN_POINT('Ctrl Pts',(77.7266098518462,-48.2961850474268,6.));
#10072=CARTESIAN_POINT('Ctrl Pts',(77.7302901904812,-48.2857179731412,6.));
#10073=CARTESIAN_POINT('Ctrl Pts',(77.7340925501215,-48.275305421388,6.));
#10074=CARTESIAN_POINT('Ctrl Pts',(77.7524795737694,-48.224953573212,6.));
#10075=CARTESIAN_POINT('Ctrl Pts',(77.7737426093856,-48.1757961342243,6.));
#10076=CARTESIAN_POINT('Ctrl Pts',(77.7978408409664,-48.1281467337335,6.));
#10077=CARTESIAN_POINT('Ctrl Pts',(77.8129738482464,-48.0982242590452,6.));
#10078=CARTESIAN_POINT('Ctrl Pts',(77.829225722033,-48.068897023136,6.));
#10079=CARTESIAN_POINT('Ctrl Pts',(77.8465937012626,-48.0402502888923,6.));
#10080=CARTESIAN_POINT('Ctrl Pts',(77.8529451869179,-48.0297741523645,6.));
#10081=CARTESIAN_POINT('Ctrl Pts',(77.8594473662698,-48.019386971785,6.));
#10082=CARTESIAN_POINT('Ctrl Pts',(77.866095710483,-48.0091001779975,6.));
#10083=CARTESIAN_POINT('Ctrl Pts',(77.8939987109226,-47.9659266595439,6.));
#10084=CARTESIAN_POINT('Ctrl Pts',(77.924428712587,-47.9245855622163,6.));
#10085=CARTESIAN_POINT('Ctrl Pts',(77.9573611725558,-47.8853755584713,6.));
#10086=CARTESIAN_POINT('Ctrl Pts',(77.9757518485249,-47.8634792751597,6.));
#10087=CARTESIAN_POINT('Ctrl Pts',(77.994923515749,-47.8422482258777,6.));
#10088=CARTESIAN_POINT('Ctrl Pts',(78.0148760115418,-47.8217402799633,6.));
#10089=CARTESIAN_POINT('Ctrl Pts',(78.028893349824,-47.8073327182055,6.));
#10090=CARTESIAN_POINT('Ctrl Pts',(78.0432961563506,-47.7932821583848,6.));
#10091=CARTESIAN_POINT('Ctrl Pts',(78.058067282044,-47.7795960884209,6.));
#10092=CARTESIAN_POINT('Origin',(76.922,-46.696,6.));
#10093=CARTESIAN_POINT('',(80.422,-52.196,6.));
#10094=CARTESIAN_POINT('',(79.4219913006169,-52.196,6.));
#10095=CARTESIAN_POINT('Origin',(80.422,-50.196,6.));
#10096=CARTESIAN_POINT('Origin',(79.0179919316802,-48.6059364935562,0.));
#10097=CARTESIAN_POINT('Origin',(116.965584405828,-55.5687197445236,11.));
#10098=CARTESIAN_POINT('',(114.138264201029,-58.3982533561869,10.));
#10099=CARTESIAN_POINT('',(115.309646905223,-59.2098556928354,10.));
#10100=CARTESIAN_POINT('Origin',(116.965584405828,-55.5687197445236,10.));
#10101=CARTESIAN_POINT('',(114.138264201029,-58.3982533561869,11.));
#10102=CARTESIAN_POINT('',(116.965584405828,-59.5687197445236,11.));
#10103=CARTESIAN_POINT('',(115.309646905223,-59.2098556928354,11.));
#10104=CARTESIAN_POINT('Origin',(115.309646905223,-59.5687197445236,11.));
#10105=CARTESIAN_POINT('',(136.453523795722,-59.5687197445236,4.74029167014134));
#10106=CARTESIAN_POINT('',(145.307253007355,-59.5687197445236,10.));
#10107=CARTESIAN_POINT('',(145.307253007355,-59.5687197445236,11.));
#10108=CARTESIAN_POINT('',(138.968379217546,-59.5687197445236,10.));
#10109=CARTESIAN_POINT('',(138.968379217546,-59.5687197445236,10.));
#10110=CARTESIAN_POINT('',(138.968379217546,-59.5687197445236,11.));
#10111=CARTESIAN_POINT('Origin',(137.311833203222,-57.2315135078871,11.));
#10112=CARTESIAN_POINT('',(140.139888220596,-54.4027143247174,10.));
#10113=CARTESIAN_POINT('',(138.968379217546,-53.5906543644393,10.));
#10114=CARTESIAN_POINT('Origin',(137.311833203222,-57.2315135078871,10.));
#10115=CARTESIAN_POINT('',(140.139888220596,-54.4027143247174,11.));
#10116=CARTESIAN_POINT('',(137.311833203222,-53.2315135078871,11.));
#10117=CARTESIAN_POINT('',(138.968379217546,-53.5906543644393,11.));
#10118=CARTESIAN_POINT('Origin',(138.968379217546,-53.2315135078871,11.));
#10119=CARTESIAN_POINT('',(121.540267013572,-53.2315135078871,19.3868240428427));
#10120=CARTESIAN_POINT('',(108.967479498727,-53.2315135078871,10.));
#10121=CARTESIAN_POINT('',(108.967479498727,-53.2315135078871,11.));
#10122=CARTESIAN_POINT('',(115.309646905223,-53.2315135078871,10.));
#10123=CARTESIAN_POINT('',(115.309646905223,-53.2315135078871,10.));
#10124=CARTESIAN_POINT('',(115.309646905223,-53.2315135078871,11.));
#10125=CARTESIAN_POINT('Origin',(148.922754350028,-63.5367768548534,10.75));
#10126=CARTESIAN_POINT('',(148.454041386857,-62.5687197445236,11.1032232789396));
#10127=CARTESIAN_POINT('Origin',(153.194,-67.4533919884981,11.));
#10128=CARTESIAN_POINT('',(138.968379217546,-53.2315135078871,10.));
#10129=CARTESIAN_POINT('Origin',(116.144980857612,-60.0499851218749,10.75));
#10130=CARTESIAN_POINT('Origin',(134.500995650308,-46.4460641060752,10.75));
#10131=CARTESIAN_POINT('Origin',(115.309646905223,-59.5687197445236,11.));
#10132=CARTESIAN_POINT('',(115.309646905223,-59.5687197445236,10.));
#10133=CARTESIAN_POINT('Origin',(112.138563201975,-56.4001166262053,10.));
#10134=CARTESIAN_POINT('',(115.309646905223,-54.8158150670462,10.));
#10135=CARTESIAN_POINT('Origin',(142.13781611245,-56.4001166262053,10.));
#10136=CARTESIAN_POINT('',(138.968379217546,-57.9844181853644,10.));
#10137=CARTESIAN_POINT('Origin',(115.309646905223,-53.2315135078871,11.));
#10138=CARTESIAN_POINT('Origin',(138.968379217546,-59.5687197445236,11.));
#10139=CARTESIAN_POINT('Origin',(148.308042418229,-62.5687197445236,11.));
#10140=CARTESIAN_POINT('Origin',(149.194,-128.747,0.));
#10141=CARTESIAN_POINT('',(149.194,-126.747,2.));
#10142=CARTESIAN_POINT('',(149.194,-126.747,0.));
#10143=CARTESIAN_POINT('Origin',(149.194,-128.747,2.));
#10144=CARTESIAN_POINT('Origin',(147.194,-126.747,0.));
#10145=CARTESIAN_POINT('',(156.194,-126.747,0.));
#10146=CARTESIAN_POINT('',(156.194,-126.747,-4.));
#10147=CARTESIAN_POINT('',(155.393922388724,-126.747,0.));
#10148=CARTESIAN_POINT('',(131.000972562671,-126.747,0.));
#10149=CARTESIAN_POINT('',(155.393922388724,-126.747,2.));
#10150=CARTESIAN_POINT('',(155.393922388724,-126.747,0.));
#10151=CARTESIAN_POINT('',(155.393922388724,-126.747,2.));
#10152=CARTESIAN_POINT('Origin',(80.422,-50.196,0.));
#10153=CARTESIAN_POINT('',(80.422,-52.196,2.));
#10154=CARTESIAN_POINT('',(80.422,-52.196,0.));
#10155=CARTESIAN_POINT('Origin',(80.422,-50.196,2.));
#10156=CARTESIAN_POINT('Origin',(82.422,-52.196,0.));
#10157=CARTESIAN_POINT('',(73.422,-52.196,9.));
#10158=CARTESIAN_POINT('',(79.672,-52.196,9.));
#10159=CARTESIAN_POINT('',(73.422,-52.196,0.));
#10160=CARTESIAN_POINT('',(73.422,-52.196,-4.));
#10161=CARTESIAN_POINT('',(74.2220310565393,-52.196,0.));
#10162=CARTESIAN_POINT('',(98.6149725626708,-52.196,0.));
#10163=CARTESIAN_POINT('',(74.2220310565393,-52.196,2.));
#10164=CARTESIAN_POINT('',(74.2220310565393,-52.196,0.));
#10165=CARTESIAN_POINT('',(74.2220310565393,-52.196,2.));
#10166=CARTESIAN_POINT('Origin',(149.194,-50.196,0.));
#10167=CARTESIAN_POINT('Origin',(149.194,-50.196,2.));
#10168=CARTESIAN_POINT('Origin',(80.422,-128.747,0.));
#10169=CARTESIAN_POINT('Origin',(80.422,-128.747,2.));
#10170=CARTESIAN_POINT('Origin',(114.807945125342,-89.4714358934248,0.));
#10171=CARTESIAN_POINT('',(71.422,-50.196,0.));
#10172=CARTESIAN_POINT('Origin',(73.422,-50.196,0.));
#10173=CARTESIAN_POINT('',(71.4219826012339,-43.1960641060752,0.));
#10174=CARTESIAN_POINT('',(71.422,-65.3337179467124,0.));
#10175=CARTESIAN_POINT('',(73.4219826012339,-41.1960641060752,0.));
#10176=CARTESIAN_POINT('Origin',(73.4219826012339,-43.1960641060752,0.));
#10177=CARTESIAN_POINT('',(80.422,-41.196,0.));
#10178=CARTESIAN_POINT('',(98.6149725626708,-41.196,0.));
#10179=CARTESIAN_POINT('Origin',(80.422,-43.196,0.));
#10180=CARTESIAN_POINT('',(74.2220310565393,-43.9959730914392,0.));
#10181=CARTESIAN_POINT('',(76.3220155282696,-43.9959730914392,0.));
#10182=CARTESIAN_POINT('',(74.2220310565393,-50.196,0.));
#10183=CARTESIAN_POINT('Origin',(114.807945125342,-89.4714358934248,0.));
#10184=CARTESIAN_POINT('',(149.194,-41.196,0.));
#10185=CARTESIAN_POINT('Origin',(149.194,-43.196,0.));
#10186=CARTESIAN_POINT('',(156.194,-41.1960641060752,0.));
#10187=CARTESIAN_POINT('',(98.6149725626708,-41.196,0.));
#10188=CARTESIAN_POINT('',(158.194,-43.1960641060752,0.));
#10189=CARTESIAN_POINT('Origin',(156.194,-43.1960641060752,0.));
#10190=CARTESIAN_POINT('',(158.194,-50.196,0.));
#10191=CARTESIAN_POINT('',(158.194,-70.8337179467124,0.));
#10192=CARTESIAN_POINT('Origin',(156.194,-50.196,0.));
#10193=CARTESIAN_POINT('',(155.393998548753,-43.9959355069351,0.));
#10194=CARTESIAN_POINT('',(155.393998548753,-46.0959677534676,0.));
#10195=CARTESIAN_POINT('',(149.194,-43.9959355069352,0.));
#10196=CARTESIAN_POINT('Origin',(114.807945125342,-89.4714358934248,0.));
#10197=CARTESIAN_POINT('',(74.2220039989167,-134.946994929736,0.));
#10198=CARTESIAN_POINT('',(74.2220039989167,-132.846997464868,0.));
#10199=CARTESIAN_POINT('',(80.422,-134.946994929736,0.));
#10200=CARTESIAN_POINT('',(80.422,-137.747,0.));
#10201=CARTESIAN_POINT('Origin',(80.422,-135.747,0.));
#10202=CARTESIAN_POINT('',(73.4219826012339,-137.747,0.));
#10203=CARTESIAN_POINT('',(131.000972562671,-137.747,0.));
#10204=CARTESIAN_POINT('',(71.4219826012339,-135.747,0.));
#10205=CARTESIAN_POINT('Origin',(73.4219826012339,-135.747,0.));
#10206=CARTESIAN_POINT('',(71.422,-128.747,0.));
#10207=CARTESIAN_POINT('',(71.422,-65.3337179467124,0.));
#10208=CARTESIAN_POINT('Origin',(73.422,-128.747,0.));
#10209=CARTESIAN_POINT('Origin',(114.807945125342,-89.4714358934248,0.));
#10210=CARTESIAN_POINT('',(155.393922388724,-134.947012686688,0.));
#10211=CARTESIAN_POINT('',(153.293961194362,-134.947012686688,0.));
#10212=CARTESIAN_POINT('',(155.393922388724,-128.747,0.));
#10213=CARTESIAN_POINT('',(158.194,-128.747,0.));
#10214=CARTESIAN_POINT('Origin',(156.194,-128.747,0.));
#10215=CARTESIAN_POINT('',(158.194,-135.747,0.));
#10216=CARTESIAN_POINT('',(158.194,-70.8337179467124,0.));
#10217=CARTESIAN_POINT('',(156.194,-137.747,0.));
#10218=CARTESIAN_POINT('Origin',(156.194,-135.747,0.));
#10219=CARTESIAN_POINT('',(149.194,-137.747,0.));
#10220=CARTESIAN_POINT('',(131.000972562671,-137.747,0.));
#10221=CARTESIAN_POINT('Origin',(149.194,-135.747,0.));
#10222=CARTESIAN_POINT('Origin',(73.4219826012339,-43.1960641060752,11.));
#10223=CARTESIAN_POINT('',(71.4219826012339,-43.1960641060752,11.));
#10224=CARTESIAN_POINT('',(73.4219826012339,-41.1960641060752,11.));
#10225=CARTESIAN_POINT('Origin',(73.422,-50.196,-4.));
#10226=CARTESIAN_POINT('',(71.422,-50.196,9.));
#10227=CARTESIAN_POINT('Origin',(73.422,-50.196,9.));
#10228=CARTESIAN_POINT('',(71.422,-50.196,-4.));
#10229=CARTESIAN_POINT('Origin',(156.194,-43.1960641060752,11.));
#10230=CARTESIAN_POINT('',(156.194,-41.1960641060752,11.));
#10231=CARTESIAN_POINT('',(158.194,-43.1960641060752,11.));
#10232=CARTESIAN_POINT('Origin',(82.422,-41.196,-8.));
#10233=CARTESIAN_POINT('',(149.194,-41.196,-4.));
#10234=CARTESIAN_POINT('',(80.422,-41.196,-4.));
#10235=CARTESIAN_POINT('Origin',(149.194,-43.196,-4.));
#10236=CARTESIAN_POINT('Origin',(80.422,-135.747,-4.));
#10237=CARTESIAN_POINT('',(80.422,-137.747,-4.));
#10238=CARTESIAN_POINT('Origin',(71.422,-41.196,-8.));
#10239=CARTESIAN_POINT('',(71.422,-128.747,9.));
#10240=CARTESIAN_POINT('',(71.4219826012339,-137.747,9.));
#10241=CARTESIAN_POINT('',(71.422,-128.747,-4.));
#10242=CARTESIAN_POINT('',(71.4219826012339,-135.747,11.));
#10243=CARTESIAN_POINT('Origin',(156.194,-135.747,-8.));
#10244=CARTESIAN_POINT('',(158.194,-135.747,-8.));
#10245=CARTESIAN_POINT('',(156.194,-137.747,-8.));
#10246=CARTESIAN_POINT('Origin',(158.194,-52.196,-8.));
#10247=CARTESIAN_POINT('',(158.194,-128.747,-4.));
#10248=CARTESIAN_POINT('',(158.194,-50.196,-4.));
#10249=CARTESIAN_POINT('Origin',(156.194,-128.747,-4.));
#10250=CARTESIAN_POINT('Origin',(73.4219826012339,-135.747,11.));
#10251=CARTESIAN_POINT('',(73.4219826012339,-137.747,11.));
#10252=CARTESIAN_POINT('Origin',(147.194,-137.747,-8.));
#10253=CARTESIAN_POINT('',(149.194,-137.747,-4.));
#10254=CARTESIAN_POINT('Origin',(114.807991300617,-89.4715320530376,9.));
#10255=CARTESIAN_POINT('Origin',(73.422,-128.747,9.));
#10256=CARTESIAN_POINT('Origin',(156.194,-50.196,-4.));
#10257=CARTESIAN_POINT('Origin',(80.422,-43.196,-4.));
#10258=CARTESIAN_POINT('Origin',(78.3220155282696,-48.0959865457196,2.));
#10259=CARTESIAN_POINT('',(74.2220310565393,-43.9959730914392,2.));
#10260=CARTESIAN_POINT('',(74.2220310565393,-50.1459932728598,2.));
#10261=CARTESIAN_POINT('',(76.2720232924045,-43.9959730914392,2.));
#10262=CARTESIAN_POINT('Origin',(78.3220019994584,-130.846997464868,2.));
#10263=CARTESIAN_POINT('',(74.2220039989167,-134.946994929736,2.));
#10264=CARTESIAN_POINT('',(80.3720009997292,-134.946994929736,2.));
#10265=CARTESIAN_POINT('',(74.2220039989167,-132.896996197302,2.));
#10266=CARTESIAN_POINT('Origin',(73.422,-128.747,-4.));
#10267=CARTESIAN_POINT('Origin',(149.194,-135.747,-4.));
#10268=CARTESIAN_POINT('Origin',(74.2220310565393,-43.9959730914392,0.));
#10269=CARTESIAN_POINT('',(74.2220310565393,-43.9959730914392,0.));
#10270=CARTESIAN_POINT('Origin',(74.2220310565393,-52.196,0.));
#10271=CARTESIAN_POINT('Origin',(151.293999274377,-48.0959677534676,2.));
#10272=CARTESIAN_POINT('',(155.393998548753,-43.9959355069351,2.));
#10273=CARTESIAN_POINT('',(149.243999637188,-43.9959355069351,2.));
#10274=CARTESIAN_POINT('',(155.393998548753,-46.0459516302014,2.));
#10275=CARTESIAN_POINT('Origin',(155.393998548753,-43.9959355069351,0.));
#10276=CARTESIAN_POINT('',(155.393998548753,-43.9959355069351,0.));
#10277=CARTESIAN_POINT('Origin',(147.194,-43.9959355069351,0.));
#10278=CARTESIAN_POINT('Origin',(74.2220039989167,-134.946994929736,0.));
#10279=CARTESIAN_POINT('',(74.2220039989167,-134.946994929736,0.));
#10280=CARTESIAN_POINT('Origin',(82.422,-134.946994929736,0.));
#10281=CARTESIAN_POINT('Origin',(151.293961194362,-130.847006343344,2.));
#10282=CARTESIAN_POINT('',(155.393922388724,-134.947012686688,2.));
#10283=CARTESIAN_POINT('',(155.393922388724,-128.797003171672,2.));
#10284=CARTESIAN_POINT('',(153.343941791543,-134.947012686688,2.));
#10285=CARTESIAN_POINT('Origin',(155.393922388724,-134.947012686688,0.));
#10286=CARTESIAN_POINT('',(155.393922388724,-134.947012686688,0.));
#10287=CARTESIAN_POINT('Origin',(155.393922388724,-126.747,0.));
#10288=UNCERTAINTY_MEASURE_WITH_UNIT(LENGTH_MEASURE(0.01),#10292,
'DISTANCE_ACCURACY_VALUE',
'Maximum model space distance between geometric entities at asserted c
onnectivities');
#10289=UNCERTAINTY_MEASURE_WITH_UNIT(LENGTH_MEASURE(0.01),#10292,
'DISTANCE_ACCURACY_VALUE',
'Maximum model space distance between geometric entities at asserted c
onnectivities');
#10290=(
GEOMETRIC_REPRESENTATION_CONTEXT(3)
GLOBAL_UNCERTAINTY_ASSIGNED_CONTEXT((#10288))
GLOBAL_UNIT_ASSIGNED_CONTEXT((#10292,#10294,#10295))
REPRESENTATION_CONTEXT('','3D')
);
#10291=(
GEOMETRIC_REPRESENTATION_CONTEXT(3)
GLOBAL_UNCERTAINTY_ASSIGNED_CONTEXT((#10289))
GLOBAL_UNIT_ASSIGNED_CONTEXT((#10292,#10294,#10295))
REPRESENTATION_CONTEXT('','3D')
);
#10292=(
LENGTH_UNIT()
NAMED_UNIT(*)
SI_UNIT(.MILLI.,.METRE.)
);
#10293=(
LENGTH_UNIT()
NAMED_UNIT(*)
SI_UNIT($,.METRE.)
);
#10294=(
NAMED_UNIT(*)
PLANE_ANGLE_UNIT()
SI_UNIT($,.RADIAN.)
);
#10295=(
NAMED_UNIT(*)
SI_UNIT($,.STERADIAN.)
SOLID_ANGLE_UNIT()
);
#10296=SHAPE_DEFINITION_REPRESENTATION(#10297,#10298);
#10297=PRODUCT_DEFINITION_SHAPE('',$,#10300);
#10298=SHAPE_REPRESENTATION('',(#3276),#10290);
#10299=PRODUCT_DEFINITION_CONTEXT('part definition',#10304,'design');
#10300=PRODUCT_DEFINITION('upper_part','upper_part',#10301,#10299);
#10301=PRODUCT_DEFINITION_FORMATION('',$,#10306);
#10302=PRODUCT_RELATED_PRODUCT_CATEGORY('upper_part','upper_part',(#10306));
#10303=APPLICATION_PROTOCOL_DEFINITION('international standard',
'automotive_design',2009,#10304);
#10304=APPLICATION_CONTEXT(
'Core Data for Automotive Mechanical Design Process');
#10305=PRODUCT_CONTEXT('part definition',#10304,'mechanical');
#10306=PRODUCT('upper_part','upper_part',$,(#10305));
#10307=PRESENTATION_STYLE_ASSIGNMENT((#10308));
#10308=SURFACE_STYLE_USAGE(.BOTH.,#10309);
#10309=SURFACE_SIDE_STYLE('',(#10310));
#10310=SURFACE_STYLE_FILL_AREA(#10311);
#10311=FILL_AREA_STYLE('Steel - Satin',(#10312));
#10312=FILL_AREA_STYLE_COLOUR('Steel - Satin',#10313);
#10313=COLOUR_RGB('Steel - Satin',0.627450980392157,0.627450980392157,0.627450980392157);
ENDSEC;
END-ISO-10303-21;
